name,
Bora,
Flam,
Dee,
Pao,
Mufa,
Latty,
So,
Trua,
Tou,
Quaco,
Teagu,
May,
By,
Fugra,
Haso,
Currasa,
Cochair,
Darcaue,
Quarko,
Arge,
Comme,
Osay,
Barquar,
Carpine,
Soconey,
Flawe,
Gebunger,
Care,
Jeer,
Dar,
Tooar,
Namwick,
Monar,
Whar,
Tooar,
Whay,
Jeer,
Currier,
Maphy,
Whay,
Ghar,
Saliar,
Pay,
Dayhoo,
Jutar,
Scurrasay,
Marnar,
Comar,
Tofar,
Ba,
Guyfor,
Tanna,
Brogoo,
Guy,
Juar,
Buy,
Garrar,
Fy,
Guyfor,
Sue,
Qingee,
Bar,
Pay,
Surar,
Boway,
Day,
Frar,
Humom,
Woyho,
Podar,
Nausey,
Tooar,
Bleak,
Sam,
Truar,
So,
Maddie,
Quagmar,
Gibbar,
Guguy,
Gettoo,
Bendoo,
Tattio,
Gucour,
Sowar,
Whoyo,
Bassdey,
Guray,
Tendy,
Gotasay,
Yaffee,
Gundo,
Bohardy,
Mumboo,
Cannonbora,
Bongar,
Basammer,
Quackey,
Bear,
Sambe,
Tombar,
Garmo,
Sacay,
Jingo,
Tommyer,
Yer,
Sambar,
Yondear,
Zoole,
Foobunger,
Dorray,
Bromnia,
Tambar,
Gowar,
Congue,
Yagway,
Bongo,
Quarnice,
Whyne,
Gogo,
Jewler,
Myer,
Cy,
Combar,
Saysa,
Furrar,
Congo,
Bassammar,
Tombo,
Econner,
Turrar,
Candee,
Yarcoo,
Sundo,
Jarvay,
Parmer,
Martaigo,
Goma,
Tarbonde,
Quayay,
Goma,
Warmay,
Fanna,
Sar,
Dolley,
Quarary,
Warboway,
Quargay,
Quariery,
Barye,
Doony,
Tombar,
Cundoo,
Doomar,
Mambarrer,
Femar,
Tooar,
Marry,
Quanger,
Tombassy,
Quassy,
Yarrawquar,
Garno,
Gingada,
Yaingo,
Dungo,
Boy,
Dogway,
Tangway,
Satide,
Yaddy,
Bono,
Conger,
Condee,
Secar,
Whingar,
Gungar,
Quanar,
Findar,
Feewar,
Feewar,
Sandio,
Teemar,
Monyer,
Combar,
Quarney,
Jiller,
Narquar,
Marnmar,
Marner,
Boy,
Canna,
Conner,
Jeer,
Marnmon,
Marngeer,
Ferry,
Martor,
Comnio,
Marsoo,
Marfay,
Conna,
Combar,
Yarboy,
Farro,
Farfarbinjer,
Wanger,
Sumay,
Surrar,
Bocarry,
Yardoy,
Marmardoo,
Harsanna,
Harsanna,
Sarrar,
Gurar,
Humour,
Sumbar,
Beebo,
Suregee,
Barray,
Whygar,
Boguar,
Suretree,
Barrar,
Dolloo,
Jimbee,
Jaiguay,
Minney,
Yugway,
Barley,
Tewar,
Yarmoo,
Carquar,
Yararr,
Barrar,
Yeo,
Fumarney,
Sallar,
Malagar,
Marsar,
Gillar,
Marmode,
Jack,
Jim,
Yeo,
Hummodore,
Surry,
Morrerow,
Yallow,
Yarbub,
Farmoro,
Cartoolar,
Alleme,
Yallow,
Yallow,
Marsar,
Tarmole,
Sarrar,
Warsar,
Yar,
Surboo,
Sarlar,
Commeear,
Sarrar,
Narfacoo,
Warday,
Brimar,
Comme,
Tunnar,
Suvanna,
Farcar,
Cardee,
Darvar,
Coombar,
Larmenar,
Bannar,
Norcar,
Sange,
Quirecar,
Barra,
Becho,
Tooar,
Qui,
Quackky,
Secar,
Yeoar,
May,
Sammar,
Bar,
Whecar,
Tarfar,
Hurry,
Boy,
Guy,
Bubby,
Buqwar,
Frankway,
Jesso,
Qippoo,
Turrar,
Parr,
Boyroo,
Guntar,
Trinnar,
Sugrar,
Mongue,
Sinnar,
Susee,
Buy,
Suar,
Geear,
Say,
Yam,
Tecar,
Simwar,
Boy,
Cherry,
Bassoo,
Narshwar,
Whydoo,
Quay,
Sugoo,
Quar,
Sayroo,
Saysa,
Kiabree,
Shoestray,
Whar,
Buyroo,
Sugar,
Jibbar,
Barr,
Qibbar,
Pyhoo,
Congoo,
Cutto,
Sannar,
Quannar,
Dear,
Quirrar,
Quy,
Paymar,
Marday,
Sugar,
Monday,
Marpoo,
Jakar,
Kung,
Why,
Marpoo,
Greddy,
Commarch,
Goway,
Monday,
Quarpay,
Gay,
Suartoo,
Marpoo,
Songea,
Ki Bungee,
Qui,
Galee,
Musa,
Nacquay,
Bajar,
Mayo,
Bayna,
Fama,
Fendoo,
Tomba,
Tomade,
Top Caree,
Tombar,
Fingee,
Combar,
Faimy,
Fona,
Mane,
Merbo,
Moudy,
Kong,
Domano,
Mabundo,
Beroo,
Jewah,
Jongo,
Fabanna,
Weioh,
Bengee,
Melwah,
Nannyweeah,
Corry,
Gongobeeah,
Samina,
Suseeh,
Moah,
Bahloo,
Quameh,
Bab,
Buahloo,
Besseh,
Jalla,
Seeseh,
Nahyure,
Nahyure,
Graybean,
Massa,
Naquay,
Seeseh,
Patton,
Burrah,
Cunnah,
Tongenah,
Seesole,
Toura,
Curry,
Whywoh,
Tongoh,
Tarramole,
Seesah,
Seesah,
Seesah,
Maquay,
Tarsole,
Bonnaseeah,
Joe,
Naquay,
Callamoah,
Seesah,
Nouerq,
Seeseh,
Noyquerry,
Tinwarrole,
Seesah,
Nayquay,
Seesah,
Nongah,
Seesah,
Uwag,
Seesah,
Seesah,
Seesah,
Quei,
Wowah,
Geei,
Seeseh,
Jonney,
Wagenna,
Wogue,
Colluey,
Tumah,
Colluo,
Yehley,
Collue,
Yehley,
Collue,
Colluey,
Colluey,
Yeowah,
Yeowah,
Gulling,
Collue,
Collue,
Seeahia,
Collue,
Woow,
Wow,
Loeabaloh,
Acquan,
Wangoma,
Eckong,
Hannoo,
Hosoana,
Weheacke,
Ahoungoday,
Ohadquoy,
Hewoo,
Amackawodee,
Nyahmoley,
Watchakoe,
Mafekolay,
Goensee,
Acquan,
Acquanooah,
Eneya,
Ennookan,
Oamau,
Acquachi,
Oamau,
Hoorah,
Oamarken,
Acquan Oamau,
Oamau,
Enyah,
Atop,
Ecannah,
Oadam,
Oolaha,
Ahbukroky,
Oodumba,
Chamdah,
Edallah,
Yaumah,
Moollamamah,
Alamuhee,
Wokuady,
Accessey,
Hoga,
Comay,
Oobah,
Oaaka,
Onubo,
Otchuboo,
Annalaylen,
Baakea,
Anaquah,
Mamma,
Assimilah,
Ochappo,
Cootsai,
Heboo,
Marcantum,
Heboo,
Hodio,
Hequiker,
Hanoser,
Hendarfogam,
Manmoque,
Mafocha,
Harcoo,
Wanhoo,
Hobear,
Hoar,
Honui,
Hattomy,
Habochar,
Menach,
Hanora,
Homur,
Hibunah,
Achu,
Hicattoramia,
Komulue,
Armatta,
Buchy,
Kacanon,
Alaboo,
Gouchy,
Urooh,
Kutchikoo,
Chibo,
Incaboo,
Boucoo,
Auklolky,
Appa,
Ireman,
Uduissa,
Comalee,
Alloukah,
Aucko,
Appa,
Oukwalla,
Pourah,
Happian,
Uricko,
Enapa,
Ecahako,
Acquan,
Housau,
Hapah,
Gudou,
Wibe,
Apa,
Acquan,
Cantah,
Ohuassu,
Oboucoo,
Ingove,
Joek,
Afrokoe,
Lageanna,
Okearfoe,
Omeek,
Orenfah,
Ugbatt,
Omuk,
Hejbo,
Wijuatcho,
Wibuatcha,
Hepyth,
Esalamy,
Oliak,
Edwado,
Adialah,
Acanfoh,
Babash,
Akwolly,
Egabaa,
Alozue,
Messoue,
Ouckre,
Acanda,
Emawhow,
Eboguay,
Micatcha,
Acanfa,
Cannob,
Hoghee,
Houday,
Amonaillo,
Anohah,
Acquahah,
Anohah,
Amnohah,
Ahlam,
Eatsou,
Ogoh,
Olofiah,
Inyah,
Ochiah,
Pabia,
Afoonabah,
Edefong,
Ahborbah,
Ahkoemy,
Ahsiquashy,
Parlo,
Obary,
Olieree,
Ahbah,
Engbang,
Mowh,
Jackoh,
Anemogo,
Engdong,
Ohdmgmio,
Quomah,
Abassa,
Butamir,
Yaho,
Haser,
Hochu,
Hyducan,
Unknown,
Hoolayboo,
Comba,
Samba,
Manda,
Bye,
Fagu,
Lally,
So,
Oudam,
Haga,
Horam,
Okawho,
Hoodan,
Amana,
Acquan Monki,
Acladock,
Sumah,
Adfudola,
Sandah,
Suffdah,
Candiho,
Alayala,
Hocha,
Ekajoy,
Accouualah,
Harloo,
Oomanah,
Emaliko,
Acamolay,
Acappa,
Okarroo,
Anilah,
Ewoolah,
Okara,
Odamah,
Ohalee,
Obee,
Gidap,
Okatchee,
Eshee,
Jidoo,
Adjio,
Wango,
Eboquay,
Okranko,
Houtcha,
Anguagh,
Anaghha,
Ohayley,
Wakaykay,
Osasu,
Wisiacre,
Ogahakee,
Farquah,
Enan,
Moonah,
Essalah,
Okala,
Peddy,
Ohdah,
Okhagungro,
Ohnodah,
Gallah,
Oloberaa,
Owarah,
Gomera,
Affenda,
Warah,
Bullah,
Hispoo,
Bah,
Affah,
Appindah,
Bullahah,
Equah,
Maggo,
Emapo,
Efunuma,
Efumma,
Bager,
Gumar,
Goffrar,
Loquay,
Alalack,
Hugo,
Pattamore,
Mogaguer,
Waam,
Momo,
Chador,
Norquay,
Bacca,
Hidooaurbo,
Goffrar,
Hocconoma,
Humbara,
Coocoo,
Mogo,
Hamaman,
Hocher,
Huar,
Egum,
Usaro,
Wadah,
Mocamba,
Izouk,
Whafa,
Ophonka,
Mouri,
Enumah,
Audah,
Calouas,
Alinda,
Ouwago,
Eboura,
Eguagh,
Ogho,
Wahimia,
Mairboo,
Bicca,
Adda,
Adda,
Ejako,
Canama,
Baocoo,
Ehirmica,
Magina,
Ahoua,
Adda,
Acritha,
Bombafo,
Oganola,
Dilechacho,
Mamma,
Kinakee,
Jinclado,
Wamboaka,
Acadenoma,
Adonimona,
Acamala,
Afun,
Acabatha,
Gakacha,
Acanda,
Auanacha,
Assaghas,
Oninah,
Ara,
Ahkeyah,
Ahdah,
Ohgolohoy,
Wohahna,
Giffrar,
Bendos,
Gugey,
Whogs,
Gugey,
Corner,
Ougo,
Adda,
Elletelham,
Edea,
Edea,
Oudaka,
Alamu,
Oleac,
Ocazima,
Wojo,
Ajogola,
Aduzee,
Aguaca,
Agamauga,
Ojah,
Wharfo,
Aguam,
Ella,
Oilla,
Adda,
Elima,
Elima,
Acima,
Auremiria,
Eka,
Ecala,
Ebinka,
Adjuma,
Agio,
Indoapa,
Bouagoa,
Oudouna,
Acanesia,
Islago,
Audouana,
Aloogo,
Ecca,
Ellamanga,
Wahkaye,
Ahlaranuah,
Luhuahay,
Deahiah,
Ohguah,
Nahbaye,
Daamba,
Ahkanulah,
Ahhame,
Boy,
Henia,
Mang,
Comba,
Damboo,
Deba,
Mamong,
Oba,
Efong,
Arnataug,
Anna,
Oitah,
Nihnah,
Hindoh,
Ohlassee,
Muniquah,
Hannoo,
Oucan,
Oudah,
Oomogo,
Imbaucoo,
Acquan,
Halem,
Hurrah,
Houway,
Elawhow,
Hanyah,
Heybah,
Hebake,
Ganjan,
Abahma,
Jeydoo,
Abbah,
Ahsam,
Dandokna,
Ungoma,
Owoola,
Obura,
Norquor,
Aquajohn,
Asomassa,
Amoloco,
Uwau,
Whadatow,
Honoche,
Archeone,
Halimon,
Awacorr,
Bacca,
Holoo,
Aggar,
Pattamore,
Hanuro,
Menack,
Harbuccoo,
Hinor,
Hakoy,
Yaygor,
Yucklong,
Name,
Naham,
Hasema,
Hocone,
Accuah,
Huguama,
Contuurtum,
Arromer,
Hoomquah,
Hogoleak,
Humbar,
Huback,
Coratt,
Nolianga,
Huackio,
Workar,
Whydoo,
Houa,
Gallachar,
Cando,
Ardaguem,
Hockerjack,
Guarmer,
Barroola,
Lome,
Normack,
Narlaye,
Accacoon,
Atteo,
Assa,
Alen,
Accan,
Eacarr,
Heammy,
Yamba,
Huchim,
Aquarry,
Mamody,
Bemar,
Acquor,
Mango,
Wolar,
Hisane,
Gone,
Attar,
Bambay,
Potee,
Accor,
Hugooke,
Abbah,
Daquah,
Hofong,
Ocmottoy,
John,
Hosa,
Hegah,
Hebee,
Hubar,
Unknown,
Aeyum,
Acom,
Abomamy,
Humo,
Acquan,
Hobae,
Myhoo,
Ansoong,
Abassee,
Accindum,
Cordinum,
Acquan,
Apee,
Quadoh,
Hehung,
Hemdokoh,
Henyah,
Humkrar,
Coffa,
Hocuntah,
Ocol,
Ofam,
Abasee,
Antio,
Anaimo,
Echo,
Hena,
Hokee,
Benoekoer,
Himboo,
Chaur,
Afonchue,
Ioffan,
Hogum,
Hutung,
Hochue,
Sambo,
Danba,
Danny,
Prasna,
Egboockboo,
Fuma,
A Team,
Adong,
Furong,
Condo,
Ahay,
Haca,
Humbea,
Ounknou,
Yeah,
Hufong,
Bon,
Acharlen,
Hogo,
Bore,
Himona,
Barrowfa,
Boree,
Domane,
Bocey,
Hussy,
Enegba,
Ogbah,
Hegepah,
Gondam,
Bertather,
Beneyah,
Yaroah,
Macia,
Martah,
Enyeh,
Oloy,
Cocessa,
Atotu,
Ingua,
Cumacah,
Maoh,
Aduah,
Bukway,
Hogo,
Hack,
Adai,
Tooquah,
Hacommer,
Nofau,
Aguoy,
Henyadt,
Answer,
Romir,
Himbo,
Hogua,
Nigdee,
Gimmy,
Imboakky,
Habbar,
Hangonna,
Bacray,
Hononquay,
Barcey,
Ohaloo,
Allah,
Guychu,
Attah,
Anatah,
Cutsha,
Acquanna,
Quittee,
Omoh,
Marker,
Ucbea,
Furong,
Cunescue,
Hodue,
Sanker,
Joe,
Laiaoh,
Madame,
Boochar,
Gadao,
Bucharry,
Hycholar,
Lah,
Barrorah,
Hodoo,
Hooh,
Adang,
Adojah,
Harsarsay,
Andidie,
Adam,
Doe,
Adou,
Acarhulah,
Soopah,
Sodoh,
Tamboi,
Achavock,
Achow,
Honodu,
Chinahee,
Inoh,
Turrioh,
Housah,
Monoboo,
Hodashie,
Hago,
Copoo,
Nasarrah,
Maddu,
Hogah,
Aderachm,
Barhoo,
Adoode,
Momnah,
Sidoo,
Cudoo,
Mamnah,
Niem,
Dunoh,
Loochaheth,
Sooncho,
Die,
Alafee,
Cunatee,
Marsordehee,
Midoo,
Akooloo,
Handue,
Cocooe,
Atalooh,
Heseloh,
Achartokee,
Huna,
Lamdoh,
Fudoomah,
Gohana,
Flodoo,
Salanguo,
Samdah,
Tudoomah,
Gaboorea,
Silodee,
Nekoy,
Akami,
Asana,
Lagafie,
Saffa,
Jantaur,
Assomby,
Aciley,
Acebo,
Omby,
Marmoo,
Bearry,
Ocasso,
Agabie,
Gapu,
Assa,
Pellu,
Billaso,
Tilly,
Joe,
Esalie,
Mamo,
Adomy,
Ambicloy,
Aonia,
Singa,
Noividay,
Senga,
OWodon,
Orega,
Aiely,
Tabili,
Amodoa,
Sido,
Ego,
Bohimmy,
Mamu,
Acob,
Adam,
Adsoma,
Finkong,
Minassa,
Oga,
Laidy,
Bogoo,
Auco,
Assebee,
Atop,
Sanoo,
Coopassa,
Huno,
Lamdah,
Fudoomah,
Gaboora,
Filodaa,
Salargue,
Sanoo,
Coopassee,
Huna,
Lookalah,
Soola,
Doosamo,
Sumah,
Tibterah,
Muchadoo,
Beck,
Ogolah,
Amodoe,
Doe,
Husah,
Looklakme,
Haribook,
Loewarthoo,
Igee,
Dahdoh,
Ocosah,
Appassa,
Alapi,
Dotta,
Callalow,
Hutan,
Mamu,
Ogabee,
Allu,
Aklooden,
Adsay,
Listo,
Nicobee,
Momodeo,
Lawoepan,
Dabewee,
Heeno,
Adocha,
Boyher,
Ochoe,
Cochonesey,
Abiggy,
Holofanny,
Abissalah,
Houhah,
Cussie,
Houssa,
Morooh,
Dobay,
Adessah,
Habie,
Joe,
Aibul,
Mamonee,
Acobe,
Ogassobee,
Olacen,
Averdou,
Adogo,
Colay,
Osia,
Abauki,
Tilmi,
Sappa,
Agbassai,
Imbossa,
Asama,
Alimbaga,
Alissa,
Alima,
Alaaba,
Alubessey,
Timmy,
Cassa,
Acodie,
Guissoee,
Canosah,
Lattotie,
Allah,
Abagui,
Alagui,
Dehoy,
Hinhobah,
Agamohie,
Acknambar,
Ladoche,
Coromante,
Henonsey,
Henomache,
Manqua,
Hoche,
Echainka,
Echrochon,
Goforah,
Tsee,
Hobesukah,
Goteh,
Eblisa,
Handgoomah,
Hochro,
Hechoso,
Como,
Chilla,
Hillatacho,
Lenesee,
Equa,
Lewies,
Whyerah,
Homoqua,
Achrah,
Lachoche,
Henacha,
Hichnoma,
Chekakoo,
Monqua,
Enegrah,
Hannow,
Hannoh,
Ochoree,
Nemogee,
Hochonah,
Nargosay,
Unknown,
Hotochone,
Jahwah,
Hobee,
Hodefah,
Hocho,
Horam,
Horah,
Heson,
Aquam,
Horso,
Hochanba,
Homarah,
Aquon,
Whaqua,
Harnee,
Machom,
Homo,
Madeque,
Horah,
Whockdu,
Hobee,
Acolen,
Agho,
Acoco,
Acan,
Edoco,
Younks,
Wanoka,
Usbabe,
Wonhan,
Adhal,
Apha,
Urong,
Gumcumna,
Urang,
Apan,
Honache,
Honabache,
Hecomwah,
Huchonepe,
Boree,
Egoma,
Hockanabe,
Horaboy,
Hiachrah,
Hoahona,
Marpho,
Adah,
Honah,
Henonah,
Mosna,
Chachah,
Adai,
Hochnar,
Unknown,
Unknown,
Barfew,
Homerah,
Narmarah,
Adam,
Heggoree,
Hookaboo,
Honyah,
Whaborah,
Honymah,
Udeage,
Aloohara,
Euecolon,
Farank,
Cotuma,
Dahedamar,
Hestah,
Enyah,
Embora,
Ahconer,
Enigbar,
Bohboo,
Aigbar,
Achie,
Cower,
Shakboo,
Canana,
Gondeh,
Damagah,
Uchah,
Aqudo,
Armah,
Camiwha,
Erakah,
Whabajah,
Unknown,
Unknown,
Acona,
Unknown,
Camaroon,
Coleash,
Woongarah,
Ham,
Hebachee,
Aquan,
Horah,
Aquandrah,
Aquajee,
Honaboo,
Unknown,
Hewahmah,
Moco,
Hogoo,
Quahanong,
Gam,
Acquan,
Homo,
Habasee,
Hojoto,
Yam,
Hessome,
Hochanam,
Hochopar,
Hebasong,
Chucona,
Goche,
Jaba,
Apa,
Apakee,
Anowaine,
Cacochu,
Doudokba,
Achako,
Emanho,
Ahanko,
Wakatcha,
Namege,
Hobo,
Butah,
Okrah,
Equah,
Ameh,
Amoukah,
Acrou,
Wokah,
Onokra,
Ohro,
Notawega,
Mutabou,
Akbour,
Elam,
Akbour,
Apunlee,
Apun,
Yengah,
Onkoy,
Ehlam,
Katoubun,
Wonkam,
Akbun,
Apim,
Opallah,
Ukbak,
Yamasa,
Arbade,
Urong,
Urong,
Akho,
Valei,
Akoy,
Atong,
Eyab,
Akbo,
Ekba,
Sabenha,
Hokab,
Atewah,
Ohgorah,
Atop,
Bakah,
Amashong,
Atop,
Pontuka,
Acoonowha,
Whala,
Barah,
Aquah,
Bochnar,
Grass,
Chewhobak,
Cotarsch,
Acoomcah,
Marway,
Guinah,
Momah,
Umbodah,
Janamah,
Metchkoh,
Grash,
Mowah,
Unknown,
Onfach,
Womah,
Barah,
Whararh,
Sarvenha,
Butak,
Rawe,
Abassey,
Imbaa,
Rawe,
Isuar,
Ofee,
Rodeefeer,
Incama,
Narah,
Apan,
Heson,
Akoo,
Hefoo,
Asaeo,
Battie,
Banna,
Gua,
Hembaa,
Gea,
Assong,
Calahon,
Worr,
Figara,
Luciou,
Acon,
Enoh,
Bry,
Inbeng,
Lamar,
Deking,
Cabassey,
Bricamb,
Amaloape,
Anuaw,
Adaer,
Learcaa,
Gonevaa,
Hosaar,
Hegoo,
Hodoo,
Hogoo,
Awaa,
Wontaa,
Accomba,
Song,
Assonkay,
Econg,
Cobeekenana,
Etanie,
Ocos,
Gomay,
Oko,
Finque,
Breken,
Quana,
Tom,
Yabba,
Bocary,
Masa,
Farie,
Moosa,
Siacha,
Will,
Yarra,
Lahia,
Wamacha,
Barie,
Tomma,
Buakak,
Dubak,
Brimak,
Tombo,
Jalla,
Sarree,
Farsanee,
Kalee,
Laruba,
Barra,
Farsanee,
Farsalee,
Yamuise,
Souliniana,
Aasomanee,
Allhose,
Mando,
Balamangar,
Unknown,
Balamaugas,
Juma,
Maroo,
Bengay,
Unknown,
Bougar,
Mordoo,
Tackori,
Tom,
Laraa,
Mordoo,
Tarballa,
Laugar,
Fatimata,
Yandora,
Irminee,
Dora,
Sera,
Yalie,
Boy,
Maria,
MaSheree,
Siraa,
Brudoo,
Borta,
Carriba,
Thomas,
Francisco,
Sentalia,
Antonio,
Manoel,
Usar,
Estaio,
Ambrose,
Domingo,
Burroh,
John,
Ecamee,
Gigeh,
Ewagah,
Toak,
Tremah,
Cassauh,
Manoel,
Bucary,
Bulleah,
Pedro,
Usah,
Porter,
Fesuma,
Barrah,
Bemamee,
Silly,
Tomiba,
Dossery,
Tamba,
Mamodu,
Cambally,
Canima,
Managarcio,
Lama,
Paro,
Munyaco,
Egho,
Momodoo,
Saraa,
Priva,
Nafah,
Sardoo,
Kente,
Marmadoo,
Moroo,
Ausonanee,
Cordi,
Erah,
Punkie,
Anapor,
Samoo,
Bocary,
John Tom,
Uhah,
Patrony,
Caremo,
Mounsaidy,
Massa,
Farrar,
Whalee,
Barah,
Sambar,
Sarrah,
Pasgual,
Adeah,
Manyaboys,
Macaramy,
Narloo,
John,
Manoel,
Dick,
Sahdo,
Manoel,
Thomas,
Antonio,
Sokey,
Oramue,
Oscrenla,
Tamila,
Alass,
Sarraa,
Bugoree,
Toukaree,
Joe,
Sarrah,
Calefar,
Jack Ross,
Harry,
Sarraa,
Massa,
Sadie,
Caliphar,
Jana,
Numburah,
Junianah,
Amonio,
Fendah,
Tarah,
Mania,
Caugee,
Fatima,
Belinda,
Kennia,
Unknown,
Cama,
Naiguo,
Fatima,
Tayaho,
Tombo,
Sonfee,
Fatima,
Maria,
Toonyarah,
Fatima,
Unknown,
Maria,
Unknown,
Yarrow,
Maria,
Mango,
Unknown,
Wolama,
Chache,
Chega,
Saloopo,
Booray,
Senea,
Kilenda,
Conde,
Mi Boa,
Carch,
Tadey,
Anawarlie,
Annah,
Cumbah,
Sambok,
Chack,
Matau,
Crosie,
Coomba,
Sally,
Gilbamah,
Timbah,
Carkemah,
Coutah,
Narbie,
Morass,
Cuta,
Maria,
Yalee,
Tenada,
Bassa,
Marian,
Sarah,
Ningyeb,
Siesah,
Teresa,
Cumba,
Saville,
Sinalee,
Carleo,
Caitarno,
Jose,
Moses,
Cumba,
Yangar,
Lallea,
Limba,
Marna,
Tamborah,
Onoo,
Amoney,
Amoney,
Ober,
Aacholoo,
Ebouk,
Lubbomee,
Refuney,
Adumee,
Okwar,
Acobinee,
Goosie,
Lagee,
Robin,
Armom,
Lobeo,
Dyabee,
Ansoolom,
Woodala,
Euban,
Anoo,
Arboongo,
Quebo,
Chosa,
Laquoa,
Farlimi,
Codlarusi,
Aartooli,
Woogobi,
Koolami,
Labando,
Boogarbi,
Moroo,
Adow,
Mamoo,
Mama,
Mamma,
Atoolee,
Marooloo,
Cambaree,
Acootoloo,
Googobee,
Dinigana,
Amoroo,
Aba,
Adee,
Agoo,
Debee,
Mama,
Agosoo,
Mama,
Mamma,
Acoomodoo,
Warlee,
Tock,
Hasma,
Awan,
Echoco,
Dadalli,
Aboquo,
Mogui,
Ocon,
Asula,
Jeeara,
Ega,
Barbanna,
Mama,
Tabalee,
Adada,
Ayara,
Wobaga,
Tama,
Forgo,
Mama,
Eli,
Agay,
Nooguoy,
Namoo,
Joy,
Caboda,
Logoloo,
Jobooco,
Lettilocho,
Lasandy,
Alley,
Bambanna,
Yetsa,
Silla,
Mesono,
Satche,
Bomnanee,
Tanda,
Fatigaa,
Joe,
Joe,
Bocoo,
Edisoh,
Lasoroh,
Unknown,
Unknown,
Unknown,
Unknown,
Cambee,
Eydo,
Yama,
Luan,
Lattie,
Enaboo,
Laban,
Kinekenny,
Yakaa,
Yorna,
Mania,
Pollac,
Madiack,
Unknown,
Unknown,
Marimee,
Adooyun,
Pattuchba,
Housa,
Abotock,
Acca,
Rofor,
Naguon,
Laboy,
Jock,
Altom,
Luady,
Lubow,
Ana,
Laqua,
Docko,
Tenay,
Ladaa,
Landa,
Enna,
Gendy,
Bocary,
Saraa,
Acong,
Ecoati,
Sanjoh,
Acomgey,
Asaladah,
Liybah,
Fanee,
Teewasah,
Sowah,
May,
Kawark,
Flowhoo,
Doorachra,
Beadro,
Quee,
Minia,
Yerah,
Combar,
Buggy,
Kimgy,
Pieuro,
Quama,
Wesong,
Meeong,
Bardy,
Soorah,
Kay,
Tah,
Goodah,
Tagoo,
Quitee,
Loo,
Commah,
Marpoo,
Parjoo,
Mardaa,
Gwabannah,
Gwabana,
Abannah,
Abana,
Harfh,
Abony,
Coffee,
Abanna,
Ammah,
Aduah,
Ecog,
Amanar,
Ujugo,
Ibegnacoa,
Udor,
Yerrabar,
Barco,
Menasarer,
Binny,
Binny,
Binny,
Geboo,
Geboo,
Geboo,
Geboo,
Geboo,
Geboo,
Geboo,
Ajoulocong,
Arsosou,
Acondyole,
Aloopardy,
Ajoy,
Ayparmy,
Lombarry,
Anikee,
Caute,
Canoe,
Hiena,
Owywoe,
Ojoe,
Ogdlarmay,
Osallattar,
Ojoe,
Onadoo,
Bosoo,
Hyillar,
Archollombe,
Doe,
Tagonsay,
Cocabberry,
Argeboul,
Ardo,
Coolarmy,
Acollar,
Ocononay,
Ajor,
Agombaby,
Labordy,
Allardy,
Ardejon,
Ojoe,
Oloome,
Ollodayar,
Bussuijgee,
Ebo,
Aideyon,
Ajoe,
Amdoo,
Ansallargay,
Yeggeo,
Arwoodoo,
Sellifarroo,
Epperrerwee,
Abasee,
Worofeen,
Assabee,
Occoomb,
Acbo,
Aborwo,
Arbo,
Candareen,
Ocoree,
Duwanya,
Annyassee,
Coffee,
Manway,
Eromay,
Frederico,
Japay,
Dafong,
Umanachee,
Mama,
Jassam,
Jeru,
Assam,
Joe,
Adju,
Mossieh,
Byarmee,
Korbajay,
Hahgimah,
Moconano,
Dadee,
Dunkarem,
Momokollo,
Mambah,
Hagy,
Alimo,
Mockbarra,
Amelica,
Equabellah,
Ochornina,
Onojah,
Kurketchin,
Ecocooho,
Naigh,
Dryockek,
Urrah,
Quamo,
Marraly,
Guddug,
Ebanu,
Enjay,
Zumuxah,
Allowsee,
Johaunah,
Coolatra,
Ohager,
Boonay,
Okoy,
Onakia,
Hona,
Asubia,
Yanoboo,
Hobeth,
Okoobey,
Avigacha,
Hoodaloo,
Agagoo,
Igabonah,
Agoo,
Opakoo,
Iyaloo,
Timdah,
Chatasoo,
Jatanoo,
Hyhoner,
Abbgree,
Addebassa,
Awaway,
Fiey,
Kemfoo,
Mamoona,
Hyenah,
Ogoonallah,
Kossnekker,
Aloonekah,
Conallie,
Hyenah,
Addoo,
Allibo,
Ebo,
Ordeyon,
Ojoe,
Amadoo,
Majaybah,
Adday,
Hadong,
Labyang,
Hoona,
Eboo,
Etoo,
Armasong,
Hyena,
Mahomet,
Bocoo,
Offoh,
Abbitto,
Morden,
Abassa,
Sodah,
Lawgay,
Obarrah,
Smaw,
Labambe,
Okenbush,
Addoe,
Oddoh,
Kraff,
Carrumquah,
Ogbey,
Onnebah,
Uggah,
Uccko,
Mawogoo,
Jackow,
Okkon,
Tom,
Bottah,
Seria,
Ogoney,
Ejah,
Ocoo,
Okonjie,
Wang,
Chiacho,
Addah,
Edam,
Appah,
Hammunah,
Wang,
Ekezia,
Mawondie,
Hoomananimah,
Akccomah,
Amonicha,
Addemakkay,
Okkamah,
Aggonie,
Ocombicha,
Natchea,
Baffoy,
Manoh,
Unknown,
Unknown,
Bowdie,
Mogagbay,
Degborah,
Alugbay,
Arkellardy,
Loowargadayar,
Tom,
Serrea,
Schely,
Busungay,
Amnosa,
Jenmyaccam,
Tomoso,
Equa,
Ongardo,
Ammer,
Eben nando,
Egermoro,
Ejaro,
Opurro,
Osao,
Alando,
Droobo,
Apaber,
Madegway,
Arboa,
Ansorr,
Abahoa,
Analcom,
Brahmau,
Eqwaq,
Ocorofer,
Yabbo,
Abbatah,
Ameloqua,
Onoohaw,
Dooweeka,
Agernaba,
Ayrundra,
Ocoo,
Appan,
Tippery,
Ardy,
Acban,
Unknown,
Owan,
Unknown,
Asareo,
Ohboo,
Lahwah,
Ahkobah,
Lolah,
Ahbolokay,
Ewanhegom,
Wanaka,
Onunanong,
Zunia,
Sarco,
Onah,
Orgo,
Honon,
Addam,
Ejurnah,
Ederebucha,
Obarloo,
Annoque,
Quabong,
Amasara,
Okoon,
Addan,
Ecudia,
Anolee,
Asoomer,
Closohbeker,
Bokwan,
Onogo,
Adelamah,
Enang,
Ohfeong,
Nohannah,
Ocanaffoh,
Engoyeboohoo,
Aboynah,
Okarakah,
Acbaw,
Narco,
Moparrah,
Eglangly,
Ohgaawah,
Engbangah,
Ohiagwah,
Ahdah,
Ahamwanoray,
Ohgomah,
Egway,
Ahkakanano,
Nonah,
Egbolay,
Orgo,
Eddea,
Olee,
Okargoo,
Akeky,
Lanum,
Workee,
Labalum,
Odge,
Nearweekee,
Neardecume,
Emelica,
Onnew,
Oeda,
Ecocha,
Oconee,
Ocuro,
Yamo,
Enquor,
Ockanda,
Dunnumer,
Ogaroo,
Dorgwan,
Oroom,
Arrogui,
Anyarto,
Lucy,
Wolgo,
Wootcha,
Onaby,
Backa,
Bado,
Nabalaco,
Chues,
Toguoonter,
Ejargo,
Ecomen,
Odomen,
Akemmen,
Ecoba,
Allegullaka,
Onzanoo,
Addam,
Annogue,
Marny,
Obenny,
Duessee,
Akeado,
Ajury,
Parliss,
Onor,
Ozarma,
Marduco,
Droobo,
Ottowam,
Etty,
Appan,
Omarr,
Feder,
Onoor,
Wonaboke,
Charangong,
Montea,
Polong,
Danby,
Kerjukay,
Goban,
Barka,
Enquon,
Onnocher,
Adjito,
Cheedlaker,
Margoog,
Odoomer,
Warka,
Ejunnah,
Worlor,
Onormah,
Addo,
Jarkeny,
Ademecan,
Ladissar,
Dosomore,
Amjano,
Ighay,
Buckabeg,
Mucfanno,
Lashelo,
Lashelo,
Jabbee,
Cooyah,
Oncooyemee,
Ojo,
Heycon,
Ohlashehaday,
Ouponnee,
Debecnee,
Islela,
Odjoe,
Fadamsee,
Edhon,
Olutotary,
Mamma,
Olouiadon,
Fabausee,
Ayeenah,
Nannah,
Onnce,
Oboacondee,
Sangolala,
Onahaye,
Doyoo,
Madee,
Abofin,
Lushennon,
Olugabee,
Odoolamee,
Ahibabee,
Ohjoe,
Fakooa,
Ogoobee,
Ocushady,
Isakaa,
Lamelay,
Ohjoe,
Ohdashenow,
Ocashang,
Ocashang,
Ohjoe,
Ohyefenah,
Ewathee,
Nagoo,
Omilakee,
Addehone,
Loodahow,
Odeon,
Ahditta,
Odenday,
Ahkro,
Ebeelee,
Omayalee,
Obeeyada,
Ahahudila,
Sholunkay,
Aboushadey,
Ohbounabee,
Aidin,
Igagee,
Edhon,
Bryamon,
Ohdaday,
Ahdahoo,
Faruwah,
Mabetah,
Beoqua,
Ohdemme,
Nosam,
Ahgombee,
Lodi,
Arbelike,
Arbelido,
Farshata,
Oderva,
Larbolong,
Arjoebee,
Odadee,
Odamro,
Oledarue,
Marina,
Tarhbi,
Ojoe,
Ojoomee,
Ocassee,
Osadardy,
Bitati,
Osharlemo,
Onekar,
Aboobar,
Adeefartar,
Oboshee,
Narloo,
Maysibi,
Adelarmo,
Auckar,
Lamesar,
Calobee,
Osoobee,
Ogardimede,
Ogarjiba,
Euoboka,
Marwarye,
Fardekdi,
Iggy ,
Iggy ,
Loosontee,
Iggay,
Libipo,
Ogisiali,
Larmodeali,
Qurtartemo,
Ohonedobo,
Laffemo,
Odanese,
Oloobardi,
Tarfar,
Joadar,
Osharlooni,
Kilstai,
Osharmdoso,
Odong,
Boaharoo,
Lareeta,
Abeloh,
Sarebo,
Ogoonti,
Ogo,
Tarmoom,
Filate,
Dardte,
Tarmomo,
Arkeokee,
Fartokee,
Arkarpo,
Bigtarney,
Marma,
Tapan,
Arboo,
Margana,
Thope,
Adeebee,
Awooradsa,
Kiwee,
Labo,
Lekosbobi,
Olooabee,
Otarsheco,
Fieta,
Ojoe,
Atarkabee,
Agojobee,
Oneako,
Otalo,
Ohwo,
Osakadei,
Goombi,
Adoo,
Adekwe,
Fitobego,
Aebakar,
Bosar,
Amoobie,
Obadee,
Adoom,
Oloobee,
Ouree,
Sekaloo,
Alsonhar,
Esar,
Elia,
Bubarbo,
Baruda,
Akiu,
Ogodea,
Barupully,
Oggooupaime,
Lartunde,
Ogar,
Moombo,
Gosoono,
Abarenoo,
Abookar,
Agoomdia,
Akeeodi,
Ageeobaise,
Joze,
Abiome,
Wooswaarman,
Farbouze,
Abootarm,
Aduco,
Ogo,
Alarshee,
Zadika,
Ogoo,
Bissoyo,
Atcho,
Gootaloo,
Bossoo,
Bosso,
Cussomino,
Ogimai,
Goobaboo,
Lobo,
Boibe,
Majago,
Fallamee,
Butineo,
Adomi,
Fatoofa,
Allocoo,
Anincoo,
Yatooka,
Macefee,
Fatooka,
Narbalo,
Monar,
Olooshante,
Two,
Farsoom,
Dooi,
Alisko,
Agela,
Ogeka,
Oshoolio,
Ogarsee,
Tenadlee,
Shambololar,
Daday,
Figobi,
Bidloo,
Timoo,
Obioni,
Ajoobe,
Arwom,
Oslwow,
Igi,
Takar,
Ohattam,
Bosee,
Dooe,
Larmoota,
Matardoo,
Marbularho,
Bosee,
Shonogola,
Leom,
Apa,
Alarke,
Smarbo,
Marueto,
Apippi,
Igi,
Asat,
Fardeloke,
Qudame,
Oidle,
Ofordle,
Tlyeioale,
Armolong,
Farano,
Jama,
Abiddo,
Ademar,
Odosar,
Adeda,
Tlyena,
Odosar,
Ogittomo,
Osoula,
Yarwosa,
Narmola,
Obeta,
Ahagobee,
Ega,
Igi,
Asbabe,
Arwa,
Sarboo,
Samada,
Tlyena,
Assa,
Dooi,
Franco,
Antonio,
Morfue,
Bassoy,
Yeo,
Bissay,
Bissay,
Foe,
Tossey,
Boise,
Queroher,
Saboo,
Abee,
Oboychatabar,
Boochar,
Boosnahar,
Karingji,
Bootary,
Kessemar,
Guabana,
Harf,
Booura,
Ebale,
Quebo,
Goodie,
Sage,
Abashie,
Abashie,
Nan,
Nyany,
Egabetto,
Adda,
Lacle,
Elebola,
Oleada,
Baki,
Boby,
Weahy,
Molando,
Alla,
Allowany,
Unrargar,
Chuccoo,
Unbabi,
Argo,
Cloofootar,
Manelate,
Amnodiar,
Clooluncar,
Egozeko,
Gerbo,
Amsaurali,
Akaraka,
Adoolale,
Ahsarclear,
Womarung,
Ekerlu,
Hamonra,
Ereur,
Mayayo qua,
Wosea,
Unasward,
Occonakuame,
Nargee,
Obelrakho,
Ozee,
Amey,
Ohaboo,
Okella,
Okorwiton,
Ojerraanali,
Occarranco,
Oyagoo,
Auaboo,
Narkee,
Aijemoko,
Okegee,
Obemarko,
Occorrakai,
Unjar,
Olookar,
Aury,
Ojomonuali,
Adeagoo,
Solamar,
Wazar,
Orkarka,
Warconunenah,
Orgo,
Ogoubar,
Accaroer,
Hollaka,
Okar,
Aboolee,
Narwomall,
Eworkan,
Ewannall,
Achewoor,
Aucako,
Attersia,
Esluearinea,
Okanco,
Odali,
Ogoo,
Akerdea,
Okar,
Atarshea,
Adargar,
Maddy,
Beefufar,
Tudockar,
Agercea,
Abeeran,
Adowashe,
Ogenobee,
Awarrewnay,
Auricco,
Woodmall,
Ocolly,
Trisbee,
Estheavouli,
Warloboo,
Oyang,
Anaboa,
Awany,
Warbacco,
Adducco,
Arnillaha,
Eworang,
Okar,
Oboo,
Okarba,
Eberbuall,
Eganny,
Ogouze,
Edeli,
Aguim,
Tudocco,
Ocago,
Okarombo,
Yawoka,
Euobracke,
Degdige,
Aluwaka,
Edeurasa,
Abeanor,
Abang,
Tuckarfor,
Oron,
Bafar,
Mary,
Barly,
Onah,
Abany,
Aguan,
Oroo,
Oroo,
Acquan,
Abang,
Aguan,
Aboo,
Oroo,
Mlroo,
Abarsyumore,
Aguan,
Abang,
Oroo,
Amnell,
Neelor,
Merekeyany,
Norvang,
Aloah,
Manrah,
Asee,
Garlah,
Pleeleebo,
Anquamy,
Ocolly,
Alo,
Anowa,
Asoosa,
Edoqua,
Alleeka,
Agua,
Akaraka,
Worzo,
Afobaka,
Allam,
Occaraka,
Acguam,
Aurah,
Ouro,
Tugang,
Tyabee,
Beebee,
Agar,
Addy,
Ody,
Seedy,
Yanzell,
Agemmah,
Ourer,
Mendy,
Burrnam,
Whygor,
Saffoo,
Pongoo,
Damo,
Boroho,
Dohole,
Damo,
Yagbo,
Bagba,
Toka,
Yachra,
Yondoo,
Potras,
Pan,
Darwaggar,
Cessac,
Yasdoo,
Fagba,
Moman,
Barwhee,
Goohoo,
Kickreegee,
Fanhan,
Sangiva,
Mandar,
Logah,
Cangah,
Diguay,
Cessac,
Mannah,
Quddie,
Bunnah,
Massah,
Monjonah,
Mooah,
Goombao,
Yandoo,
Bonggammo,
Barrnah,
Barrnah,
Fromboo,
Quanee,
Curry,
Cocao,
Joe,
Rogger,
Seerah,
Parnah,
Wonnee,
Toorah,
Feefee,
Feerah,
Iogboa,
Rogger,
Tom,
Bondak,
Fetan,
Teeppee,
Roe,
Teboh,
Gallak,
Bollak,
Yallah,
John,
Boolak,
Toofee,
Bungoo,
Bondosh,
Tombah,
Allbohah,
Bomboo,
Tongaree,
Miah,
Saw,
Tarmoo,
Timboa,
Wiwah,
Porley,
Baymah,
Tinnah,
Jug,
Coree,
Farmah,
Galloy,
Galloy,
Boolay,
Seerah,
Goobay,
Goomay,
Serri,
Gooddaro,
Ovar,
Stambar,
Macull,
Banaw,
Peerie,
Moussa,
Parrie,
Marsuduma,
Maduoma,
Dollay,
Joe,
Kersie,
Dowro,
Changway,
Mambar,
Pannie,
Kiwool,
Koonar,
Kenya,
Mangroo,
Awee,
Tom,
Bombo,
Barbong,
Toofa,
Matoo,
Torgoo,
Buoy,
Marmegah,
Corfee,
Satter,
Toorah,
Longoo,
Wonga,
Toobay,
Coopalunnny,
Maniach,
Torfee,
Yabba,
Yuppoh,
Tobboy,
Yangoo,
Mongoo,
Ganhole,
Yorfole,
Yagwah,
Yaghe,
Hoonah,
Hengee,
Oomah,
Dumbar,
Yarmo,
Hoobar,
Marshday,
Boree,
Jumbo,
Jumbo,
Mayay,
Jongo,
Mandega,
Bajee,
Mangdo,
Badoua,
Bay,
Magera,
Konrah,
Marcoo,
Woongar,
Stallo,
Wangay,
Marron,
Coonah,
Bisee,
Wongay,
Oomba,
Mangou,
Bio,
Wargella,
Warrya,
Carssa,
Wongay,
Marruda,
Muigar,
Wongu,
Mangah,
Barbenar,
Bundoo,
Imbarr,
Joaõ,
Ewong,
Indootuo,
Awar,
Yantee,
Allenar,
Doughar,
Nenn,
Enen,
Behind,
Paupau,
Songo,
Esau,
Famcong,
Engar,
Esau,
Engar,
Engar,
Apan,
Awang,
Nenn,
Nenn,
Unsur,
Bekunday,
Ener,
Baudamour,
Joe Bissaõ,
Inbecker,
Paupau,
Mambau,
Pander,
Fourfar,
Bee,
Eden,
Enshar,
Benjaw,
Menen,
Gambià,
Samar,
Yatam,
Banar,
Mannar,
Embaw,
Enjarrar,
Antonn,
Kindar,
Abba,
Warmer,
Edee,
Tom,
Enjo,
Yaomar,
Pomer,
Eggar,
Enar,
Enar,
Enerr,
Enerr,
Enerr,
Apaupau,
Berrycong,
Enen,
Semour,
Ingòthé,
Emour,
Enana,
Enen,
Enen,
Elue,
Nintoko,
Mangrove,
Decater,
Enen,
Unen,
Unen,
Unen,
Indem,
Enen,
Enen,
Enen,
Emeom,
Enen,
Unen,
Monen,
Meneen,
Monem,
Monem,
Menom,
Moare,
Yunbersar,
Monem,
Moyoung,
Enene,
Epongo,
Enjoule,
Sabber,
Sabber,
Congo,
Nacker,
Cumbarr,
Dyerara,
Jubange,
Ponger,
Encaulay,
Mangau,
Dundie,
Conger,
Ohetale,
Sabber,
Injusue,
Gunjane,
Benin,
Enen,
Benen,
Nenn,
Enen,
Askua,
Askua's Infant,
Ponger,
Ponger's Infant,
Gandabinda,
Doubar,
Momem,
Imgumbar,
Indearay,
Gunfansau,
Yomengman,
Waybella,
Ingawbander,
Momen,
Ioenen,
Menen,
Echo !,
Ponger,
Cain,
Unknown,
Eoshowmer,
Moner,
Bennen,
Bennen,
Moner,
Warmena,
Dogpaw,
Intiekaba,
Indawpay,
Intoobar,
Gombasser,
Musar,
Gontivo,
Yankantucker,
Gonkicker,
Musar,
Auwful,
Musar,
Esaw,
Ahoon,
Moner,
Muser,
Along,
Enjoe,
Moner,
Enjoe,
Comanner,
Enjoe,
Manescrivah,
Nasannoh,
Manesenah,
Andie,
Mamodee,
Oseerauney,
Maddy,
Bombouberry,
Cappoh,
Patta,
Sassawolla,
Adellamia,
Hesah,
Enoo,
Oloocuter,
Fadder,
Dahoo,
Fagbabee,
Tallefar,
Toko,
Obodgoo,
Hausaney,
Adjoe,
Ageedea,
Mondu,
Amodo,
Odoo,
Audo,
Ahhoo,
Matcolla,
Ocoolu,
Allahole,
Joe,
Always,
Allacka,
Bydoo,
Sesanamo,
Lamodureh,
Egallee,
Alluneme,
Boodeley,
Fategoes,
Allegoe,
Aloozerbee,
Adjoe,
Alkmecaulay,
Fafanajai,
Agoolome,
Ajai,
Sharboo,
Amallee,
Aboo,
Yambee,
Agar,
Dolla,
Adieu,
Adebellee,
Agojoy,
Bywhy,
Adabanoo,
Gootee,
Atihoe,
Gongagee,
Agololee,
Hyena,
Adogana,
Bochalanar,
Manmah,
Ajodah,
Amaney,
Akimboh,
Namakatah,
Ademee,
Joe,
Kojubee,
Assah,
Joadah,
Boncholah,
Adale,
Adesokom,
Akubah,
Adekah,
Akeah,
Akombah,
Ajoah,
Adonge,
Adjoe,
Agebokah,
Joe,
Aderah,
Jonecho,
Mosah,
Banjolah,
Cacholah,
Hesah,
Mannrah,
Sabbah,
Marcholah,
Mamnah,
Allarsoo,
Jarboo,
Jack,
Ochambee,
Nolehale,
Joe,
Fartanba,
Siasse,
Abudula,
Chinbucha,
Ahbatter,
Siaboe,
Allabacka,
Morrah,
Allokere,
Jyeanoer,
Kalladay,
Acomme,
Joe,
Ajibba,
Ademecau,
Agababe,
Ayeacawal,
Ideacan,
Joe,
Agoodee,
Joe,
Abeator,
Aninchue,
Sinchin,
Abellatoe,
Killantoe,
Bookee,
Adakembe,
Alucattan,
Mafalla,
Dosema,
Gulliver,
Sallan,
Inkattar,
Saboe,
Attaboka,
Mamuca,
Mamuca,
Bawoe,
Jeeboe,
Jabba,
Messar,
Mamuca,
Agobabba,
Aculla,
Aluffee,
Iggay,
Mochichi,
Yonkay,
Chabbay,
Baronde,
Bucher,
Mowager,
Yabba,
Tubola,
Bay,
Unknown,
Unknown,
Unknown,
Unknown,
Unknown,
Unknown,
Unknown,
Unknown,
Unknown,
Unknown,
Unknown,
Unknown,
Ajebah,
Ajeabuller,
Adenajoe,
Amino,
Anecho,
Abababee,
Abbee,
Angobee,
Bargarry,
Farmonee,
Bagnee,
Toocao,
Immamaba,
Adda,
Lamqua,
Lammee,
Ajoe,
Jackue,
Ijoe,
Faffer,
Jhenie,
Asweada,
Appa,
Azubalalar,
Isay,
Popper,
Asemma,
Asemma's child,
Janar,
Janar's child,
Ayaguana,
Jano,
Amaqueday,
Laque,
Laque's child,
Ishatoo,
Ishucaloe,
Isatoo,
Innaque,
Aquepadoe,
Aquepadoe's child,
Addaroe,
Addular,
Labber,
Molarel,
Chuwish,
Jenor,
Arbuman,
Dabber,
Assar,
Allamarthee,
Queraber,
Mejenson,
Arjarry,
Janor,
Janor,
Mofallar,
Janor,
Showme,
Awolabar,
Afeemar,
Ajagba,
Killamba,
Jyeanor,
Boatswain,
Achabee,
Adeuzar,
Jyeanor,
Ashuttoe,
Ajarry,
Aramatta,
Ajirmar,
Adearsoe,
Lawoe,
Lawoe,
Asebia,
Lammee,
Arsoon,
Goono,
Tarso,
Sami,
Lanima,
Farnah,
Laliba,
Zuma,
Azatoo,
Awuy,
Molako,
Ouzatoo,
Tani,
Larah,
Arbaka,
Chindez,
Yenida,
Ibeta,
Ihana,
Belladoe,
Alooba,
Facoola,
Abada,
Mijudama,
Unknown,
Unknown,
Unknown,
Unknown,
Unknown,
Unknown,
Unknown,
Unknown,
Unknown,
Unknown,
Unknown,
Unknown,
Unknown,
Unknown,
Unknown,
Unknown,
Unknown,
Sabboo,
Tomm,
Chuber,
Ingam,
Antigoo,
Ingally,
Massoa,
Ezeal,
Dorzee,
Barrezatoo,
Sobin,
Broose,
Ricong,
John Aqua,
Inteppa,
Locia,
Jack Eumca,
Umuray,
Massailey,
Kummer,
Ansumro,
Sukey,
Dandiko,
Eshayko,
Nugocomba,
Jepsay,
Sonno,
Aguaassa,
Sarnoch,
Amadah,
Hodoo,
Bulah,
Acajooh,
Azabookah,
Sargonalah,
Alongday,
Loboah,
Ajudah,
Cologah,
Buhooah,
Shadoo,
Lallahoo,
Abbah,
Holeachom,
Adesoho,
Olloda,
Labokoo,
Carsom,
Ockormodae,
Ajena,
Cirunday,
Ajay,
Lussagoo,
Adong,
Adong,
Abehonoh,
Minnuar,
Obolonslea,
Allohoo,
Adramnoo,
Ojoe,
Adiana,
Bafoo,
Bedadoomo,
Sam,
Majijurrah,
Cassue,
Aguhah,
Abooby,
Toobee,
Achimahee,
Hrarfoom,
Cooferiequer,
Ritumore,
Aloogoo,
Honoko,
Sadoo,
Landelah,
Landelah,
Abashe,
Endishaw,
Matoom,
Monor,
Bahoo,
Ajarrah,
Akay,
Azedyua,
Doe,
Bardonah,
Abassay,
Indessah,
Aladdy,
Moocoloo,
Mosolah,
Mannach,
Olisshame,
Olooknab,
Acossee,
Mangahcoo,
Betardy,
Betardy's child,
Iyaenor,
Icoolah,
Adingah,
Adingah's child,
Moojah,
Agahwee,
Iyoanah,
Tittyolah,
Adeakor,
Ammofilleco,
Arsubee,
Armenah,
Tallowah,
Wandoo,
Molacateer,
Sharloo,
Inowzah,
Allahmingo,
Assannah,
Papay,
Lenass,
Pittor,
Assoo,
Ahivor,
Apan,
Pampaw,
Saugau,
Mongan,
Yeam,
Esambey,
Esongoh,
Engleome,
Abarssah,
Apoh,
Apohey,
Nam,
Empabom,
Engoh,
Lambah,
Aseye,
Engdefong,
Unknown,
Yamber,
Bissão Hambay,
Isiah,
Nomer,
Ducherthing,
Pindar,
Namsay,
Samar,
Abompee,
Abenny,
Unknown,
Matear,
Aqually,
Matooka,
Epan,
Aparker,
Engaunyer,
Entanker,
O'Barr,
Basherlakay,
Atong,
Enong,
Bardoombar,
Agander,
Somer,
Mambor,
Alanguay,
Yagboo,
Ojoe,
Morraw,
Boarlon,
Dugger,
Bonar,
Ejar,
Mattilley,
Arcarney,
Ocusshuer,
Ojoe,
Ocasso,
Endoon,
Empanger,
Acoang,
Fanchong,
Mocober,
Abombo,
Adebar,
Encham,
Inguay,
Charko,
Ingang,
Indece,
Handah,
Calababo,
Dondoh,
Macumba,
Ahcaba,
Telleboo,
Nanafoo,
Namatoo,
Along,
Anguin,
Ambo,
Amayou,
Inquay,
Gebon,
Sengey,
Ambay,
Aballica,
Ingarda,
Sauoo,
Busung,
Accang,
Lobolong,
Inlabah,
Imbanga,
Andaca,
Ingnah,
Allochah,
Quange,
Terrahka,
Awan,
Bellona,
Dogalla,
Ballaka,
Otondo,
Egongey,
Asick,
Edwock,
Foley,
Engoh,
Emambe,
Egan,
Sammah,
Engdong,
Pongo,
Esomp,
Nahmoh,
Engbine,
Inglenor,
Ingleotoy,
Engmorgo,
Ingorbenor,
Inbonock,
Incorabay,
Ingbanah,
Ohtachen,
Etorhey,
Ingorgoh,
Worgah,
Jando,
Mancha,
Nany,
Mahamoney,
Nemin,
Kekong,
Kellop,
Kumicia,
Kusea,
Kemedie,
Kesock,
Kingar,
Cheacheba,
Agombah,
Juah,
Bambakoh,
Kongo,
Tugor,
Teah! Teah,
Quabeda,
Kemoshe,
Baddeba,
Eben,
Raybaund,
Raybaund's Infant,
Enjier,
Kobanu,
Succumar,
Fareme,
Agood,
Massahpear,
Kambong,
Yankey,
Seam,
Keakeaear,
San,
Perryfellow,
Kebbytong,
Pricker,
Kootong,
Margane,
Mannygone!,
Enguatay,
Enquatar,
Donjong,
Denee,
Tambay,
Jambay,
Mangah,
Bambay,
Entoobar,
Kawbay,
Gorloff,
Endeamar,
Marrymar,
Bay,
Maybember,
Enquanner,
Mangah,
Entoobar,
Tarquay,
Bonger,
Enkay,
Emcome,
Keng Ben,
Jack,
Mishe,
Umgarga,
Nimba,
Munganra,
Lamba,
Afoley,
Cheteah,
Awolla,
Commo,
Inhayboon,
Ajaffee,
Dorkings,
Bingo,
Songo,
Seckay,
Moytong,
Demmugan,
Kingay,
Tongobay,
Chater,
Assah,
Motong,
Marbarnyay,
Akenoy,
Ningotong,
Tenesah,
Dieseaarry,
Jakimbay,
Araws,
Ingarbey,
Ingally,
Sangar,
Noiler,
Amadoe,
Bambar,
Sirrahcong,
Tarfong,
Maria,
Unnanah,
Heaga,
Nasaina,
Adearko,
Mama,
Hawodoo,
Subee,
Hilbabel,
Lameo,
Barhakee,
Legbail,
Ohgba,
Allunda,
Gonalar,
Ocondee,
Owondle,
Holliday,
Colay,
Abaram,
Orhow,
Oleforeg,
Geranbee,
Ocolo,
Manno,
Malabar,
Acadand,
Lakogee,
Comakee,
Bollobor,
Orogay,
Sabane,
Olobaslere,
Olookoo,
Okeebodee,
Soako,
Halley,
Geamer,
Allbacall,
Opebodee,
Madee,
Ologedee,
S. donoko,
Manno,
Malkee,
Doroo ,
Larakee,
Eagerio,
Hano,
Adducun,
Doroo ,
Harnly,
Aberlomer,
Cumbay,
Ofukume,
Aboyome,
Ogoogbee,
Querhee,
Shagslay,
Ayanah,
Ago,
Yallaloo,
Alloo,
Yattoo,
doroanner,
Mame,
Tabee,
Ogoe,
Cudusee,
Ornobye,
Hyena,
Leroo,
Manna,
Ball,
Manasah,
Andee,
Manasarah,
Gegrey,
Obody,
Howusa,
Ayabonny,
Semonny,
Hessey,
Okirree,
Orukume,
Maddee,
Naura,
Egobogobee,
Acaothe,
Acushoo,
Cushedie,
Abelled,
Amuntoo,
Anybody,
Sigmar,
Alomcod,
Akessojee,
Conee,
Alanoota,
Abyemer,
Maddy,
Moram,
Maman,
Logona,
Busalolo,
Osabomay,
Ogaraby,
Olumnama,
Lanbushey,
Colar,
Amadoo,
Mojoby,
Ogo,
Arka,
Mangoby,
Sallakoo,
Onbukoo,
Adeebee,
Amira,
Demala,
Amura,
Oblee,
Ayena,
Aboo,
Sumolo,
Mama,
Marlow,
Acanny,
Dorakooro,
Ajo,
Akerloo,
Alice,
Tosoonler,
Moddee,
Akumbody,
Malla,
Maddy,
Rushee,
Yebellow,
Agoodee,
Ajay,
Sabby,
Ploobody,
Mammo,
Adeemo,
Kakensuna,
Arjai,
Aulee,
Sherow,
Merr,
Mamam,
Lenie,
Loginside,
Addeley,
Agebadee,
Armonder,
Adayme,
Yammerroo,
Majoe,
Manna,
Andee,
Yegbenno,
Saddo,
Oloobedee,
Agae,
Ojoe,
Ucambee,
Jocon,
Odoo,
Odondee,
Ashoon,
Meperah,
Admeg,
Yecunoo,
Araroo,
Hyena,
Oroo,
Decoo,
Ologer,
Orodoo,
Ajie,
Afurered,
Okoo,
Allytoona,
Omun,
Momma,
Adjioo,
Mamar,
Sallawko,
Ayabee,
Ademaner,
Kossee,
Mordee,
Chawpee,
Mawmaw,
Yocomaw,
Assoolee,
Angbay,
Quie,
Yannea,
Lueyloo,
Afeely,
Uressee,
Leonear,
Ajoe,
Yanny,
Yumarlee,
Osomewar,
Ahagoo,
Ayena,
Leargoo,
Mattegee,
Hyenna,
Osoo,
Haddoo,
Noisover,
Lanny,
Onee,
Balloo,
Yettee,
Amaree,
Woyun,
Adjuma,
Yannee,
Eferono,
Hyenelow,
Araytor,
Marogee,
Ummo,
Agoyarme,
Ewollabee,
Lagee,
Nakodge,
Lamee,
Adjuma,
Yannee,
Loombar,
Dalloomer,
Hyma ,
Crowdalle,
Macgoobalee,
Hyma ,
Yesterday,
Adoo,
Lava,
Konomuk,
Igeema,
Amadoo,
Manhee,
Essay,
Addebuko,
Osher,
Sadar,
Hyma,
Olaofajoy,
Oyeboto,
Ayovayer,
Agooree,
Agooebo,
Harrah,
Accassabees,
Ackar,
Marie,
Comloo,
Firaka,
Edenah,
Adoconla,
Bigoola,
Keekra,
Agodee,
Beyonny,
Ayeousne,
Whysonohee,
Acousoulee,
Killopee,
Coosoney,
Danoo,
Cgoodyee,
Cyoozena,
Omoonie,
Osooneywar,
Farekoo,
Moodie,
Hyma,
Cooseyna,
Becok,
Aoole,
Afoozongo,
Mama,
Adooyer,
Dosonow,
Onjoe,
Alonoka,
Oydema,
Oeenaloo,
Mambousha,
Honodoo,
Shellaleh,
Ajai,
Heydoo,
Boysee,
Askelonomy,
Adoola,
Oneshado,
Ooomeloo,
Okimbaloo,
Wanee,
Achow,
Awlutsallah,
Oyozee,
Soybangee,
Nansee,
Ocownee,
Yabba,
Doe,
Abootoo,
Aloossee,
Dido,
Ajai,
Noyar,
Hayena,
Ogoosee,
Osooforkee,
Ocoololoo,
Matome,
Dano,
Boyba,
Coolala,
Mombonglong,
Janor,
Ahjarry,
Queraber,
Mejinson,
Tombay,
Urebeey,
Bobloh,
Queenco,
Umbiah,
Jagbah,
Mamah,
Sunaotah,
Onnoha,
Quomaker,
Ollatim,
Allasheka,
Aubauh,
Layhoo,
Adafairty,
Amosbah,
Nobarjard,
Arroajabiah,
John,
Onaroodoo,
Ordaddah,
Issaya,
Moncoboc,
Buccatome,
Chibsober,
Omoggah,
Tonokah,
Ichokka,
Aboarmah,
Abeddamy,
Oddome,
Bergay,
Aeboo,
Sigardah,
Oaeonnah,
Oacopah,
Agarway,
Chrrabah,
Hochar,
Bardutah,
Abettam,
Lamoochie,
Onairnee,
Assaweh,
Ahtah,
Adizzy,
Eshaloo,
Appah,
Ohangbay,
Moccorroo,
Barjicarka,
Raddepah,
Fabbay,
Otooday,
Okennay,
Oraebar,
Marfom,
Sagbay,
Ahcurray,
Ammasay,
Esarquaray,
Osoeday,
Argoodee,
Ahdomekay,
Obardoo,
Ahbug,
Dahfugoahmee,
Sarrone,
Kosukee,
Snoway,
Korabay,
Digbay,
Margumabay,
Obinnay,
Oldmashy,
Oshatoo,
Ophabsheka,
Mannamay,
Psanerme,
Morroo,
Nequitto,
Ollooka,
Packmorlay,
Ahjarr,
Owardie,
Ackay,
Mosai,
Aya,
Diswah,
Ahduna,
Monusa,
Noday,
Ezenas,
Larmay,
Oddah,
Oddah,
Oddah,
Achombia,
Morsay,
Enneby,
Onselai,
Tarjay,
Lafatooloo,
Arjah,
Sumigee,
Binnee,
Oddah,
Oddah,
Oddah,
Oddah,
Oddah,
Oddah,
Ahoobellah,
Ahmarmehony,
Basammo,
Togomah,
Morsay,
Ahmadomo,
Amasa,
Guallay,
Debohra,
Addibosah,
Awoodoly,
Bolarjey,
Woluddy,
Satully,
Eggeli,
Ojoe,
Eddoh,
Lacello,
Aboodo,
Eugobey,
Agundee,
Lavacoo,
Ahmirah,
Oyelodday,
Ahmirah,
Adjeo,
Belloo,
Agossoo,
Puitto,
Ahmirah,
Dally,
Ahmirah,
Dassuny,
Iggie,
Agelarbugee,
Oneirdie,
Janai,
Adoo,
Chaibee,
Achelookoo,
Auchau,
Auchau,
Chokailoo,
Barbarogah,
Abbochah,
Dukulm,
Tirarmor,
Bubikah,
Koodibarkie,
Monamarootoo,
Kootie,
Auchaw,
Dussomor,
Neorgum,
Odelarde,
Maroo,
ORichee,
Amoosoo,
Ansasunkia,
Allaboomy,
Anassa,
Maddy,
Maddy,
Mamah,
Achadie,
Aggai,
Zebree,
Yeolah,
Ogodenoh,
Pow,
Hyena,
Comcoo,
Gebby,
Oshona,
Yagga,
Yaw Joe,
Odolu,
Lebbokou,
Accooley,
Larneahboley,
Oneakoh,
Ocatty,
Maccoo,
Ojutty,
Odacome,
Lebeffo,
Acguan,
Mattardoo,
Osoom,
Alattoo,
Zebree,
Aucorbah,
Allerday,
Odowo,
Bocah,
Opatty,
Catujou,
Cojoe,
Maddegoma,
OSursday,
Janner,
Adany,
Ojoe,
Obunguh,
OLiearlue,
Denjargee,
Bowkeekey,
Wolow,
Comego,
Auderly,
Garsawlee,
Taybaa,
Ogoodobee,
Labodue,
Moco,
Sallah,
Sobah,
Osharmisto,
Cochermelato,
Oshaw,
Bouri,
Shaddo,
Daymes,
Fassoley,
Mochen,
Shotolo,
Andolue,
Dawsalue,
Amjekerme,
Onubede,
Olubayla,
Ego,
Bowlamo,
Janner,
Luoco,
Aubesha,
Lawcalpo,
Jarfoe,
Ragu,
Soboa,
Tackorbee,
Aggah,
Abbobocah,
Marleke,
Attanda,
Quarroo,
Tabbee,
Sydoe,
Audee,
Bessauloh,
Thayoo,
Germay,
Muma,
Teeby,
Hotchae,
Lasam,
Ajebeckoe,
Akorela,
Shotway,
Mabarkay,
Doss,
Ogojobee,
Lahalo,
Ojoe,
Hotchoe,
Matacoe,
Ojoe,
Sobater,
Hotchoe,
Jabodo,
Obeodoo,
Dalily,
Acavoo,
Labello,
Jimocko,
Oday,
Washaroo,
Hotchoe,
Obejoe,
Ojoe,
Oloobee,
Faboom,
Bollo,
Davas,
Olabbee,
Hotchoe,
Ogoojobee,
Dalookoo,
Ojoe,
Coottee,
Auebko,
Gudge,
Mauchai,
Dizartoo,
Gagau,
Misabee,
Ashatokah,
H'abee,
Larmie,
Aubojau,
Tuau,
Cudjaloe,
Porweigh,
Tannee,
Carmanky,
Ornkay,
Ollumike,
Hymobarjee,
Olagarbie,
Ojourcee,
Adjinnah,
Idao,
Yabaradoo,
Congway,
Fatouma,
Esseday,
Laboobee,
Betanlah,
Lagudie,
Awardarre,
Aminah,
Vordumah,
Arrow,
Cordaloo,
Dejah,
Conoko,
Ogunlay,
Aggee,
Akiduna,
Aubaggee,
Auchaw,
Lyplee,
Iggee,
Auchaw,
Ackilledo,
Tuah,
Pardombie,
Abocootie,
Ludge,
Kiddedoo,
Aboodoo,
Jaddoo,
Adelookoo,
Adya,
Koofonda,
Doie,
Ducher,
Okartoo,
Conbellayee,
Dachee,
Aboshaddee,
Akarudo,
Ojoe,
Agorbee,
Oloofoo,
Waysoo,
Maddee,
Tudollo,
Iggay,
Odooto,
Carree,
Accomodo,
Ackillo,
Akkibelay,
Ihena,
Dowoo,
Ahloree,
Odabbee,
Beeoh,
Bowso,
Hyena,
Alumko,
Kenmaka,
Iggai,
Aggaloo,
Obellgagie,
Amchoo,
Fallecah,
Epecacah,
Ebeladilah,
Daday,
Ihena,
Alletoobah,
Aboon,
Quochia,
Onee,
Oclika,
Anninke,
Onguamadu,
Olgojoubie,
Abindala,
Mamah,
Dangarliah,
Oaswardie,
Massa,
Mamah,
Woardrony,
Chilhaloo,
Olliboli,
Addo,
Aggai,
Ollokong,
Worroo,
Allaya,
Ojebydoo,
Chokoola,
Ahgarree,
Oojoy,
Ogjoo,
Omnee,
Looporka,
Orcha,
Bagarge,
Agonbide,
Monogoogee,
Fabbee,
Oldarow,
Aniday,
Tamanoo,
Marquidee,
Adito,
Abochee,
Gomi,
Bossu,
Hagouse,
Koolagie,
Occoolomo,
Seelarmani,
Noogagle,
Aggai,
Dabarkai,
Addai,
Addeo,
Iddo,
Daya,
Ogaya,
Oorgle,
Allado,
Masso,
Anai,
Komirdoo,
Oello,
Lokai,
Magualloo,
Oquiloo,
Ochaw,
Channoo,
Chihealoo,
Chihealoo,
Ochaw,
Koolarga,
Dawallue,
Adachaula,
Dippee,
Igday,
Cluclui,
Aggai,
Pah,
Oshow,
Tenewah,
Adapoh,
Chogobee,
Ahkee,
Ologee,
Omogoh,
Ahlarmah,
Ashow,
Choromee,
Anegoday,
Ihenah,
Ohewow,
Dekalse,
Mameah,
Esah,
Daneguah,
Kosharme,
Porsharbee,
Elazoo,
Ahyanoo,
Oloobah,
Alusannah,
Ahbourbah,
Adopalah,
Sanarah,
Hareanoh,
Ahjigbottah,
Osambee,
Abecombah,
Okoukay,
Oloomoo,
Oshaw,
Ogah,
Odoo,
Odotam,
Oloocoo,
Darinkay,
Damokay,
Sarbie,
Sarnas,
Sardaypo,
Mayja,
Manmoh,
Okanloo,
Jordah,
Maymonah,
Ahgaya,
Sarsongah,
Warlobba,
Malloo,
Jasalloo,
Odomady,
Lishiloo,
Ahmawee,
Chelahday,
Okonsholo,
Oshayboo,
Ahyonka,
Edowah,
Odje,
Kahsomah,
Bambokay,
Ayeakome,
Ogbah,
Aydamone,
Sabbobamoloy,
Eggay,
Boosa,
Ochar,
Treshekony,
Marshaloo,
Manmoo,
Ojoe,
Mammah,
Agebarchory,
Ajoe,
Ajarree,
Ayana,
Meneserreh,
Mammah,
Mamadoo,
Mordoo,
Mamah,
Esah,
Odainaday,
Chechu,
Ilah,
Indolloo,
Odabbee,
Ahninko,
Auchumbie,
Abbechroner,
Jellolah,
Hyanna,
Duennee,
Morbochau,
Katay,
Iggai,
Barlookoo,
Naggoodie,
Hyomah,
Yeomonah,
Hyyonah,
Ohshimmalo,
Olookbaydee,
Hyyenor,
Taynee,
Cabarlar,
Hallam,
Harbeonah,
Billookar,
Ashanmoo,
Hahbig,
Larbeang,
Daybolue,
Maladkay,
Haydoo,
Hargibbee,
Shallabay,
Talloo,
Isattoo,
Harworro,
Isattoe,
Tagbar,
Aginnato,
Maytayshaw,
Taymee,
Lardoo,
Isattoo,
Lahmay,
Mayoong,
Yammo,
Locando,
Case,
Addagonie,
Kayworbee,
Hyjarbee,
Matarbee,
Loebusay,
Agbah,
Chache,
Ikay,
Otommy,
Isattoe,
Yoko,
Dada,
Portom,
Mesobbo,
Ahjarr,
Otyoh,
Onekayo,
Ilagba,
Ogonnekay,
Ochaddenah,
Onee,
Anahbar,
Onekayo,
Adoo,
Ahboy,
Kyoday,
Omyoh,
Otidday,
Dadda,
Fartarr,
Larrokee,
Hiddang,
Ohjibba,
Aljimmah,
Largee,
Diggeboo,
Ozommakay,
Obidday,
Ahkomlay,
Mahbollaka,
Daggee,
Abarray Ombay,
Kallabar,
Ochoggee,
Obammee,
Obottobay,
Obottobay,
Omborloo,
Omborloo,
Odrayday,
Odrayday ,
Ahwarr,
Ahwarr ,
Arrahcholo,
Arrahcholo ,
Arrayboo,
Arrayboo ,
Onekay,
Onekay ,
Bochee,
Barlay,
Haydon,
Ahfooshowme,
Adong,
Allaloogoo,
Alajjee,
Moochie,
Addalee,
Addeeboido,
Nammeo,
Inah,
Ochau,
Ollaiokoo,
Chikailoo,
Ojoe,
Obassah,
Landoo,
Bookee,
Lureker,
Abadallay,
Ochau,
Lendee,
Olookoo,
Jayboloo,
Addigoo,
Ouchabee,
Lakabody,
Bagbay,
Obeela,
Cardelloe,
Wahloo,
Ahloo,
Tagbah,
Case,
Mahmor,
Mahgoo,
Orgeegoola,
Coogoreetee,
Olloohanee,
Ogoombie,
Agbah,
Ahdoo,
Ahbah,
Ahbah,
Ahbah,
Phailoo,
Ohjoe,
Alookoo,
Laing,
Odday,
Lawsoo,
Jalarkoo,
Jibochallie,
Lookah,
Deah,
Egbah,
Ourdooh,
Dookah,
Ocondooloo,
Adookah,
Blowoo,
Mamah,
Chaubie,
Ahteemie,
Mojearbie,
Parkie,
Ahjarry,
Hyana,
Samookoo,
Abeobollah,
Aggai,
Aminnatoo,
Tooryshabbaloo,
Harooishah,
Haddam,
Hyephomee,
Tennay,
Hysatrie,
Allesookoo,
Gibearkoo,
Tyseen,
Hygayah,
Fabooloo,
Akinnong,
Illoo,
Manlelloo,
Ebbesarloo,
Eague,
Aggishomah,
Bacchie,
Cooperlaine,
Malloochan,
Hyabardie,
Allama,
Assiboonkay,
Malloka,
Tacoochan,
Ollookacay,
Ammodo,
Guyyar,
Obokay,
Ahjibborey,
Adoy,
Oladday,
Farsolay,
Jinackar,
Sargolah,
Orloo,
Lyenosogood,
Larfanguoh,
Ahdaykoh,
Ochome,
Ahwolley,
Hyenah,
Panilah,
Ahkittybah,
Lossah,
Ahkaddoo,
Ahbabbee,
Morroo,
Fattee,
Ogoobee,
Grotefah,
Ahjuwah,
Ahgrubedo,
Lahkonbah,
Ahsorrane,
Achaw,
Olookpay,
Hyenah,
Addoo,
Osoobome,
Ahjai,
Hyena,
Annday,
Isaymee,
Osoeahlay,
Odosiddy,
Marmah,
Bollahsay,
Ojoe,
Iggay,
Marjahbay,
Olookay,
Ahdogbalah,
Ojoe,
Lahsamjoe,
Ahkomalay,
Namonay,
Digbarloo,
Allool-ah,
Ahdigbarmee,
Chammakoh,
Ogottoo,
Ahgah,
Ochaw,
Ahbeordo,
Ahjai,
Odoo,
Jaybee,
Fabbee,
Ojoe,
Ochokoh,
Allahboolah,
Daybartah,
Oyanday,
Ahkollaydo,
Bunyah,
Doe,
Iyombo,
Ahjai,
Ojoe,
Billerlah,
Ogollahso,
Ahkollah,
Adoy,
Sinnerday,
Ogoomawah,
Ahdeo,
Ahjai,
Fatterday,
Adootah,
Ahjibbay,
Oloowarry,
Ahkollah,
Hyenah,
Aloosay,
Aloofaysay,
Agoodojah,
Aguahjay,
Digbah,
Ahboykee,
Yeesah,
Yeesah,
Hyenah,
Oloonogoh,
Ahbassah,
Ojoe,
Addoo,
Hyenah,
Holliday,
Ochaw,
Addoo,
Tenarlah,
Ahsomah,
Ahdinnekah,
Ahjarlay,
Ahjai,
Ochaw,
Narparme,
Ogee,
Ojoe,
Allahday,
Ogoomi,
Ackealoo,
Ullemarlah,
Kokoo,
Affyjeeko,
Okkry,
Koohelah,
Chorme,
Lolarrec,
Daysomah,
Guahree,
Allemarlah,
Odokkeshaw,
Chorme,
Lusaymo,
Ahcham,
Bechar,
Lobbah,
Ahtonkah,
Doe,
Parloome,
Hyenah,
Ahbahjah,
Ahkillaloo,
Mohjohdome,
Tagbooray,
Ochan,
Deossmee,
Mahmah,
Colah,
Iggay,
Ahkillayloo,
Ahjah,
Horoyedo,
Ahkey,
Hyenah,
Dasoo,
Dagbaydoh,
Malachow,
Amacow,
Awookoo,
Murow,
Awarroh,
Surrah,
Mammadoo,
Sanewah,
Kokoh,
Insaymah,
Okattah,
Jayes,
Oleeome,
Ofattefah,
Olijar,
Tyeo,
Jolofollowo,
Akromebodo,
Bankollay,
Farjam,
Kooshee,
Ahyeorree,
Hyenah,
Narbalkoo,
Chokay,
Loffoojae,
Chacha,
Ogollojae,
Adah,
Akillahody,
Ahwonne,
Adollayjai,
Onaygoo,
Ahkibbayday,
Oguallay,
Awayger,
Ogollerlay,
Hyenah,
Ojoe,
Wollaykah,
Ocholattee,
Oyeabim,
Joefolleewah,
Tyeorkoo,
Odooday,
Ahgosah,
Mahmah,
Koomoyee,
Killahtah,
Daysolah,
Oddeesah,
Odesannah,
Ojoe,
Jofollaywah,
Lokittee,
Joesong,
Oloobee,
Okillsellah,
Onaybee,
Obeordoo,
Ojoe,
Olooshantee,
Funguaday,
Boyjay,
Labbayjay,
Iggay,
Efarquay,
Ogoomokoo,
Yambie,
Ochaw,
Ahjai,
Awarandee,
Tatteebah,
Ogrambee,
Odaykambee,
Ogromohdoo,
Ahsolah,
Ahdellekah,
Ahdaylah,
Egga,
Egga's infant ,
Olukaye,
Olukaye's infant ,
Hyena,
Tyumkoo,
Samlukee,
Aboo,
Adjee,
Sabambie,
Addoagam,
Amulakoo,
Amonee,
Dayalla,
Alambadar,
Ahoolee,
Amway,
Adjume,
Hyena,
Salamg,
Pangoko ,
Abookoo,
Ubellimar,
Ioah,
Taloombee,
Abeejokoobee,
Ahowseebee,
Eyowbee,
Ayeneka,
Farsenah,
Irealah,
Honey,
Akosome,
Eddoo,
Ahjai,
Ioah,
Fornilubay,
Yayboyday,
Saddepah,
Toyesah,
Isahtoo,
Okekillo,
Isattoo,
Farquah,
Guanah,
Hyenah,
Laddayjoblee,
Tallaybay,
Ogah,
Yayday,
Tahjimah,
Tyyoo,
Ohgoh,
Olawollah,
Aye,
Yaya,
Ochufallaka,
Addaybah,
Ayaminelay,
Saddee,
Hyena,
Iguallah,
Mossah,
Ofrugoo,
Awosee,
Abokoo,
Massah,
Ashowmee,
Fartoombee,
Ahjai,
Afarsah,
Afunnay,
Olunnee,
Ahjai,
Lowolloboo,
Losummo,
Laddamoh,
Lowagwo,
Ofallakoh,
Ahfinjaydah,
Molackay,
Moleebee,
Ahjai,
Ahdagoo,
Ahjai,
Howesah,
Afachower,
Ojah,
Atidday,
Bullycamp,
Mohlay,
Daddah,
Turwaymay,
Afunyankah,
Sallaydah,
Adomkome,
Ajumbee,
Awuschee,
Hyena,
Ajumbee,
Molume,
Achumachay,
Daywoo,
Ourdoo,
Chackee,
Abarmee,
Loochue,
Ochadabee,
Ogbay,
Kardayah,
Chabee,
Ochanharday,
Yanga,
Ahjai,
Okardahbee,
Moneyakah,
Bammayako,
Ajai,
Farselah,
Olookorome,
Ballakoo,
Largedo,
Omodoe,
Ogosasee,
Iyenyookoo,
Looarko,
Ahjuro,
Dadda,
Chachbahjoe,
Hyenah,
Ojoe,
Ahjidaypay,
Oguallay,
Jabbay,
Ocawho,
Ahjattaloo,
Daycolah,
Elleyhay,
Lomerday,
Oyarrah,
Adillahmo,
Adaypoque,
Chilayday,
Gittah,
Chodollah,
Otittie,
Oladoe,
Achaw,
Oddain,
Odeadymoo,
Cudjoe,
Allahday,
Olloojah,
Layozoolah,
Oddoe,
Ahdoebee,
Donahkah,
Chonnee,
Ahgoodjoebah,
Ahboggee,
Chaugboa,
Tikkahloo,
Oloolgah,
Ahdajinner,
Ahdassah,
Eggah,
Narsah,
Amochah,
Coffee,
Moocarday,
Occoo,
Barcannoo,
Addalah,
Ochaw,
Ladie,
Allakoodie,
Allichino,
Addamoo,
Allookardie,
Ackarlah,
Oggoogardie,
Laphedonnoo,
Aecoojarbee,
Amardoo,
Ayarbarday,
Ackarlatu,
Donsah,
Bocor,
Dosoo,
Achaw,
Oquiellee,
Bovia,
Highyee,
Essayr,
Hagoror,
Lushah,
Doahvia,
Addee,
Ahkidday,
Agoh,
Bocoh,
Ahgusso,
Tonkah,
Quequenday,
Bokohsah,
Ojoe,
Achawboolakar,
Ajiahlah,
Nannah,
Achunikah,
Ahfiarday,
Ahluckay,
Allookarday,
Maicho,
Akillah,
Lamieah,
Ahgamah,
Barkennoo,
Ahhushubee,
Addaddah,
Ahjiei,
Barkallah,
Ahshibbee,
Ahjibolah,
Ahdennequay,
Addoo,
Daddah,
Afordallah,
Abbijomah,
Moyellalah,
Ayannok,
Aggooday pah,
Ashamobah,
Fartoolay,
Taylei,
Ackoon,
Attimah,
Ajai,
Nokarsee,
Ayenah,
Ajaiay,
Ajaiay's infant ,
Alooday,
Ayenah,
Archunawar,
Ahmasahtoo,
Lahdie,
Balba,
Ajokay,
Ahmilletie,
Ayenah,
Ayeokay,
Ahbahyomee,
Ahjoojorkay,
Allaytaywah,
Ahjaygidday,
Moseybee,
Chobolahme,
Nahiyomy,
Ashattokah,
Allsochaniee,
Allocharme,
Iggay,
Eleeacho,
Adaywolloo,
Dahojoe,
Lahyormb,
Malleycapao,
Ahshomsah,
Alloyea,
Ahdeeyou,
Infillahmo,
Jahsinee,
Bandah,
Tarboeloo,
Karbanday,
Banber,
Banber,
Bannah,
Doeambah,
Kombah,
Zolah,
Indorray,
Zolah,
Miah,
Wyewah,
Backah,
Hyenah,
Kamboh,
Bay,
Dooalloo,
Zoah,
Wyewah,
Guarrah,
Koley,
Koley,
Wonney,
Yaryah,
Mommadoe,
Laybombah,
Faer,
Barbanyah,
Garbay,
Indrayaye,
Trunkaytay,
Tarmeah,
Daedoe,
Warbelly,
Yahfee,
Barbah,
Ingregi,
Daywallo,
Bag bah,
Par Bannah,
Guando,
Sanjoe,
Dahyah,
Korway,
Poojay,
Vamoah,
Ballah,
Kaymangay,
Mahgonnah,
Byegay,
Torray,
Kantay,
Korree,
Mahjoe,
Seacca,
Tahbanday,
Ibah,
Mandoay,
Suday,
Doearroh,
Injaywah,
Fungaymah,
Furray,
Bangah,
Gaysowah,
Bandayah,
Cow,
Tahbonday,
Barbanyah,
Kangwanny,
Kanwargar,
Lango,
Lamming,
Jim Macaulay,
Tongo,
Imyongah,
Biahbah,
Bongbah,
Yellondoh,
Kronoh,
Narwowah,
Bay,
Lander,
Jackoo,
Addoo,
Kanu,
Baijar,
Neartor,
Jarkoh,
Nanayforrah,
Yuabanguewar,
Gewar,
Narnangnewar,
Baia,
Tanguay,
Yarkuee,
Odjee,
Chedue,
Bonday,
Bonday,
Perry,
Lussey,
Ybarr,
Wigoe,
Amja,
Allakon,
Bay,
Komah,
Dewargen,
Kargun,
Allobay,
Geebar,
Furley,
Folley,
Perry,
Phongoah,
Komah,
Yarrah,
Kimmodooh,
Yanday,
Golah,
Tooday,
Frorigin,
Kallafur,
Kangah,
Amirah,
Logah,
Onena,
Kokey,
Adando,
Miah,
Miah,
Bayah,
Todday,
Bay,
Parrah,
Okey,
Jaywah,
Layhigh,
Bannah,
Figh,
Jahfow,
Horree,
Manday,
Yattoo,
Mandayquay,
Hero,
Doejay,
Goddy,
Bay,
Doody,
Joe,
Koyjay,
Bagbay,
Yokee,
Bangah,
Bannah,
Tattah,
Ingattah,
Battoo,
Ingagbow,
Corday,
Battoo,
Baray,
Kaybay,
Bay,
Farmah,
Fuckebee,
Hannah,
Tarloo,
Sattiah,
Garugee,
Tarrahmou,
Grarwoe,
Mangah,
Erah,
Bundoo,
Gambee,
Tarroo,
Wangay,
Kombah,
Kay fog,
Fobay,
Wangay,
Gahfay,
Teemah,
Abong,
Free,
Ningah,
Dangoo,
Sattiah,
Mowboh,
Joan,
Marmoo,
Kayfay,
Tarfay,
Iginbirth,
Nambay,
Tallah,
Monday,
Munjay,
Jollah,
Kenjay,
Porter,
Bay,
Farmah,
Janah,
Marway,
Ningah,
Manyay,
Marwoo,
Mangue,
Bambahyuah,
Byeyah,
Mangway,
Sauddo,
Ningah,
Nahwah,
Sammongo,
Injaypoo,
Kaytay,
Boyday,
Labbah,
Boy,
Bundah,
Kye,
Mahfuldoh,
Taywah,
Myewoo,
Tallah,
Guah,
Kowarree,
Bowel,
Dayeyah,
Kohroo,
Samboo,
Kanyay,
Jag bay,
Munjar,
Ranyay,
Boah,
Marmah,
Joe,
Mahboo,
Nahboy,
Bayyay,
Yomboo,
Nahyoh,
Foyee,
Joe,
Kanyay,
Byemah,
Bayah,
Mattoo,
Doe,
Lah,
Yumboo,
Jinyah,
Koinnah,
Twowah,
Mahtooquay,
Mahtooquay,
Gumboi,
Jiggay,
Bundoo,
Wangay,
Jumah,
Jiggay,
Fangah,
Agonjobey,
Achaw,
Degbootoo,
Jaybong,
Roboodee,
Hyenah,
Gahabah,
Sootong,
Maymonah,
Oshaw,
Ogoobah,
Ochebah,
Odowahmee,
Doosoomah,
Kohgee,
Ogoodaree,
Moodashee,
Ojoe,
Omsohjoh,
Ochaw,
Agbay,
Myohree,
Sallahday,
Konnohboh,
Bommohday,
Okokohbarry,
Yammohday,
Onnakayee,
Addoo,
Fammenah,
Okahree,
Ammadoo,
Ojoe,
Cusseeslah,
Okoolah,
Ahgahlee,
Abulloo,
O'Cudjoe,
Emchamkay,
Faggam,
Ahjassah,
Ahlag,
Beealoo,
Ochaw,
Mokeoh,
Manny bokoh,
Bankay lay,
How lay,
Juggahday,
Ogrombee,
Ahjarree,
Ahnissah,
Kommokoo,
Ahkahbee,
Ohgah,
Ojoe,
Booqeey,
Roojai,
Ogodlahday,
Howjoe,
Ohgah,
Joodooquay,
Dazahlooo,
Okillahtah,
Ajalloo,
Ahdig bay,
Tallahyae,
Ladday,
Ahkomalay,
Ogombay,
Ojoe,
Ahdoolahme,
Pillayjoy,
Ojah,
Opaygoo,
Achaw,
Okoonkay,
Ochaw,
Koobahroh,
Kolly foome,
Beesallah,
Soday,
Sofoollay,
Sallah,
Edoo,
Ohchillah,
Ojoe,
Adaykoolloo,
Ahkillah,
Ahgah,
Onshillah,
Okokroh,
Passay day,
Ochaw,
Ogoshaw Sah,
Ahgittahgo,
Ochaw,
Choobee,
Ororee,
Oloojuekoo,
Ollee,
Ogolookay,
Ahjoco,
Lammooroo,
Ammadoo,
Ahjohree,
Latterday,
Mammonee,
Achaw,
Ahkimboh,
Edow,
Ollepayday,
Hoahkroo,
Guire,
Ogoobee,
Ogollahlah,
Ochaw,
Howlay,
Edow,
Ahballahkong,
Bankolee,
Olookeny,
Saddekay,
Ahkamby,
Ahjibboogo,
Ojillah,
Abokee,
Sayloo,
Ojoe,
Ohaekoo,
Debarnah,
Sobeesee,
Alardige,
Ojoe,
Ajarmo,
Hyenah,
Susongah,
Olarsondee,
Alloobarme,
Ahjarree,
Forjardekoo,
Olarbomger,
Farfame,
Fonsyetong,
Diepay,
Lobuitong,
Warloo,
Shubay,
Addoo,
Ogoolargah,
Okoonyabee,
Marguarby,
Defooly,
Alluloo,
Laddahbah,
Ahlabbah,
Lammee,
Oyeatoobee,
Fattemah,
Kabbray,
Ahjarme,
Ahjarme's child,
Ahkenjaybay,
Ahkenhaybay's child,
Ahdogray,
Ego,
Ego's child ,
Awoo,
Awoo's child ,
Lahkoosee,
Addoo,
Arrahdoojo,
Mallahkoo,
Lanneah,
Jullahsee,
Sardina,
Aquahlee,
Asaytoo,
Narduaquar,
Assah,
Onah,
Eayjoo,
Sangoobee,
Sugbemah,
Hyenah,
Aberdoo,
Oloobushee,
Amoosholala,
Parsadoo,
Onaroo,
Onatarwoolah,
Agooamee,
Odeloh,
Amarquer,
Olabbee,
Odippoh,
Shakeba,
Ashimee,
Looforquay,
Aweegay,
Fageeokay,
Namah,
Bushetah ,
Ujimagoo,
Diaorlah,
Namigee,
Oyellala,
Tinnay,
Afooshondah,
Bijarlah,
Barnkeew,
Olalottee,
Abittaloo,
Bomardie,
Ojuackoo,
Loackoo,
Lafoura,
Galargoo,
Hyenah,
Latoolawar,
Esseekah,
Gajonquer,
Ossakong,
Moyardee,
Adooloo,
Orgoonamo ,
Barsah,
Osalloo,
Akootoloo,
Shunmorkoo,
Oloojoo,
Shuperboo,
Omorrabarkah,
Daykoo,
Larbah,
Ajuay,
Alubee,
Askumbalah,
Sajen,
Dissafoo,
Grafah,
Hyenah,
Pollukoo,
Ottubalee,
Defurgenoh,
Abejargo,
Ahbabee,
Marnyoopoe,
Bumbarsee,
Oyooloopay,
Oyoolalah,
Marleque ,
Hyenah,
Aejay,
Fosenbah,
Ashokney,
Layamoo,
Ufarkarah,
Bamjeeakoo,
Afujumoo,
Uporday,
Ollujoo,
Demakay,
Iggee,
Oddoo,
Aiarwoo,
Iyoyemme,
Sugarday,
Omockoh,
Farchay,
Iquegah,
Ahkimmetoh,
Ahquannayjai,
Farbamee,
Oquosandee,
Eddoo,
Ahquabee,
Lammoloh,
Worreyquco,
Ojoe,
Ahjai,
Famruttee,
Ogodepoh,
Ojoe,
Danckkey,
Ibyeomee,
Sargee,
Ashillay,
Allahsoo,
Baytoo,
Ahkayloo,
Efillah,
Ojoe,
Achaw,
Ojoe,
Maddee,
Kahballah,
Farquah,
Shaddee,
Mockoo,
Loobennay,
Ogootallah,
Ogushshee,
Adah,
Daydeekay,
Ogooyockoo,
Kojokoo,
Ojoe,
Olollay,
Debookoo,
Daddee,
Edowoo,
Marmah,
Eddoo,
Marmah,
Ochaw,
Sojobee,
Tarjorrah,
Lookoo,
Sodeekay,
Mohbojai,
Ahbonnahjai,
Laddokay,
Ahdaggee,
Eddoo,
Ahkronahnee,
Ahbockay,
Indollah,
Ogunbardee,
Ahdenno,
Ahjickkobee,
Ahkonnay,
Worrue,
Ahshoworkoo,
Ojoe,
Allahday,
Ahkorree,
Tombelah,
Kyedee,
Sokello,
Ahdeepoh,
Koddeboo,
Marmah,
Ochaw,
Ahdeggee,
Shollahday,
Andee,
Alladay,
Gullah,
Sarsingah,
Ochaw,
Kannakay,
Ogumbyebee,
Bankolay,
Salloo,
Ojoe,
Ahkenno,
Ojoe,
Lackorree,
Oguosandee,
Ojoe,
Quackkey,
Achaw,
Farchay,
Maddee,
Daddee,
Ahkeeboh,
Hyenah,
Eddoo,
Syebee,
Ochaw,
Scharkohrah,
Scharchrorah,
Jibbeetee,
Ogee,
Scharbayloo,
Dayjokoo,
Daylookoo,
Belarlah,
Yarshingee,
Day kenno,
Adoo,
Egbaroo,
Hyenah,
Yourday,
Ayouse,
Farnay day,
Ahjai,
Farquah,
O'Bootomboo,
Bankolay,
Ahjarree,
Eddoo,
Elyeah,
Bahjayboh,
Mahworree,
Ahkiddeyah,
Koojoh,
Goosharlah,
Atooloo,
Payworree,
Tyegomahday,
Ahkoosee,
Molackah,
Bankoley,
Kosendy,
Onebokoo,
Womledoo,
Ahjai,
Eggai,
Sugarday,
Delay,
Ahshamee,
Lanley,
Eddow,
Schonday,
Ochaw,
Ahjallah,
Dinnerwahkoo,
Chomoh,
Koodoraw,
Fabbee,
Fahyemmee,
Daylonkoo,
Yourday,
Eddoo,
Paymonnee,
Ahoossee,
Yellehtoh,
Gyeolah,
Ogai,
Daddah,
Iyeabee,
Onekaypoh,
Omelarrah,
Eyemow,
Ahjai,
Ahpottoo,
Hyenah,
Sofunkye,
Mallahboo,
Ahgillay,
Ofullahkoo,
Odoo,
Barfolloo,
Ahjai,
Saddytoo,
Daddah,
Ahdonnakay,
Sahno,
Ahkrobee,
Jinjye,
Okillye,
Ahjarrahkoo,
Ahjai,
Nyeper,
Quoharree,
Ahdenkai,
Molackay,
Oguallah,
Sangooday,
Attah,
Koopolee,
Iyolee,
Ahjah,
Awosoo,
Ahjinlahkah,
Aragoo,
Goobarkay,
Hyenah,
Scharno,
Hyenah,
Ankeen,
Olookye,
Akittay,
Ahgiddos,
Alleybaylay,
Ahjarree,
Olookerday,
Ahdagee,
Mammadoo,
Addefamewah,
Looahjoe,
Goombahlarjay,
Marmah,
Assoomah,
Alassah,
Ochow,
Mahhammo,
Ommoodoo,
Maymoo,
Beejaybay,
Magbahbay,
Maddaylay,
Fattahsoo,
O'Farry,
Ogoobay,
Odootah,
Bankooney,
Mundoo,
Fasshay,
Moomananay,
Cuttay,
Ochaw,
Ajigkonday,
Ochaw,
Delley kany,
Marmah,
Olleylah,
Olleyquabey,
Daybollay,
Ahquejarry,
Ogoobee,
Howoway,
Lackahporr,
Ojoe,
Oyonywah,
Ogah,
Ogottahday,
Laddyjoybee,
Ackahmoo,
Bestkay,
Owollay,
Jibbahjai,
Schokoo,
Obloymay,
Shofullay,
Oquahday,
Ochaw,
Loomahlao,
Loobay,
Hyenah,
Showarroo,
Laddyjah,
Ahkennakoa,
Mabbehsah,
Sayjoo,
Ochickoloo,
Kommahpye,
Ochaw,
Maymaysootah,
Ochaw,
Ogoodagry,
Hyenah,
Falleyquah,
Ojoe,
Oddohtoo,
Ochawpoo,
Ojoe,
Hyenah,
Hallayday,
Okillahday,
Daykahkoo,
Addoo,
Ochaw,
Hyenah,
Ochaw,
Addear,
Sallayday,
Edoo,
Marmah,
Fasshayroo,
Ochunegah,
Asia,
Itellah,
Songkay,
Fagbong,
Lallahtong,
Ahkingboh,
Manney,
Ahkillahtoo,
Faddequay,
Oddepay,
Fahforray,
Gueaquay,
Deebookah,
Dugpahmoo,
Olookokoo,
Lootah,
Sooloowah,
Toppayjue,
Ommoosoo,
Lolloogah,
Mallahloo,
Loogbaylay,
Goobayloo,
Barpahkoo,
Ommoshaw,
Magbally,
Ahkittay,
Kannakay,
Ojoe,
Ochaw,
Morrkay,
Kattay,
Ojoe,
Ahdanlay,
Ojoe,
Oddyjobbee,
Ahqueoday,
Ochaw,
Ahjabbay,
Ochaw,
Ojoe,
Egaygay,
Akombolor,
Allahday,
Ackinnahsah,
Bekaykoo,
Dayshepay,
Oloofoo,
Oshoobay,
Hyenah,
Lallahtah,
Ojoe,
Daykombey,
Ogoobahday,
Kooshannoo,
Mammaniyae,
Faddequay,
Onee,
Allahday,
Shookondoo,
Boogarree,
Okronnay,
Dagbaggah,
Daymahmee,
Eggai,
Donnahpay,
Foggahday,
Ochaw,
Jaybee,
Ahkillah,
Ogee,
Hyenah,
Joobottokong,
Shonnakay,
Ochaw,
Choolong,
Leekoolah,
Omloogo,
Mommogo,
Shobayjob,
Fahkayyah,
Ahkaysho,
Chobah,
Millahyoh,
Hyenah,
Koddahley,
Orambee,
Orreeboo,
Adaygoo,
Kooojee,
Jibbahday,
Faggooah,
Ahkeeballah,
Ahdannaykoo,
Chofullay,
Okonkay,
Ogodeyaw,
Ochaw,
Dyeday,
Orrobo,
Oboojobee,
Bahdeenah,
Hyenah,
Ahdaykah,
Olookooteh,
Odosinnah,
Ochaw,
Mohorittee,
Okondaybee,
Magbay,
Chonneeloo,
Koomaypye,
Oyeaworroo,
Mazzahque,
Addo,
Tapwah,
Tankey,
Ojoe,
Eggai,
Ogusshawloh,
Ojucco,
Shogbarroh,
Ogobaylay,
Orimmahkoo,
Guerday,
Ogokorrah,
Oloogbarrah,
Daychakoo,
Gueahlay,
Beesahloo,
Ochaw,
Obattahray,
Ahjessah,
Mahgoombay,
Kong,
Abasshay,
Ahkobarmee,
Hyenah,
Logutto,
Loosiah,
Eggai,
Bankolay,
Bannedee,
Ahjai,
Sooby,
Otoosee,
Ojoe,
Ogoo,
Allahbay,
Ochaw,
Ojulollee,
Ogoleelah,
Odeejah,
Olizzewahko,
Mgnneolah,
Ipolah,
Ahdeelahme,
Ahbeeyee,
Elorree,
Loobeelah,
Ahdayroo,
Lyetah,
Ahkidday,
Daddah,
Lallahtah,
Mollohlah,
Ahdaycholah,
Okoochayloo,
Ahmarree,
Ahjigbah,
Ahjoloo,
Ahbeejoe,
Achekay,
Okottoloo,
Ofulloo,
Odosahday,
Farmorgay,
Omollah,
Awoo,
Ojukallayko,
Changahday,
Alowadah,
Kallaytoo,
Iyahwoo,
Daygayloo,
Olooloo,
Olooloo,
Maddah,
Ahsofahday,
Awoochee,
Tassah,
Wherry,
Flow,
Seerayteah,
Kyemore,
Sumpoh,
Warraguer,
Geray,
Zablue,
Guay,
Fye,
Bangee,
Say,
Bookang,
Guay,
Bah,
Kye,
Dagbowwah,
Worrahjue,
Karri,
Bannah,
Lodday,
Lodday's child ,
Woddee,
Gong,
Cicori,
Kongbah,
Sorray,
Guebah,
Jarryboo,
Saysoo,
Wangah,
Growhy,
Guerdah,
Mepahnoo,
Mahpoor,
Guebeh,
Garmissah,
Dumguor,
Meindem,
Allowoo,
Whytah,
Ittobah,
Kettay,
Yokoo,
Uarnie,
Omniah,
Orsonkay,
Occarn,
Adinnah,
Aquallie,
Ohlah,
Changsoo,
Osimbay,
Hai,
Ohtar,
Sommingee,
Wong,
Wonah,
Kissark,
Wong,
Onong,
Nomonnah,
Mon,
Nong,
Concooleah,
Malbassah,
Yamocko,
Eppar,
Emfor,
Mettah,
Oneesack,
Jar,
Wan,
Jattoar,
Modoobar,
Garbar,
Gar,
Mandamme,
Mardeebar,
Toobah,
Coolah,
Sammacole,
Yammah,
Bansah,
Barhallee,
Loompah,
Caboodie,
Deenah,
Manquay,
Agoon,
Tekalie,
Nocco,
Indee,
Amiyankee,
Sona,
Deongah,
Sona,
Lafee,
Yapomah,
Moducka,
Tabassa,
Ackallea,
Dah,
Assimona,
Eya,
Kissay,
Gar,
Mounokong,
Ockoo,
Wambee,
Melock,
Bapah,
Locobapah,
Maqualay,
Ollock,
Mandoo,
Mamdoo,
Soalee,
Mackannar,
Maccumnah,
Ottomo,
Nattitah,
Taywarnah,
Attoobah,
Billah,
Goo,
Fara,
Abbiliekah,
Pongoo,
Donnomah,
Monnanee,
Yor,
Toofockah,
Winsah,
Akoomah,
Sungah,
Ben,
Yongobona,
Pongoo,
Namomree,
Ammoomoo,
Goo,
Mangah,
Mangah's infant,
Torquoo,
Onsorlay,
Landor,
Olloa,
Deong,
Gorssapah,
Pongoo,
Bassah,
Darlay,
Gorbassah,
Lolah,
Gomminah,
Pongoo,
Gomminah,
Mangoonah,
Gontah,
Guorkay,
Maindoo,
Gorbassah,
Insea,
Bassah,
Bangoo,
Ingbongy,
Cotah,
Bonjoe,
Myelah,
Noahvar,
Indusoo,
Laddahmoo,
Musaykoo,
Oddom,
Queahjoe,
Quano,
Tettay,
Saphire,
Bokoh,
Ahgusso,
Kodonnaybo,
Monneysah,
Kitter,
Attah,
Achai,
Loodogood,
Dongoung,
Kappo,
Oldway,
Pokey,
Coperal,
Kossay,
Bannah,
Chalom,
Gofay,
Achai,
Indye,
Denniyo,
Injaillah,
Demmay Good,
Mungo,
Sarquay,
Doyore,
Bosah,
Noco,
Loco,
Bosoo,
Mosoo,
Bowyah,
Haywah,
Boocarr,
Boosooaltay,
Bosoo,
Boohoee,
Daygo,
Ahkayboh,
Ahbyeomee,
Ankollah,
Chymoh,
Gonjobee,
Kyeohday,
Lyeenno,
Lallahyea,
Ahsowerdo,
Mahjahbay,
Mangayray,
Pambay,
Eggai,
Ojoe,
Lallahahai,
Benny-your,
Eddow,
Ahkeyahkah,
Kasseyday,
Okattah,
Ojuddoo,
Ahbassah,
Ahpattai,
Ochaw,
Oncoo,
Loobarday,
Ojoe,
Fagbah,
Ogah,
Kaseebee,
Ochaw,
Lahkonna,
Ankollay,
Ahdeeoh,
Ogoddypay,
Ahkobbeday,
Lamegah,
Daywallay,
Olommahlah,
Sahyah,
Ocholaysee,
Eggai,
Ochaw,
Tacchee,
Eddong,
Oloofee,
Howerlee,
Waykallay,
Ochaw,
Ahjai,
Ambarkay,
Ahdayshaw,
Heeahday,
Ebow,
Ahbiddahgong,
Kopollee,
Doggo,
Ahjoco,
Eddoo,
Ahchai,
Achaw,
Allahbarmee,
Faggahbee,
Morloo,
Quchoro,
Loobackah,
Cobarkee,
Harnebee,
Tofullay,
Hodoo,
Kommahkay,
Ahtahbay,
Allahday,
Jehino,
Ahbeconnoh,
Fourbarnay,
Ojoe,
Grombee,
Degbole,
Ahkibbelay,
Ahlubekrah,
Ahkayshillay,
Ahdayshillay,
Fachetah,
Saddah,
Annesay,
Decahloh,
Ogollaygo,
Obah,
Tobolay,
Hyenah,
Daddah,
Ahkenno,
Arrahlanee,
Konnahmah,
Fodye,
Ojoe,
Allahday,
Mahtahway,
Soolay,
Okombee,
Chollahtah,
Dosoo,
Ahbyeomee,
Ahgomah,
Bocoh,
Abbase,
Komonno,
Ahsombah,
Bosavy,
Bosah,
Bovia,
Akammah,
Hiyaye,
Booco,
Essay,
Ahgusso,
Hagoro,
Bowyah,
Lushah,
Doahuia,
Bayahsay,
Jahsee,
Quequenday,
Bokahsah,
Donsah,
Jagah,
Wosoo,
Nahgonah,
Bocor,
Agaiahsah,
Ahdahjah,
Ahdongo,
Ahkoboo,
Dahfuddo,
Dosoo,
Tohsoo,
Addoo,
Achaw,
Agoh,
Edoworo,
Bowdoway,
Macco,
Oyennoway,
Odoweoo,
Ahnoyamme,
Addee,
Morchoh,
Ahkayborray,
Ahkidday,
Gochalah,
Oquirebee,
Ojoe,
Yahkobah,
Ojoe,
Odaytah,
Marmah,
Laycholah,
Ollahbee,
Aweego,
Byeomee,
Oyour,
Fachetah,
Ahlowo,
Ojoe,
Ahjagbay,
Oquatah,
Marmah,
Allahday,
Odongbahkoo,
Elyeway,
Ahkallah,
Bosee,
Bowsenee,
Bowsenee's child,
Pyesor,
Pyesor's child,
Say,
Bosee,
Jaysee,
Jaysee's child ,
Ahdonnahoe,
Andonnahoe's child ,
Nayee,
Nayee's child ,
Soingbay,
Kossee,
Bovia,
Bovia,
Ahmassee,
Bovia,
Toh,
Toh's child ,
Forsay,
Bovia,
Bohsay,
Nanny,
Chamanyo,
Nour,
Bojo,
Bojo,
Taytollay,
Day,
Golomme,
Norquay,
Womay,
Azee,
Noyee,
Egbellay,
Gaggezottoh,
Dahjoh,
Zavee,
Bovee,
Ahjassee,
Saywee,
Ahgoh,
Bosayvee,
Ahgohvee,
Ogussee,
Dugbay,
Gosavee,
Eddow,
Dojemoh,
Gosay,
Kowee,
Allahdomo,
Kosay,
Dugsay,
Bosee,
Bovee,
Challahsee,
Gagbaysee,
Ologoodah,
Boosay,
Bovee,
Ahgassay,
Ogassay,
Medayjai,
Bokohvee,
Narrohday,
Jai,
Kossay,
Kossay's child ,
Boovee,
Bokohsee,
Yonnohday,
Bovey,
Kohahwee,
Gosummay,
Kovey,
Lokossee,
Dogbay,
Boovee,
Boovee,
Daygomme,
Bosee,
Okekillo,
Agojobee,
Ajaidomme,
Isattoo,
Larmee,
Abayronkai,
Edowoo,
Ammoco,
Kopallahyea,
Yegbah,
Youse,
Ochombay,
Bollahday,
Ammahpay,
Ammahpay's child ,
Noyamme,
Noyamme's child ,
Yarbomme,
Yartopay,
Yartopay's child ,
Mallahkay,
Farsommah,
Farsommah's child ,
Hyenah,
Hyenah's child ,
Zarrah,
Zarrah's child ,
Hyenah,
Egballay,
Boovee,
Bokohvee,
Segbay,
Boovee,
Boovee,
Satterbay,
Saddahwombo,
Bovee,
Igoy,
Ackim,
Allogossee,
Babbah,
Sayoee,
Bokersar,
Pallesatto,
Boovee,
Noddemah,
Bokersee,
Imboo,
Boovee,
Boovee,
Kassee,
Bunday,
Yahtai,
Ingonday,
Monday,
Boovee,
Guano,
Ahovi,
Gussai,
Mysai,
Mellahigh,
Boovee,
Egballa,
Yangee,
Koolong,
Soneybay,
Ahkowee,
Guzzoi,
Guammay,
Monnahday,
Boovee,
Boovee,
Morkaylo,
Hyenah,
Hyenah,
Hyenah,
Ahdovay,
Vedenno,
Nofai,
Edeepay,
Dogbay,
Wassee,
Deebassee,
Gonnahree,
Duckquay,
Mosah,
Oddah,
Ahpan,
Ahshean,
Teembo,
Ahcheah,
Beesong,
Ahkong,
Tah,
Beesong,
Tabbay,
Ahwallay,
Allam,
Ahkonwah,
Ahboh,
Entah,
Ahkennem,
Ahpen,
Moh,
Oddah,
Emkoum,
Ahpan,
Ahpan,
Awocoo,
Maddahqua,
Ewanyah,
Okoroo,
Ennquah,
Emoh,
Taybay,
Abinyea,
Esomanquah,
Ahfueam,
Emquah,
Guah,
Guah,
Aquah,
Elumpah,
Embayyah,
Aquay,
Wambelah,
Boo,
Sugnam,
Dengo,
Yammah,
Yong,
Abba,
Kobboh,
Wattom,
Anang,
Anong,
Wannaykow,
Defong,
ChowayLabbah,
Palloo,
Bahyondo,
Bahyondo,
Akombee,
Bahlondo,
Deakkah,
Mollondo,
Mulloo,
Ahjuah,
Moge,
Annang,
Bahrondo,
Oroh,
Oboh,
Abagg,
Abong,
Abong,
Egang,
Mokey,
Abang,
Engang,
Ahkombee,
Mahkoko,
Besong,
Obey,
Annong,
Enkellay,
Beesong,
Dupay,
Anchee,
Hayfin,
Ackan,
Ambonno,
Ottoo,
Ommo,
Bassee,
Infiam,
Ogboo,
Ikakey,
Inchibre,
Ickhon,
Obennah,
Taffah,
Abashee,
Ingyah,
Cabassee,
Oglah,
Tarcan,
Agboo,
Joggo,
Oglanguay,
Enno,
Ebbah,
Orong,
Addedee,
Bojoakombo,
Etabbah,
Mussembah,
Egboo,
Coffiocho,
Agboh,
Wooroh,
Omoquo,
Yamsea,
Indefoh,
Ockoo,
Aggedee,
Pandoh,
Hencha,
Tagbah,
Wango,
Ocro,
Bahrondo,
Owoqua,
Aboo,
Orahtay,
Atam,
Akommah,
Akahtay,
Nanggoh,
Kahwong,
Apamoah,
Gatay,
Obassee,
Nahbankey,
Mahpeah,
Ahbassee,
Fongah,
Etah,
Zookey,
Ingally,
Isercally,
Bahtahtoo,
Beechay,
Ongolar,
Inyang,
Oroo,
Ollam,
Mango,
Feaum,
Owoosammah,
Bahteam,
Molondo,
Imberrykem,
Wicurse,
Sembah,
Mahgettee,
Alango,
Feanm,
Ymbah,
Famquory,
Equa,
Innequa,
Woocha,
Wogboh,
Oleeako,
Ahquah,
Ahseeboh,
Abohchoh,
Ahkobah,
Addah,
Ejohmoh,
Ahbay,
Emah,
Aboo,
Ogo,
Endept,
Akong,
Morefore,
Ahwassee,
Ono,
Achewah,
Mattam,
Ahjah,
Attam,
Olah,
Bonnay,
Kahchay,
Etong,
Narqua,
Ahoo,
Omboh,
Ahjokah,
Whyjuko,
Ehoo,
Challahbah,
Menyea,
Emaysorrah,
Bovee,
Bovee,
Worquah,
Ahtangah,
Ejelleyme,
Jibbahloo,
Kannem,
Enquamoh,
Onuzallah,
Gah,
Ahlohmo,
Whybagmah,
Ahsengah,
Ahhebor,
Bahtoo,
Ojoe,
Bohkay,
Okoh,
Ahmembe,
Lolloh,
Logo,
Esegpay,
Imberrerkem,
Ehoo,
Adonnay,
Borkay,
Ahgom,
Inguoh,
Omoh,
Kozannah,
Okoddoo,
Ejarray,
Egee,
Nearpay,
Ahpannah,
Awonnay,
Equammah,
Kambay,
Lolloh,
Chobahday,
Ammoko,
Ahgoobee,
Loobahjoe,
Lommobo,
Achaw,
Kochoro,
Bordeau,
Odochinnah,
Ahkinno,
Choboloo,
Ahtoko,
Onahyo,
Dacha,
Orlomah,
Ojumah,
Ochaw,
Chumayloo,
Kambouse,
Odomfah,
Deeforah,
Kommahpye,
Loobahbee,
Ogoh,
Ahninko,
Ahsahloo,
Ojoe,
Edeemah,
Oloonough,
Ojoe,
Fahchay,
Toomonney,
Adoo,
Ogobee,
Sahpayray,
Arrahmahday,
Moloo,
Loowhy,
Obahchar,
Orrokahday,
Challomallo,
Chudollo,
Mahgalle,
Chahbee,
Looktye,
Lookkoy,
Daybarree,
Olojai,
Chokayloo,
Odogaykay,
Leechi,
Tyeho,
Ogo,
Ochaw,
Osahgee,
Ollorogohto,
Choquay,
Loogbahloo,
Dellay,
Konee,
Mollahsiah,
Inchoray,
Ochodoh,
Daywallah,
Kanggah,
Ochaw,
Ewarree,
Hyenah,
Doddah,
Efullay,
Chomahlay,
Equochah,
Ochaw,
Kommahbashee,
Chokayloo,
Fallahko,
Eyeame,
Intelloh,
Yeabullo,
Ochogul,
Parro,
Oloo,
Agaybee,
Ahdayroo,
Ocholoo,
Bebelarree,
Edahbee,
Oloo,
Hyenah,
Ommaykaylo,
Guarree,
Daytah,
Adoon,
Abulloh,
Iyeame,
Koallee,
Ahkimbohday,
Ahcholah,
Ahdaybee,
Chokayloo,
Omochoko,
Kommahgye,
Adiggah,
Soahboo,
Daykallee,
Abbedokong,
Ojoe,
Ekoko,
Kuvahdaggee,
Fahchobah,
Ohgejosee,
Okahday,
Loochepay,
Choddequay,
Kootee,
Ochaw,
Ojoe,
Ahdaybee,
Largee,
Ochaw,
Myboo,
Ojai,
Mellegbah,
Olooboh,
Ahmanyah,
Kahmeyour,
Lallemay,
Olommoko,
Kommayeaboo,
Darrayko,
Morekee,
Ogoro,
Deepay,
Soddaykai,
Odokaykai,
Ahkilloh,
Mahkuirre,
Ochaw,
Tachtue,
Ahdangai,
Chachanno,
Bollo,
Allegbay,
Chollahday,
Toohbahko,
Moseher,
Chollahday,
Bomgulay,
Guboonah,
Odaychinnah,
Ochaw,
Lanlooway,
Osoo,
Filleyjoh,
Lojah,
Allahday,
Tyewoe,
Warra,
Scharbambee,
Iargoo,
Adoo,
Morebadder,
Komarroo,
Ahgiggah,
Ochaw,
Leebellay,
Lay chillay,
Ochaw,
Cholloway,
Ochojuyoh,
Degboo,
Bahko,
Chahchah,
Chomohloo,
Ahjai,
Achaw,
Mahbellay,
Efoquay,
Odaybee,
Lochokoo,
Joso,
Ogobee,
Ollobattay,
Iahgo,
Olloko,
Chogahday,
Maluggo,
Ahsah,
Ahdemlay,
Kooshomo,
Agolyeroo,
Dayfahko,
Koko,
Ahgomgoh,
Ahwogoh,
Ochaw,
Ahjibbony,
Ahganno,
Dallah,
Dofosee,
Omfohgoh,
Mahmah,
Oloalee,
Agonnayme,
Allahday,
Odootochay,
Ahjibbolah,
Ahgodday,
Daykollo,
Ahkillahday,
Oshogbahbee,
Fallahlat,
Ompammaylo,
Mulloo,
Kollahwollo,
Lahchillo,
Famlollah,
Ielay,
Owojokay,
Lookoo,
Drequay,
Moolo,
Abahfinkay,
Ogobee,
Ochardallay,
Lallahyea,
Oni,
Koddaysee,
Chakayloo,
Ochaw,
Marrome,
Ochobah,
Oloomaygee,
Highlee,
Ahbeeodoo,
Cholay,
Ahkonnome,
Omarro,
Marmah,
Chumayloco,
Ahbyeomee,
Ochuckah,
Chojolo,
Mahsear,
Ojoe,
Kotolley,
Ahdaycholoo,
Oyeapullo,
Ochaw,
Daybo,
Hojye,
Fahsonnahday,
Mohehollah,
Ahqueoday,
Jobbo,
Ahkeyfanivah,
Beepallue,
Edovoo,
Mokommahday,
Mosay,
OWojoe,
Warree,
Addekallah,
Hyenah,
Choleage,
Eggai,
Yahnoo,
Obowwisday,
Ebahfay,
Daddah,
Okannayday,
Beechay,
Ojoe,
Anetah,
Bahfemah,
Ahjai,
Ochaw,
Ahkealloo,
Dosommo,
Dayloung,
Dowo,
Adoo,
Mohcholo,
Googonah,
Amochah,
Ahdaybee,
Daddah,
Marmah,
Bohso,
Ochaw,
Ahboo,
Ahjai,
Ahkombaylay,
Oyea,
Aheeome,
Okollogo,
Edow,
Adoo,
Lanleggay,
Ojoe,
Ochaw,
Bankolay,
Ahboh,
Oloh,
Allahday,
Chaygayloo,
Ahgorro,
Iohgo,
Akai,
Ahveejah,
Faljaybo,
Fahgondo,
Jeeboso,
Ollojogo,
Acholah,
Ochaw,
Ammodee,
Ahjai,
Fahskinnah,
Ogah,
Ahdeeo,
Omochah,
Jahgo,
Chodeequah,
Moquannah,
Chomaybo,
Agottong,
Ogooshe,
Ochardarree,
Ochaw,
Daygottor,
Wartussee,
Guarree,
Igoloo,
Loddojah,
Yahko,
Leagah,
Efohkombee,
Ochaw,
Eye,
Dayome,
Awosay,
Ahlabbah,
Daykomme,
Elayko,
Fotaykay,
Ahdaygola,
Kohye,
Payjigbay,
Ahdayjie,
Agollahlah,
Ahputto,
Iyeapayjne,
Hyenah,
Farkam,
Farsinkay,
Ahimkay,
Mybigjai,
Orrochahtoqua,
Bochahkallay,
Aboyourye,
Ahdaygo,
Malleyea,
Ahsoonkai,
Nannah,
Hyenah,
Ahkiddoh,
Edow,
Ahdecobee,
Fallahkai,
Otaylukkah,
Bimbayloo,
Ahanday,
Joloo,
Tahjobee,
Mannems,
Apro,
Changgollah,
Keelambee,
Hyenah,
Bambolah,
Arrekolah,
Fahtolloo,
Mahlamme,
Myeahday,
Akinday,
Juko,
Tobolah,
Ochume,
Hyenah,
Ahbayro,
Enohday,
Icholah,
Dadday,
Millegbassay,
Ahjai,
Ahjai,
Ahdayballah,
Yourbayday,
Scharbay,
Afonkai,
Molloko,
Ahjiddo,
Edon,
Qookattah,
Ahfilchakkay,
Hyenah,
Gogonbee,
Ochaw,
Oddesoh,
Orgegoh,
Orchattee,
Mahbobejae,
Loomannah,
Ahjai,
Ahrattoo,
Ahdaylakoo,
Hyenah,
Ahpadday,
Oquttongboo,
Akayboo,
Mammadoo,
Ochaw,
Dayfulloo,
Hyenah,
Ochaw,
Shaddepay,
Luddoo,
Gemjobee,
Laggee,
Lookunno,
Obeedokong,
Ochaw,
Ahjibboloo,
Chayloo,
Ahkaylaylo,
Ochaw,
Ochaw,
Ochaw,
Akunno,
Ogoombye,
Mammahko,
Worro,
Lookonday,
Olugbaylay,
Nahsammah,
Ambamkey,
Howjai,
Rahjai,
Oloohearree,
Ammochah,
Holay,
Ommojai,
Chollojue,
Waysonno,
Mahmah,
Kommy,
Hyenah,
Wooro,
Oqokooloo,
Ogokamber,
Odowgoh,
Ahjai,
Fyeboo,
Adong,
Chofullai,
Edow,
Showbay,
Layjoh,
Okuntay,
Fuddobee,
Odummoko,
Ammah,
Lomah,
Ebayjoh,
Wooro,
Doso,
Olobagga,
Oloosuggah,
Oluschaygo,
Ahday,
Ochaw,
Ochaw,
Ahrayre,
Lahhomee,
Akayloo,
Hyenah,
Allahday,
Kyerday,
Olojo,
Logo,
Hyenah,
Woroo,
Mentor,
Fahtulloo,
Highlah,
Chobesee,
Tohbassee,
Okonossee,
Mallewah,
Okuntoo,
Ochaw,
Okooronkai,
Ojo,
Oppoh,
Kyeoday,
Ahkittonah,
Chuddepye,
Faybayne,
Ourbay koh,
Ahtecolay,
Akinbooday,
Bamhoo,
Adoo,
Lumday,
Oquahday,
Ahbyeomer,
Eggai,
Ojoe,
Pradome,
Cumfackman,
Bomboo,
Yambombo,
Chahrombee,
Onnekaik,
Mahbosarjai,
Lagbayloh,
Yeayea,
Okoorailoo,
Labbahloh,
Jahyolah,
Ogojomba,
Ogojomba,
Eggai,
Oguolah,
Pahwahday,
Anneolah,
Ammahkai,
Achaida,
Bahsayloo,
Hyenah,
Sammenoure,
Ammenah,
Bankailo,
Fahchekah,
Eyekutto,
Afindequa,
Finchetah,
Paykolah,
Akunneday,
Kulleykai,
Hyenah,
Hyenah,
Ahrooway,
Hyenah,
Orokoh,
Mahboloo,
Lahjayloo,
Ageawoh,
Highduttie,
Toofullay,
Soolullahday,
Soolallahday's child ,
Ahbayboh,
Ahbayboh's child ,
Daykussa,
Daykussa's child,
Lahkumbee,
Ajennay,
Yeawonday,
Dannaykai,
Naykayho,
Awah,
Bambayfoo,
Lammay ,
Erayjobee,
Ahroyea,
Ahsultoo,
Fuddepay,
Farrepay,
Hyenah,
Fahchahkah,
Ochofumbah,
Mahbojugoh,
Fabbee,
Afudday,
Mahgilay,
Fagbotay,
Arokay,
Uhchamwahday,
Lahbulah,
Sahkoahday,
Egocoo,
Assua,
Yambomba ,
Latterago,
Omay,
Fattekong,
Arrahsarree,
Ahlackah,
Olooagbah,
Dresagree,
Bonayroomee,
Ahkahro,
Ahjai,
Dahfeeahtoh,
Mootaytay,
Boreegoh,
Weeahtah,
Ahgra,
Okoombo,
Obah,
Monalwah,
Naygahree,
Odeeboo,
Ahtonee,
Abay,
Moreseefoh,
Oddoh,
Oddoh,
Egpennay,
Eyebbay,
Oddoh,
Edow,
Aequay,
Oseeackah,
Oddoh,
Adaykoo,
Ekofah,
Equajai,
Lahloosee,
Bolloo,
Woopah,
Sahwoodo,
Ahjai,
Nahsah,
Ahfeeasmee,
Ekoko,
Nahpockkin,
Ahlohroo,
Anim,
Ozeemaykah,
Ahbowway,
Ejayboh,
Appah,
Otommoh,
Porrogoo,
Iyeabenno,
Arreveesah,
Boray,
Wayway,
Jahboo,
Eddow,
Ahgohdear,
Labbah,
Ehayjah,
Baykeebah ,
Halfaday,
Olugbah,
Mackah,
Mackah's child ,
Omaddah,
Enorsoh,
Elegbahmunday,
Loahlye,
Mahtoosay,
Bonnahfah,
Morroo,
Sahdugpay,
Eyahye,
Ahdayroo,
Pohjayjucco,
Waydor,
Chaybaydor,
Ohegbay,
Mahchaykarrey,
Fahlinsoh,
Sagboh,
Salleybah,
Ogaybahroo,
Mahsorrah,
Ahborrah,
Ekunno,
Jaykah,
Okroo,
Crewchay,
Seeyah,
Tahkoo,
Ahchee,
Cratchchay,
Coco,
Cochee,
Governor,
Seeyaw,
Ahgammah,
Edye,
Forrey,
Ahbeay,
Cojoe,
Cossee,
Sackkey,
Tayno,
Mayjay,
Iannahbin,
Emear,
Sawey,
Kohehue,
Kohehue,
Mahvee,
Cavee,
Demday,
Tahjoe,
Yaho,
Cuffee,
Tay,
Vojugbay,
Taytay,
Digbay,
Jayjo,
Occo,
Isay,
Doso,
Korree,
Yammahkrew,
Leeehah,
Osoon,
Jahhah,
Jayhah,
Jarrah,
Mojtay,
Chaychay,
Namwonah,
Quamin,
Cuffee,
Moddoh,
Aneo,
Yahw,
Cudjoe,
Abettee,
Cuffee,
Degbay,
Coquai,
Abblah,
Nour,
Fever,
Bearsah,
Ahkahvah,
Ahkoah,
Mahosee,
Tannahvoh,
Kossevah,
Kossee,
Ahfraychee,
Queah,
Iesse,
Dayday,
Hossevah,
Nochay,
Ahgussee,
Ahdesah,
Ahdesah,
Momorko,
Cussebah,
Korreko,
Doyonyow,
Cossee ,
Baydayonho,
Queyah,
Ahsohyee,
Sowayah,
Ahvayway,
Allegaysee,
Ahtaysee,
Ahgussee,
Ahblaywah,
Ahbrah,
Powway,
Bannah,
Dohwommah ,
Dohwommah's child,
Baychayboh,
Yesterday ,
Intolloh,
Ahcoah,
Ahgooddah,
Wootonno,
Gahfoy,
Ahjugwah,
Ambah,
Yahwoah,
Chaho,
Abbah,
Obo,
Cossey,
Banney,
Quashie,
Nammee,
Quashie,
Anaw,
Cojahbah,
Ocrow,
Quaw,
Dahbah,
Forey,
Day,
Lah,
Ocoroo,
Omokee,
Quay,
Ezeeah,
Cuffee,
Oeojee,
Anappay,
Nammy,
Chaykoo,
Wodano,
Ottalanenah,
Quamin,
Mensah,
Achuchay,
Quaccoe,
Quashee,
Osamee,
Degbay,
Quashie,
Leechah,
Olosoo,
Quaw,
Okroo,
Obonee,
Dedday,
Lahjue,
Abrabbah,
Goguay,
Dadday,
Jebony,
Hehemanoe,
Sedono,
Accojay,
Agballa,
Daday,
Gahtobay,
Oboe,
Coday,
Tazeah,
Daday,
Quavee,
Ahyalavee,
Dovee,
Ahtobilly,
Eccoah,
Adjuah,
Abiah,
Iyekah,
Doe,
Kollah,
Molah,
Wokekay,
Inobalay,
Appaw,
Woorah,
Okoobah,
Warkoh,
Bosoh,
Imbah,
Wockay,
Imwaragee,
Wogue,
Sokody,
Oloh,
Ozoo,
Atonee,
Obannaky,
Workochay,
Oboneby,
Bonoby,
Obanniko,
Okalabo,
Yallah,
Annoh,
Eyea,
Tokey,
Eseahuah,
Cotah,
Woarchah,
Wombahkay,
Chekoanah,
Anemechay,
Annokah,
Imboh,
Sindo,
Haraloo,
Aban,
Hatogoh,
Woko,
Ata,
Wanday,
Haramo,
Harnay,
Aban,
Abassay,
Toway,
Apanko,
Karo,
Aban,
Adoo,
Okaramo,
Kannokay,
Aboh,
Wochokay,
Alay,
Wochokay,
Argo,
Norro,
Ennay,
Ennen,
Oloko,
Atah,
Akarabo,
Allahtah,
Leahgee,
Harahfoh,
Herahfoh,
Herokoh,
Hammahuo,
Alee,
Guammoh,
Iyea,
Inganay,
Gerahcho,
Easay,
Olee,
Nandomah,
Olay,
Oloo,
Hozarko,
Ebaybay,
Ababeah,
Adah,
Beahko,
Joalue,
Bibby,
Indomah,
Bibbay,
Bibbay,
Ejahko,
Abako,
Jahrahsee,
Adochaywah,
Wannahchah,
Wogo,
Akammah,
Bovee,
Attahno,
Abachay,
Bokoo,
Ojambay,
Aneahfoo,
Adooko,
Abuachah,
Oleah,
Wahnolay,
Wannenah,
Nannoh,
Bibby,
Adonwah,
Afoko,
Bolee,
Nahchah,
Attah,
Namah,
Aboh,
Bakay,
Mochah,
Okapah,
Chaboh,
Cojugo,
Daggellah,
Boyei,
Edow,
Akkaunouree,
Kanjahbee,
Boyoh,
Bahkolay,
Oboso,
Dosahoee,
Woro,
Beeako,
Ochoaru,
Torno,
Addam,
Korso,
Korso,
Bosah,
Mahhamma,
Maddechay,
Fayno,
Kodono,
Nokomoh,
Boyer,
Loahmee,
Jambah,
Codjoutaikey,
Feddeyoh,
Kosso,
Gusso,
Edayko,
Zahko,
Bosahvee,
Ahwejah,
Balloo,
Quircahtee,
Ahwo,
Sokullo,
Bokoh,
Ahbuckey,
Yaddahkoh,
Ahjannno,
Wageee,
Lahwomee,
Ibooddo,
Bookoh,
Dahvee,
Boosoo,
Boosoo,
Abetto,
Oluyah,
Bayyou,
Wahsabbee,
Mommoh,
Ahbombo,
Ahdallahko,
Barrah,
Ahjayomee,
Somah,
Edeesah,
Veeday,
Gussoo,
Woeroo,
Addammah,
Sayvee,
Booso,
Basso,
Saychey,
Samwah,
Ohollahkah,
Wookalay,
Jenno,
Doso,
Bookarree,
Sah,
Mohchollo,
Oloobackey,
Ajhah,
Addo,
Ahkommay,
Ojugballay,
Edow,
Pardonnee,
Bankollay,
Dohso,
Tugbag,
Ahwoko,
Roballo,
Orromoko,
Boosah,
Affabaney,
Mofullayvee,
Ollahko,
Gusso,
Taytay,
Olujohbee,
Dosahvee,
Dooso,
Saymonno,
Jahjay,
Wahso,
Nahgo,
Loulay,
Ahyawoh,
Kojeekah,
Ilyeloo,
Barremarko,
Daysah,
Nofye,
Indayo,
Doyoh,
Kosso,
Ahbosso,
Hahgee,
Ahgonday,
Wossoo,
Zayzo,
Dayahvee,
Ahkosso,
Saykonno,
Doosayvee,
Booso,
Boyoh,
Dojee,
Doahvee,
Booso,
Boovia,
Tyesay,
Booso,
Kosso,
Kahko,
Honor,
Ollelattah,
Iyamee,
Asong,
Gromah,
Edow,
Ahdaykambee,
Darray,
Dorkong,
Ahbarreshe,
Lolleyway,
Opebbey,
Jahhah,
Sofullayway,
Sollahday,
Allee,
Sahno,
Sommoh,
Ackayboo,
Waybee,
Akowlah,
Amdambarko,
Aksharko,
Sagbee,
Sagbay,
Kossay,
Okonno,
Achom,
Ahgusso,
Tahbugga,
Ahkong,
Booo,
Noobye,
Ahgamo,
Mammah,
Olottong,
Ozogbah,
Owahlo,
Locko,
Konno,
Daddah,
Ellaybackok,
Dosommo,
Ogotallah,
Odolammee,
Sahno,
Hollahjah,
Ahjinbah,
Ohdonjo,
Borkoh,
Bosay,
Doquay,
Dobosay,
Coyvay,
Fahvey,
Lufah,
Brahah,
Boyvee,
Coyvee,
Gosavee,
Monoday,
Daysavee,
Nesahsay,
Wahnembahsay,
Chalasee,
Nokakay,
Boyvee,
Madonay,
Noneah,
Bojoe,
Maybay,
Boyvee,
Ingossee,
Coyvee,
Coyong,
Annesahrenah,
Bogbay,
Wahkay,
Domay,
Boyvee,
Zolakay,
Boyvee,
Babbah,
Veday,
Bahnay,
Siotay,
Lubah,
Allubah,
Bayhosay,
Bahmay,
Covahno,
Abrah,
Apay,
Bahdoo,
Sah,
Daday,
Mahkissee,
Bahlay,
Solebay,
Boquay,
Mahkissee,
Boyvee,
Zekay,
Dayah,
Baylue,
Bahsee,
Bosay,
Hendayah,
Bojah,
Mahkissee,
Bojoh,
Mahkissee,
Bahay,
Tessee,
Unsah,
Owah,
Henday,
Guahvee,
Dahvee,
Akoyvee,
Bojoe,
Coyvee,
Bojovee,
Bojovee,
Mayno,
Boyvee,
Cocoa,
Nuah,
Jahvosee,
Ahgohee,
Egballah,
Dolay,
Bojoh,
Boquay,
Luboy,
Nokay,
Kissey,
Sekay,
Fahbee,
Lahgebay,
Lumoe,
Lassah,
Lahbolloh,
Owanue,
Oboe,
Deyoh,
Lahfeday,
Wakoe,
Betah,
Kissee,
Kissee Child,
Guah,
Guah Child,
Bullay,
Bullay Child ,
Yahbah,
Yahbah Child,
Hussay,
Hussay Child,
Sosay,
Sosay Child ,
Varafoh,
Varafoh Child ,
Coyee,
Coyee Child ,
Ahkayee,
Ahkayee Child ,
Nayjah,
Nayjah Child ,
Acocoa,
Acocoa Child,
Jubalay,
Jubalay Child ,
Goguday,
Quahjumay,
Ahlubah,
Ahlahjay,
Lajay,
Lajay Child,
Lahbah,
Koyah,
Koyah Child ,
Ballay,
Ballay Child ,
Ballay,
Doe,
Doe Child ,
Polowah,
Mallayah,
Cozoneekay,
Buboh,
Buboh Child ,
Malbolloh,
Eddoe,
Lahdonay,
Lahdonay Child,
Mahfeebee,
Mahfeebee Child ,
Chahtoe,
Bangolah,
Lahbee,
Bangolah,
Yahbarray,
Bosaydee,
Obah,
Bodonday,
Mahjuday,
Mahlalay,
Lahdee,
Ahdesahto,
Atayjue,
Fotoday,
Lahnee,
Ahdaykonay,
Jennay,
Moleemoh,
Ahlekalay,
Ahjewah,
Lahtay,
Ahsatoo,
Mellay bahbee,
Bahteyoh,
Monah,
Hyenah,
Coshelahday,
Oboloh,
Yahwoh,
Yohnoh,
Hyesah,
Ahgassee,
Lahtokay,
Mahsollah,
Lahbah,
Fahlosay,
Obolloh,
Hyesah,
Lahbah,
Woreyea,
Fannah,
Daygo,
Adesah,
Alloko,
Edowoe,
Jekay,
Hyenah,
Edowae,
Hyenah,
Bylolloh,
Bocassah,
Hammanday,
Farginno,
Sargerro,
Byensah,
Noahsay,
Dosoo,
Foddayah,
Okoo,
Doosoo,
Miroo,
Attoo,
Doyoo,
Don,
Ahgooba,
Baagbo,
Baagbo,
Dosoo,
Nono,
Polassema,
Ahsugba,
Forrongbo,
Tanyo,
Jano,
Bocassa,
Mousoo,
Jusso,
Boyo,
Aggusso,
Sissoo,
Sasoo,
Mosoo,
Dosoo,
Doahvee,
Arretio,
Assoo,
Ahgeah,
Ocha,
Boyah,
Sattague,
Zee,
Dosoo,
Dosoo,
Dieta,
Allahday,
Acharoo,
Ojoe,
Attosoo,
Aggosavee,
Cussoo,
Chilly,
Satayou,
Aggussoo,
Addasa,
Nentong,
Hyenah,
Yammello,
Ahligbo,
Yessoo,
Chorekay,
Chodumah,
Chodolloo,
Jammomee,
Calla,
Niyem,
Ogeebed,
Ocha,
Codday,
Quieto,
Addo,
Davee,
Carpo,
Querrajue,
Cassah,
Damalla,
Bedtie,
Doggah,
Hottogee,
Savee,
Bokee,
Degdaroo,
Commissa,
Hodda,
Howato,
Quiahbee,
Mokossa,
Caupo,
Ahfaddah,
Podonoo,
Abalay,
Hoomasay,
Indukukay,
Lonay,
Yarkass,
Okossee,
Koyabee,
Yoabee,
Menebookoo,
Bojaw,
Doah,
Savey,
Kivey,
Nefor,
Maotequai,
Kooedy,
Oseey,
Buovey,
Zequai,
Neguve,
Devay,
Bojoi,
Sosee,
Looysee,
Yoho,
Day,
Dugbeh,
Davy,
Ocossee,
Poaemby,
Kosavy,
Koby,
Awaseba,
Kowy,
Loobey,
Edoe,
Oboocha,
Marseka,
Kodo,
Awadem,
Awiss,
Aoo,
Asor,
Baba,
Lalu,
Segnor,
Pargburnee,
Budyvee,
Lajah,
Jossee,
Baquoi,
Nimnor,
Buvoyee,
Arkedar,
Savee,
Sapoor,
Bosovee,
Comee,
Dolarsee,
Salone,
Agbarry,
Dolu,
Farseelay,
Buoyvee,
Buoyvee,
Bosayvee,
Nokookay,
Lejobay,
Wocorro,
Quiday,
Doquay,
Agata,
Aoola,
Edoe,
Dacoi,
Ocoi,
Bojovee,
Ogosavee,
Joquoi,
Odee,
Ahoboo,
Dugbeh,
Matlear,
Buoyvee,
Woisee,
Anuber,
Looi,
Agbai,
Adebo,
Aledloo,
Adasee,
Abasor,
Amomee,
Mochow,
Ocololuee,
Todamy,
Oabee,
Bosavee,
Buoyee,
Taca,
Lardepo,
Aroobar,
Asoo,
Toorit,
Abadoo,
Osoudy,
Marjodamy,
Yanna,
Alajuca,
Chatta,
Buoyvee,
Acpan,
Teachworro,
Teachworro,
Moah,
Oddah,
Woeko,
Apenneywah,
Neah,
Moday,
Hurroh,
Ahpenney,
Ahpenney,
Hurroh,
Moah,
Ahpenny,
Kantah,
Ahbowway,
Moday,
Mahloh,
Ocquah,
Byyoarah,
Acheame,
Oco,
Hurroh,
ENang,
Acpanney,
Hurroh,
Moday,
Ewah,
Ebayquah,
Errymough,
Ebarrey,
Okerakay,
Oguay,
Oborebah,
Wallahkah,
Olue,
Ogolaze,
Ewah,
Lemoh,
Woecalf,
Geogah,
Adaycheney,
Ahshonay,
Okayko,
Uzaloo,
Inguoquay,
Ohohgulleytay,
Eboko,
Injokay,
Oguahlaklish,
Okeboh,
Induossee,
Aguahbay,
Ahnay,
Okrakray,
Okoo,
Ogee,
Elwin,
Oneahwochey,
Olokazachey,
Ewah,
Ahgeefeokah,
Ahno,
Ojuko,
Eyahbah,
Edday,
Obaddah,
Laykroh,
Oboahgoh,
Eneahwochey,
Zomwartoh,
Ahkeeworoo,
Ollow,
Workey,
Kooray,
Okrow,
Aheahgrah,
Wahchuko,
Ahkantah,
Ollotoo,
Oguay,
Oguahjay,
Oworrohzoo,
Chukonderray,
Ahbahchay,
Onneah,
Ahlettgo,
Korrokoro,
Obrah,
Allaykay,
Chekayzay,
Argo,
Hayjayno,
Allaykay,
Okoray,
Oketah,
Egollemah,
Okayray,
Oguayannah,
Apenyoh,
Agedday,
Ahtamsah,
Mundai,
Mandai,
Mandai,
Oguay,
Attah,
Ofannah,
Oco,
Opanvay,
Oquabahcharrah,
Ollah,
Okraboh,
Okronboh,
Maddewokay,
Allazzue,
Wankah,
Okrah,
Ochay,
Arrahbotay,
Dinnah,
Okrah,
Okoray,
Ochay,
Ochaynay,
Accra,
Hurroh,
Hurroh,
Okoray,
Ahkoray,
Alleah,
Waahfoe,
Imbokah,
Cheomah,
Wahmulay,
Odonah,
Ahkaysue,
Imbaykay,
Oboe,
Wahkah,
Okeekay,
Herodaywefay,
Woojay,
Ahquaybom,
Ahfoh,
Agorahah,
Wannahozore,
Ennam,
Wochaygorah,
Odahokoe,
Woodaynee,
Duguyroe,
Chahgoe,
Imbaykay,
Woraymah,
Nentah,
Imborray,
Immuchay,
Wonkah,
Obray,
Mullahlelay,
Wankah,
Ehaydomah,
Inguahomah,
Ogalay,
Aheobay,
Inhuahkay,
Womah,
Ahah,
Imbahho,
Kachee,
Imbaray,
Allahmah,
Ahkoahboe,
Alleahgah,
Wahinkah,
Ahjeahbay,
Womboh,
Imbahfoe,
Wankah,
Lollah,
Imbahjeahkah,
Wannay,
Aguahbemah,
Nochay,
Wandah,
Ebee,
Wahkam,
Baykay,
Ahtom,
Hobah,
Hebay,
Ahkallaylay,
Akebray,
Ingrass,
Ochah,
Imbaykay,
Ingrass,
Ingrass,
Odoe,
Ejomay,
Imbaykay,
Imbaykay,
Okarakoe,
Ahkoe,
Olee,
Ahkoahko,
Ahtom,
Ahtom,
Bonmay,
Cheamay,
Equay,
Addah,
Imbahfoe,
Ahjogoe,
Boamkoe,
Imboguay,
Iyea,
Chemay,
Allaygahkoe,
Injomay,
Imbobassah,
Akobaray,
Lolloh,
Imboquay,
Chekaytay,
Akomay,
Imbafoe,
Ahtom,
Inchueamay,
Okonah,
Wahkobah,
Ahkelazay,
Inquah,
Ewahquay,
Waybay,
Maddayyea,
Boodalfay,
Booway,
Ogboo,
Equay,
Orquay,
Mohquay,
Mahquanah,
Achai,
Echay,
Ahgorah,
Ahgarrah,
Odah,
Addah,
Ejai,
Kahkanday,
Jahgarrah,
Egah,
Odoo,
Equanoh,
Ahdickey,
Occro,
Seeacoro,
Booreyokah,
Odoo,
Seapoh,
Ohconneynee,
Egamah,
Baybarwah,
Egannah,
Ahpah,
Isoomarboo,
Markeyshun doozooozo,
Ohkardoo,
Jagboo,
Oraiboo,
Ahdayswah,
Ojaigbay,
Erootah,
Ahbahmee,
Ahwoodo,
Aboochahgo,
Ahlaykay,
Ahkandah,
Orah,
Seechay,
Boalouse,
Pamlookoo,
Ohchokah,
Oreegai,
Kahkandah,
Assoo,
Mohmoh,
Footoo,
Ogooreyah,
Orboo,
Okoranko,
Addah,
Okaro,
Weesee,
Abaychee,
Addah,
Ayouchay,
Arreebooahko,
Adoo,
Arkorah,
Ahkorray,
Ahkorray,
Obinney,
Horrah,
Egboh,
Ahkooray,
Oquaray,
Innearah,
Occo,
Olojoh,
Asai,
Kandah,
Akandah,
Kahkanday,
Kahkanday,
Ahkanjah,
Azoyah,
Azoyah Child ,
Kahkanday,
Odoo,
Ahkorrah,
Lahmee,
Kahkanday,
Abannanbay,
Adayvahyee,
Asseewater,
Adoo,
Adoo,
Addah,
Addoo,
Naysay,
Allah,
Apah,
Kahkandah,
Ahboomah,
Kayroo,
Asah,
Ahgottoo,
Addoo,
Okroo,
Wargary,
Aguamay,
Obinney,
Coroboe,
Aguaray,
Aguaray,
Asah,
Asang,
Aparay,
Onay,
Imaray,
Odah,
Orrah,
Osogoe,
Osobecah,
Ordah,
Aquah,
Makatay,
Aquasay,
Ahdah,
Ahbah,
Ahwahbah,
Ojarray,
Ahkanjah,
Ahtoe,
Ahkorvee,
Ahkahrah,
Ottoboe,
Akoray,
Addah,
Asay,
Odoh,
Adokah,
Ahquajah,
Iallahbah,
Imbee,
Womaray,
Jonwah,
Komahgo,
Ahdoe,
Okoray,
Eneboe,
Odoe,
Osoe,
Ahdah,
Odoe,
Odoe,
Ahquang,
Ahdah,
Ahdah,
Ague,
Aquah,
Akoray,
Ozoe,
Bosogah,
Agoe,
Ayaday,
Chabomah,
Sobah,
Ahdah,
Asah,
Oguray,
Ahkoray,
Ohdah,
Ahdahkay,
Oquoray,
Okoray,
Malamah,
Ohdah,
Asaygoh,
Ohdah,
Equaray,
Addah,
Egah,
Occroo,
Ahbah,
Aquarray,
Ojarray,
Ahtong,
Bovee,
Ahboh,
Oneechay,
Hanggay,
Aggobah,
Okaybee,
Obangah,
Beirco,
Ochoo,
Onimequah,
Ojelobee,
Broquessee,
Arrahchuff,
Saychee,
Wardoyqua,
Ageroo,
Oquamee,
Okarameah,
Agoo,
Onannado,
Osugoo,
Ogoo,
Ogoo,
Hamberlasey,
Barquah,
Nimmenarkah,
Dumb,
Dayboo,
Cansoh,
Eboray,
Leekay,
Abokay,
Azee,
Adee,
Robanchee,
Nodah,
Monnezah,
Bootokoo,
Attoh,
Ahsome,
Owobah,
Addee,
Ahjai,
Addee,
Imbeer,
Serraybay,
Ahseekah,
Ajoe,
Akang,
Odoe,
Korve,
Asaach,
Inquay,
Ahliye,
Leekay,
Seekay,
Abayhah,
Daddah,
Attay,
Attesah,
Owebay,
Mannayboo,
Teemay,
Ahkonjah,
Ohokrah,
Ankoo,
Odoo,
Tannahboo,
Ahquarray,
Seadoo,
Egahrah,
Kontah,
Nahkah,
Akay,
Ogoo,
Azay,
Wozokay,
Ahmowah,
Ahninnahnocom,
Owahkaditt,
Wahhahjuke,
Ahleoh,
Fodoo,
Egee,
Fodoo,
Ahdee,
Sedoe,
Afodoo,
Fotoe,
Appahlay,
Apiye,
Apallay,
Maywah,
Apallie,
Maddokah,
Debboo,
Apah,
Maddachee,
Ogoo,
Irreono,
Ahpah,
Ahfah,
Aggublee,
Abadumee,
Jue,
Echee,
Dagunna,
Addee,
Isappoo,
Daggee,
Ugoo,
Gammissee,
Enappierre,
Accumanee,
Addah,
Owah,
Appah,
Garrah,
Ahibee,
Maggea,
Annickam,
Goonassee,
Wanekah,
Ammahra,
Odowhi,
Abinnee,
Passasa ,
Chattah,
Ahkomah,
Amay,
Ahbusha,
Oquah,
Wahboggoo,
Gunno,
Yahmeahhah,
Indahway,
Yahyah,
Ahtahbah,
Hahjoing,
Owah,
Fannekong,
Olodomah,
Ahdayjoh,
Motoday,
Amahyea,
Echee,
Emmelloe,
Ewaytan,
Onay,
Alabalay,
Abay,
Gallugay,
Waydoo,
Iyah,
Waynay,
Baysay,
Adallah,
Annowena,
Oursanee,
Edah,
Dongoray,
Timma,
Wahguana,
Adoriggah,
Ohokrah,
Ankoo,
Komay,
Aporay,
Sagbah,
Kranko,
Abaydissee,
Awojamee,
Chedah,
Ahkarbanday,
Akrassah,
Obaykay,
Ahjukoo,
Okron,
Aquailly,
Ahfoddo,
Akarbo,
Ecahboo,
Ahquarray,
Tanevrah,
Aquarrey,
Appah,
Wahfahkoo,
Ahquando,
Why,
Enuojerricachenera,
Enuojerricachenera,
Ojinnenakah,
Illahdobah,
Bahfoh,
Yeggra,
Dobah,
Ollookassee,
Offoodoroo,
Equarrarreack,
Ammaday,
Wodo,
Waka,
Annapour,
Oabooah,
Amapunah,
Ogootaa,
Omea,
Ummudaa,
Annequa,
Enachay,
Ballajoe,
Motoday,
Aleahkah,
Nayaboe,
Ambokoe,
Owang,
Wahchuckoe,
Ahmannahboe,
Serahmokoe,
Osea,
Wahballabue,
Attah,
Eagin,
Inahbah,
Kayobah,
Yaytobah,
Ahkanwah,
Ahkanwah,
Abarah,
Emogally,
Annahmah,
Annahqually,
Odomoe,
Ahlopoo,
Kassemenso,
Chelaykoe,
OWonsah,
Okamach,
Amanaychee,
Allopoe,
Followang,
Waytibay,
Ahkanquay,
Ahsahmare,
Wahchukue,
Inyahdubah,
Intahbay,
Eyeyee,
Pannonebee,
Bahfoe,
Efonee,
Gullahnay,
Pogahsim,
Degmore,
Ninjam,
Nogelt,
Bahsock,
Bahtam,
Sannay,
Sammay,
Abeg,
Tanno,
Oneyah,
Duboo,
Boom,
Bellah,
Ahfaggah,
Endam,
Kombah,
Diggy,
Indogbo,
Nonjah,
Myyando,
Bowillay,
Intaypay,
Neanda,
Manay,
Gahday,
Okoroy,
Bang,
Mandonay,
Kong,
Dobonjai,
Inbonjah,
Ahquaray,
Mahrah,
Beetonday,
Beov,
Tonday,
Myyongoo,
Gommay,
Sommelong,
Songah,
Bonay,
Chingam,
Nahbuckay,
Ettay,
Blackay,
Gahsong,
Deybarrah,
Gogronko,
Lambah,
Binjock,
Gambay,
Ingahray,
Mahsonay,
Manjack,
Jocko,
Tofitty,
Tetambay,
Keesack,
Minnambom,
Binnahnay,
Bahnackim,
Bitterah,
Binnahnee,
Bangbom,
Indogay,
Beekong,
Somah,
Ingomah,
Okomee,
Sangoroo,
Indaymay,
Guallay,
Gahrah,
Bobsay,
Intappay,
Bongay,
Tobah,
Ahpannay,
Bammisoh,
Bangah,
Sough,
Inguaw,
Iyokee,
Inkomo,
Taymake,
Beesong,
Beesah,
Mahkong,
Maacke,
Bosay,
Bong,
Nongay,
Indong,
Esoo,
Neahmunay,
Domah,
Mornay,
Beetong,
Mahsinnay,
Songuay,
Ingang,
Sannahjoh,
Inloobah,
Mesonggo,
Ahwan,
Tondo,
Toobah,
Tamkong,
Bung,
Inyom,
Nokomout,
Soomore,
Dombay,
Bandang,
Dokah,
Sombah,
Jockdim,
Ianjoe,
Kohso,
Bony,
Kongoh,
Sowah,
Yango,
Inquay,
Mahfang,
Pokey,
Godway,
Ingahray,
Sesinnee,
Neamjong,
Seekongay,
Melaykay,
Yoko,
Nammah,
Imbohkoh,
Guam,
Gobahsah,
Komahnack,
Jongjang,
Backeynack,
Ponjah,
Monen,
Toykoy,
Iunjue,
Nahbom,
Indekay,
Nickahbay,
Kaykay,
Ombay,
Bahwonday,
Anitobay,
Nonnock,
Mahtombay,
Dandokay,
Sahworay,
Nakabuck,
Bingham,
Cumbah,
Cumbah's Child ,
Mahpotay,
Nomeze,
Nomeze's child,
Nansonay,
Mahonjay,
Komayay,
Nahteese,
Mosame,
Demullay,
Ingarray,
Iuso,
Yeatea,
Henoe,
Bombang,
Tinnay,
Gangay,
Kimdaray,
Kanjah,
Somtoh,
Mecorray,
Zubah,
Mejongah,
Pongah,
Dedong,
Intubah,
Pondah,
Tacquay,
Ingoe,
Mahyangah,
Mahtonyah,
Sumah,
Tuckway,
Kangah,
Beckateah,
Yocksane,
Yabang,
Malembah,
Susoo,
Basseah,
Mahally,
Jammah,
Assaine,
Inpongoh,
Yampotay,
Kakay,
Yabeyay,
Nonkay,
Nampotay,
Yammah,
Yammoday,
Yammosoo,
Kourahyay,
Donee,
Dolonee,
Nakabayally,
Nannemeek,
Tempoh,
Manjong,
Nantong,
Pinningbay,
Nappay,
Massemassoray,
Mandekay,
Nammah,
Tokay,
Nanbokay,
Angomah,
Hondoso,
Ambalay,
Imduzoo,
Nambah,
Posozay,
Gamboyong,
Induah,
Bendo,
Tellongoh,
Tuah,
Mahmoney,
Injuang,
Buahronday,
Gunbassah,
Gumbah,
Impongah,
Summah,
Impongah,
Assangah,
Menjopoe,
Nanpongah,
Indakah,
Mahbong,
Impongah,
Ocorday,
Okronko,
Anecy,
Indowesee,
Mahkahmah,
Ahneardoh,
Azayzay,
Okrah,
Azim,
Wankah,
Orwah,
Aharoo,
Ahlay,
Orreahko,
Dayoam,
Amberkay,
Ezuewanna,
Tasseteah,
Opahbee,
Wayzogay,
Onahgahram,
Alleytapoh,
Equay,
Okontoh,
Indowesee,
Wogo,
Aronta,
Ahpam,
Hurroh,
Ahpanny,
Ahpanny,
Eden,
Emore,
Hurroh,
Esean,
Ahpanny,
Ekendem,
Hurroh,
Ahpanny,
Okaquay,
Checo,
Wanguah,
Oneahoworro,
Immorday,
Ozaysee,
Onamadd,
Onokayray,
Oguaguay,
Ewah,
Oleeah,
Mookachy,
Eroo,
Enoh,
Haybah,
Okraig,
Ahpanny,
Ogounay,
Indowissee,
Oboo,
Orgoo,
Okrah,
Equaboo,
Ogamkah,
Wockahfoo,
Workoo,
Azeechenay,
Inpayboo,
Ebayzim,
Ingeorgay,
Okampah,
Inkraykah,
Wocharf,
Emore,
Asaynee,
Ahpanny,
Hurroh,
Krotonoo,
Ahpenny,
Hurroh,
Ahpanny,
Esaynay,
Hurroh,
Mayzee,
Hurroh,
Ofayday,
Hurroh,
Mampah,
Maddayko,
Okooray,
Ahpanny,
Ahfenny,
Hurroh,
Hurroh,
Hurrohfare,
Okookah,
Ewah,
Obaggee,
Ahloo,
Ammadoo,
Opahroo,
Harraianna,
Hurroh,
Ozrohomah,
Karreenoreboh,
Ommokabba,
Azai,
Indowissee,
Okaykay,
Wokaynahgah,
Onosah,
Najowah,
Allah,
Lakochee,
Obarbee,
Worah,
Innang,
Akah,
Olofah,
Akachagee,
Kallahbally,
Ahbawo,
Okraffo,
Assahkoray,
Ahbang,
Obokoe,
Hahgammee,
Ingabbo,
Okoronko,
Obozeegah,
Imbako,
Oleesah,
Ochahgo,
Ozakay,
Ohongass,
Olozoe,
Opoe,
Okraffoe,
Ahbowah,
Oboe,
Indowesee,
Okoroo,
Indowesee,
Ahjalloh,
Onlahyah,
Ogommoh,
Ebaquah,
Injay,
Owahpoe,
Okoroe,
Okarakay,
Okarakay,
Hegekah,
Amay,
Azay,
Ahzue,
Ebaquah,
Oree,
Obue,
Azay,
Anacoray,
Ahkutay,
Ahbannah,
Asinn,
Ahbannee,
Obuahkoe,
Horoe,
Asennay,
Ingappoe,
Imboburg,
Ahtahsea,
Obargo,
Innang,
Wanquah,
Odoanay,
Cojuquittah,
Esoe,
Chammarong,
Kammerong,
Efforah,
Onejoe,
Akalanning,
Idesnm,
Obassay,
Eboe,
Obeahtoe,
Kammaroe,
Insue,
Afody,
Ofrofay,
Ahbanny,
Appanny,
Abang,
Egboe,
Intam,
Abedy,
Eforay,
Alawokay,
Abayong,
Azay,
Mahhah,
Asane,
Aguaby,
Imbeahkah,
Ahkamee,
Attack,
Injoffoe,
Injee,
Ingay,
Mangoe,
Imammah,
Inkah,
Injujoe,
Intam,
Labong,
Incombah,
Assoh,
Incango,
Acotay,
Banguah,
Sumlong,
Waybay,
Wahbillay,
Labay,
Congo,
Incam,
Berricam,
Morondo,
Samninkay,
Konojay,
Mandoo,
Iyea,
Bomokay,
Mandoe,
Nah,
Injee,
Indefong,
Indam,
Indepayah,
Intuah,
Ahdoh,
Pahdondo,
Ahquay,
Barguay,
Bahkoray,
Bahkoray,
Karakaray,
Ejay,
Azim,
Ejahoway,
Adaquay,
Atokoro,
Dekah,
Wahnah,
Nammah,
Injaggah,
Okechee,
Anokahbah,
Chelahlobee,
Alloloby,
Oleahbendo,
Ieabay,
Ahnoah,
Bachay,
Ananjoe,
Addah,
Wahinkaray,
Chinnahquay,
Ahquahbo,
Zanwah,
Efoh,
Lalloney,
Suarbay,
Tourah,
Maroango,
Callah,
Maryombay,
Margonday,
Gunyah,
Lamarguah,
Marsengah,
Debommah,
Assesah,
Ecarlah,
Olandah,
Iabbearmah,
Pallahmango,
Talloo,
Pungha,
Aobongo,
Gongah,
Elondah,
Puttah,
Candah,
Mammah,
Iaggo,
Accojah,
Allachee,
Lalloe,
Allajabo,
Mannasorah,
Allobahmonoe,
Allamahee,
Ahoe,
Ochoe,
Ieah,
Accodee,
Ahbomboe,
Ahtimakah,
Amochoe,
Kammerchay,
Iyah,
Ababee,
Shotahday,
Imyanore,
Chadolay,
Adow,
Ahtonfah,
Azoe,
Adotang,
Adolay,
Lumahday,
Dagakoe,
Woloo,
Musah,
Ahdoboo,
Amahday,
Lahbolue,
Allogokay,
Kedalloo,
Oquig,
Oleeseedee,
Oloo,
Ogobee,
Alleah,
Ochoe,
Kaybo,
Ahjobo,
Ahbedday,
Abedowoi,
Hyenah,
Ahmalate,
Bubah,
Woloo,
Yolvo,
Ahlee,
Ahway,
Ahwoo,
Indaboo,
Togahday,
Ahbedago,
Dahgeday,
Ogah,
Chomolloo,
Ahlee,
Ocho,
Lukallay,
Aloh,
Allokoloo,
Akobahyah,
Ahbedokum,
Kappoe,
Ahchepallah,
Ochoe,
Ahbiye,
Chosah,
Adoo,
Ahgotay,
Hyenah,
Chokoloo,
Ahgobah,
Ojoe,
Ahwatuloo,
Ochoe,
Ahwaloo,
Olusomfin,
Ahsillay,
Jokoo,
Tokahyea,
Adoo,
Ahbeahday,
Ochoo,
Mahjabay,
Teahfoo,
Ahbaggay,
Allee,
Ajoe,
Ahahyea,
Iabbee,
Poloo,
Ahboo,
Iyolah,
Fasseloo,
Kamminabalee,
Koloo,
Melahkay,
Kahtoo,
Hyeloloh,
Mahsolah,
Adoo,
Ahkinkay,
Hyenah,
Chojuahlay,
Lolunkah,
Sabbee,
Labahday,
Hyelolah,
Bankallay,
Ahlokulay,
Ahjokoe,
Lassakay,
Mallepay,
Ahchopaday,
Mahbolay,
Tahwo,
Hyenah,
Ahwekalay,
Laylay,
Ahkeday,
Ahgoloo,
Ahlumah,
Adoo,
Adoobaloo,
Yahboo,
Ahcokoo,
Ahmagee,
Hyenah,
Ahdonen,
Lallebah,
Falosay,
Lahmee,
Tennee,
Lahday,
Ocoaday,
Inbahlay,
Ahmalegay,
Loachee,
Nahjoe,
Sabbee,
Ahwosatto,
Hyesah,
Annekay,
Addammah,
Mahtahwo,
Ahfalladay,
Ahfalladay Child ,
Yannoway,
Yannoway Child,
Addesay,
Addesay Child,
Allahlee,
Allahlee Child ,
Ahdonee,
Ahdonee Child,
Allahboloo,
Allahboloo Child,
Allebo,
Allebo Child,
Eloh,
Eloh Child ,
Ajobee,
Ajobee Child ,
Awosamee,
Awosamee Child,
Ahjolakay,
Ahjolakay Child,
Ahlukay,
Ahlukay Child,
Maimahro,
Maimahro Child,
Agay,
Ahyahwo,
Ahwolukoo,
Kaadoo,
Hyenah,
Choholahloo,
Mallaylee,
Alolee,
Mahmu,
Ahsulalay,
Ahkejoe,
Akaday,
Ahshow,
Ogah,
Ketee,
Olukayay,
Oshow,
Ahdedatong,
Hyenah,
Annoray,
Shahdally,
Akanokoo,
Oshelahloh,
Shodequay,
Kohjoe,
Olufoyoh,
Koboloo,
Lyedah,
Etahbee,
Edoohoo,
Allahbay,
Shobee,
Ashow,
Hyenah,
Topahmah,
Ogah,
Ebay,
Shodebay,
Kakah,
Kolekah,
Woloo,
Ogosholoo,
Obahtoyay,
Olokoo,
Eddong,
Wannekay,
Ojoe,
Iju,
Ahgobee,
Egay,
Ahkelahday,
Olubayfoe,
Ogombofoe,
Shonkah,
Odue,
Ojoe,
Mahbogojay,
Osoo,
Ahlee,
Akeyamay,
Bahloo,
Akojokin,
Dogah,
Olay,
Gosonee,
Sahjoe,
Ahgassah,
Dayoloo,
Lotusee,
Lahday,
Ahjubah,
Bolapay,
Ahjubaysoo,
Mahmah,
Ahsomah,
Ajoe,
Ahlokah,
Lokoo,
Lokonoo,
Oshahbakoo,
Abamee,
Odumakoo,
Cholahkay,
Okonoose,
Elukong,
Ochodequay,
Okoshodoo,
Osoo,
Wooloh,
Ojahee,
Beokoo,
Hyenah,
Okojobee,
Hyenah,
Oshofahloo,
Ahjee,
Lahbayah,
Adotong,
Oloshelay,
Ahbesoyah,
Ologolay,
Bofolokoo,
Fahbano,
Ahbeboo,
Ahdasonkay,
Okabayee,
Obodepay,
Oshoo,
Ageboshah,
Hyenah,
Oloshemah,
Amahlah,
Somallah,
Okoloo,
Bakbay,
Oloo,
Alzueebo,
Eloo,
Ahdelayoo,
Ahdayah,
Ahwodulayah,
Alachee,
Ahkalee,
Ballah,
Kalohoo,
Okallay,
Oloaday,
Ogotoo,
Ogodenah,
Oshoh,
Alowah,
Luagee,
Ayojabee,
Lahsee,
Aleahkay,
Oshoh,
Ojoe,
Ojoe,
Loahloo,
Okoballah,
Olubah,
Ojoe,
Edoo,
Olubahjoh,
Oloonkah,
Alubee,
Dosumah,
Ahdasumah,
Ahsobah,
Ahjahee,
Hyenah,
Betardy,
Oshoh,
Mammah,
Daddah,
Osahdallee,
Ahtinday,
Chahdahlay,
Olochogalay,
Dosoo,
Achahbay,
Tahoh,
Ogocholah,
Allahfoo,
Alloo,
Yalamee,
Ahbinbolah,
Abotallah,
Ahdaylo,
Munpay,
Ahzumee,
Asoo,
Defa,
Adubaylay,
Alahmontay,
Annahday,
Dekahlay,
Awosee,
Mallaloo,
Allahdakoo,
Chabutee,
Dayjoe,
Assahkalay,
Daysoh,
Awoosoo,
Awoo,
Allaloo,
Emoh,
Allahmetay,
Hyenah,
Marondeah,
Oluketah,
Allegemah,
Ahjahee,
Ahbolokee,
Mallah,
Kakajay,
Allahbah,
Alloon,
Hyechamee,
Ayabah,
Luzah,
Monnah,
Mahtaysah,
Bahsay,
Amokay,
Adohomay,
Aloketah,
Sakutay,
Iasunoah,
Fahtumah,
Kannekay,
Ejosee,
Nanhoo,
Ahbejoh,
Hyenah,
Ahlahsee,
Alajue,
Allahbay,
Afang,
Kallejay,
Lohosee,
Lahsemee,
Afamahmeday,
Abahmaloh,
Eyaboday,
Ballabay,
Ballabay's child,
Chahbemah,
Chahbemah's child ,
Azofoukay,
Azofoukay's child ,
Ahjahee,
Hyenah,
Hyenah's child ,
Isahtoo,
Kolooloo,
Banjukoo,
Banjukoo's child,
Isayto,
Isayto's child,
Kossaloo,
Kossaloo's child,
Asaijo,
Asaijo's chil,
Duballay,
Duballay's child,
Ahneekay,
Ahneekay's child ,
Ahneekai,
Ahsayloo,
Mohlayloo,
Wooloo,
Aheefay,
Ekaim,
Nahgoday,
Edow,
Ahdeekayboo,
Ajeekahlayto,
Elahmee,
Mohlookoo,
Foahloo,
Hyenah,
Chaifonkay,
Koolay,
Bahwobah,
Awooshue,
Abolleykai,
Iaimbolu,
Moplooko,
Fahtuse,
Awotilley,
Ahyahhae,
Moneychai,
Ahyegpedah,
Annekayay,
Altoo,
Amainno,
Osonneykai,
Bahdoney,
Alleyenny,
Boosey,
Anninkoh,
Annakay,
Imbayloo,
Hyenah,
Yahcheworroh,
Hyenah,
Kozeallah,
Ebettallah,
Mallahkay,
Ahjahbee,
Allaykai,
Hyenah,
Aleffoday,
Yabbah,
Yatammay,
Bazennay,
Hyenah,
Tallahbee,
Yahyah,
Allahbah,
Sounkaylay,
Paywasee,
Ahdaybotoo,
Yellahlah,
Abopahday,
Goodahlah,
Tackoo,
Kindah,
Adombakoo,
Ahjahjo,
Allowee,
Allahchakah,
Mahbachee,
Alayjue,
Ahzeekalay,
Ahsayto,
Mahloono,
Ahjayee,
Kozee,
Woosoo,
Abasee,
Jedallay,
Ahtingoe,
Iozoo,
Iozoo,
Bahwoloo,
Bayong,
Boyah,
Appoe,
Nahwochee,
Ohoonoo,
Abattee,
Dahmalay,
Ohoonoo,
Ahdahyah,
Ahbong,
Ahfodah,
Ojoe,
Ahsoquah,
Sissoo,
Sosonah,
Sah,
Attoe,
Tossoo,
Assah,
Adowee,
Awahtangee,
Ahsobah,
Gotammay,
Bosah,
Sopanway,
Deganay,
Kappoo,
Madawoo,
Ejoe,
Gocholoe,
Bokah,
Woosoo,
Bookoo,
Ahgassanee,
Ohonah,
Ezeezoo,
Allaybah,
Enah,
Cubnah,
Dugwah,
Tayyah,
Teah,
Oboloo,
Chokolay,
Pelloo,
Bosavee,
Wontamay,
Iteah,
Wosavee,
Esaysoo,
Dosopay,
Copay,
Dosoo,
Kossoo,
Ahgussoo,
Goday,
Dosahvee,
Pahgeenoo,
Sahvee,
Bayong,
Ahjahee,
Ahdalay,
Woolahtong,
Lahbatang,
Bookoo,
Ahdanganay,
Sabboo,
Dadday,
Boday,
Bosoo,
Agonyoo,
Losoo,
Ogonoo,
Azazoo,
Necorogay,
Ajash,
Allahsay,
Betahvee,
Ahgodamee,
Bafah,
Attackah,
Guahsoo,
Dazong,
Achoo,
Allozoo,
Tetay,
Iomowah,
Eyoboyong,
Mahgoo,
Guahoo,
Hoseevah,
Allubah,
Hyewoo,
Mahwoobay,
Adooahquay,
Zezah,
Coyyoo,
Ahgassay,
Badahsay,
Ahgasee,
Badassay,
Mannoway,
Nannequah,
Ahbasay,
Kosee,
Takoyoo,
Nannah,
Ahgokay,
Edeekah,
Ahgassee,
Ahgassee's child,
Ababee,
Ababee's child ,
Daday,
Daday's child ,
Sassah,
Mahhesay,
Mahhesay's child ,
Ahgassay,
Ahgassay's child,
Ahdaysobee,
Ahkimfoo,
Ahkimfoo's child,
Allahbah,
Hyenah,
Ahsong,
Mallahkay,
Lahway,
Hyenah,
Eyahmay,
Mahbeyay,
Avetallah,
Veday,
Edonay,
Bovee,
Chahwoo,
Ahballay,
Lazonday,
Quaymoo,
Noquay,
Quosavee,
Dallay,
Bovee,
Bahwayay,
Yallayjay,
Mahesay,
Dayjee,
Koyway,
Ahgoquay,
Ahballay,
Guassabee,
Annahgokay,
Ahjovahvee,
Sovay,
Dachey,
Modaday,
Ahbahday,
Mahhesay,
Allubah,
Mahesay,
Barquay,
Barquay Child ,
Allubah,
Allubah Child,
Kachah,
Kachah Child ,
Degbay,
Dadakoo,
Indaway,
Ahballay,
Kohosay,
Bovee,
Fodosee,
Fahdoway,
Neyoday,
Koyvee,
Bokee,
Dokosee,
Bovee,
Bosequay,
Daygee,
Dallay,
Mahsaday,
Totoe,
Bojoe,
Egah,
Ohooze,
Aballay,
Mommo,
Dajalakotoo,
Juannah,
Maria,
Rosannah,
Innang,
Infame,
Egboo,
Agboo,
Accoom,
Acoon,
Infame,
Atome,
Acoon,
Injay,
Awassay,
Abaggay,
Agboo,
Assoo,
Watercolay,
Along,
Moh,
Agban,
Moh,
Obong,
Okong,
Bojong,
Atah,
Asay,
Osang,
Gonah,
Odoh,
Abang,
Abong,
Agboo,
Acoo,
Bangoo,
Acoom,
Agboo,
Barrakah,
Incoom,
Incam,
Indeeso,
Intongo,
Imboso,
Ingetame,
Ingee,
Indingo,
Koomsay,
Indefong,
Intong,
Forwith,
Insoo,
Indong,
Indayoo,
Inguatto,
Incowith,
Indayah,
Wonsang,
Innay,
Walker,
Chokah,
Konsay,
Bakong,
Indefong,
Inquah,
Loang,
Inquattah,
Inquattah,
Tamkong,
Mongah,
Tamkong,
Indee,
Ingoyang,
Innay,
Ingoo,
Indefong,
Indamore,
Mogoo,
Indamore,
Indewong,
Jinggoo,
Injang,
Indefong,
Ahboe,
Kombay,
Wochay,
Nahsoh,
Lahcontah,
Indoquah,
Awonkah,
Okanyah,
Ejahbong,
Adonkah,
Indong,
Inbetorah,
Jangalay,
Afame,
Atey,
Ademm,
Fuam,
Equay,
Equay,
Morday,
Moosahsoo,
Doomay,
Wann,
Yankey,
Lukaymay,
Koway,
Banguay,
Enquay,
Intoway,
Ackey,
Namsay,
Insoh,
Leefong,
Wonsoh,
Indee,
Bookondo,
Ohrieck,
Dingoh,
Ballangon,
Ahkan,
Indeesaymay,
Ahginny,
Ingantoo,
Iyock,
Indam,
Mahlongah,
Ingang,
Indam,
Bahbong,
Boochay,
Jomboh,
Kanay,
Kinwah,
Guanday,
Inbom,
Intame,
Bahkokah,
Fangafang,
Ahbong,
Iyap,
Gunnahpoh,
Incumbah,
Omoh,
Alleyackah,
Ebackah,
Otomah,
Omoh,
Ingaysay,
Owang,
Esaine,
Esaine,
Kannam,
Alleyackah,
Kaysay,
Kaysay,
Maymay,
Monaykay,
Inchallahho,
Oroom,
Ohayquay,
Efoomah,
Alien,
Ahkodolohnah,
Ekayjaykanah,
Inbaykay,
Wahneelaybay,
Ozayroo,
Omolohloh,
Ochay,
Imbaykay,
Okoh,
Okozoh,
Oday,
Ejohmoh,
Mahbockah,
Olaykoo,
Ofayjimalay,
Ezeewhy,
Wahkoo,
Odoonohgah,
Oquasoolaybah,
Achoan,
Ahbahjahfah,
Aquah,
Ahtackah,
Konamkom,
Kammahbomah,
Annaysain,
Engambah,
Ingoobarrahmah,
Indorannee,
Baynay,
Egaybee,
Escherry,
Manyah,
Indomah,
Fangay,
Gandah,
Attah,
Botay,
Moh,
Abangah,
Etongah,
Fongay,
Emong,
Mahfoh,
Inguah,
Iumiah,
Faongey,
Gaysay,
Wonjah,
Kallammah,
Okah,
Wanquah,
Immoh,
Inquah,
Immoh,
Intoh,
Inzonzay,
Iyoh,
Sammah,
Impotay,
Bay,
Bendoo,
Mobahbay,
Wambah,
Fangay,
Esalay,
Enguamboh,
Ingombuah,
Sammah,
Iyoh,
Fuckkam,
Woshah,
Imboh,
Sugallay,
Kandame,
Wyezar,
Ogalay,
Ingootay,
Olobay,
Akay,
Omah,
Okabeyah,
Oleah,
Ozoh,
Imboleah,
Addah,
Innahloh,
Ogoo,
Owoh,
Imbahfoh,
Addah,
Ajaneah,
Chaloo,
Omoh,
Waytoam,
Assoo,
Ololah,
Ahbassee,
Bannasabay,
Infang,
Inteah,
Iyoh,
Metah,
Olinkay,
Ahnampepong,
Kanname,
Impongo,
Edoanay,
Labeah,
Wahnamay,
Analukay,
Imbongay,
Etasah,
Gondondee,
Ahmofay,
Aforay,
Cochay,
Bahtondoo,
Bahtangah,
Bongalay,
Ingorah,
Incuss,
Akong,
Ingosangay,
Bonzay,
Ocholay,
Occroo,
Nahgoh,
Chotoowah,
Injay,
Ingah,
Adam,
Channodoo,
Gofoh,
Defoh,
Arambay,
Inbo,
Okahsanyah,
Abay,
Defong,
Defong,
Indee,
Defong,
Inguah,
Ingee,
Komgee,
Apah,
Oko,
Manyah,
Simkom,
Narrahquay,
Dalay,
Neahfonjay,
Indee,
Yap,
Tahkon,
Imbay,
Ahbomah,
Hurroh,
Ahpan,
Mordin,
Hurroh,
Endem,
Apoo,
Intoway,
Ahmahlomah,
Iewobah,
Laykowah,
Abahsintah,
Ahpan,
Hurroh,
Hurroh,
Ahpan,
Opahbee,
Keroywhiskon,
Opahbee,
Ahpan,
Hurroh,
Hurroh,
Nanketee,
Antah,
Ingah,
Appan,
Infon,
Omoh,
Esain,
Eyang,
Eseeboh,
Akaytay,
Zangombra,
Oakum,
Ahmonah,
Afeum,
Wynn,
Afeum,
Yong,
Bay,
Ahduggah,
Ahboo,
Andom,
Ahseebong,
Ahtommahyea,
Ingayteepah,
Esam,
Elookam,
Boseeyaykay,
Yea,
Yaggay,
Boorokoo,
Morday,
Hurroh,
Afeum,
Tackquay,
Akonto,
Afay,
Efeum,
Afim,
Ahwokah,
Indee,
Ingang,
Indocup,
Infon,
Dinggoh,
Guagee,
Enahloh,
Ekohmah,
Oquamwah,
Alayfee,
Elahjellam,
Neehemay,
Woolaybullom,
Beanjohn,
Ejaydeemah,
Addah,
Lollohnah,
Embom,
Sambembay,
Entah,
Tenjay,
Namcoro,
Nicahday,
Enfunjay,
Ahmicarday,
Konjay,
Bokam,
Mankanchah,
Wantame,
Kannah,
Ahkam,
Antah,
Addah,
Owang,
Addeyahkah,
Addeayakh,
Gussoh,
Ahbassay,
Tokwah,
Injungah,
Iunyatt,
Innoh,
Kanname,
Ahbassay,
Manfah,
Wahlondo,
Kombay,
Inkahchay,
Avee,
Innang,
Doloonay,
Afaray,
Inguammah,
Apahray,
Apolee,
Inbumbre,
Ahkillay,
Mahsallay,
Ahtimm,
Intah,
Feunah,
Fanjay,
Bunjah,
Injundoo,
Imboote,
Newtop,
Indahbay,
Intoh,
Mantong,
Fanjay,
Indore,
Awah,
Kondo,
Kransah,
Wahsay,
Mandoo,
Mellekah,
Besankah,
Esangay,
Indeyea,
Imboday,
Eboe,
Innang,
Ingumbay,
Digban,
Waysay,
Inguammah,
Ajimsoe,
Imbokong,
Imbakay,
Imbolee,
Bolondo,
Ajugoh,
Ingnamah,
Ahleechee,
Avoo,
Ebabay,
Ahcole,
Ahjay,
Innay,
Alimah,
Bongoo,
Imbolay,
Sebakay,
Sekoko,
Ingumbay,
Accong,
Demahlah,
Addah,
Abonjoo,
Annah,
Yahlah,
Eccoah,
Olay,
Dadah,
Monn,
Imbolee,
Jack,
Estabou,
Phillip,
Manuel,
Ballah,
Dembah,
Ingarboo,
Mamadoo,
Mallah,
Mamadoo,
Tambah,
Dahbah,
Tambah,
Bango,
Brimah,
Morroo,
Massahly,
Tambah,
Ingarbo,
Woosah,
Tambah,
Farray,
Dembah,
Coley,
Mamadoo,
Ansamano,
Mamadoo,
Mamadoo,
Dahwolah,
Banjogo,
Mamadoo,
Sedekee,
Searay,
Mandingah,
Foday,
Searay,
Jogo,
Gartah,
Mearle,
Musah,
Bocary,
Smith,
Soday,
Kallay,
Bocah,
Bocah Child ,
Sontotong,
Neahmah,
Gallah,
Tomboh,
Soomah,
Maria,
Fahnah,
Fahnah,
Billcoh,
Danglinay,
Jocoe,
Rosah,
Ayah,
Bankolay,
Okolay,
Chuboloo,
Odochinnah,
Efinnoo,
Fraiddaynee,
Elollah,
Elookobee,
Ogussee,
Meedaykong,
Osugbah,
Ewagbay,
Olookay,
Hyenah,
Egbay,
Hyenah,
Edowoo,
Maddee,
Cudjoe,
Kodonnah,
Chackery,
Geeboolo,
Dineday,
Chachay,
Maddee,
Fattusah,
Kittam,
Deggeday,
Abdoo,
Ollarko,
Bahsamo,
Wookahnee,
Mahtillahgoh,
Ogobee,
Jedahtoo,
Ojoe,
Ojoe,
Ojoe,
Jallahboo,
Addam,
Ochaw,
Quireahbee,
Odosee,
Otimmanee,
Ahgeekobee,
Ahdaytayyee,
Sadoo,
Daygeequay,
Ahmusee,
Mahmah,
Bahkay,
Azahbimboy,
Dangannah,
Bahkay,
Zirree,
Abah,
Brimah,
Mahmah,
Mahgannah,
Mahmah,
Alley,
Ahkeyokah,
Landlayroo,
Agonjobee,
Laykoh,
Ahwahlay,
Oyadday,
Ebootah,
Ochahquah,
Ahbeea,
Ojubolee,
Odobubron,
Quako,
Ahdigbolay,
Adobahday,
Allahday,
Ojaybee,
Koosammee,
Oroocharrenoo,
Ochaddequay,
Bahkay,
Alahdo,
Mahjagbay,
Ogoonlolah,
Odrayroo,
Allee,
Edoo,
Hyenah,
Adoo,
Monneyokoo,
Wooroo,
Ojoe,
Isah,
Ogontallah,
Fahbee,
Dayseequay,
Moresoror,
Sokkoloo,
Okuntah,
Dequay,
Awoh,
Oloowahoo,
Saddequai,
Chowahlah,
Edowoo,
Odoologo,
Olahmeya,
Loquay,
Lachee,
Kolowoloo,
Olomloya,
Daylahloo,
Olookoo,
Ayomee,
Ballah,
Mahmolor,
Molahday,
Alalowah,
Ochoe,
Lanloko,
Edowoo,
Mosahkallay,
Ahdoom,
Ogah,
Chasunah,
Ochoe,
Daytimkong,
Agusamoe,
Edowah,
Sogee,
Olubagee,
Ballah,
Ahlamgumbah,
Olulahday,
Lettimloo,
Cholahday,
Chomayfoo,
Mahkow,
Ochoe,
Alugachay,
Chobayee,
Momodoo,
Momodoo,
Saidoo,
Sumannah,
Ayoh,
Alezeakong,
Deenah,
Ahkonney,
Gonahgoo,
Koyahloo,
Ochoe,
Derojahyea,
Konahbah,
Lubachoe,
Jebboo,
Odadinnah,
Okobollor,
Olookahesee,
Ogoochay,
Ocholoo,
Anahjobee,
Tosoo,
Hyenah,
Monsoo,
Ogootoo,
Dafoahkong,
Olubahsoo,
Woloo,
Chokoo,
Aquayea,
Woloo,
Kahnoomlee,
Hyenah,
Kochinnah,
Daylahlor,
Ahlamoo,
Lahdahnoo,
Fattahyea,
Ahkeahlah,
Ahdeeyteakoo,
Ahkambee,
Oydahnee,
Ogah,
Dagdalloo,
Bekokoo,
Allehday,
Pahgindapay,
Okoojokong,
Shuboh,
Alaybee,
Ebah,
Olukokong,
Ahbomowah,
Chodupay,
Imballah,
Iyealoo,
Donkay,
Lotoe,
Odyboh,
Choloahday,
Lahdineday,
Lahlooway,
Owonchay,
Eboymee,
Ahjahsee,
Chudahkay,
Ammadoo,
Odeenogoh,
Olookoo,
Ockonloo,
Ahkeejobee,
Iheelay,
Ochaw,
Ochaw,
Chukoloo,
Ogoshattah,
Hyenah,
Ogobee,
Ojah,
Bansay,
Hyenah,
Rogaykay,
Mokoloo,
Ahkaychenah,
Fahbong,
Oecholah,
Mahmah,
Mannersarrah,
Ogochuloo,
Ahkeejobee,
Koyea,
Cellah,
Mahgahzee,
Oloochahgany,
Mahkoloo,
Mahbalay,
Hyenah,
Foolayree,
Chummoloo,
Ochoh,
Donkay,
Eddow,
Cholah,
Ogrombee,
Iloorea,
Kozee,
Chukaloo,
Addoo,
Okolye,
Kayzee,
Ahkannee,
Alahnee,
Hyenah,
Olahnejah,
Lamdoo,
Ahwobah,
Ahlahguay,
Robantah,
Ogoo,
Ahjubah,
Woroo,
Ahjai,
Odee,
Joko,
Dyeloo,
Robeater,
Osoo,
Boredah,
Tyeyobo,
Loodaroo,
Egay,
Mahbahco,
Hyenah,
Odee,
Daykayyea,
Ojomoloo,
Ahdayjee,
Edowo,
Lamlayloo,
Ahkeechebah,
Bankolay,
Barrah,
Chumoloo,
Ogololah,
Ogomekah,
Ogotahday,
Robeater,
Ahkallah,
Ahjai,
Cheyahmah,
Odswahlay,
Ahwosee,
Mahkolee,
Okabay,
Ayomee,
Chotoebo,
Fahgoowah,
Edowo,
Equaday,
Koomoyee,
Mahmah,
Chobay,
Olowoo,
Olowoo,
Maylaykoo,
Ochoh,
Mahboloo,
Leeaju,
Jorokay,
Ogobee,
Chokoloo,
Chuobee,
Ahjai,
Chobaykoo,
Ojoe,
Ogoobee,
Olojo,
Ogooby,
Inodear,
Ahmochah,
Dooahko,
Ahkeealoo,
Ogotahday,
Fahlundoo,
Daykoo,
Gootahday,
Odoquah,
Ojoe,
Chahtusay,
Anee,
Pahbah,
Agee,
Mahjahdoo,
Agoonaygee,
Ahdeegoo,
Ogoobye,
Sumarday,
Oyelogyea,
Geebohday,
Ojahbay,
Dowoo,
Efahbay,
Sovsomme,
Okolahday,
Edowo,
Lannosoo,
Owee,
Owee Child,
Olojoe,
Olojoe Child ,
Ahgotay,
Ahgotay Child ,
Morai,
Morai Child,
Awochee,
Lackeylo,
Samnoo,
Lahchekoo,
Ahkingolah,
Booso,
Afugee,
Okenum,
Ahdayah,
Fittykay,
Adoo,
Ahwah,
Hyenah,
Lubow,
Billoahday,
Ochabbee,
Hyenah,
Ochokinkay,
Lahmahtah,
Dosomee,
Hyenah,
Olubahson,
Chahfamee,
Ahdabong,
Kesonee,
Kosee,
Chakennay,
Okosaiday,
Kofogee,
Olubittah,
Bamkay,
Ahzatoo,
Ochahmolah,
Machahgo,
Hyenah,
Ahbradsee,
Ahsonnonkay,
Kallekonnay,
Tahwo,
Dasumayloo,
Allukankay,
Olupay,
Aproyea,
Ahdabillay,
Nejongpay,
Ahdasin,
Ebepoe,
Ahwotoday,
Ahfoday,
Obahtamoo,
Molaloo,
Jakey,
Kalamboo,
Olahchonee,
Akedamee,
Ojutee,
Mobah,
Ahweesekoo,
Akedoo,
Lahwosee,
Kennawoo,
Awoosee,
Daguaju,
Tittekay,
Ahminnah,
Ahsewamah,
Ahjai,
Annekay,
Ahdayea,
Lanaloo,
Ahdaylowah,
Hyenah,
Hyinday,
Mallolah,
Loowo,
Kallahtoo,
Agooroomee,
Akiddah,
Ochu,
Echigo,
Awoochu,
Esawoo,
Neahegah,
Sayquay,
Mammysuloo,
Iahgoo,
Ochukahlay,
Lanneyea,
Mahbollah,
Tyeyo,
Mahlahkay,
Oneekayea,
Olookay,
Peampay,
Apooloo,
Afollahday,
Ahdegboo,
Hyenah,
Kovdoobye,
Aosee,
Doninkay,
Ahjai,
Ebooday,
Ahfeeohnee,
Daddah,
Ochowahlay,
Awootoyour,
Daddah,
Obolah,
Mannesay,
Ahkayjai,
Akaydah,
Ahveetomee,
Konlyeyo,
Bunnodegpay,
Oway,
Jeleggay,
Ahdenneekay,
Koowarree,
Daddah,
Ojah,
Ahdegbolah,
Ahasaymee,
Daywahlee,
Myyoyea,
Obinnee,
Fahdonkay,
Dayjonquay,
Yeanonkay,
Fahbee,
Mondeeyah,
Ahmolah,
Odojoe,
Mollah,
Hyenah,
Yahboh,
Alahbah,
Equahboe,
Modayah,
Ahmololah,
Owechee,
Mallong,
Hyenah,
Ochojulay,
Lalloway,
Olojoe,
Olefedick,
Mallokoe,
Bojoe,
Olojoe,
Owejokay,
Lowaybay,
Lanloway,
Tahwoh,
Lahkong,
Owosee,
Awitchachay,
Molay,
Tasso,
Owoosoo,
Ahjai,
Ajoe,
Mallahkay,
Akadah,
Ahdona,
Ahbotay,
Ahdombo,
Kosoobay,
Ahbokimbee,
Ankaloo,
Ahlaboo,
Loombesee,
Mahtippo,
Ahjillay,
Ahjakoko,
Dahsong,
Molokay,
Alleakay,
Toboo,
Allokalay,
Ajiobee,
Aleebah,
Lajoe,
Mallehkay,
Iyeah,
Tenloh,
Nudohima,
Wonakay,
Bakbah,
Owofeney,
Gogoroo,
Oco,
Oddoh,
Ahlookoo,
Mahmahgamah,
Ahsojay,
Booco,
Vaggoo,
Ayah,
Fannymokoo,
Eday,
Bogelay,
Eday,
Omeaky,
Odee,
Labaygonee,
Lahkahneray,
Sahsahnoo,
Ahbahwor,
Kedooroo,
Ahreefruwah,
Fahseeway,
Bahwashey,
Omokoroo,
Daymedmohy,
Nojurookay,
Fahdegbay,
Edowoo,
Mohsorway,
Sahtugbah,
Ogaybah,
Ojoe,
Bojoky,
Comray,
Lahahum,
Obugbay,
Ahjumah,
Ahmorgorah,
Ahjaymah,
Mannykenny,
Agbay,
Danayreetah,
Ahjarree,
Mossumay,
Onojoe,
Omahwannah,
Esahjobee,
Tojemakah,
Eyahyee,
Yarreko,
Ahluaday,
Ahsinnay,
Mahboloh,
Motogo,
Ahkadeah,
Tahbalahgo,
Nahtong,
Ahboway,
Deoway,
Debeagah,
Weokong,
Lumawah,
Bogahday,
Ogojahbee,
Famolah,
Sedoo,
Olokoo,
Ojah,
Mosayahmay,
Wosay,
Wetaworroo,
Wobee,
Semasee,
Gumahdeah,
Osonnay,
Ahbowah,
Ahballabay,
Assonnee,
Doalloo,
Quarree,
Feah,
Indammah,
Kahbangi,
Bannah,
Brahhumah,
Dowahjarree,
Kanbah,
Wachah,
Bahye,
Bahnee,
Backkahbye,
Komay,
Kahtombo,
Ogboo,
Tammeye,
Frank,
Ingobay,
Mohchah,
Wonee,
Consignah,
Oudoh,
Myah,
Jarrah,
Fahyarrah,
Ballah,
Furay bluddee,
Doowe,
Mordoo,
Feauh,
Bah,
Warree,
Indolay,
Fourbennay,
Kahwonnee,
Koree,
Dowarroo,
Myah,
Kundoh,
Bannah,
Bannah,
Pandahworroh,
Rahmoo,
Gaybah,
Sombyeyah,
Bayshay,
Korree,
Jallah,
Bubboh,
Quyeway,
Dyeyah,
Yahkoo,
Yegbay,
Doahroo,
Ingolay,
Coyandee,
Yeckkay,
Cannahvah,
Poopah,
Fahbong,
Dyeyah,
Bayyea,
Cumbah,
Ingobay,
Tarfaray,
Jambahgo,
Mahtoo,
Kayfay,
Ningah,
Sibbey,
Dee,
Jaymanny,
Mahjah,
Yombo,
Dayyah,
Yahmahwho,
Yombo,
Chambo,
Binday,
Iammah,
Bondo,
Quahgee,
Ninenah,
Colas alias Randolph,
Coco,
Ingaywah,
Gaysaymah,
Siera,
Siera,
Quonah,
Ingarabye,
Commen,
Karnray,
Tambah,
Soneauh,
Komay,
Yarrah,
Mandoh,
Kyekye,
Komy,
Bannah,
Laysay,
Kahbanggi,
Tong,
Kahwonday,
Symah,
Ingellah,
Kahmah,
Janggee,
Indollay,
Ambaykay,
Dowahmah,
Siera,
Siera,
Bay,
Harmah,
Jannah,
Loobye,
Binjow,
Gokah,
Dugboh,
Yahwow,
Dinjow,
Mangay,
Foray,
Kahcumbah,
Saysay,
Paray,
Kahquinday,
Tenday,
Jinnah,
Nearworah,
Salloo,
Quonah,
Mahno,
Mahsow,
Ningah,
Korah,
Bomboh,
Kanyea,
Penday,
Jammah,
Komay,
Bahtow,
Quonah,
Yombo,
Tomah,
Juppo,
Neando,
Siera,
Ningah,
Kanyea,
Cumbah,
Ningah,
Ahbajah,
Adeah,
Odosoo,
Obo,
Ahwokah,
Emahpah,
Ebahpah,
Adahpah,
Eboe,
Abogomahgahday,
Asamegoway,
Enogoe,
Insee,
Amanekay,
Ahlenoo,
Okarakay,
Agoe,
Gedoway,
Imbah,
Okarakay,
Otatay,
Odahmah,
Odah,
Ekay,
Omoday,
Ahbassy,
Ahpan,
Adam,
Ahpan,
Odah,
Akahnem,
Abahsay,
Odoh,
Appan,
Enang,
Opay,
Ahpanwah,
Okahyah,
Adoh,
Adoh,
Akahnem,
Abahwah,
Amah,
Iyoh,
Adong,
Wasay,
Monkoo,
Nanchay,
Nankaray,
Etoe,
Akay,
Akay,
Ayongo,
Omoh,
Ademikoh,
Amoh,
Enah,
Kroobah,
Ahpan,
Aleambay,
Bokee,
Dochay,
Edeyodim,
Ahpan,
Apang,
Imboe,
Inkahkah,
Bonjah,
Owanbay,
Moytoe,
Ingolah,
Intangah,
Mogah,
Indokore,
Intangah,
Ebay,
Aboe,
Effem,
Moomoo,
Doomah,
Inday,
Imbay,
Ahbassy,
Nengandah,
Yamsay,
Intangah,
Mellekah,
Imborokah,
Kamchon,
Mompang,
Mantom,
Injay,
Mantongoe,
Indeefong,
Indang,
Mongoe,
Intoe,
Indow,
Ayap,
Sanjoe,
Bambay,
Mangay,
Ingahbah,
Gofong,
Eyah,
Doodashay,
Chumbah,
Choke,
Kah,
Bongee,
Yong,
Inqing,
Ackam,
Ayap,
Ingoe,
Bakang,
Gangnah,
Ingay,
Yongah,
Sarjay,
Yamsay,
Injokay,
Imbote,
Enneah,
Jimojah,
Baquah,
Homchah,
Napett,
Imboh,
Funjay,
Ingonkah,
Nong,
Inkay,
Induroo,
Inyong,
Whahmoo,
Nanajoe,
Egay,
Quashah,
Mombay,
Oquay,
Ofoh,
Kankay,
Jemefoh,
Ahbassee,
Aquah,
Ta Antum,
Ahkandem,
Wahnem,
Imboquah,
Inzoinchay,
Ahfacquah,
Ahdeahgah,
Agemarsagoo,
Innoh,
Atitty,
Assah,
Ahtum,
Funchonay,
Annarkah,
Okoo,
Ogellay,
Okeechee,
Inguandam,
Ingomendah,
Neam,
Ahwoe,
Ahsomebeah,
Ayerewah,
Aconnay,
Soquah,
Annachellay,
Imbakay,
Ajukoo,
Bolah,
Ahboe,
Ajahko,
Ahfoachay,
Odorobah,
Ammah,
Agbammo,
Imbolah,
Ahbochee,
Ahnamahchay,
Chahcootoo,
Immoh,
Insahsin,
Aquanong,
Insozom,
Ayap,
Afontitteah,
Inchom,
Indap,
Bahpah,
Innah,
Ommoh,
Intonkattah,
Ingallah,
Inkakam,
Nammelay,
Inchomay,
Annah,
Inkatay,
Aleanah,
Imbolo,
Orro,
Banzip,
Ingoway,
Nanbanjah,
Mandop,
Imbalaby,
Innaman,
Abroday,
Mandop,
Tatay,
Addah,
Abashy,
Bamedeakah,
Inkantang,
Affeah,
Akay,
Ogoh,
Imbakay,
Obahlo,
Oheah,
Menachee,
Ahkandem,
Imbaky,
Accom,
Ahokay,
Amboh,
Ingaquah,
Azoquah,
Imbokoo,
Amasay,
Okojoe,
Inquambo,
Achaho,
Innambah,
Imbaffoe,
Ayongbah,
Adeyahkah,
Osuck,
Alokay,
Mahfo,
Aforay,
Chanwah,
Inkolee,
Anchay,
Imboday,
Wahnah,
Owahlah,
Tinnoh,
Imbom,
Defong,
Pampah,
Cumbah,
Indoosoo,
Wonjah,
Gobahnay,
Indotomahsosor,
Mahyombo,
Gomahsah,
Injolay,
Gobahnem,
Injambay,
Lombo,
Nahmattah,
Jangay,
Gobahsah,
Injomah,
Decomay,
Pongah,
Ingonah,
Sowahlah,
Indosoo,
Towah,
Meseah,
Inwahloo,
Ahlekah,
Imbahnoo,
Manayack,
Injunwah,
Imposay,
Imbesimah,
Nowangee,
Injokoya,
Ingombom,
Dahlay,
Namkong,
Indosoo,
Indosoo,
Ingando,
Bosah,
Apelebong,
Injonay,
Yollay,
Abee,
Manjang,
Abong,
Imbongo,
Ocoh,
Mokongo,
Solomoto,
Soloahmah,
Kamahlonge,
Masodee,
Masongo,
Kobah,
Dondokee,
Malangah,
Iffay,
Appah,
Iyoh,
Obonah,
Ojor,
Chomoko,
Oalayby,
Bojaybee,
Ajai,
Ambassah,
Agah,
Ajubahday,
Kudahsee,
Lahjue,
Oquadoe,
Ahdowaybo,
Ahchardo,
Ogojayhah,
Adaybee,
Lahgokee,
Veahlay,
Ahchow,
Ahbeenah,
Fahjoebee,
Songkay,
Addah,
Bywah,
Ogoobee,
Ochow,
Ochow,
Quoahree,
Efahwee,
Ojoe,
Ochaw,
Ebokah,
Killanko,
Okojobee,
Omahlossee,
Ochahchounay,
Ochow,
Daddah,
Oleggee,
Komahpye,
Annewah,
Geesah,
Edow,
Oluboh,
Koshalah,
Hyenah,
Okoyay,
Olokoo,
Fahbulay,
Wahlolee,
Geboso,
Okojobee,
Yahboloo,
Ojodee,
Fahladay,
Molojo,
Abesahdoo,
Olubahlah,
Ketikilly,
Olubissoo,
Ahjado,
Ahdabakong,
Kelanko,
Ololah,
Fahluday,
Kyoday,
Banbahway,
Olah,
Fahlobee,
Dowoo,
Ahlonowah,
Olubemah,
Balagoo,
Olojoo,
Epelloo,
Fahbulay,
Akenday,
Ahboh,
Kyoday,
Okosoday,
Ayahgoboo,
Gahsahloo,
Daygokoo,
Tonahday,
Ahsokoo,
Odosoo,
Kosobay,
Depaloo,
Okoloo,
Fahkobee,
Dagokoo,
Odoahloo,
Lahbanjay,
Omelahyee,
Ojoe,
Genesoo,
Lubay,
Olojoe,
Kosahbay,
Afulay,
Kahsemarwo,
Osoo,
Lubafong,
Quei,
Kumahpye,
Ahkunnahday,
Digbay,
Lookansee,
Loosono,
Osobye,
Chobah,
Ahjambahkoo,
Oquimekah,
Tyeoh,
Sogee,
Ogojobee,
Ahdiffelah,
Egay,
Obassah,
Ahdeeako,
Ojoe,
Ochobah,
Olallahwar,
Olahdahton,
Sobree,
Ochollahpony,
Ochoe,
Ahbuddo,
Kallahpay,
Tabbray,
Odosinnah,
Coty,
Odowaywoo,
Oyeloywah,
Oloogobee,
Ahpedoe,
Ojagbaymee,
Oyonto,
Ochoe,
Ojoe,
Dayfillah,
Ojoe,
Sofollay,
Kabahlahjay,
Adasugbah,
Ojoe,
Otyco,
Efatee,
Ahgolahday,
Hyenah,
Kopahsiyah,
Ojoe,
Chaychaloo,
Fahbaymee,
Ahbahjamee,
Acannah,
Mammah,
Bahgooddoo,
Jobbah,
Ayeametee,
Edow,
Okay,
Sogaykay,
Woloo,
Soochayso,
Maykahloo,
Ahwoollay,
Emoroe,
Mammah,
Ogallemejai,
Kossolu,
Lahgongo,
Dereesoo,
Ahkambay,
Oduahlah,
Okullo,
Ono,
Ahdillahyea,
Ochollah,
Daypulloo,
Marloh,
Atimmorah,
Lahfeegee,
Fahgasee,
Jaco,
Ogussuda,
Egussoo,
Famee,
Okossai,
Oshillay,
Bolodechah,
Hyedah,
Ahdabee,
Ahkeeboh,
Ojay,
Esah,
Ejaiboloo,
Okobahlahsai,
Soday,
Adokolah,
Songaby,
Osommah,
Osoh,
Odontah,
Aquimbodi,
Akennay,
Quoloo,
Ahgebee,
Ahjubahdah,
Ojah,
Okonnahday,
Onakah,
Kojeoyay,
Ahgabbee,
Ahbadayee,
Oloosonkong,
Ogordayee,
Hyenah,
Luyay,
Abassah,
Hyenah,
Ajobee,
Ajoe,
Fahbilly,
Ahkennay,
Inwilolah,
Oloho,
Ojahbee,
Yalahday,
Mahmo,
Bankolay,
Wahlolee,
Takatay,
Ecochee,
Ajahsah,
Olukahday,
Ogomakee,
Mahbajah,
Bahkay,
Kosedowoo,
Mambolah,
Hyelah,
Okojobee,
Olufunday,
Bambopah,
Ahbedogong,
Adakambay,
Chobambee,
Laskay,
Ahkumay,
Abyea,
Osolease,
Faddayea,
Oloahda,
Edowoo,
Agebosoo,
Delumbee,
Lanjoe,
Yajoe,
Ojoe,
Ojoe,
Oloh,
Edeenee,
Atinee,
Hyenah,
Jagoo,
Hyenah,
Hyeconee,
Alahday,
Ochumee,
Ayakang,
Musah,
Otammee,
Ahkallah,
Lahjamee,
Oshoh,
Mammo,
Yolufinnee,
Lahmee,
Igosee,
Awahpay,
Agballay,
Akiddah,
Tyawah,
Osoobeeyee,
Hyenah,
Corrongwee,
Odoorakoo,
Darookay,
Awooshue,
Awooshue Child,
Deffahkoa,
Deffahkoa Child ,
Iyakay,
Iyakay Child ,
Osorombee,
Osorombee Child,
Ahdaylah,
Hyenah,
Hyenah,
Bojah,
Hyenah,
Olomahbahkay,
Keeahleebay,
Olahjoloo,
Ahjai,
Lahdayomee,
Odoobee,
Odoobee Child ,
Oyahcowaday,
Oyahcowaday Child,
Leeamajue,
Modellay,
Hyenah,
Lahree,
Afoopay,
Koojambolah,
Lahmee,
Gumboe,
Iyeparroo,
Bamballah,
Dattoomah,
Yamaygee,
Iagoo,
Lyesee,
Ojai,
Oduntah,
Makpay,
Hyesah,
Ohloomoyekay,
Meloolah,
Simmatoo,
Ajuenay,
Fahtumah,
Afuahlue,
Kosoneekay,
Sappaygoo,
Agai,
Ohloopahday,
Ahculay,
Hyenah,
Ayeagoo,
Ohfookoloo,
Hyenah,
Lohloo,
Ahyaway,
Annekai,
Anekee,
Oyeakolay,
Banjoko,
Daddah,
Fahnookay,
Dafahlahloo,
Mahchulloway,
Dojuallah,
Akallatoo,
Fahwoe,
Mahbollah,
Kalloowodeeyea,
Ogoteemee,
Tahwo,
Odubbee,
Kabadaycoo,
Ahdaynekoo,
Kohmolee,
Bosee,
Maylolah,
Eddong,
Odaylayboo,
Osogbeemee,
Hyenah,
Odah,
Mallahyo,
Okaddahyo,
Ahjai,
Akambay,
Ajahdallay,
Otchoh,
Dosomo,
Ahjaiballoo,
Hyenah,
Imbarrepoh,
Hyenah,
Oloomo,
Ojoe,
Fahbaymee,
Osallahkay,
Teekallahwah,
Edowo,
Otchoh,
Lollee,
Ahkaybee,
Echoko,
Aquillabedoe,
Ogunnayee,
Solahyah,
Beetaigoo,
Yaneyha,
Ohway,
Fahseenah,
Kaisee,
Hyenah,
Lahgiddo,
Keetoyee,
Addoo,
Ahjuahlay,
Daddah,
Ogotobee,
Annayou,
Obassah,
Ossoo,
Ahkinno,
Mahwonno,
Ojoe,
Leeloko,
Hyenah,
Odoboossee,
Hyenah,
Walloday,
Hyenah,
Odo,
Ogodahrow,
Ojallahday,
Hyenah,
Ahkeeyamee,
Kuttoloo,
Jahlosee,
Sokalloo,
Wahlollee,
Ogawahgoo,
Otochoh,
Agoosayco,
Iyoko,
Ofannymarko,
Olaykoolay,
Lasseedee,
Lyeoloe,
Daddah,
Ajai,
Ballah,
Ahdebossah,
Olookyeyah,
Daddah,
Ahkigbay,
Mojallah,
Ojoe,
Dolojai,
Otchoh,
Oloahlay,
Awooday,
Otchoh,
Addoo,
Daywomarko,
Otchoh,
Komoyee,
Ogobarbee,
Fahgaboo,
Elorree,
Ahgosso,
Babbahbingah,
Hyenah,
Ahjai,
Daddah,
Otchoh,
Osannikee,
Chahchonno,
Deebobah,
Ojoe,
Ahjubbay,
Edowo,
Hyenah,
Ojoe,
Geebodoo,
Onooway,
Dowoo,
Sholakoo,
Edowoo,
Onebokay,
Debobah,
Koballay,
Ojoe,
Odomochee,
Fahdolly,
Eboday,
Lusogee,
Efahmolay,
Fahbulay,
Odoosallah,
Ason,
Lubagee,
Oleetahtah,
Okalay,
Bagbalah,
Apadokoo,
Adowoo,
Ahjai,
Jeboloo,
Fabahloo,
Adabee,
Oloobaquay,
Moyah,
Daddah,
Addoo,
Imbaloo,
Olalaykoo,
Kobolegee,
Winchalah,
Achoh,
Sowyah,
Ochagoo,
Ojahton,
Oloodo,
Osotee,
Amoyee,
Akelomee,
Edowoo,
Cholayen,
Gebosay,
Ajoe,
Agay,
Yanoyah,
Tahboyee,
Akiddoh,
Ahfookoo,
Ammekaysai,
Agai,
Loowallahgah,
Ahjai,
Olookahtan,
Manneyegpay,
Beetolah,
Bayoko,
Daysoo,
Akiddong,
Tyewoo,
Awoosee,
Awoosee,
Awoochue,
Awoochue,
Olojoe,
Daywoosee,
Hyenah,
Manneyegpay,
Obookallah,
Ahjibbahsay,
Morelye,
Sahtukuisee,
Sammokai,
Affookoobee,
Mahkoojolah,
Olebemmoroo,
Tawoo,
Fahsenbay,
Ahdoahlah,
Ahdaykah,
Dahfisamah,
Lumayroo,
Jayyoh,
Arondoo,
Yahjemmee,
Fahsonkay,
Ahdawoo,
Samnoo,
Ofoosahlah,
Ahsumpee,
Ahkoonoo,
Ogooronkay,
Bangballah,
Littemoo,
Malloo,
Morongfooloo,
Ahjahbee,
Ilahbolah,
Karrooway,
Ahteenokay,
Hyenah,
Ahtome,
Memmenolay,
Ahgoobayloo,
Tawoo,
Bojoe,
Jahgoo,
Allahbah,
Memahsah,
Aweeshue,
Moyawoh,
Lahwoolay,
Oyeagee,
Hyenah,
Ahbimboloo,
Oyahramee,
Binotoo,
Sahronkay,
Lannah,
Hyowah,
Afootyo,
Otamarree,
Tahwo,
Mahmotee,
Fahloobay,
Fahdeepay,
Addoo,
Millahkahway,
Otegbolah,
Allahkay,
Lahkahme,
Ahdebbo,
Bangboyeabo,
Oboyeamee,
Ogoorankay,
Malaykay,
Lickpahday,
Oyesah,
Molye,
Ahlishsheolah,
Ahsaybee,
Antillo,
Tokosee,
Hyenah,
Bangoshee,
Yahdeepay,
Ojoe,
Jeemore,
Jack,
Messah,
Kodahway,
Gumbongah,
Imbam,
Nobill,
Loo,
Bambong,
Inguah,
Injonjoe,
Nomoe,
Imbang,
Yahmah,
Bangasomoo,
Dogodogo,
Indam,
Ahsuah,
Incongo,
Indonkay,
Bahtem,
Ingallay,
Imbong,
Imbokay,
Alonge,
Insolay,
Imbotay,
Mahkongah,
Bolahmay,
Chowah,
Injolee,
Ahkinoo,
Ahwodeah,
Mangone,
Tahnee,
Sowallay,
Indangah,
Inzoglay,
Akwonay,
Etrahbiye,
Injulemah,
Mahtoo,
Etee,
Ingallay,
Mokallay,
Sonnah,
Anahmoe,
Asam,
Mokallay,
Ahquan,
Gomanquay,
Assuah,
Owoolah,
Mokoko,
Ingangah,
Yakolah,
Mallongoo,
Nomm,
Akammoo,
Wambay,
Annannah,
Masellay,
Lamboh,
Owenday,
Imboamah,
Kandagee,
Fessah,
Imbang,
Atannah,
Domancomah,
Mantonday,
Tonnah,
Indongah,
Wonembel,
Watonee,
Bandobet,
Asanay,
Toquay,
Agolah,
Fahloyee,
Allahsonkay,
Logahloo,
Lahbah,
Alahbay,
Odabee,
Ahgessee,
Ochoe,
Ocomoloo,
Adoo,
Banetoo,
Odoo,
Okalaloo,
Somahlah,
Addeah,
Ajumenoo,
Abedogong,
Ashan,
Akolobee,
Lahchelo,
Agobah,
Geboloo,
Efotay,
Cholah,
Legyembah,
Achoh,
Achokoo,
Totahya,
Yahmoh,
Yahkoo,
Alahlahnoo,
Ahchokoo,
Modee,
Chogee,
Bahwah,
Ahchoe,
Mahbokee,
Ahyonee,
Alolee,
Ogah,
Mochakaloo,
Olechuboo,
Ahloseno,
Bokekee,
Omahlahgee,
Ogomahday,
Akotay,
Lahlobay,
Osoom,
Lahlayah,
Ajahbay,
Ahdoboloo,
Dajumah,
Achabay,
Ahmodo,
Alaahjo,
Toloo,
Majohdomee,
Chanoo,
Awomee,
Adelahmee,
Fahlolah,
Olubolay,
Ahkong,
Alahday,
Benoyoh,
Ajoh,
Galay,
Oyadetah,
Hyenah,
Chelopoh,
Moyelaloo,
Konomee,
Dowoo,
Agojome,
Ahdasakoo,
Danosee,
Ahjai,
Hyenah,
Alojoo,
Sammoh,
Dowoo,
Waloo,
Ahbedogoo,
Lokogee,
Ahdobay,
Kekoloo,
Ahbassah,
Achoe,
Chomojay,
Achoko,
Ajalah,
Mykoo,
Dowoo,
Ahjai,
Akahlah,
Adaloo,
Amotayah,
Aloalah,
Chahcholo,
Chogoo,
Ahkesetay,
Ahjai,
Ahchoe,
Ahlahbay,
Lachee,
Mochubee,
Ahchahday,
Ahboo,
Medepay,
Ahgannah,
Olochalah,
Akambee,
Adosalah,
Bankolay,
Ayonekay,
Anneah,
Lukahlay,
Ahmotee,
Ojakay,
Ajugbay,
Ogoloyobo,
Lubay,
Myenah,
Oluolay,
Cholanday,
Olubee,
Okallah,
Hyenah,
Kowojuday,
Sodahkay,
Olutahlo,
Chomotee,
Sahlogay,
Ojoe,
Achokoo,
Daddah,
Jakang,
Adoo,
Attahsah,
Sallay,
Osahjahyee,
Jaheday,
Ahsepah,
Achoh,
Adahloo,
Ojoe,
Olujahgan,
Abudahpoh,
Abudahpoh's child,
Yawahtoo,
Yawahtoo's child ,
Bojarkalay,
Bojarkalay's child,
Marrah,
Jupay,
Atomay,
Sokahlamoo,
Sovee,
Kolahko,
Olahlamee,
Vamokalay,
Bahmobahlay,
Kosako,
Adajahkay,
Ahvallah,
Ajumah,
Lahtoh,
Obannahjah,
Kotobay,
Olesahbolay,
Ayowah,
Abahjo,
Tasso,
Labolonee,
Wotokay,
Aseyomee,
Amahyakay,
Iyay,
Lyofay,
Awosoo,
Ahdawoo,
Myjeobay,
Hyenah,
Ajahtombay,
Saffomekay,
Awoosoo,
Abenoo,
Awoosoo,
Azolokay,
Abappeelay,
Olesahtokay,
Obepoh,
Ahmahleah,
Omahbay,
Olobahdokay,
Onemeday,
Mahbosee,
Tennay,
Ahmenah,
Ahmenah,
Lavookay,
Sannon,
Hyenah,
Fahtay,
Olahmachay,
Lahmesanah,
Ogotakah,
Amedae,
Ayahgalee,
Mahtambay,
Ahdabamee,
Lahvintang,
Ahjusay,
Bangbamee,
Sahgotolah,
Akoalah,
Osotahlah,
Mallahlah,
Cholahbee,
Mallahkay,
Olepahday,
Bahdobee,
Ahdalodo,
Malahya,
Apputalah,
Ahchoboo,
Majahbay,
Lowahlo,
Akahrah,
Sokolah,
Odontah,
Ojoe,
Lallatong,
Lufegee,
Ogoo,
Ayowah,
Lallotang,
Chodoloo,
Ahchoh,
Allagay,
Gallowee,
Olesahtomee,
Olomahday,
Emakamaloo,
Fambee,
Lefelah,
Myalay,
Ofuluah,
Oday,
Ayako,
Ebahquay,
Nomahlah,
Insahdeko,
Ojoe,
Legahsee,
Olukay,
Chonahyay,
Chodepo,
Odotoloo,
Annegoo,
Dosomoo,
Ahdontang,
Odoway,
Ogoo,
Osobay,
Ochoh,
Ojahee,
Ojoe,
Olujobee,
Koree,
Owayoo,
Jahgoo,
Ahcoh,
Odemahlah,
Hyenah,
Ahdagono,
Ojoe,
Ahjai,
Ojadamee,
Lamlosee,
Kolah,
Odoo,
Ahmosee,
Chukajue,
Chugarloo,
Faahloo,
Chahdepo,
Malloko,
Awoso,
Ahtom,
Molahkee,
Edowoo,
Tahwo,
Mahsadah,
Lodobo,
Daddah,
Afogee,
Jekololah,
Hyenah,
Mahbada,
Awoo,
Okapajue,
Moesahlah,
Leshowah,
Mahkojolah,
Obotomah,
Afulah,
Mahfekoyah,
Abankay,
Lubay,
Jasahnoo,
Hyenah,
Bahshadah,
Lahsheday,
Molekay,
Ahdakolah,
Alutahgee,
Fahkay,
Acombo,
Inquay,
Indoap,
Ekotong,
Yamsay,
Kissey,
Imboko,
Sulah,
Wahnem,
Imbenday,
Pomah,
Lembah,
Nonah,
Ingoh,
Wambay,
Guah,
Mesongo,
Wambay,
Ewang,
Impahko,
Imbangah,
Korongo,
Alambah,
Mateah,
Inquay,
Mesam,
Imballayo,
Bodobuck,
Amolee,
Macoree,
Dembalah,
Mebong,
Acomjoko,
Indikabo,
Aling,
Molomoo,
Bahmonday,
Mandebah,
Obahlay,
Mondaho,
Depenong,
Insongbannah,
Manayang,
Basomboo,
Ingoe,
Cumbah,
Quam,
Gobahtam,
Incongo,
Sammang,
Jahnemguah,
Incongay,
Landah,
Mosallay,
Keyah,
Imbom,
Keyah,
Keyah,
Ingoom,
Ingoom Child,
Sammang,
Sammang,
Sammang,
Inchay,
Incoom,
Inkem,
Inteck,
Bullay,
Myoh,
Mangam,
Toko,
Nakakay,
Manmouse,
Nandwiney,
Soung,
Meyamnabamah,
Namboh,
Nammiss,
Nammakah,
Namwatakah,
Bahallahah,
Kakah,
Intock,
Femong,
Gumbechee,
Emosee,
Emoh,
Eyongo,
Ingoh,
Indee,
Lahdee,
Asoo,
Ingommoo,
Nangah,
Pandah,
Insoom,
Namsay,
Depandah,
Betokee,
Neah,
Injoh,
Injoh,
Defong,
Intubah,
Indefong,
Injang,
Fonkay,
Indefong,
Indefong,
Imbole,
Esopah,
Injonah,
Defong,
Indee,
Inseah,
Imbando,
Ingam,
Intee,
Ahwilly,
Imbangah,
Injambah,
Ingally,
Imbelkong,
Indefah,
Imbating,
Dokong,
Indakong,
Indickname,
Indeyah,
Deyannah,
Insoom,
Landah,
Deonee,
Intahyang,
Imbakay,
Imbangoo,
Mokobose,
Nangole,
Inquam,
Sammah,
Incongo,
Ingo,
Dongmissee,
Mengmissee,
Nackah,
Nangting,
Nangahmelong,
Inqualay,
Ingolah,
Imbango,
Wokangay,
Tequay,
Iango,
Mattangah,
Inkem,
Inkem,
Ototoo,
Agboh,
Awah,
Ogah,
Addeah,
Egbay,
Ahkonjom,
Apodon,
Otoh,
Nedahgam,
Indobo,
Enang,
Appan,
Orotoo,
Imboh,
Esaine,
Appan,
Bahdayah,
Apahbeyo,
Appan,
Impong,
Esaine,
Appan,
Odoh,
Anang,
Etah,
Odoh,
Atah,
Addee,
Abang,
Boquoarray,
Mosemnay,
Annang,
Mongolly,
Mocoh,
Mocoom,
Mopoo,
Yangoh,
Indee,
Yong,
Forbee,
Ingom,
Namsay,
Ayah,
Akang,
Sangoh,
Jungoo,
Gololee,
Mahyap,
Imbell,
Namsay,
Intang,
Indee,
Insoh,
Incole,
Defong,
Enoh,
Defong,
Obah,
Woko,
Montegah,
Obah,
Defong,
Jekam,
Infom,
Jai,
Inday,
Fondah,
Infom,
Ingay,
Infom,
Bankay,
Mongah,
Eway,
Ahjoe,
Akay,
Oloe,
Inquah,
Ogoo,
Enoh,
Akelo,
Okolo,
Ahmogee,
Oboo,
Enang,
Odogoo,
Mammah,
Okarakay,
Wokay,
Omah,
Melennay,
Wochay,
Enemechey,
Ennoo,
Owoleakam,
Tatteah,
Ocom,
Bahboh,
Efee,
Oboe,
Isahgah,
Bahdowah,
Obolee,
Jokom,
Chogah,
Ahboh,
Atang,
Adah,
Ayop,
Takoo,
Dotoo,
Okobiye,
Monno,
Asequah,
Sahco,
Mosongoo,
Tenjah,
Asammo,
Eloh,
Mammoh,
Bahlondo,
Enoko,
Eboe,
Nonchoh,
Indomowah,
Kamsay,
Mambay,
Appan,
Fesoff,
Dangoh,
Ingotee,
Banquay,
Mamboh,
Wedett,
Meway,
Mesahvee,
Mombah,
Sammeing,
Acquay,
Emoh,
Addeah,
Akay,
Equah,
Adeagah,
Acquay,
Ahbassee,
Adeagah,
Ebetam,
Adeagah,
Ahbassay,
Owem,
Adeagah,
Intong,
Feamrah,
Akahnem,
Wanko,
Amoh,
Ageagah,
Ahkem,
Amoh,
Owah,
Adeagah,
Accoom,
Apahbo,
Anang,
Ewah,
Ahwahdah,
Ahfeoh,
Odah,
Usoroko,
Bendara,
Anchah,
Odah,
Okarumah,
Wanbay,
Alooboo,
Fingin,
Adeah,
Abbassee,
Anooboo,
Annoboo,
Adogoo,
Esonoo,
Achimbay,
Aladee,
Effam,
Ebahchee,
Manpoh,
Ahpallayah,
Inguahmah,
Imboloo,
Azakim,
Anogay,
Abochoh,
Abahchee,
Ahkombah,
Aloogoo,
Asoh,
Abachee,
Odommoh,
Oyahlogoh,
Ingessay,
Tambay,
Mahloo,
Ahboh,
Annoko,
Emam,
Wokahtah,
Imboh,
Bangyah,
Manfoh,
Imbassay,
Manguah,
Otoroo,
Mammah,
Inguamboo,
Bachee,
Ayong,
Ayap,
Abassay,
Efeum,
Ahbassay,
Abebbay,
Wonbay,
Accarah,
Efeum,
Sang,
Ahdassy,
Atabah,
Mansom,
Epennee,
Accarah,
Domfah,
Onoh,
Abboh,
Abahjang,
Lahcom,
Oroon,
Efoh,
Olukendow,
Wokendow,
Neppay,
Injamoo,
Enoo,
Mammo,
Enang,
Minitoe,
Enoh,
Indop,
Musacco,
Masay,
Ganchah,
Leweezer,
Imbomkam,
Effom,
Owotoo,
Addah,
Iyoke,
Ahtuah,
Imbolee,
Accoom,
Imbolee,
Inguambo,
Ingombo,
Mankoop,
Ahtoom,
Agee,
Indock,
Esoo,
Ahtoom,
Ammah,
Ewoll,
Akay,
Imbakay,
Accon,
Ombay,
Imbolay,
Akay,
Yahkolobah,
Abbassy,
Effogee,
Awoyo,
Awah,
Mamboh,
Mahpay,
Acandem,
Adokoo,
Fahwam,
Inguanday,
Ingumboo,
Anokay,
Akambee,
Olubatay,
Ahgosay,
Lekansee,
Akojaboo,
Mammah,
Hyenah,
Akojaboo,
Jaggoo,
Ekopolah,
Koebee,
Jebboo,
Ahmojah,
Hyenah,
Mandoo,
Lashee,
Alahwosah,
Tyoh,
Deah,
Komopiah,
Bambasay,
Ahjai,
Mahjahdomee,
Lebahmee,
Okay,
Olooketah,
Dowoo,
Ojoo,
Dowoo,
Ahkamee,
Agobee,
Oloo,
Ochoh,
Ogolenah,
Olubahday,
Jabodah,
Matloh,
Ahdom,
Agodagee,
Quakah,
Sotoloo,
Ahway,
Ahjai,
Ahchoh,
Dosoo,
Gosee,
Adabee,
Tonechay,
Ahdoom,
Jaggoo,
Bambosee,
Ahchoh,
Ochokoe,
Oloo,
Dowoo,
Ochoh,
Achoh,
Ebajue,
Achee,
Etahbee,
Ahbokadee,
Elooloh,
Hyenah,
Ahdanahkah,
Hyenah,
Odahnee,
Olahday,
Sahnoo,
Mahday,
Olubah,
Woloo,
Ahlebarrekah,
Ajahday,
Kambalanee,
Beoy,
Ochobah,
Donoo,
Oloo,
Ahbarrekah,
Ahjai,
Ogolee,
Oyaneyah,
Achokoo,
Ayanee,
Jaboo,
Ahbantee,
Odosoo,
Jeboday,
Egay,
Beokoo,
Hyenah,
Ahjai,
Ahchoh,
Hyeloh,
Ahjai,
Olahday,
Olejosoo,
Ahlahbee,
Amelagodoo,
Olojoe,
Ojoe,
Ahkolah,
Mammah,
Ahlahdee,
Ahgoo,
Mammah,
Bahchay,
Ahpahtam,
Awoosee,
Ajonee,
Ahsebee,
Awoosoo,
Tahsoo,
Opabah,
Awoosoo,
Esahnomoloo,
Onekay,
Yamowee,
Lahmee,
Tanee,
Ebagoo,
Alesahmoo,
Omadalay,
Epay,
Nannah,
Wodahga,
Iyakee,
Ahchah,
Bambahyay,
Ahjai,
Ahtoe,
Kayamee,
Alahbah,
Lahbo,
Ahjumah,
Sebah,
Yamojay,
Awosoo,
Alooway,
Odosokoo,
Ogocholah,
Ojoe,
Ojoro,
Achilla,
Ojoe,
Odoroo,
Ajoko,
Okolo,
Oresahtoloo,
Ojoe,
Tantajoe,
Lolee,
Akobay,
Ayakay,
Kobahmahday,
Debaloo,
Lacha,
Ojoe,
Sonokoo,
Botanjoo,
Chagoo,
Odotoloo,
Ahkeseloh,
Tallahbee,
Ahchoh,
Ahsammoo,
Odoosonah,
Odoosonah,
Bebahmee,
Ahchoh,
Majemtay,
Edowoo,
Opavah,
Jeekoo,
Sotahloo,
Olojoe,
Ahchoh,
Ahdom,
Tahtahnoh,
Dangolee,
Logokoo,
Damahlah,
Ochoh,
Dalokoo,
Dahsahloo,
Abasaloo,
Chopay,
Olahjoe,
Wahkom,
Ahchoh,
Ahjai,
Ochonee,
Lojosoo,
Ojay,
Dowoo,
Kasahbah,
Daddah,
Dowoo,
Adowoo,
Anomoo,
Kofomee,
Koobay,
Abosee,
Abebahmee,
Gogah,
Gedosoo,
Yamahlay,
Abokay,
Awosoo,
Fahtimah,
Lahsoko,
Asahboh,
Olobetah,
Mahdalay,
Ahsebee,
Ahjai,
Tassom,
Ahbrasee,
Okoonoo,
Lokoway,
Achoh,
Beyong,
Mallah,
Bahwoo,
Olacheemee,
Beyo,
Attonday,
Akojobee,
Landoo,
Ahjannoo,
Ozah,
Mammah,
Jefeemee,
Oloomee,
Enday,
Mammah,
Bahwah,
Mammah,
Ahlahmoo,
Lashee,
Ogoeeday,
Ahkebo,
Molomahlah,
Lachee,
Moday,
Edowoo,
Bokallay,
Alowolah,
Oleadoo,
Wamtam,
Hyenah,
Ojoe,
Olahsoday,
Ahjai,
Kamballee,
Jahtoo,
Ofomah,
Mahdotah,
Dakambee,
Olacheemee,
Kobahkay,
Chogoo,
Ahjai,
Dowahlakam,
Ochoh,
Ahtoo,
Omatajo,
Moladoo,
Dowoo,
Ochobee,
Ahtogee,
Fahbolee,
Lagokoo,
Ahchoh,
Ahchaday,
Ahfintee,
Olopahday,
Chanojoe,
Ojoe,
Agay,
Ahbagee,
Mahdeah,
Mahdeah's child,
Abahsee,
Ahdowoosee,
Ahdowoosee's child,
Allahbah,
Allahbah's child,
Lahmee,
Lahmee's child,
Achabee,
Achabee's child,
Malakay,
Malakay's child,
Agbasee,
Maneykepay,
Kettay,
Oquahday,
Ahbechom,
Hyeway,
Yarey,
Ahjah,
Afoboko,
Oyokoo,
Olewahsee,
Ahdesah,
Bahlo,
Ayanah,
Edowoo,
Osonekay,
Daboloo,
Atahpah,
Jebboo,
Keloo,
Alosoo,
Kakaneyah,
Tahpah,
Kotobaloo,
Ahbedoloo,
Sakamo,
Adawosoo,
Hyenah,
Molelee,
Alopadoo,
Mallakoo,
Sakamo,
Olojo,
Lepaday,
Ogodo,
Lahmee,
Ogoo,
Ahjumah,
Lahmee,
Tennee,
Tahdakoo,
Ahjumah,
Ahbejay,
Bahyomee,
Ahzomko,
Kasavee,
Lahoo,
Mallowee,
Banjokoo,
Banjokoo,
Sodayee,
Ahdom,
Kolahbah,
Dowoo,
Takalay,
Ahdakah,
Kolejong,
Olojobee,
Oneyah,
Olongo,
Cholomee,
Ochobah,
Otahjobee,
Oseahfoo,
Ologoo,
Fahbayee,
Fahtawasay,
Nannesalah,
Ochoh,
Awoosoo,
Ahlosay,
Kojamoo,
Olokolee,
Ahdamokay,
Olobahkay,
Ajahjonkay,
Yaday,
Lahbah,
Fahboloyee,
Abedago,
Acholo,
Fahbalamo,
Achesoo,
Yakahmay,
Ahchoh,
Soteah,
Olomahday,
Dowoo,
Echahbosee,
Mahday,
Adakay,
Ahpongo,
Woloo,
Achoh,
Mechay,
Mammah,
Jaggoo,
Achoh,
Ogololoo,
Ahbokee,
Loamee,
Andahloo,
Lahbo,
Mahdalay,
Totayah,
Asobamee,
Jekoo,
Achokoo,
Ayanee,
Lesahlee,
Molesahding,
Kosalay,
Alolah,
Hyenah,
Mya,
Akojoe,
Jagoo,
Jekoyee,
Agedo,
Odo,
Lomahday,
Agolay,
Adajo,
Anekachay,
Achoh,
Alomahday,
Atalohbee,
Asahto,
Bushay,
Langballah,
Agay,
Asatokay,
Akolalah,
Beyinkah,
Lahbah,
Annekay,
Mallahjo,
Mahjayom,
Ageachoe,
Azato,
Ayakay,
Abesam,
Loloh,
Lahbah,
Ahjojoe,
Ahjumah,
Afoday,
Lumekay,
Awosoo,
Tassah,
Assanno,
Lechowoo,
Batako,
Dasemee,
Kekolo,
Evahtah,
Chachay,
Adasoto,
Ahfolomee,
Esahkoway,
Atapallah,
Alahkay,
Chabamekay,
Tennay,
Adobelokay,
Vahtomah,
Ololah,
Mamanah,
Tennay,
Chahpotoo,
Chahpotoo's child,
Lahtay,
Lahtay's child,
Banday,
Banday's child,
Aforeyah,
Aforeyah's child,
Enotom,
Enotom's child,
Abombolah,
Abombolah's child,
Mahgodolay,
Mahgodolay's child,
Apaloo,
Abasay,
Akanday,
Asebokay,
Amoleamee,
Hyenah,
Asanee,
Mahjai,
Alatah,
Alomogee,
Agay,
Kodolo,
Achoh,
Aketoloh,
Ahbombo,
Ekasay,
Chobah,
Dolahkay,
Okaray,
Ahjai,
Doloe,
Ahjai,
Pahvee,
Fahlokay,
Ojoe,
Ahchoh,
Dahloo,
Azakoo,
Okedah,
Melyah,
Kadozee,
Malloko,
Ahjai,
Mallahkay,
Awosoo,
Tassom,
Manjoko,
Awookang,
Alahbah,
Sesahday,
Apajue,
Yametee,
Lagoo,
Hyenah,
Majahbay,
Ahtoe,
Akedah,
Alajoe,
Ahfotayo,
Lekansee,
Amololee,
Lahnogo,
Akedang,
Daddah,
Afonahtay,
Allahbah,
Tahsom,
Awosee,
Achaday,
Azobay,
Awosoo,
Ayomah,
Ahgasambah,
Kammat,
Okarakay,
Obivve,
Ahlano,
Agombah,
Obaseleko,
Ahmedah,
Ohgom,
Mahboway,
Ehomay,
Akaray,
Oprakay,
Camanah,
Ohgebay,
Bogedago,
Oweenah,
Mahnomay,
Bobaway,
Omahnamay,
Ohgahgee,
Obahowah,
Owonahtay,
Iyee,
Aquachah,
Pahdee,
Wahmahday,
Oyahkechay,
Okekay,
Okaray,
Obesekah,
Eboh,
Okaray,
Ogosah,
Ewah,
Macory,
Okarankay,
Onogah,
Macoray,
Otacharay,
Efazoe,
Ozozoe,
Wonahkay,
Chokoo,
Okarakay,
Okah,
Osaboo,
Echeenah,
Owaway,
Osah,
Annah,
Mogo,
Ocoree,
Eboh,
Ohafah,
Obebee,
Wankamah,
Ebebee,
Ebowekay,
Ahjagoo,
Jemahfoe,
Achokoe,
Agoo,
Anowechee,
Ahjolobee,
Ahpah,
Indokah,
Akoree,
Yahlay,
Impam,
Akay,
Bakay,
Pahbee,
Wahyahchay,
Annaree,
Wannopo,
Imboree,
Wodomah,
Addah,
Bahfah,
Inguammah,
Olugah,
Akammah,
Kawannah,
Imbakeiy,
Womahnah,
Ahkalebee,
Wahnahcheloo,
Akamah,
Wangarakay,
Curbamay,
Injattah,
Olo,
Ugah,
Imbakay,
Ahkaganday,
Cheeolobah,
Enang,
Ahmobo,
Oboh,
Attan,
Ahmafakay,
Benday,
Taffoh,
Tyamah,
Ahbassee,
Ogobahjoe,
Olay,
Okachay,
Ekoko,
Enahwo,
Asodah,
Okah,
Otam,
Wonko,
Okakay,
Etasay,
Omay,
Ahdagah,
Obah,
Annahko,
Ocraffo,
Obeahkay,
Echahgo,
Annahko,
Acoray,
Ahwosay,
Ahpam,
Wokolo,
Derochay,
Abrow,
Kodery,
Korochay,
Wozo,
Akay,
Azowakay,
Gewaseey,
Okasakay,
Ahtom,
Indoofo,
Ahlahfo,
Amalahkay,
Jekomah,
Omay,
Ogeday,
Ahnokah,
Attam,
Obannay,
Momah,
Appan,
Mocoro,
Odobosay,
Woko,
Ohahgee,
Oloh,
Appan,
Mallay,
Wankoh,
Eboh,
Okarafah,
Mokoh,
Akogo,
Ako,
Ohonelago,
Yahmah,
Moballay,
Benny,
Asabaggo,
Akaroo,
Mokoro,
Ayah,
Awoseah,
Wokom,
Soforay,
Akoray,
Akamoo,
Imbahfoe,
Imbolay,
Akawo,
Akentah,
Imbahfoe,
Obahko,
Ahenahya,
Ijoko,
Alachay,
Ecoh,
Annekay,
Wankoray,
Kahwora,
Imbakay,
Onoh,
Kahgahme,
Ingay,
Akammo,
Inbaffo,
Inbolee,
Ahpannawah,
Aseum,
Anahlomah,
Mahbendo,
Annejo,
Akoneway,
Mahtoe,
Anahkay,
Kamahkalamo,
Orack,
Haglalonay,
Ogahgah,
Abonwah,
Imbakay,
Imbokoo,
Imboko,
Affam,
Eccoe,
Ajaquay,
Agboe,
Edoowesee,
Achah,
Ewohah,
Obah,
Karrado,
Okoe,
Owahdenahwah,
Abotay,
Elahnah,
Osahbah,
Ojogo,
Asahlay,
Ebay,
Onahday,
Ahmowilly,
Atagee,
Akajako,
Ahbogo,
Abaseah,
Mammang,
Oloo,
Ahahgay,
Wokochay,
Amoh,
Acpam,
Effeuah,
Mogoo,
Attam,
Okarafo,
Okoronko,
Ocoree,
Akarachay,
Abong,
Ejabowo,
Anneseky,
Agoo,
Ayodo,
Equaposee,
Aguaguho,
Ocoree,
Checo,
Iyoh,
Checo,
Eyoko,
Omizah,
Ahwongo,
Ewoho,
Obedeago,
Opolo,
Ochando,
Madahno,
Mahwazay,
Odazeum,
Ahedero,
Edowosee,
Chekoo,
Ojahbodo,
Okarafo,
Ohsay,
Ayoh,
Wonakah,
Emahgekay,
Egequah,
Sakay,
Ahdebo,
Ewah,
Amboh,
Wankoray,
Ocoree,
Ofokallaboh,
Kendorom,
Emahjoe,
Onahkenoh,
Onawechee,
Enabo,
Cheoday,
Eneahto,
Ecoh,
Ahtam,
Ozoh,
Ozoleboh,
Onangah,
Amalo,
Cheako,
Okorahnoh,
Okro,
Ahwo,
Ebay,
Obabay,
Ochanday,
Okowchay,
Ofontah,
Odozay,
Kahmah,
Enokanodo,
Chekagee,
Equachago,
Okakahwonay,
Okarafo,
Ogowazay,
Ameboh,
Amokacho,
Okalay,
Ahbakallam,
Omagebah,
Opram,
Oyenawo,
Omaray,
Ozaquam,
Apan,
Olahdekay,
Omado,
Ocoro,
Onekamay,
Owalay,
Ambah,
Wokoro,
Ebawechee,
Kahkanday,
Opannah,
Olobo,
Wokroo,
Imbahlato,
Ahjano,
Adahloh,
Nabala,
Ototowekah,
Ahmajay,
Mahchoko,
Okoro,
Angebo,
Ahgobom,
Adoh,
Oballah,
Odoahgay,
Imbahfooe,
Imbolee,
Amalenah,
Accohzo,
Affonee,
Wogah,
Achoh,
Ahkanabee,
Imbolee,
Annahlabay,
Chenalomoh,
Olannah,
Wandah,
Okah,
Ahbrah,
Imbah,
Ahdochah,
Imbahfoe,
Imbahfoe,
Yakam,
Odah,
Imbolee,
Oleahkah,
Imbahko,
Oleako,
Mahdah,
Olawenah,
Ogoh,
Emahquah,
Wayakay,
Odomah,
Addanay,
Imbahgah,
Aleke,
Ahkejo,
Onomah,
Equay,
Wellotono,
Abochee,
Addah,
Wonahko,
Omah,
Alloo,
Imbolee,
Obahlah,
Wahdah,
Wahdah,
Omahlahdo,
Walay,
Achelakah,
Imbolee,
Addah,
Enatay,
Ecozo,
Ingerako,
Odahkah,
Otah,
Chevosah,
Echee,
Malah,
Wahloo,
Otam,
Oladahnah,
Amoya,
Eforakah,
Jemoh,
Ejahgah,
Annabomo,
Ingalay,
Imbakay,
Ozawan,
Asaine,
Imbolee,
Ageatah,
Allachah,
Okahgee,
Mandongo,
Echee,
Acpan,
Ojahgo,
Intogodo,
Nahdasay,
Imbah,
Indowokah,
Imbogoro,
Acpan,
Ocoronco,
Ocoravee,
Arebefee,
Ocrahfoe,
Omahcoray,
Acpan,
Oyahkah,
Imbogo,
Ogah,
Apanekahday,
Anabolay,
Mocoro,
Anewah,
Ojah,
Ojah,
Arawoo,
Ogah,
Odee,
Amee,
Wakah,
Okarakay,
Otahsoroo,
Amandee,
Ogowah,
Abosee,
Eranah,
Domesee,
Abeahjowah,
Ocogah,
Okoronko,
Ahgahmoo,
Okah,
Okankah,
Enahko,
Owakah,
Dokallanay,
Okoo,
Derebah,
Dokoronko,
Hankah,
Arakay,
Indah,
Wankoh,
Okoe,
Opromo,
Ahgokah,
Oyozo,
Omay,
Oroo,
Opah,
Olugahmay,
Byran,
Acpah,
Imbahpah,
Abayjay,
Ampah,
Omahday,
Egboh,
Ahbahjah,
Imboe,
Atah,
Imbrah,
Wahpah,
Casey,
Wahfoe,
Akoo,
Okroopah,
Ahpah,
Carahbarree,
Ofooray,
Alaquashee,
Aboyea,
Ogboh,
Desagqualy,
Dedeah,
Jelay,
Indowosee,
Ojahkonahmo,
Ajeecomee,
Ocorahve,
Imboquah,
Wahberah,
Ahoday,
Nochah,
Akawonomee,
Wahmah,
Andafee,
Imbahfoe,
Adahomah,
Debokono,
Wyenahkah,
Equah,
Imbolee,
Wahnemah,
Ahogo,
Ezomah,
Imbolay,
Edetay,
Adalemah,
Banay,
Enoway,
Imbahko,
Mahboe,
Odako,
Imbahjah,
Kenahbooko,
Onahdoe,
Imbakay,
Echohomay,
Azecedom,
Wokelee,
Wahmahkasah,
Wahbahkah,
Abachee,
Ayakambee,
Eferahkoe,
Insadee,
Bogonko,
Intahgee,
Wahneko,
Wahnelo,
Indabowoko,
Wogay,
Garakamway,
Onobyea,
Natay,
Ogontah,
Adahchah,
Imbahfoe,
Onanwah,
Owoloo,
Wamboloo,
Ogom,
Wahmah,
Olelachee,
Imbolay,
Onawang,
Imbakay,
Oleahoe,
Wahmee,
Wahnay,
Onamahkee,
Azenan,
Wahloe,
Aleahkah,
Olah,
Imbobolee,
Imbahfoe,
Karansono,
Wahnajay,
Onemahnah,
Masee,
Yahcomba,
Bombah,
Mallonda,
Membolay,
Imbonjo,
Mokalay,
Manjango,
Mosangay,
Mahdagenday,
Myobay,
Sahbeangay,
Pasaquay,
Ahkeko,
Jennee,
Yangodembay,
Mahballay,
Imbakay,
Sambo,
Elambay,
Damekam,
Ingoom,
Samboh,
Zedabim,
Indoloo,
Elabanday,
Aningo,
Ebomah,
Mendoh,
Manombay,
Mandongo,
Imbombah,
Kahnembaguay,
Yahmanjano,
Mahkanguah,
Meyemeyah,
Jahmesanee,
Gelambay,
Poquahmay,
Debomah,
Pokay,
Yangay,
Majungah,
Mekige,
Mosahboh,
Imbuangah,
Ocoh,
Challah,
Momoh,
Marromoh,
Imbayah,
Imbomah,
Jimsah,
Ingobah,
Bealomah,
Bonko,
Pangoh,
Ingombay,
Injango,
Abongo,
Otannah,
Pengay,
Keah,
Mombah,
Incobah,
Mahdongo,
Ambahkay,
Pakah,
Meankah,
Arrongo,
Ebomah,
Mongah,
Eyendo,
Tyvenday,
Longarrevenday,
Nangay,
Gomah,
Defondo,
Azumay,
Gombah,
Azolah,
Deseah,
Mynom,
Incongo,
Elquelly,
Awahnah,
Intahkay,
Imboro,
Impom,
Peyahkah,
Mengobayokah,
Ingah,
Mampoh,
Apawo,
Ingardo,
Atopay,
Kekom,
Imbah,
Akoe,
Fombo,
Loko,
Alalee,
Menanay,
Owoloh,
Sesin,
Nangonakah,
Veakah,
Abangah,
Yamsay,
Imbonjo,
Madingah,
Momoo,
Ingoh,
Indap,
Incoh,
Bang,
Mocom,
Inzahlay,
Andongo,
Soallay,
Molloko,
Alock,
Bombay,
Imbonday,
Injungo,
Mazongay,
Alomo,
Bongup,
Defong,
Nogoso,
Ahkongoh,
Indembay,
Mahan,
Pahpah,
Owambay,
Maranko,
Indanglah,
Mammah,
Yamsay,
Mazongay,
Sonnah,
Inzozo,
Immiye,
Partwang,
Pomah,
Abakah,
Fangah,
Atoquay,
Melock,
Nomo,
Abonay,
Pallay,
Pokahway,
Bongah,
Popotay,
Ingangee,
Amongay,
Inganjo,
Aban,
Ayoh,
Inkay,
Apoy,
Otahkay,
Ejahtooto,
Namah,
Eyomonay,
Mandah,
Ingarp,
Bengah,
Bennoko,
Mallambay,
Atokay,
Somo,
Acong,
Norbose,
Bonjoe,
Injoe,
Dogho,
Indoko,
Ballay,
Dorobono,
Dogoboy,
Mannock,
Docoko,
Dumbarry,
Namoboro,
Dogohoke,
Dogobahsahba,
Dobono,
Degbarro,
Degbakay,
Dunahlane,
Dabatahbee,
Nonongo,
Batel,
Gombejo,
Ozezo,
Degobotoo,
Denahkokee,
Neahkah,
Byah,
Ofongo,
Dondoko,
Mangop,
Yahmah,
Mazonga,
Lendah,
Awosah,
Ingo,
Logomosah,
Logobesah,
Tokay,
Aposay,
Impongo,
Mangoh,
Toquay,
Intobah,
Makamase,
Ingobesah,
Ingobasah,
Impongo,
Ingobesah,
Yamsah,
Ingolo,
Ingolo,
Mondow,
Tokah,
Ingah,
Awan,
Ingomo,
Incombo,
Ingack,
Awah,
Kotah,
Indomay,
Somah,
Indefong,
Imbolay,
Nasenah,
Defong,
Awan,
Nogett,
Madepo,
Andee,
Imbosah,
Indee,
Inquasah,
Inday,
Sackay,
Nammah,
Mindomee,
Indefong,
Babo,
Lahobannah,
Yamsay,
Mahdong,
Mahkom,
Wang,
Bellakah,
Infom,
Yamsah,
Choway,
Intahbo,
Nannangah,
Atoka,
Masingah,
Imborah,
Inbole,
Agee,
Sankah,
Wankoko,
Intankah,
Awang,
Belokay,
Yongo,
Nacktay,
Besesee,
Nambah,
Toko,
Injock,
Injonfah,
Yongbahfah,
Ampah,
Mahfonbah,
Mandagasallah,
Indebo,
Abahsahbah,
Indabah,
Kamboh,
Indefong,
Ingom,
Intangah,
Asoo,
Dombahsah,
Ingallay,
Asuah,
Morabanay,
Injonjo,
Ingomah,
Yancoh,
Indondoko,
Kechong,
Mesanday,
Mallangah,
Manzoah,
Ingay,
Mangayah,
Inzoh,
Infoko,
Indecory,
Inkem,
Keyah,
Daboh,
Ingobejong,
Gobahyong,
Gobahsoh,
Injonjo,
Ingoboyong,
Soso,
Gobahbang,
Gobassah,
Golebang,
Donkang,
Impongo,
Takay,
Gobanang,
Gobahsah,
Menong,
Gonahbahsah,
Insongah,
Awonjah,
Beyong,
Debanjah,
Impongo,
Asay,
Andor,
Kachom,
Dawahlakay,
Ahaggah,
Magalatolah,
Monomassah,
Alopah,
Nangamannah,
Mamosah,
Gobahnen,
Abassah,
Beyongbett,
Manambay,
Manamasay,
Asongo,
Ingombo,
Intobah,
Oboday,
Deahlay,
Kahkanday,
Nobopopo,
Akejabo,
Ojalay,
Ahpayay,
Atahpah,
Afonah,
Odomahpalay,
Oguallabay,
Asomah,
Oleahlee,
Aday,
Afahlo,
Ego,
Yakasay,
Ahdolay,
Odomay,
Amosobah,
Ekahbogefay,
Nomelebo,
Nabalee,
Kakandah,
Afewokah,
Abozokah,
Afoday,
Ahloyee,
Ahlalay,
Ahdako,
Bannoko,
Enebah,
Fahzay,
Alano,
Fahmoko,
Anebomoh,
Adayah,
Ayemogah,
Ahwah,
Debahbo,
Mosay,
Akotammay,
Damelolah,
Mofoo,
Fahzamo,
Ahnowah,
Dayah,
Anobay,
Bobo,
Zozomah,
Jebbo,
Chekelee,
Abannebay,
Nono,
Afah,
Bamahkamay,
Ezenee,
Elesay,
Owahday,
Anegee,
Eboe,
Anochah,
Oboh,
Atalee,
Ozah,
Sallomo,
Nobanno,
Okalee,
Anahmabo,
Dangah,
Sefoo,
Ogagay,
Alebolay,
Olahwahgo,
Jakoo,
Amamelonay,
Ezahamah,
Esammajay,
Tamesah,
Kotah,
Fomeballah,
Legahfay,
Onagaday,
Abalago,
Omaday,
Abamoh,
Makanfay,
Kakanday,
Odomalay,
Omokolo,
Sosoahlah,
Mofah,
Appah,
Ogugah,
Olahlogo,
Osaloo,
Ponasee,
Bojahmee,
Osabah,
Okah,
Yagobah,
Moloo,
Odoo,
Lahkatah,
Oloday,
Okoo,
Eyayoo,
Efoe,
Lahtoe,
Lesahkoe,
Sogbanno,
Seahboyah,
Iyahway,
Bessaway,
Ahballay,
Okoko,
Oleahsee,
Abahlabay,
Yahya,
Enahtobah,
Owah,
Edday,
Ahbassay,
Asoo,
Abang,
Emoh,
Eppay,
Abassay,
Yahmay,
Gochee,
Ackpye,
Bozokay,
Achee,
Ahbassay,
Azontoh,
Aboh,
Ahpavay,
Pahway,
Attam,
Imbokochah,
Edday,
Echeko,
Agalako,
Aloh,
Atobah,
Acaray,
Awocho,
Aloh,
Abah,
Acoray,
Appan,
Aloh,
Inzahgah,
Appan,
Monjoo,
Indah,
Cholee,
Abanko,
Moh,
Omoh,
Mochee,
Apan,
Apan,
Motton,
Effah,
Osango,
Indong,
Indop,
Intop,
Indoh,
Ayoh,
Imboh,
Bosoh,
Carapan,
Ajay,
Ennay,
Acheboh,
Karogoh,
Ogah,
Oseah,
Ozay,
Ayoh,
Defong,
Imboh,
Eyoh,
Insang,
Mammah,
Accom,
Yahobang,
Defong,
Acoray,
Appan,
Eboh,
Imboh,
Mombay,
Etom,
Efomah,
Emboko,
Inkem,
Jimnay,
Ahbassah,
Massah,
Mennay,
Imboquah,
Annequay,
Mop ,
Ogo,
Ego,
Ogo,
Incongolo,
Massah,
Imbomcho,
Enoquah,
Awahkah,
Acahboyah,
Imboquah,
Anofotay,
Afalemah,
Anemelah,
Amachah,
Abassee,
Oquahnah,
Ajimquah,
Oquahbah,
Adagee,
Alalay,
Imbaquay,
Ogah,
Acomammee,
Obo,
Aquah,
Imbakay,
Effeum,
Equah,
Ekahmah,
Ezahkay,
Acoray,
Ogee,
Imboh,
Imboyay,
Egbay,
Ecomah,
Imboquah,
Wamboh,
Alacray,
Imboh,
Pahbee,
Azemah,
Agomahdee,
Bassang,
Okoo,
Bowo,
Indah,
Tahtah,
Imbahday,
Appan,
Lolah,
Abah,
Opoh,
Apbang,
Indaraquay,
Infang,
Afang,
Mesoso,
Basahso,
Mechahchah,
Yahway,
Kalabo,
Mandachay,
Somtay,
Isay,
Idate,
Olee,
Oquah,
Okoo,
Olofah,
Ahtom,
Aquah,
Kalagah,
Ahsaquah,
Kodobah,
Dabonang,
Okah,
Mahchay,
Akang,
Abodo,
Anekay,
Aquah,
Mallo,
Wankoh,
Bealah,
Kamazoh,
Adampah,
Okah,
Otankoh,
Tatay,
Tanyoh,
Ingasay,
Yeloh,
Conday,
Yalekah,
Matam,
Intang,
Okong,
Anneah,
Chocholoo,
Ahjai,
Accony,
Barchay,
Ahjai,
Oloofarnah,
Ahchoh,
Chogee,
Lallabay,
Ahchoh,
Ochokoo,
Lealoh,
Sahjoh,
Lomolay,
Okosalah,
Anekolojo,
Hyenah,
Mahwodo,
Jaggo,
Ocoya,
Massahya,
Esoyee,
Dawosee,
Gebochah,
Fahtolah,
Ahjai,
Adotah,
Obaday,
Iyoh,
Agay,
Akequay,
Ayahlay,
Olojo,
Ahjago,
Ahtomah,
Osaamay,
Ahcholah,
Ologo,
Hyenah,
Ahlee,
Afeno,
Akosawo,
Cholaloo,
Chodaloo,
Oshonee,
Meleamoh,
Chong,
Emanoh,
Ahdasako,
Ayenah,
Ogodokay,
Ahwolay,
Lojobee,
Akalesee,
Adowoo,
Eleah,
Mallalay,
Okoloo,
Olopoh,
Ochoh,
Esoday,
Kojobee,
Ololah,
Oloyea,
Ololong,
Ochoblah,
Ahcobolah,
Cholokay,
Sodepay,
Ojoe,
Chubolay,
Kofahlojo,
Ojoe,
Olojo,
Kowojee,
Ogomee,
Yamesee,
Jassom,
Olojoe,
Hyenah,
Oleakay,
Mallokay,
Atalowah,
Awoosoo,
Mannasah,
Tassoh,
Dalokay,
Ahjahgo,
Addo,
Allanjay,
Intahjalo,
Adafomekay,
Ahdaquahjo,
Bahbay,
Malakay,
Amatajo,
Lahboloh,
Woday,
Olosee,
Chodomo,
Loboday,
Dowoo,
Okocheno,
Ojoe,
Woloh,
Soko,
Allejobo,
Kahbame,
Ogomahoo,
Olosahboso,
Mallah,
Ahchemay,
Ewontee,
Obolahday,
Ahdepay,
Kejoh,
Ahchoboh,
Olobahmo,
Ahdambee,
Ocoom,
Chubahlah,
Jaggo,
Achobo,
Achoh,
Achobah,
Tesoo,
Daloh,
Ahjai,
Ajudepay,
Chopoloway,
Adobatah,
Kobeweee,
Ayaloo,
Alojobee,
Aboh,
Alahday,
Jaggo,
Ajah,
Adoo,
Fanneyah,
Achoh,
Falay,
Adday,
Fallay,
Amoko,
Balloh,
Madday,
Lalotah,
Ahbahyomay,
Moloyoh,
Ahjai,
Ochoko,
Keboloo,
Adeboyoh,
Gonoh,
Azokoh,
Agebodoh,
Olahmoh,
Achoko,
Yagee,
Ayeloh,
Ojoe,
Ochopay,
Ayoh,
Oloaloh,
Dawoo,
Fahjomah,
Akahquay,
Ojoe,
Kochamay,
Dasa,
Olojoe,
Tasso,
Awosoo,
Awosoo,
Lahkogee,
Mallay,
Tywo,
Tahwoh,
Jaggo,
Mahboko,
Ozebah,
Awosoo,
Ballahkay,
Okonoo,
Sangotoko,
Sallako,
Aweadee,
Accoh,
Asholoo,
Tennankah,
Awoosoo,
Jaggo,
Tahwo,
Apotah,
Ahjai,
Daddah,
Eyahwoh,
Awosoo,
Dobolah,
Awosoo,
Sopahday,
Quahlay,
Eketoh,
Alokay,
Aloosoo,
Lokoh,
Ayosoo,
Mahsapotoh,
Aloway,
Awooshee,
Hyenah ,
Hyenah,
Hyenah ,
Dohbahlo,
Kannango,
Kakintah,
Kalefah,
Kannoh,
Gelano,
Mahdee,
Yarahmah,
Kombahkalay,
Sagah,
Kalefah,
Bahkalay,
Nemah,
Tombo,
Banjahno,
Mahmahdee,
Tomahdee,
Sarrah,
Bocarrie,
Boray,
Domingo,
Mamodo,
Bahjo,
Banko,
Ansomano,
Mommodee,
Kawodee,
Colay,
Marrebah,
Sakarrie,
Boray,
Bokamah,
Jamsaine,
Sano,
Moray,
Lahlee,
Bahjee,
Cabbah,
Iano,
Iahtah,
Mankahbah,
Santo,
Quahday,
Mechangarey,
Brahmah,
Imbahlay,
Dahpah,
Jokee,
Corotus,
Ochang,
Chompah,
Yemahnay,
Bahyett,
Forotose,
Jung,
Tenahto,
Najahkah,
Belantah,
Blantah,
Yalang,
Lonah,
Ahpahloy,
Imbraso,
Lopay,
Kosinko,
Pahtink,
Somah,
Kahmah,
Mahmahree,
Yahminday,
Sanee,
Yanday,
Sarrah,
Keloreah,
Kechah,
Yajomah,
Nongah,
Sombal,
Borree,
Kachomay,
Ingaradoboh,
Tongah,
Jekontah,
Tonko,
Bahketoh,
Koyee,
Esang,
Wong,
Koyanday,
Bahfah,
Saryanko,
Tahkobah,
Abdosallahmah,
Fahkahbo,
Barrabah,
Belahlee,
Bahrah,
Sangallah,
Borah,
Abdolahie,
Sekechoh,
Tangarree,
Abdolahie,
Kombahmah,
Barree,
Iogesay,
Malloh,
Biram,
Biram Injie,
Indanay Injie,
Sambah,
Bamando,
Kango,
Biramjobe,
Gemondake,
Barahlee,
Francas,
Maria,
Maria's Infant,
Balank,
Balank's Infant,
Mariah,
Mariah's Infant ,
Mya,
Veterodah,
Imbanjong,
Lesah,
Pocariah,
Kalenah,
Bahselia,
Desabah,
Kosorah,
Anojorah,
Sybbariah,
Anneborah,
Katerinah,
Arabojay,
Jahwah,
Semeyannah,
Sedarah,
Manannah,
Pantanoh,
Yandrah,
Annah,
Nobahkang,
Mariannah,
Sagah,
Adonyahgo,
Ahselesah,
Couttah ,
Mariannah,
Yamahloh,
Tahbass,
Jerombat,
Ahwah,
Alombote,
Sonah,
Semojo,
Ambasekah,
Kojahmah,
Ahway,
Sahbell,
Deyongo,
Fahtang,
Nomponah,
Charch,
Kantah,
Fahtumah,
Dalfenah,
Arremahsah,
Andahya,
Ancory,
Ahbeyong,
Ianoh,
Fahgah,
Tonarnay,
Tiskey,
Belantah,
Nahfah,
Antonee,
Karrelo,
Iulah,
Nahfankay,
Ianoh,
Anomah,
Ombah,
Padro,
Bokotah,
Yahlah,
Kayendoh,
Yahfolay,
Dembah,
Anjacksaine,
Obay,
Beafahdo,
Balbeah,
Whyekoo,
Paseoe,
Kolastogah,
Ienase,
Kambeyannah,
Mandasay,
Cobage,
Iambage,
Paakandah,
Serah,
Sekatambo,
Semeyahmah,
Domingah,
Secumdah,
Belanting,
Sucedadee,
Ahlombahto,
Fastenah,
Mariah,
Emelia,
Alwoyah,
Ballang,
Ahpindo,
Ioino,
Venidofay,
Jose Pedro,
Christoe,
Miguel,
Mahso,
Annochando,
Fettinot,
Jose Abass,
Joaquim,
Karroh,
Manoel de Mado,
Cacuttah,
João,
Marianna,
Vilantah,
Vilantah infant,
Tomacio,
Dagrass,
Leweezah,
Marrah,
Olagarro,
Maceleno,
Joaquim,
Massom,
Mariana ,
Mariana ,
Mahtela,
Carolina,
Crossah,
Syako,
Ochoh,
Akallah,
Lalloway,
Idetay,
Ahchoh,
Fochay,
Addotah,
Annobah,
Tahwo,
Okabafo,
Mammah,
Odosolo,
Olojoe,
Ogah,
Comoyea,
Lajoe,
Chaloko,
Iahgoday,
Okocheelo,
Ogolahday,
Moloko,
Oquay,
Oyahday,
Ojoe,
Ochoh,
Olay,
Chonee,
Monloko,
Daloko,
Hyenah,
Asekah,
Alano,
Mammah,
Okolobo,
Ahchoh,
Comahday,
Eggay,
Damikay,
Ahchoh,
Byojay,
Dapolo,
Mahoh,
Ogolay,
Lyamee,
Bankolay,
Goaday,
Okobayay,
Lesahmoh,
Otahpah,
Soboh,
Molanay,
Apahtay,
Cubnah,
Owahdo,
Ochobah,
Ojoe,
Ojekam,
Olojoe,
Yannah,
Okomahlah,
Somarto,
Ochobay,
Olahday,
Oshoh,
Accoh,
Jahwokay,
Tannemowah,
Adoom,
Woloo,
Ahjai,
Kobahonaday,
Shahno,
Lashee,
Madallakah,
Ojawosah,
Lallobah,
Bolah,
Ahginnah,
Adepay,
Olobado,
Agoshalo,
Owoloo,
Ogodogo,
Mammado,
Olojo,
Eggay,
Hyenah,
Sahgorah,
Chonkay,
Fekahjamee,
Lallabo,
Ahjibolay,
Adoom,
Lambah,
Ologo,
Ikolay,
Ahloway,
Samesahlah,
Akobalay,
Ahbinnebah,
Ahwodomah,
Hyenah,
Ojah,
Mallakay,
Olebee,
Olebee's Infant,
Taddayah,
Agoshay,
Agoshay's Infant,
Akedam,
Akedam's Infant ,
Monno ,
Monno's Infant,
Awosee,
Awosee's Infant,
Akedam,
Akedam's Infant,
Malekee,
Malekee's Infant ,
Olyannee,
Olyannee's Infant,
Daday,
Daday's Infant,
Obah,
Obah's Infant,
Aquashee,
Aquashee's Infant,
Abbenebah,
Abbenebah's Infant,
Ontamay,
Ontamay's Infant,
Hyenah,
Hyenah's Infant,
Awoosoo,
Awoosoo's Infant,
Hyenah,
Ezaono,
Lokolepay,
Hyenah,
Yalolah,
Iyah,
Ahtojah,
Akakay,
Isemay,
Wosee,
Ofotonoway,
Awosee,
Akedah,
Apay,
Depay,
Yakahdee,
Awosoo,
Duroh,
Ogue,
Hyenah,
Ikoloo,
Agedebah,
Soyay,
Ontemanee,
Sabbah,
Kotee,
Owoo,
Hyenah,
Okonloh,
Lankay,
Afopoh,
Aloway,
Daddah,
Ahgosee,
Ojolee,
Sahfatemee,
Akedang,
Awosoo ,
Bonokay,
Malahkay,
Mallano,
Lahmay,
Mahseyah,
Sabinbee,
Yekay,
Dowosee,
Akosaloh,
Azago,
Jajabee,
Afopahaday,
Lahko,
Lomoloko,
Efahlowee,
Pahmetang,
Molesahdenah,
Agay,
Asholah,
Malahkay,
Fahdonoh,
Alubee,
Ballafosah,
Alosee,
Ahbrawah,
Sonarlarmattah,
Agebolah,
Inokay,
Asahtoh,
Bahtah ,
Ahbrahbah,
Tennay,
Fahjobee,
Ambah,
Awadolah,
Gobee,
Lahbah,
Dalomah,
Olahlay,
Mallolo,
Sennin,
Fatmah,
Akoyamono,
Eyay,
Lahtobay,
Malloloh,
Lahcobee,
Abay,
Ahbealoh,
Ahwonee,
Aquashua,
Fogolah ,
Ogedolah,
Otolo,
Chanbalay,
Afolahday,
Saquah,
Awo,
Mesahday ,
Ahdoom,
Olesahjoh,
Kobay,
Fahsawo,
Tennay,
Fahtonekay,
Ojah,
Fahsolah,
Asebah,
Ofotoway,
Olesahfowah,
Asee,
Lallobay,
Mallah,
Dakambee,
Fahyamee,
Adoo,
Mallakay,
Dasomeno,
Yahnoday,
Ahsenah,
Jahwo,
Awosoo,
Hyenah,
Inoloo,
Chahsoh,
Maddalay,
Ahjai,
Olahtom,
Olotannay,
Chodahloo,
Okobahday,
Adowoo,
Lebalay,
Ojoe,
Fahdomelah,
Chahbee,
Ojoe,
Chahgonah,
Odano,
Agassay,
Enoway,
Iegajo,
Ayabaday,
Okay,
Okonay,
Owodammay,
Ahbiye,
Edowoo,
Konnebahbay,
Chahsoh,
Abee,
Ashoh,
Ochoh,
Ochinokosay,
Sonpoh,
Hyewah,
Okalladay,
Sopallo,
Tolo,
Ahbolee,
Iebbo,
Sobahlahbee,
Achoh,
Adobamee,
Okayayday,
Ballah,
Edowoo,
Asobah,
Addo,
Woroo,
Ogodenah,
Hyenah,
Sosomonah,
Solahday,
Dangeah,
Soyaloway,
Edowoo,
Sobah,
Ahbozee,
Inbannoh,
Ahboh,
Iawokay,
Ologekong,
Alowah,
Bolankay,
Dasomeah,
Odasobay,
Ahto,
Sahdejo,
Ahmenah,
Ahchalee,
Olahbah,
Iaggo,
Lago,
Conolay,
Enahboh,
Mahtimboh,
Adjuah,
Eccoah,
Aloosee,
Awosee,
Asammenobay,
Akadebah,
Oyahbay,
Lahmee,
Alahkay 1st,
Alahkay 2nd,
Danolah,
Ahjai,
Kyojay,
Mallobee,
Mahbojay,
Olubah,
Ayakambee,
Tassom,
Abocho,
Aquaray,
Olahto,
Ahjai,
Yamojah,
Kodomelelah,
Balojah,
Massolah,
Mannaylay,
Ofopajue,
Asahto,
Abenee,
Ababee,
Oleesee,
Mallekay,
Ahdapo,
Hyenah,
Somnoo,
Okodepay,
Ogahbee,
Odoojai,
Dakanday,
Odosah,
Ahjai,
Osoko,
Makkojoe,
Ahjai,
Ojah,
Lokoday,
Adeah,
Deahbee,
Ogah,
Bosoo,
Asowee,
Ochoe,
Oshobo,
Ogojobbee,
Dasomoo 1st,
Dasomoo 2nd,
Ochoe,
Mosoo,
Osokee,
Ahdabarree,
Mahjechay,
Bahday,
Allejay,
Kemmay,
Bakoe,
Okoponee,
Kahmoo,
Korokoo,
Osoe,
Odojobbee,
Odorombay,
Ahlahboloo,
Olojoe,
Daboo,
Sokoyee,
Lahjakoo,
Oshoe,
Ochoe,
Cochee,
Solooah,
Amedoo,
Iaemjay,
Addoo,
Edowoo,
Bancollay,
Tejomoo,
Hyenah,
Oshoe,
Ojoe,
Balay,
Quiah,
Andee,
Kanday,
Kannah,
Ochopay,
Molahday,
Osokoo,
Cholakay,
Okolahday,
Dasamoo,
Alloko,
Olooloo,
Somokoo,
Degbahkay,
Amochah,
Olojoe,
Osoo,
Osokoo,
Hyenah,
Lamah,
Lajoe,
Ashoe,
Sasoo,
Ogoodamah,
Adahah,
Ajoe,
Somokoo,
Ashoe,
Ahdakoo,
Addoo,
Godopay,
Allahmee,
Dasono,
Arroo,
Ogelarree,
Mosobah,
Osahdamah,
Oyajobee,
Shobee,
Ahanosoo,
Ochoe,
Lasee,
Dahsoloo,
Odootah,
Ombolah,
Ochoh,
Ochoe,
Offodokoo,
Mahbahbee,
Olahbowah,
Ahjai,
Hyenah,
Dawosee,
Koneberee,
Olojoe,
Fahtayah,
Addoo,
Annekolay,
Ochoh,
Ahwoojoe,
Odesokoo,
Oroomee,
Ahroo,
Osahjoe,
Olojoe,
Ogah,
Jobah,
Allahbejah,
Okay,
Odagee,
Ochoh,
Mosah,
Ogoojobbee,
Oyakoo,
Arrekoo,
Mahbojoe,
Ahsonkaray,
Olojoe,
Sodomoo,
Koosolay,
Goladay,
Ochobah,
Sodepoe,
Olooboyea,
Mammah,
Ahdenayea,
Ochobah,
Banygoshee,
Isakoe,
Dakoray,
Odooshenah,
Ochosah,
Olobokoo,
Hyenah,
Hyololah,
Hyenah,
Hyenah,
Edowoo,
Ahahmah,
Adoo,
Okooyea,
Ochoh,
Ololombee,
Kahlay,
Ahbokee,
Wahlolee,
Ahpahtay,
Ogah,
Omalahbee,
Ahkeahlay,
Odealoh,
Ahdaybahyee,
Ahdayintoh,
Tahmonee,
Emayoree,
Ogodepay,
Ahdaya,
Mammah,
Ogoojobbee,
Ayelay,
Ahtago,
Dahdobee,
Ahgetolah,
Ahkabeyee,
Okoochee,
Ahdalomee,
Ochoh,
Oloobodoe,
Olojoe,
Osogbah,
Fahmokoo,
Chodepay,
Ochoh,
Ochoh,
Ochocombee,
Mahdee,
Adachee,
Chodekay,
Moroo,
Ashelay,
Bojoah,
Hyenah,
Hyenah,
Oseday,
Achanee,
Ogah,
Oloosahday,
Ojoe,
Ahsoomee,
Ogobah,
Amodo,
Oloboh,
Oloboh's Infant,
Oloomoo,
Lamola,
Mallah,
Amoyabahday,
Agoo,
Mahlajoe,
Tahyoe,
Okay,
Hyenah,
Bosee,
Olojo,
Odobahday,
Ahdoobabee,
Mahtimbah,
Ahjai,
Dasolah,
Oluboh,
Mahbalay,
Anekaypo,
Ahwakay,
Allakay,
Tahwoe,
Olojoe,
Hyenah,
Fahpajoe,
Mahwasay,
Momohloe,
Oneboh,
Malolah,
Dahchelay,
Olojoe,
Lahbotay,
Allah,
Tendahdee,
Jah,
Ahdagee,
Monno,
Awosay,
Kosolekay,
Annekay,
Oyea,
Mobah,
Jarrah,
Lahbah,
Mahloe,
Ahworee,
Ajahbah,
Mahlohoe,
Dasolay,
Fahteemah,
Okedah,
Ahmenah,
Jeahbee,
Yahfonah,
Aweshoe,
Ahfahlo,
Awoosee,
Fahyeayea,
Lahday,
Lyoh,
Awooshee,
Ojuahlay,
Amagee,
Ahsebee,
Beyea,
Bambosee,
Mahfeebee,
Ahwahkay,
Ahdahmah,
Fahlolah,
Yayay,
Ahdom,
Jahgomahah,
Malahkay,
Yayay,
Sahbahdako,
Ogombamee,
Hyenah,
Ochoh,
Ahjai,
Monotong,
Edowoo,
Kotee,
Ojoe,
Akannee,
Edowoo,
Abetong,
Ocholah,
Kosomenah,
Agay,
Edowoo,
Oleebah,
Yahvee,
Edowoo,
Ogoobee,
Alankay,
Ogahgahlofah,
Iacomelah,
Dewah,
Eloh,
Hyenah,
Dasomee,
Amoosoo,
Ahchoh,
Ogoogee,
Daddah,
Odepah,
Edowoo,
Abesoonah,
Okoonomee,
Ebolah,
Lepahday,
Ahroe,
Kahlay,
Oloowoo,
Danosee,
Edowoo,
Okonnah,
Ahkallahday,
Odachenah,
Jagbay,
Hyenah,
Ochokoo,
Dafonoo,
Ahdakaloo,
Ojoe,
Mallah,
Ogoodoo,
Oloosamah,
Ojahtahlah,
Losonah,
Wolee,
Ahchoh,
Ahloomoloo,
Lahlahtojoe,
Lowahlay,
Damoko,
Jegballoo,
Fahtahlue,
Ojoe,
Ogakenah,
Olesah,
Ahdoo,
Woosoo,
Datowah,
Hyenah,
Daddah,
Lallotah,
Lomenah,
Hyenah,
Ogoomachah,
Olesahtolah,
Iahvee,
Iahgoo,
Mahlonee,
Iyamee,
Dumb,
Dabeyea,
Annoo,
Awosee,
Addoo,
Sahgollah,
Adoo,
Akedah,
Akedah,
Akedabah,
Yamahlay,
Omahlay,
Lakoo,
Lookahday,
Lawoo,
Mallahkay,
Daddah,
Lahkoday,
Ahtoe,
Dasahloo,
Okedah,
Asoo,
Olomekay,
Orooyea,
Molonoo,
Daroo,
Hyenah,
Ahsahday,
Okoyahday,
Ahjai,
Dasomoo,
Anekayah,
Okojahlay,
Ogbollay,
Olojoe,
Ahsebee,
Awosoo,
Sahfonkay,
Olojoe,
Sahdenah,
Awoosalah,
Mahdallahbay,
Awocheday,
Mahbaday,
Olootee,
Adoo,
Ojubahday,
Lokosee,
Akedebah,
Dacheloo,
Injakah,
Esonoonah,
Ogoobee,
Ochoh,
Hyenah,
Ajah,
Ogay,
Ojoe,
Logoe,
Ochoh,
Ahbokee,
Mejoloo,
Odesahlay,
Kochameyah,
Ochoh,
Edowoo,
Jaggo,
Omahkee,
Ahgebokee,
Tackpah,
Somahday,
Fassom,
Kassay,
Vannosee,
Ofallahlay,
Sodobay,
Colahbokor,
Lamahlah,
Dasomee,
Oddesah,
Odozakoo,
Noyo,
Annah,
Fahlolah,
Ochoh,
Depawoo,
Asam,
Besam,
Jebahwo,
Olokarmeko,
Okoloo,
Okojoe,
Amekahlay,
Ogootay,
Dasolee,
Hyenah,
Chopah,
Owahlay,
Ahgawoo,
Akebahday,
Annekogo,
Falannee,
Chodogo,
Alladahbo,
Ebahday,
Chomahlay,
Odofahloo,
Ogosahlay,
Hyenah,
Mahmoko,
Ogopoh,
Ahchoh,
Lahcoloo,
Ojoe,
Ochoh,
Ahjai,
Jaggo,
Iahcoamee,
Melaloo,
Pallah,
Ocholah,
Akaylee,
Loobasshee,
Ojoe,
Ahbealloo,
Janday,
Bassah,
Kosah,
Ahkandee,
Okolotay,
Azabo,
Ojoe,
Ochoh,
Ozaloo,
Olooboko,
Mammah,
Iebbo,
Ahjai,
Ahjai's Infant,
Akedoh,
Akedoh's Infant ,
Bahboh,
Bahboh's Infant,
Kanmadefay,
Kanmadefay's Infant ,
Sahmagee,
Sahmagee's Infant (7 mths,
Akedang,
Akedang's Infant (16 mths,
Arookaloo,
Arookaloo's Infant,
Monesah,
Monesah's Infant,
Debahmechay,
Debahmechay's Infant (16m,
Alokaday,
Alokaday's Infant,
Massadah,
Massadah's Infant,
Yajabee,
Yajabee's Infant,
Mahdasegee,
Mahdasegee's Infant,
Sebee,
Sebee's Infant,
Akedah,
Aseyomee,
Molloh,
Lahkosee,
Amahfodoway,
Osoo,
Chahfee,
Awosee,
Ahsonkawee,
Sahtopay,
Asotalah,
Farlamay,
Alujoh,
Hyenah,
Mahyayay,
Ahbealah,
Ahboboyay,
Melakah,
Chepaboo ,
Hyenah,
Mahbofoo,
Mosee,
Obojo,
Olojoe,
Ofodajoo,
Molebah,
Osomekah,
Fahgemeloko,
Ahwanee,
Ahdawomee,
Ahdaboh,
Lahjoe,
Lallotang,
Ahwolay,
Alosokoo,
Anahfotolar,
Saloo,
Ahsheyomee,
Agolo,
Lahmodo,
Anekapoe,
Olojoe,
Oyah,
Oloyea,
Kanyosee,
Ahsoobee,
Ahsotoyobo,
Ahsotahday,
Agay,
Mallahkay,
Ahsefonkay,
Ahkolay,
Sahjoweyea,
Debahmekay,
Pellayea,
Ahjai,
Mahjogoo,
Mesamah,
Daddah,
Mahloko,
Lomokay,
Ahseyomee,
Hyebah,
Mahjeahbay,
Mahtenewah,
Ofosemah,
Lahjoe,
Olobahkay,
Ahsebah,
Anekayah,
Aboh,
Daddah,
Olokay,
Hyenah,
Olojoe,
Dashee,
Coomee,
Awoodenday,
Lahjoekay,
Mallah,
Ahdeakay,
Awoodenday,
Ahsebee,
Hyenah,
Awoosoo,
Etahwoe,
Tahwoe,
Maddobah,
Iaboyea,
Yahlah,
Ahmahkdemah,
Ahdalomebee,
Appahlomekay,
Ashodekay,
Ahjai,
Bahbameloo,
Damoloo,
Ballahbah,
Ballahbah,
Misallah,
Lesahbejoe,
Ayonee,
Ahmesah,
Ahtoe,
Kahweloosay,
Dasomoo,
Lahkosoo,
Allahbee,
Chahfomekay,
Iyahwo,
Mahloyea,
Ahdabee,
Okooballahjah,
Ahtachah,
Ahtachah,
Ahjeebee,
Abakaloo,
Jinkoe,
Mahgoyea,
Soteyoh,
Obahbay,
Hyenah,
Dasomee,
Ojoe,
Ahpahtee,
Lahlotee,
Odoobee,
Soleebee,
Ojoe,
Bolay,
Addoh,
Daddah,
Dameno,
Daddah,
Ojoe,
Obeyeee,
Sallobee,
Aquahday,
Tootayea,
Achapoloh,
Kosomeloh,
Debosah,
Olooyea,
Adoo,
Dasomoo,
Daddah,
Desah,
Kesahday,
Ahlamoo,
Ochoh,
Tobanday,
Adowoo,
Acpahna,
Ahkolahday,
Shakomahday,
Ogomahday,
Edenee,
Ochoh,
Ochoh,
Olapanay,
Oyooyea,
Ochah,
Somahchee,
Bassolay,
Dadday,
Ahmoleyah,
Ochoh,
Edah,
Ahtakpah,
Ogotolay,
Ojoe,
Olooday,
Allahbay,
Mahpaye,
Pagoo,
Hyelah,
Odoom,
Ochoh,
Ajay,
Ahjai,
Mahsaloo,
Agedah,
Ahbabee,
Akedah,
Mannesah,
Odebybee,
Lahwokay,
Ahmowoo,
Ahloloh,
Allafookay,
Leyomoloh,
Chahsayee,
Awoosoo,
Somahto,
Lahmelokoe,
Ahwoyo,
Daddah,
Mallomee,
Ahjah,
Hyenah,
Abemo,
Fahto,
Awosoo,
Hyenah,
Bolesahjoko,
Ahdabolah,
Afoodaday,
Alahbah,
Molalay,
Bahlameloe,
Eyahfonkay,
Ayahfonkay,
Malekay,
Mogoday,
Hyenah,
Olobahloh,
Lesoh,
Hyebah,
Bahselee,
Ahjofoomekay,
Asoobee,
Tassoh,
Ahzotoo,
Hyenah,
Oyakobee,
Awotoe,
Daddah,
Ahjai,
Asahkaya,
Afoyamee,
Tahwoe,
Mallobee,
Mahbenah,
Hyenah,
Olodo,
Iacobewah,
Sahtoluhnee,
Ogotoloo,
Ochoh,
Allahbay,
Ogosaday,
Iyonoday,
Babbah,
Olojoe,
Chomokoo,
Madolah,
Osotang,
Ezahtecoy,
Ammodoo,
Olowoo,
Ahsenahbee,
Sopahloo,
Lahloo,
Olahdaday,
Oyahjomee,
Mahammah,
Ogah,
Lokokong,
Addom,
Byakoo,
Dangannah,
Ahkobolah,
Dajomoh,
Ogoo,
Elolee,
Edowoo,
Olojoe,
Chogee,
Arrow,
Ahwojobee,
Lahbagee,
Songpay,
Ashoh,
Sowomee,
Apenah,
Osofeyee,
Olowahlee,
Soloyea,
Ochoh,
Sokeloo,
Hyenah,
Kahjolah,
Dasomee,
Damolah,
Sobojoe,
Mahwodoo,
Osoko,
Yeadee,
Osoo,
Ejaggo,
Solahday,
Iyolelay,
Adoom,
Sodepay,
Kosolo,
Fahtosay,
Awagay,
Hyenah,
Bahkonee,
Kahlojolee,
Lasee,
Okolahday,
Okolahday's Infant ,
Mollolah,
Mollolah's Infant ,
Okedah,
Okedah's Infant ,
Awoosoo/1st,
Awoosoo/1st's Infant ,
Ahdahsee,
Ahdahsee's Infant,
Ahdabo,
Ahdabo's Infant,
Awoosoo/2nd,
Awoosoo/2nd's Infant,
Awoosoo/3rd,
Awoosoo/3rd's Infant,
Afolahday,
Afolahday's Infant,
Alahbah,
Alahbah's Infant ,
Abenee,
Abenee's Infant ,
Mallakee,
Mallakee's Infant ,
Ajah,
Ajah's Infant ,
Omoneloo,
Omoneloo's Infant ,
Omotahday,
Omotahday's Infant,
Ofogee,
Ofogee's Infant ,
Odobahmekay,
Odobahmekay's Infa ,
Hyenah,
Hyenah's Infant ,
Akahday,
Akahday's Infant ,
Bonnah,
Bonnah's Infant,
Lahbosee,
Lahbosee's Infant ,
Ajumah,
Ajumah's Infant ,
Koshano,
Lahmee,
Hyenah,
Awoosoe,
Okedong,
Ahmonewah,
Ahboh,
Lojahkay,
Wotahloh,
Alajoe,
Akedah,
Awoosoo,
Besoway,
Asahbee,
Mahdanee,
Alahday,
Abesemah,
Sahdepoh,
Apajue,
Adday,
Lahgee,
Ochubaloo,
Ahdamelahjo,
Asabanbee,
Lahdopay,
Olejoh,
Ahyamee,
Iamowah,
Ahjai,
Daddah,
Fallokay,
Abanee,
Oyajoh,
Akedong,
Olojoe,
Mahmolejoe,
Ogbay,
Awoosee,
Hyenah,
Osahtokay,
Ahgetatee,
Fahtoday,
Dassekay,
Ahdabay,
Malloko,
Defowewah,
Fobah,
Ahjai,
Chebolahday,
Olafee,
Olojoe,
Hyenah,
Awoosoo,
Onee,
Lesahmetay,
Mallahkay,
Olomekay,
Ahwoe,
Mahkosay,
Wogonoh,
Mannesay,
Mosolah,
Awocheloh,
Oloobahkay,
Mobolekay,
Abelalah,
Abahyomee,
Lahbogoo,
Dahsanee,
Ahmoneyah,
Wolahmo,
Kalefah,
Awoosoo,
Ahjumah,
Addoo,
Machahlay,
Allahbah,
Fahbometah,
Lahneyah,
Iyepah,
Bafoaloo,
Ajumah,
Sammokoo,
Allopay,
Lamelay,
Iyololah,
Ahjahkay,
Okeday,
Lallotoh,
Wahlee,
Afodepay,
Mallahkee,
Alojoe,
Asoobahloo,
Eboh,
Belolah,
Afonekay,
Hyenah,
Fassagay,
Osowomee,
Lopahday,
Bannah,
Iyea,
Omalahlah,
Ahdabee,
Adabaya,
Fahsolahday,
Oledamah,
Osahtokay,
Yahbee,
Iyakoo,
Emahyamong,
Ofatahya,
Ahdesahto,
Ahjumah,
Onee,
Ahdapaloo,
Ahlebetoh,
Alealahgo,
Chahkonewah,
Ahjai,
Iyolah,
Ahdaboh,
Aloonkay,
Sahgoyomee,
Iyesah,
Osokaloo,
Kobayoh,
Sahbay,
Addom,
Lokokay,
Olojoe,
Fahtomokay,
Kobonkoo,
Afoopay,
Ieggo,
Hyenah,
Ezebay,
Losahtobay,
Ojokosee,
Ahjai,
Dambalee,
Olofahday,
Ahfoday,
Alahday,
Inteloh,
Mallodeyah,
Owotolah,
Akalookay,
Ahwonay,
Onebako,
Ojupoh,
Melahmee,
Baloo,
Oshoo,
Dachahmee,
Ahdanay,
Assom,
Kelagee,
Okoalah,
Tennee,
Oshotalah,
Omolokay,
Fahtumah,
Abalay,
Ochobah,
Osokoo,
Lahgamah,
Ahdaolee,
Assojobee,
Ahdahgood,
Osokah,
Geboday,
Ashoh,
Edowoo,
Lojoh,
Lachee,
Hyenah,
Salahko,
Ajahbee,
Ochokolo,
Ochoh,
Ochoh,
Ochokoe,
Ahjahsah,
Ochoh,
Bodannee,
Ochopah,
Hyenah,
Ochoko,
Desowoo,
Daddah,
Ojoe,
Addong,
Efahbonbay,
Ahkebahday,
Fahtaya,
Fahmecomee,
Ojoe,
Ahjeoh,
Ochobah,
Ahjai,
Sokallo,
Ahdakahlee,
Daddah,
Zemejoe,
Osoo,
Kotee,
Olelowah,
Solomejoh,
Hyenah,
Ahjai,
Sahgobee,
Odasaloo,
Oquahya,
Beakoo,
Daddah,
Olojoe,
Olobahjay,
Ochoh,
Eloh,
Wahlolee,
Ocobee,
Dahkalay,
Olojoe,
Saboto,
Tawor,
Alleakay,
Ammahpay,
Ayelay,
Awosoo,
Osammoko,
Otooday,
Awosoo,
Afokang,
Fahjawee,
Yanomee,
Ozolokay,
Afoday,
Coyea,
Hyenah,
Obenee,
Alahkay,
Ogedebah,
Mahtahwoo,
Mallekee,
Hyenah,
Besolee,
Mallah,
Malloko,
Tahwo,
Osolay,
Akeday,
Ojakah,
Osoloh,
Dawomee,
Akedah,
Loloh,
Sojoe,
Mallahsodo,
Oyahtoloo,
Bahjoe,
Tassom,
Olobahlay,
Bahbahbomee,
Alobe,
Olojoe,
Aleakoo,
Alojoe,
Afochee,
Abelahlah,
Oloketang,
Hyenah,
Allahbah,
Okelahday,
Mahdogetend,
Daddah,
Ahjai,
Yahbah,
Osahyomee,
Oloo,
Hyenah,
Ahdaloh,
Daddah,
Ahto,
Yamanee,
Owoyea,
Kosee,
Ahdasalee,
Acpan,
Mummah,
Manugy,
Owoop,
Aforday,
Bahgoo,
Ahbah,
Ahwoo,
Oforoo,
Bokoo,
Fomatee,
Mongee,
Moyah,
Mondahbah,
Allagay,
Ezeakoo,
Acheramah,
Inah,
Gombah,
Omahgah,
Fillay,
Epae,
Kenam,
Gumfoo,
Dandia,
Dekeremee,
Monopah,
Talemah,
Mumbah,
Munnay,
Ayoe,
Ofoyee,
Mannah,
Ahfahsee,
Odah,
Manfong,
Owah,
Yamsay,
Munehah,
Ofoo,
Imboroe,
Nangah,
Ochoe,
Imboe,
Omoe,
Eteek,
Odah,
Oloogoo,
Omah,
Ohbahchah,
Ocoe,
Accannem,
Inya,
Ammah,
Apono,
Abahshee,
Acban,
Opontay,
Acpan,
Acpan,
Dalkoo,
Acpan,
Acpan,
Apiabee,
Affeyong,
Acpan,
Moday,
Abassee,
Eyong,
Acban,
Odoh,
Etah,
Acban,
Moday,
Moday,
Acpan,
Ahpahvee,
Effoe,
Akay,
Iyoh,
Owee,
Jai,
Mondee,
Konsom,
Eyo,
Cando,
Boe,
Yapp,
Eboe,
Aramoko,
Wanko,
Anmanah,
Deddee,
Maccah,
Koronkoo,
Edoe,
Annahnoro,
Oloe,
Pomah,
Bomah,
Omah,
Bomah,
Bomah,
Omah,
Bojoh,
Iannay,
Akahwenee,
Tawah,
Ogah,
Agoo,
Agam,
Iyoh,
Ahjum,
Matah,
Achay,
Ahganah,
Ahomee,
Yahree,
Ogah,
Osoo,
Chah,
Oboo,
Obee,
Defoe,
Enoh,
Edomah,
Mangah,
Opoh,
Inquay,
Moh,
Boboo,
Egoo,
Nansay,
Qualoo,
Mempah,
Iyoh,
Inquah,
Eyah,
Ogong,
Temmang,
Emfah,
Inquang,
Yongo,
Tahkoo,
Joe,
Defong,
Jang,
Tannemahko,
Dequah,
Bekay,
Dindo,
Fango,
Achan,
Imboe,
Carabye,
Onenay,
Ahbassay,
Afobe,
Aquah,
Afeam,
Kabee,
Annando,
Aworee,
Afam,
Baggah,
Manguan,
Jah,
Moh,
Imbah,
Lawahlah,
Amolah,
Ahfeah,
Aboquah,
Inkarenkay,
Mambo,
Amingah,
Sangah,
Affah,
Imbechee,
Nochee,
Boreah,
Banno,
Pungwah,
Defong,
Infon,
Defon,
Wanchan,
Wagee,
Iumbah,
Affiam,
Bomah,
Bomah,
Makambah,
Kahtay,
Oluu,
Tarasey,
Dabayay,
Mahkahquo,
Lefee,
Jug,
Olongo,
Infon,
Doroyong,
Attee,
Acpahbee,
Bebee,
Aguah,
Atam,
Gom,
Afarcey,
Massah,
Lahkan,
Iammango,
Mongo,
Inquah,
Incoh,
Atam,
Aboray,
Owah,
Akanay,
Montee,
Kannem,
Fahkamah,
Bodee,
Ingay,
Opoe,
Afaree,
Chanakay,
Afonay,
Odagee,
Hamadodee,
Mahgeddah,
Attah,
Ahfah,
Imboo,
Minsay,
Mahjokee,
Bahakay,
Jahkah,
Adechee,
Hambo,
Oloh,
Imboree,
Imboraykoo,
Imbaf,
Amonah,
Anah,
Gontah,
Mantoh,
Alinga,
Atam,
Adeahgah,
Atam,
Oboe,
Odromah,
Bobomah,
Moboh,
Dokoboh,
Egbay,
Chakim,
Innaray,
Amasee,
Tokakay,
Odoo,
Ehonoe,
Wonkah,
Womkoe,
Okoe,
Ahsenah,
Enahyea,
Ekobolasee,
Omelloe,
Ahchenahwoe,
Okomahchay,
Ajay,
Azem,
Apah,
Ehoah,
Intoh,
Omadekay,
Olokoe,
Nonoe,
Ichay,
Onaggah,
Benjoh,
Egallah,
Ecowonay,
Annoah,
Mannahgo,
Ahomenem,
Equah,
Ayanah,
Bebay,
Oponah,
Kamaloh,
Lawolah,
Ahzobenzay,
Ofowakah,
Imbahtoh,
Akahchah,
Chekagee,
Alebay,
Akosoh,
Banneko,
Akagee,
Nahtah,
Ebazim,
Ewoaha,
Bannoh,
Ewoanah,
Odozorom,
Madday,
Onowah,
Wannokom,
Ahzoo,
Ahsonoo,
Okodamee,
Okochoh,
Maddagay,
Enonomoo,
Ogoo,
Alloh,
Ahmesallah,
Forah,
Ojokoe,
Anambah,
Ebojannah,
Akonah,
Ojo-goe,
Ahahkah,
Ebahnosoe,
Akellee,
Akalomah,
Esoakah,
Olee,
Oleah,
Akay,
Ebaray,
Anneaquay,
Mahboh,
Akagah,
Akolapay,
Chokomoh,
Allebokoh,
Enah,
Hapquay,
Sonnee,
Ocoray,
Oken,
Ahdakay,
Draggazem,
Achakanah,
Amahdeah,
Ochochoe,
Akay,
Bakalay,
Whochokoo,
Bomokah,
Ningah,
Akomonoh,
Asoh,
Setoh,
Kankanah,
Imbo,
Ahgah,
Wolay,
Ahdenah,
Amenah,
Ahbebay,
Olesah,
Ahbebeyoh,
Imbolee,
Imbarfoe,
Imballah,
Addah,
Bannah,
Immah,
Ahworay,
Abeohee,
Mayakoo,
Alleahamah,
Ahyolahaw,
Buckergatoo,
Boveantag,
Imbakay,
Imbakay,
Annah,
Annekarfoo,
Indarnah,
Boomackay,
Wandah,
Imbakay,
Ackjaallay,
Farquah,
Ahkameyah,
Mahdoo,
Yeakay,
Addah,
Wooblarkoo,
Chemarkah,
Obabah,
Darwah,
Menearkah,
Owahlakah,
Imboochearkah,
Yeamarsee,
Woobeah,
Farquah,
Wolarkah,
Imbarkoo,
Akem,
Mammoh,
Amarlay,
Imbaffoe,
Ewearko,
Lomolay,
Imbakay,
Woklay,
Annoway,
Accom,
Ejommoh,
Echee,
Olocharmee,
Ojeafoe,
Ahanlay,
Gantonobee,
Oguamance,
Solomoh,
Agamowah,
Olahkah,
Wombellay,
Meyobay,
Wochay,
Kobahseum,
Mahzarakay,
Edapet,
Inlay,
Okomenay,
Odaloh,
Nammah,
Bachee,
Wokoo,
Obahorom,
Ocolay,
Malowah,
Lanah,
Warkoday,
Ocolay,
Imbambah,
Mopolar,
Wozoh,
Anneah,
Okoquay,
Ogumajah,
Okoloo,
Karafoe,
Echankoe,
Anamabay,
Ebawokah,
Ehobay,
Ekay,
Mahfayako,
Ochomenay,
Emenaday,
Ohonogo,
Equahbeah,
Okerafoe,
Oporowoe,
Ewah,
Eporowoe,
Odakah,
Obozee,
Dassee,
Yomenee,
Okoray,
Okorko,
Ogoh,
Ogomah,
Nennah,
Onanoran,
Imbomeah,
Imbakay,
Olodegalamay,
Wogejah,
Sinnah,
Imbaffoe,
Wahdah,
Wochanwah,
Wahdah,
Sewahlefa,
Imbakay,
Emmah,
Womdebalay,
Annafoe,
Innah,
Amanayah,
Nahkay,
Annahwokah,
Ahbowochay,
Akebomewah,
Addah,
Ezahno,
Imbahko,
Imbucheka,
Alawachee,
Mamahya,
Egonoh,
Akarbolay,
Lahkoe,
Ingah,
Wannah,
Dowoo,
Ahbotah,
Alomoh,
Sah,
Asen,
Danhon,
Kattakattay,
Hyenah,
Edowoo,
Mahjay,
Ojoe,
Wosoo,
Mochowah,
Mochowah's Infant ,
Iyelahday,
Iyelahday's Infant,
Asayee,
Asayee's Infant,
Yahomee,
Yahomee's Infant,
Obay,
Obay's Infant,
Bannahko,
Bannahko's Infant,
Ahbinnebah,
Ahbinnebah's Infant ,
Quazzy,
Quazzy's Infant,
Ranagon,
Ranagon's Infant,
Anaque,
Anaque's Infant,
Zovoh,
Zovoh's Infant,
Honquay,
Honquay's Infant,
Naloo,
Naloo's Infant,
Ogonquai,
Ogonquai's Infant,
Alokeway,
Alokeway's Infant,
Ahbetah,
Ahbetah's Infant,
Amafanah,
Amafanah's Infant,
Noway,
Noway's Infant,
Ohonquay,
Ohonquay's Infant,
Whoday,
O'Boyee,
Bosomay,
Bojoh,
Doway,
Fodesay,
OBosee,
Bokosee,
Kosee,
Josee,
OBoyee,
Bennahko,
Ahfrasee,
Sammahtah,
Tahbay,
Tassee,
Lahdee,
Tododay,
Kosahmequay,
Ohonquay,
Mamaymenay,
Ahboh,
Yamonday,
Jejah,
Ahgassee,
Lovenno,
Obojoh,
Ahhoh,
Abahaday,
Teddeyea,
Daway,
Kahwolay,
Tossee,
Wochekah,
Ojukolong,
Laleway,
Ahsebee,
Tennen,
Pannah,
Potahyea,
Lahmin,
Jejoway,
Lahbah,
Olosokoway,
Yahketah,
Alofah,
Ayaday,
Ahwoloo,
Sepayboo,
Poloway,
Lakosee,
Osekahlay,
Onekayea,
Idabay,
Ogoombay,
Kansoh,
Yamee,
Ahballay,
Oloyakay,
Boavee,
Eccoah,
Eccoah's Infant,
Bokoh,
Dadday,
Copanano,
Hessah,
Bosahvee,
Ayotah,
Jonesah,
Kossee,
Honoo,
Sonay,
Dowee,
Gesoo,
Osoloo,
Bokoyoh,
Nahloo,
Hyetoe,
Katono,
Fenahgoh,
Tahboe,
Dawah,
Bonovee,
Dosoo,
Takalay,
Ovodeyong,
Ojoe,
Okojavee,
Kosah,
Bosoo,
Ahkah,
Dokow,
Nahkay,
Govee,
Bovee,
Kakay,
Kanday,
Mellaquan,
Kollamee,
Yahmay,
Pahvee,
Betoe,
Ahlubah,
Akonee,
Nahquay,
Kekolay,
Koyfavee,
Yahlalee,
Donnakoy,
Nannowoe,
Dayee,
Mavah,
Ahgah,
Bovee,
Noyekah,
Yahlaheday,
Annacochay,
Whoday,
Kendaloo,
Amokah,
Oparah,
Okerafoo,
Annah,
Ahpahbay,
Imbacop,
Calabar,
Bennett  Mary,
Olee  Jenny,
Ojah  Hannah,
Pennang  Sarah,
Annocha  Bebey,
Wahdah,
Bahyang,
Eboe,
Pennen,
Eyang  William,
Opoh,
Effem,
Wahpan,
Ogasay,
Inchah,
Pennen,
Incaraday,
Eboo,
Wassah,
Kalakee,
Aloo,
Abasay,
Indabesee,
Inbangoto,
Amezee,
Imbakay,
Kah,
Ekay,
Calabar,
Inkachay,
Bon,
Ochoh,
Ingaco,
Jalay,
Oconno,
Akarakay,
Adowosoo,
Incup,
Agbah,
Imboko,
Bahbah,
Odee,
Ohpah,
Ahjoe,
Okarakay,
Ochokoe,
Eyesoso,
Okocho,
Ahsefoo,
Apoe,
Kalahfo,
Kologee,
Alee,
Jalocom,
Attom,
Afam  Nancy,
Achadando,
Imbakay,
Chaleakah,
Imbolay,
Imboh,
Imbyah,
Imbaffo,
Indomah,
Ohdosay,
Ahcowah  Nancy,
Melaboe,
Imbahfoe,
Imbahfoe,
Nenangah,
Ahboe,
Enammo,
Desebah,
Otah,
Incobah,
Addah,
Attam,
Aleko,
Ahfeako,
Imbolah,
Mary,
Imbahfoe,
Mary,
Acomah,
Imbakay,
Wahfeah,
Attam,
Edday,
Imbahko,
Annochoe,
Ecolay,
Ogah,
Imbakay,
Ahdochoh,
Warmah,
Wononote,
Kahkam,
Annah,
Banyolay,
Addah,
Imbakah,
Immakay,
Addom,
Awokoo,
Odayahmee,
Ahboe,
Ahdemah,
Eyap  Smith,
Etahpoo,
Namochay,
Imbah,
Ahonannay,
Annahgoloh,
Kakondah,
Adeah,
Opan,
Appah,
Chokobay,
Oyakoboe,
Egbay,
Ommay,
Iemonahkay,
Iyah,
Okompoe,
Apah,
Otam,
Tammah,
Okaldoo,
Ahchokoo,
Madday,
Aday,
Ahpah,
Okojoe,
Kakandah,
Apahbay,
Agahlay,
Baselebay,
Eyaw,
Oloh,
Nalagee,
Kahbame,
Incochee,
Otee,
Imbah,
Kokandah,
Ahbenim,
Kakandah,
Akandah,
Akandah,
Sambah,
Mahpah,
Wolay,
Chekomeseam,
Injoh,
Emechee,
Effoh,
Woletay  Betsey,
Ingonahgoo,
Ocoh  Hagah,
Domochoh,
Aladah,
Wonahchay,
Azai,
Akikay,
Ebalahmah,
Eccolay,
Edowesee,
Intammah,
Annokoe,
Wokolah,
Otam,
Wakakay,
Ingoh,
Wankah,
Abassee,
Asopah,
Immah,
Doropan,
Wokoe,
Wokakay,
Jogo,
Wokasay,
Ocoree,
Yerah,
Abassay,
Abassay,
Emoh,
Orahkankay,
Owanah,
Anamochoe,
Ekalurom,
Apan,
Kankajay,
Woroo,
Pallokoe,
Kammahday,
Nabannah,
Hakammah,
Wokammah,
Allalahnah,
Anamahbee,
Ogoo,
Ogoo,
Maddokooday,
Wodah,
Olahkoo,
Abahgo,
Kelebakay,
Akem,
Opram,
Dabosee,
Okarakay,
Allah,
Annah,
Efom,
Eboe,
Oyahtoe,
Wogoo,
Oyageday,
Chelakay,
Karakay,
Imbajay,
Bahwekay,
Ojammah,
Bonjanah,
Yahnah,
Jago,
Ewoh,
Mowan,
Eyazee,
Magee,
Baharah,
Bahworekay,
Olamahah,
Ozahnah,
Lavay,
Ebebee,
Amahday,
Onokay,
Allochay,
Kahkandah,
Maday,
Orah,
Chindah,
Ozazalay,
Wochanno,
Ebay,
Ahmee,
Obassee,
Ahmamelay,
Obonah,
Woloko,
Ocommacom,
Oconko,
Ebebee,
Onoh,
Obeo,
Ebebee,
Ebebeyoe,
Appan,
Odoh,
Apannay,
Opan,
Incarasee,
Okahchay,
Imbokalay,
Wankoh,
Ewoah,
Obobolah,
Omoh,
Okakay,
Eloboh,
Ammelah,
Achubay,
Azanah,
Attamako,
Wokolay,
Ogodah,
Dowosee,
Annawochee,
Ekamah,
Owojah,
Ohahgoday,
Ahseah,
Eboh,
Okarakay,
Bonakay,
Accocah,
Jochah,
Bokoh,
Olah,
Ogalee,
Baleko,
Wanboh,
Attam,
Odoree,
Oday,
Otogoh,
Obee,
Bebee,
Opyah,
Fammah,
Indong,
Apan,
Ocoray,
Wosah,
Togee,
Wotassee,
Odassee,
Moram,
Addah,
Okarakay,
Losekay,
Ogoronay,
Wogoo,
Woroo,
Okonkay,
Unknown,
Oquahnahnah,
Oroh,
Wallazee,
Gallago,
Emoh,
Okarasee,
Owannah,
Ajissoo,
Esaboo,
Lamenoh,
Opan,
Gerepan,
Ahkano,
Okoray,
Mogoo,
Ammachee,
Chakosay,
Towowah,
Pahway,
Anahwahgo,
Anoh,
Obang,
Wonkoh,
Odoh,
Onajulay,
Ozarebah,
Ohah,
Onahgah,
Nakah,
Wahdah,
Dakah,
Olah,
Ahkandah,
Attam,
Wahnokoh,
Otam,
Ogolee,
Boakay,
Wonkoh,
Imbahfoh,
Unknown,
Addahkah,
Belatah,
Kahwalah,
Ogoojubar,
Ogosenah,
Cotee,
Ahkamee,
Mattamoo,
Abadee,
Ajobbee,
Ogooaloo,
Ochoh,
Mahsahkoo,
Hyenah,
Olooyee,
Osokoe,
Alookoo,
Hyenah,
Jalahday,
Ewekamay,
Akenoe,
Choeboe,
Oyapay,
Oloyou,
Iyekoo,
Ayewolay,
Asegpah,
Bankoalay,
Fahkayea,
Hyenah,
Mattee,
Koragah,
Afahbee,
Odowoe,
Lahjoe,
Ochoh,
Abboh,
Addaloloo,
Ahlahlo,
Edowoo,
Dalakoo,
Edowoo,
Dadday,
Annahchay,
Ajoe,
Alloday,
Ahchadaday,
Ochelay,
Hyenah,
Ojoe,
Solokay,
Babekay,
Sobeyee,
Ahkelosee,
Akejobee,
Afolagee,
Adoo,
Iloloo,
Odoobotay,
Assom,
Alawotah,
Afolahlay,
Okodah,
Asah,
Ochodoloo,
Koloo,
Ahjai,
Alojoe,
Mallekabay,
Alombay,
Allahday,
Molosasay,
Ahdayea,
Ganyobee,
Ojoe,
Obahday,
Adesahloo,
Ojopallah,
Fahkaboo,
Allahbamee,
Ahbotefah,
Achoh,
Hyenah,
Jenahloo,
Maddee,
Kahwolay,
Hyekoo,
Ogah,
Fahtomelah,
Fahgoloo,
Chanoo,
Allamee,
Allachenoo,
Hyenah,
Leajea,
Achomah,
Adjamee,
Yajoo,
Konbagee,
Olojoe,
Tahbay,
Olokasee,
Ahkedepay,
Ahkeko,
Lallah,
Jabokoo,
Chodenee,
Ahbeno,
Addoo,
Ahdasoo,
Ahbeahway,
Ahbodannah,
Amotahday,
Ogobahlay,
Addoo,
Alepay,
Olopoh,
Ahjahdee,
Ahdagoh,
Hyenah,
Dakoahjoe,
Agodayee,
Lamajai,
Kotoyee,
Ojoe,
Somoloo,
Okoboloo,
Hyenah,
Sahloo,
Hyelabay,
Olowahpay,
Okobaloo,
Alleko,
Onojobee,
Lallayea,
Olowahlay,
Olokotah,
Amadoo,
Olochaney,
Hyenah,
Sowahnee,
Mahgeah,
Mahgeah's Infant,
Seyah,
Seyah's Infant,
Balay,
Balay's Infant,
Mahboleday,
Mahboleday's Infant,
Boseyee,
Boseyee's Infant,
Abojatah,
Abojatah's Infant,
Mannah,
Mannah's Infant,
Ahdabemetoh,
Ahdabemetoh's Infant,
Iyoboo,
Iyoboo's Infant,
Yahjoh,
Yahjoh's Infant,
Olah,
Olah's Infant,
Akotahlah,
Akotahlah's Infant,
Adoo,
Adoo's Infant,
Lahnoh,
Lahnoh's Infant,
Hyelah,
Hyelah's Infant ,
Fallay,
Ahchay,
Tenahday,
Alokamee,
Akedah,
Amolowah,
Sahnoe,
Fahbay,
Abopay,
Ahballay,
Jahdakay,
Menokay,
Fahtokay,
Olesahkojoe,
Sabbanbee,
Manneyaquay,
Ajolah,
Opoyea,
Noquay,
Oyabaday,
Bejoway,
Akeday,
Ahzatoo,
Emoloo,
Allahwo,
Ajoalah,
Bahtonkay,
Massoyah,
Efahsosay,
Malleyapay,
Abeajoe,
Chahkolahyee,
Onee,
Affejokay,
Faddee,
Anokolepay,
Lahmee,
Tennee,
Ogoo,
Achaway,
Ahdagee,
Ojokay,
Afodepay,
Okosah,
Alesahwamee,
Mahjowokoo,
Ahpahtoo,
Alochealah,
Alomoloo,
Aloamoo,
Hyenah,
Loalahwoo,
Lahwoloo,
Sahbanbee,
Kojonoo,
Lahbah,
Ofokomebee,
Iyebonekay,
Lesahkahlay,
Ajunee,
Amesahday,
Tahwoo,
Sahbahmekay,
Ahjai ,
Ajah,
Kosomekay,
Fattumah,
Ahdamah,
Allamakoo,
Abejahkah,
Akojobee,
Afeyahday,
Ogomee,
Hyelokolay,
Jahwokoo,
Nannah,
Alojoe,
Alajai,
Afolobee,
Mallah,
Hyenah,
Ahdasolay,
Tennay,
Kolajoe,
Ahmenakay,
Ogonekay,
Ochoh,
Onee,
Fahtonkay,
Nopaloo,
Awosoo,
Akedah,
Iyeepolee,
Mannoloo,
Akedebah,
Oquia,
Oloochahlah,
Mahjahyobe,
Abokanbay,
Akolahday,
Ajimbafoo,
Lahjojoe,
Akedah,
Ojoloo,
Olokahtah,
Attolay,
Onee,
Hyenah,
Acheloday,
Ayekay,
Lahyamee,
Attobah,
Akoalah,
Annekay,
Ahjah,
Ahwoamee,
Ahjumah,
Ahjah,
Ajumah,
Lahdee,
Ammachee,
Ahbakoo,
Lallahyee,
Ammoyea,
Atoo,
Allobah,
Aboh,
Hyenah,
Hyenah,
Adoo,
Lahbah,
Nogoo,
Afosalah,
Attahsom,
Hyenah,
Ampahsay,
Labayee,
Ogoo,
Fattoloo,
Hyenah,
Ahjai,
Annomee,
Lahbahdo,
Hyenah,
Ahjai,
Fahwoe,
Allahbah,
Ahjogoalah,
Ahbalah,
Osahpee,
Ahjai,
Ahdapay,
Egboe,
Ahjumah,
Nefanneyea,
Byomee,
Okonekay,
Dosomee,
Oloalah,
Agolahmee,
Oday,
Ogosah,
Ahkeboloo,
Fallolah,
Ewochokah,
Alolah,
Komahday,
Edowoo,
Debochah,
Osahmonotah,
Ochoh,
Akojobee,
Agobakoo,
Olomeday,
Akeballah,
Ogolomekay,
Kobonelah,
Okobee,
Fahkalay,
Kojahneyah,
Chogahlee,
Dekansee,
Oloolah,
Lachagoo,
Ahjafoh,
Daddah,
Ogotolah,
Lotoo,
Domookoo,
Ayalah,
Ocho,
Fahtalo,
Ewosah,
Bahbay,
Addoo,
Fallah,
Ahjahpay,
Nobelahyea,
Jokee,
Adoyea,
Ahdejowah,
Soso,
Anassah,
Ochoh,
Dabotay,
Kangolo,
Lallayee,
Agombee,
Akojobee,
Fahmelotee,
Hyenah,
Danday,
Fahyamee,
Adowoo,
Daddah,
Hyenah,
Yahpoh,
Olokamee,
Awaloo,
Ejavoo,
Ochoh,
Boavee,
Boavee,
Ahchoh,
Ahballay,
Sanno,
Lahtobay,
Lahjokay,
Lahwonee,
Afolee,
Aloaday,
Ajaboo,
Mahbannahjay,
Jahtoloo,
Edowoo,
Dalolah,
Eppay,
Ahjai,
Ahpotoo,
Fallombee,
Machay,
Koyee,
Abetan,
Nassoyamah,
Sanno,
Fahdolopah,
Ejah,
Lahwahbee,
Beahgo,
Hyenah,
Daddah,
Fahbayo,
Lahyo,
Josammoo,
Damokay,
Ajomeno,
Mahbayea,
Owotoloko,
Odee,
Abonahyakay,
Adayahlah,
Hyeloe,
Alolee,
Fallokay,
Odoo,
Aneosonay,
Yatoo,
Mallekah,
Mintay,
Tongto,
Indefong,
Imbah,
Teekee,
Imbah,
Ashoe,
Nessen,
Mosalah,
Makong,
Peleso,
Ingally,
Insokee,
Monjay,
Imbomkay,
Indong,
Immoh,
Morannah,
Imbunjah,
Jimbah,
Ahodah,
Manboh,
Imbolay,
Yamsay,
Indolah,
Sompah,
Impoh,
Afanjay,
Indabah,
Imbotah,
Injung,
Bokotong,
Indong,
Ingombombo,
Inguatay,
Myombo,
Asong,
Allokah,
Ingoo,
Ingammoh,
Maddekay,
Injoe,
Imbongo,
Dorotoe,
Mosangee,
Mongah,
Ingahlay,
Alanjah,
Ingah,
Ingah,
Defeng,
Inmen,
Imbolah,
Bamis,
Incongo,
Ingennay,
Inquay,
Immahkay,
Defong,
Benn,
Incoe,
Yammay,
Inquay,
Imbalee,
Apoh,
Attotoo,
Incombah,
Kammah,
Apose,
Betongah,
Imbahlay,
Injangah,
Palesay,
Ingoyo,
Wandee,
Balanbah,
Mocay,
Sahbah,
Mandingah,
Incallay,
Gobahsah,
Bambay,
Imbalay,
Copay,
Unknown,
Yongo,
Yamsay,
Ingallay,
Injonjoe,
Injoloe,
Indosoo,
Ingobah,
Lokay,
Pango,
Jarmany,
Asahboe,
Junsoe,
Injasoe,
Lakosee,
Pagoe,
Oyoe,
Myumboo,
Ingombah,
Bahtay,
Dobahlay,
Dosee,
Komahyea,
Damolah,
Menealay,
Wangah,
Tokoyea,
Impongo,
Injosoe,
Adopomah,
Asamoo,
Injoloo,
Besah,
Toloh,
Dakobay,
Mampay,
Ingoboh,
Yambay,
Ingombay,
Mayom,
Mahbahtoe,
Indosee,
Ingotee,
Abbay,
Acoyea,
Dowoo,
Colobah,
Ahdeyoe,
Ocoloe,
Ahchaday,
Yahcobah,
Bonday,
Ahboyea,
Odofah,
Ahdomee,
Dosah,
Dosoo,
Alekah,
Dowoo,
Akeyamee,
Ogah,
Olofomee,
Ayahfemee,
Fasebah,
Lokotah,
Lokoway,
Achoh,
Ahdoloo,
Ahdetah,
Agebosah,
Ozoo,
Ogogee,
Bahwah,
Hyenah,
Coynoo,
Agay,
Momonee,
Coyahmafoo,
Oloyah,
Olahloyea,
Odahlay,
Lahbesee,
Agah,
Ogomokoe,
Mahboledoo,
Goyea,
Attagah,
Odoo,
Ahdaloloo,
Mahallao,
Ogularday,
Wahfomee,
Ojoe,
Akojobee,
Monokonah,
Odobamee,
Ahdawomee,
Saidoo,
Okosonday,
Akamedah,
Akamedah's Infant,
Odooloo,
Byamee,
Daeday,
Daeday's Infant,
Sonarrah,
Sonarrah's Infant,
Olahdaynea,
Olahdaynea's Infant,
Dahmajae,
Dahmajae's Infant,
Dahmajae's Infant,
Dowoo,
Dowoo's Infant ,
Aboseqah,
Allono,
Byanee,
Dabahlahlo,
Awosoo,
Allako,
Alubah,
Olomekay,
Allahbay,
Bepoh,
Awosoo,
Awosee,
Copalahday,
Allenokay,
Annekayea,
Conebahbay,
Yahbah,
Awosoo,
Penoyoh,
Atajue,
Assobeyee,
Odoo,
Agamee,
Owotoo,
Assahtoo,
Addacup,
Lahbah,
Ahjamee,
Ahjai,
Attowahlay,
Assedee,
Ahjai,
Ahjobo,
Okojahjoe,
Sahkay,
OBearloo,
Hyenah,
Ahjai,
Ayearloo,
Ahloolahloo,
Odoosekay,
Hyenah,
Ahbajoe,
Ahgolahjay,
Dabosee,
Addoo,
Aloloo,
Ahdajoe,
Ahbosee,
Ambesay,
Allahlee,
Dahwosee,
Ahsebee,
Fahbayee,
Atapoe,
Zebah,
Addoo,
Mahjai,
Akeloloo,
Addoahlay,
Ahgebeyoh,
Ochoh,
Ahdagee,
Pahdayah,
Lallamee,
Ochoh,
Oloboe,
Achudoh,
Lamee,
Abdolie,
Ochoh,
Asow,
Agay,
Fallahnoe,
Kosee,
Ahjai,
Satoday,
Wokacha,
Owosokah,
Ojogoo,
Wahbaggah,
Imbah,
Okakay,
Ogonnah,
Alakammah,
Chelakay,
Ocoro,
Boogalay,
Eyea,
Akamolah,
Banlakay,
Oforoo,
Onovo,
Abattah,
Owoonoh,
Ocolentoh,
Ocoronko,
Inzubay,
Malanway,
Karakay,
Oguargoo,
Ayeawoochee,
Wanardoo,
Imbannah,
Innah,
Inkangah,
Jebowonee,
Ocoronko,
Eneakay,
Wahchokoo,
Ofokandah,
Dalakay,
Womannah,
Osonto,
Oyonoe,
Okoronko,
Enamochee,
Okoronko,
Imbretem,
Enahbassah,
Wogoo,
Mombarrah,
Atah,
Delabee,
Ohagoe,
Okarey,
Okarafoo,
Meddy,
Okajay,
Okamah,
Wankoh,
Elaboo,
Okallazoe,
Okaratah,
Okarakay,
Abodago,
Basemekah,
Obahho,
Oyochay,
Abassa,
Onokoh,
Balaboo,
Okochoe,
Imbotoh,
Nesah,
Immazoe,
Awah,
Immakemah,
Tellee,
Appah,
Chimmey,
Innarguray,
Mampah,
Imbahsogo,
Eboe,
Ogoo,
Allah,
Odoh,
Karamoday,
Acpan,
Odoh,
Akandah,
Omoh,
Ahbomeguah,
Odoh,
Acpan,
Acpan,
Acpan,
OBassa,
Anang,
Acpan,
Abassa,
Acpan,
Odoh,
Opong,
Pahveyoe,
Innang,
Oroh,
Odoh,
Odowodo,
Okorro,
Omoh,
Abahkee,
Omolay,
Acpan,
Odoh,
Orango,
Ajom,
Indofoe,
Emolay,
Acpan,
Acpan,
Asaine,
Acpan,
Oroh,
Acpan,
Padeah,
Apahbeyo,
Asong,
Abassa,
Adoh,
Unknown,
Mesobee,
Incoe,
Egealla,
Apahbeyo,
Asaine,
Erom,
Inquah,
Wonkoko,
Ballekah,
Acpan,
Abonoe,
Ekong,
Eboe,
Acpan,
Nahkolo,
Kowocham,
Mahwoe,
Chebondah,
Ocoree,
Azah,
Azachukoe,
Acpan,
Ennang,
Odoh,
Okarakay,
Iogo,
Wonkoh,
Imbahjogah,
Betahkah,
Mahworo,
Obohkorome,
Alloh,
Nobee,
Imbaffo,
Imbakay,
Akojalonee,
Imbakay,
Olookay,
Unknown,
Emoah,
Annachay,
Imbolay,
Sallah,
Agalay,
Ocah,
Jakah,
Iyah,
Asay,
Anumah,
Ezaranay,
Ogualoo,
Wahkah,
Imbakay,
Inguarnah,
Innarday,
Kobahkah,
Inguarmah,
Wahnochoe,
Ogebarko,
Imbaffo,
Arboomah,
Annekobah,
Wannofoe,
Achamoh,
Alawah,
Bachekah,
Imballoe,
Domochoe,
Imbarbah,
Bowochoe,
Annono,
Wannochee,
Aleagee,
Wannolee,
Azonarmo,
Imbah,
Adeagah,
Onwah,
Omoah,
Aseah,
Onwah,
Kalanang,
Karowah,
Ahdeagah,
Emoh,
Iyee,
Anabay,
Iyea,
Akanjah,
Acholah,
Akanjah,
Annalagee,
Omoh,
Momoo,
Abato,
Billebo,
Okarakay,
Mondabah,
Lahgoo,
Incam,
Okarako,
Omoh,
Eroh,
Indop,
Inboko,
Omboko,
Ancoh,
Emoh,
Ajowolay,
Acpan,
Eroh,
Mokolay,
Maddoh,
Oconoe,
Ajamo,
Alajamo,
Agoo,
Imboko,
Molo,
Immahko,
Ammobo,
Ahmomo,
Awah,
Otomah,
Ambosay,
Ocah,
Ahboh,
Awoday,
Annakay,
Margremoney,
Alahdahno,
Mahpoe,
Longwah,
Annokem,
Okah,
Lopowah,
Okarafo,
Wogoo,
Adah,
Mahdah,
Ocoray,
Imbokoh,
Ahboh,
Okoo,
Ocaree,
Margereekoo,
Adawochee,
Jumah,
Mamah,
Asekahwo,
Ahbotay,
Obondocheko,
Maddoo,
Achay,
Kayobo,
Charpolay,
Wannem,
Eboh,
Doko,
Ammah,
Imbohwahlay,
Abahday,
Ogalay,
Imbakay,
Imbaffo,
Olemoh,
Jingolarko,
Imbakay,
Immah,
Imbolay,
Annochoe,
Galako,
Imbolay,
Karko,
Imbaffo,
Addah,
Imbaho,
Imboquay,
Aleako,
Imbolay,
Kahko,
Imboko,
Imbokay,
Jachay,
Hequay,
Ayomah,
Ayakah,
Imbaffo,
Imbolay,
Akawodoo,
Imbokay,
Momoh,
Yaday,
Tintah,
Imbolay,
Ingotah,
Imbakay,
Accom,
Imbakay,
Apajay,
Lentah,
Mattam,
Ahsee,
Maggee,
Azahmo,
Mahchee,
Iyee,
Ingallo,
Aday,
Molloh,
Alahmogee,
Ashem,
Alachah,
Hyelay,
Amofelay,
Maggen,
Seedy,
Mahjiah,
Dangannah,
Abbah,
Mahjai,
Kakutah,
Asai,
Asagee,
Oguannah,
Allotoh,
Oguannee,
Omammay,
Ahquamay,
Saidoo,
Moopay,
Lahcolay,
Nekoo,
Warkonobee,
Olobo,
Malartobah,
Mammah,
Abbah,
Warkooday,
Abelah,
Wonjay,
Azeramee,
Mammah,
Onogoo,
Abbay,
Lahjay,
Acheboe,
Demochay,
Anamonee,
Amocoray,
Affoe,
Alasallagee,
Namsay,
Ayamchay,
Abbo,
Abay,
Dangannah,
Alebolay,
Ebarkoo,
Numaday,
Asaforgee,
Ahgalay,
Allahsalakay,
Ahdagah,
Annabee,
Inchee,
Appah,
Arbagoo,
Ahjasee,
Samonoo,
Alloboo,
Kotamlay,
Apoe,
Alakolamee,
Indarchay,
Nemee,
Abahjay,
Atteyam,
Echee,
Apahlo,
Daryarmah,
Ogoo,
Imbokay,
Bahfoday,
Kankoh,
Garseeantong,
Banjoe,
Edoo,
Babesee,
Addem,
Desarloo,
Tassah,
Assom,
Esallah,
Assah,
Abee,
Ahagonah,
Margetah,
Agee,
Armadah,
Ahmoyea,
Ahjumah,
Molabay,
Moalay,
Arwah,
Arbee,
Adomekagee,
Kango,
Aloo,
Warjah,
Arjumah,
Anekay,
Anomodoo,
Anachee,
Echomee,
Anatee,
Edah,
Bahfoe,
Ingolo,
Nayanah,
Argee,
Argadah,
Marpay,
Imbogay,
Weagay,
Amalasepang,
Alee,
Egenarkarno,
Ekam,
Imbakay,
Baseah,
Tennay,
Ajarmah,
Akarbar,
Okar,
Wanyaboe,
Obalanefah,
Annattah,
Mogalay,
Chemonay,
Akosay,
Arbyee,
Anaday,
Bebombo,
Ahpay,
Ahbonah,
Ahchay,
Amajoe,
Argoomelah,
Arwah,
Womah,
Onekeyah,
Agah,
Asuay,
Mem,
Ejakah,
Achee,
Achee,
Arday,
Insoloo,
Azay,
Ajamonah,
Dangallah,
Imbarbay,
Ocolo,
Obobay,
Iallee,
Arbartoh,
Attam,
Abarway,
Donko,
Arman,
Enarmah,
Asogee,
Arbelah,
Aboyee,
Aboloe,
Itetee,
Ardassee,
Appah,
Armobee,
Alekay,
Appabay,
Edarkay,
Bangassee,
Barseban,
Effah,
Arwigee,
Agelay,
Arjomoh,
Achoh,
Amogee,
Imbolay,
Balcolay,
Emarwah,
Ardassee,
Ebah,
Watercalay,
Wakerchenanay,
Barsequay,
Arkomoah,
Alomarlewah,
Etarkay,
Agoodarlah,
Arkodasay,
Karmojoe,
Kokannay,
Annojay,
Akowannay,
Efarnopolo,
Cedah,
Agalandarchee,
Adechay,
Okoo,
Onefah,
Imbakay,
Ekagernah,
Ekomardah,
Tongah,
Oladah,
Oloo,
Imbolay,
Obolay,
Olardah,
Wanemah,
Anebachay,
Coolarday,
Ardeyon,
Ahwarwee,
Ahchoh,
Arjowah,
Arkeboloo,
Olobargay,
Logallah,
Ekonallah,
Ahbedogo,
Babedogo,
Chomelokoe,
Ahjai,
Ahjejolah,
Anekayea,
Onowooday,
Alahday,
Debarpor,
Cobeyar,
Waterjaloo,
Edowoo,
Iyepay,
Ojoe,
Olarparmeh,
Larparjar,
Olobarjoe,
Edaney,
Farcutta,
Allarday,
Ogoosoloo,
Ogoolah,
Ayarbaryah,
Ojoe,
Ocomolay,
Ocomopiye,
Arjeloo,
Lolay,
Arkambee,
Akoanoe,
Ochokarday,
Olabee,
Okobarkoday,
Abdolie,
Edowoo,
Ardabonoe,
Akodah,
Ojoe,
Jebbo,
Assahnoo,
Kolanee,
Aikajoe,
Hyenah,
Agacholah,
Ogombee,
Ofoloo,
Ochoe,
Osogalay,
Dekayea,
Hanmodoo,
Ojah,
Akebolay,
Ajamoo,
Iuddoo,
Arwetah,
Odadegee,
Osoo,
Ojomolay,
Ahjai,
Arkeboh,
Ahjai,
Arkelotoh,
Lubarmee,
Ogolarlah,
Omonee,
Beakoo,
Barrebah,
Yarroh,
Yarroh Infant ,
Amballay,
Amballay Infant ,
Marwoyea,
Marwoyea's Infant,
Olokoe,
Olokoe Infant,
Manolah,
Manolah Infant,
Yarbenee,
Yarbenee Infant,
Hyenah,
Okeloo,
Hyenah,
Ogedebah,
Ogedebah Infant,
Solobee,
Kobaloo,
Kobaloo Infant,
Jakojo,
Akodarlarsee,
Wonearday,
Ahzatoe,
Larbeyar,
Ahzatoe,
Alloway,
Ahzatoe,
Onarmee,
Ahdayoe,
Arkakay,
Tenaobo,
Arjellee,
Insobah,
Olojoe,
Arfolalar,
Mollakay,
Hyenah,
Dubaobah,
Fallolah,
Mallamejay,
Abokoh,
Edowoo,
Iyanoo,
Nannah,
Marjai,
Bonah,
Enowah,
Aleannay,
Markolowah,
Edowoo,
Mallarkay,
Nannah,
Hyenah,
Ogodo,
Eyomeloh,
Ogobanee,
Lojoe,
Nejarmepay,
Lefooarbah,
Ahlarsalah,
Malloye,
Armallarday,
Assoo,
Hyemahday,
Sammahtah,
Okeloo,
Olahbee,
Mallanpanoo,
Okodaryah,
Kallaryea,
Anekallay,
Arpattee,
Lojallah,
Arbeolah,
Larkoo,
Taiwoo,
Ardayfolekay,
Damonesay,
Ogobamekay,
Yaboday,
Olee,
Omardalay,
Effoo,
Otoe,
Armokah,
Armahlolah,
Obenee,
Ahzatoe,
Lamelakoo,
Mardalay,
Menneyabo,
Assarkoo,
Artoobah,
Arsongallay,
Mardalay,
Argekay,
Hyenah,
Annekay,
Afoyay,
Odolarmee,
Armenah,
Tennay,
Larmee,
Omodoko,
Anearday,
Fallahkay,
Odepoh,
Iyea,
Ahzatoe,
Larmee,
Taiwoo,
Odoo,
Eloyea,
Arjamee,
Osomarlakay,
Kosee,
Awosee,
Ardayobee,
Hyenah,
Tahwoh,
Eyarbolah,
Amelarloo,
Dearwoo,
Ogolaloo,
Omosadoo,
Ozotaloo,
Esarwekay,
Adah,
Ogoboh,
Palogo,
Memolarkay,
Allokay,
Daddah,
Maddolah,
Akabee,
Hyenah,
Onee,
Mallanbay,
Kanday,
Ochoh,
Ahgosee,
Obobay,
Olah,
Ochoh,
Iagomolo,
Ardamokalay,
Cofomelay,
Olarboyah,
Ardajay,
Ojoe,
Fardayee,
Omomonee,
Ogodaloo,
Opanoo,
Layannoo,
Arkelotoh,
Ardayowoo,
Bardoo,
Sanganee,
Ardajo,
Keday,
Otopolah,
Agay,
Daddah,
Allahwobee,
Choyomo,
Attapayo,
Tosonday,
Ololarlo,
Akodarlo,
Daddah,
Ochoh,
Ahjai,
Ayefarme,
Chotomwah,
Obosoyea,
Daddah,
Ahjai,
Efardakay,
Dawosee,
Ojulay,
Opotemoh,
Kambay,
Odoo,
Choloway,
Chargobayea,
Alepatoo,
Allepolupa,
Arbosadee,
Annejoe,
Awootegee,
Hyenah,
Bambay,
Ardobee,
Ardaboabee,
Hyenah,
Obah,
Allepalee,
Taiwoo,
Daddah,
Agbaloo,
Daddah,
Ogoyamee,
Ajuaday,
Arsomardo,
Kalallo,
Tahwo,
Monesom,
Sarmolanay,
Arfolay,
Olojoe,
Bemeallago,
Abeney,
Oworesah,
Bancho,
Ardaloh,
Awocheday,
Odonekah,
Mallahkay,
Atapolah,
Aleloh,
Onee,
Bebah,
Annolenoe,
Allahkay,
Ajallay,
Aloway,
Lubambee,
Malloo,
Ojowonee,
Mattobee,
Arwokay,
Olomahlah,
Olyokoo,
Samoo,
Akedah,
Ahjai,
Quemesee,
Mollony,
Lochahcholah,
Larkonoo,
Awodalah,
Abegee,
Gargee,
Archokoo,
Onohnah,
Argobasee,
Injoko,
Appah,
Acpanocho,
Injay,
Chopan,
Olochay,
Omarau,
Acpanocho,
Woroh,
Neakay,
Otam,
Acpan,
Karsebolo,
Merame,
Akay,
Ogee,
Maddapay,
Maddozebelay,
Mannahko,
Woroh,
Worohesair,
Oworarhan,
Tammoko,
Imbahfo,
Imboko,
Wokoko,
Onamochah,
Ashabo,
Akolachoe,
Ekaboo,
Maddemonoo,
Alloh,
Amboroo,
Abassee,
Eboh,
Okallokoo,
Chetalay,
Okoranko,
Owah,
Addeahgah,
Womannah,
Arbargee,
Omah,
Cheeanahhah,
Navokah,
Ahekah,
Eyobay,
Olearkah,
Imbolay,
Archarmah,
Molakay,
Imbolay,
Wochanwah,
Imbargee,
Imbah,
Imbolay,
Arkandom,
Ejah,
Arkeresadoo,
Wanakah,
Onasue,
Arkogo,
Ogoo,
Attam,
Imboh,
Imbyea,
Imbay,
Arkomfay,
Imbah,
Ogoo,
Acpan,
Anang,
Asay,
Attam,
Ocorochoe,
Attam,
Esahyea,
Andakay,
Fargo,
Warbarjah,
Abeneham,
Equay,
Attah,
Attahsay,
Omolomehem,
Eboe,
Attam,
Argarbah,
Nahbehay,
Attam,
Iyea,
Attam,
Ochando,
Archokoe,
Ochanway,
Kallopoe,
Wokarokah,
Imbasay,
Onwah,
Imbokah,
Aleahah,
Adeagah,
Arboh,
Aloko,
Okolo,
Oquarjah,
Inchay,
Esarmah,
Karnah,
Imbaffoe,
Abarjah,
Odeah,
Ordokoo,
Imbolay,
Ogelarkah,
Kosomenah,
Attam,
Odoko,
Amarguar,
Oway,
Obowoe,
Adokoo,
Abarjah,
Ologah,
Imbay,
Imbarfoo,
Imbakay,
Mandanie,
Argetamo,
Imbakay,
Emahloe,
Imbakay,
Imbolay,
Ardawah,
Wamoe,
Warmakay,
Okoo,
Wannomah,
Warmakay,
Alardah,
Imbakay,
Wankoo,
Wahkoo,
Attah,
Kossoe,
Molloo,
Komballee,
Mokoo,
Ojoe,
OBosoe,
Ojobo,
Akeamee,
Popallay,
Jahtoe,
Mammah,
Iyeday,
Maddee,
Osargah,
Arwolay,
Sojoe,
Akoalah,
Osolomah,
Bobolarloo,
Odojoe,
Golobar,
Artahpallah,
Tellah,
Wallee,
Affokoo,
Akoaday,
Boloo,
Okoyea,
Arbeatom,
Ochotah,
Logoloo,
Garzalay,
Oloyea,
Olarkoja,
Arkonoe,
Yaryah,
Godalay,
Marboko,
Ojoe,
Arkenokoe,
Mochoe,
Akechowoo,
Iebo,
Iebo Infant,
Palejoe,
Palejoe Infant,
Chekatay's Infant,
Annekay,
Annekay Infant,
Fasekay,
Olosogo,
Solay,
Solay Infant ,
Asabay,
Argassee,
Awanee,
Tammono,
Marfakay,
Motassay,
Goloo,
Fargoloo,
Olojoe,
Ambosay,
Godolah,
Osallo,
Arbod,
Iyebolah,
Larboday,
Ialarnay,
Osolotee,
Marjabay,
Daddah,
Markono,
Attarpallah,
Onee,
Assallah,
Tarwoo,
Saffomekay,
Kekee,
Iallah,
Olojoe,
Armekay,
Aboloyea,
Iyesah,
Artakay,
Allarhamee,
Yarjay,
Iyarwoo,
Osojoloo,
Degbay,
Nannah,
Achopoe,
Lobarday,
Iyefoe,
Afogoo,
Lannoyea,
Ojokolay,
Ardojah,
Mallah,
Nolah,
Arcoboyea,
Abosah,
Momah,
Akebarday,
Omododo,
Addempoh,
Moburbom,
Hyenah,
Marbelay,
Oyoyah,
Olobabee,
Ahjai,
Hyenah,
Ojah,
Molloo,
Aday,
Ajai,
Agay,
Arballamee,
Abovee,
Mallakay,
Boquai,
Arsebee,
Edowoo,
Sarno,
Eyea,
Bedoh,
Boavee,
Akeyomeno,
Mammah,
Mammah,
Ochoh,
Ojoe,
Mopye,
Olokotoo,
Allahbay,
Oloquar,
Chonekar,
Ahjai,
Ahzanee,
Oguemekar,
Ojosay,
Wahchomee,
Alballekah,
Abonee,
Akojobee,
Olonday,
Allahday,
Fahdoyea,
Arkenoo,
Odojay,
Asahgar,
Olomenee,
Choway,
Bankallay,
Olokotah,
Olobomels,
Fahjobee,
Dosomee,
Andee,
Hyenah,
Arbearlor,
Okolarday,
Ojoe,
Arbye,
Osogelea,
Ogotarpay,
Olomoloh,
Akallah,
Ochandapay,
Iiye,
Ardedejoo,
Bankolay,
Ardadonoo,
Tamparjay,
Ochoh,
Odayea,
Anninkoo,
Ayowoo,
Daddah,
Allarjee,
Arkoyah,
Olesah,
Olesah,
Addoo,
Oleye,
Cudjoe,
Okolah,
Mammah,
Dobay,
Dobay Infant,
Kopallarmee,
Kopallarmee Infant,
Okokay,
Tahwo,
Arjumah,
Ardebolekay,
Ogolombee,
Argebelepay,
Odoh,
Lahdepoh,
Laryomekup,
Yeaday,
Arkonoo,
Arkokay,
Arkelay,
Alofah,
Farkoyea,
Alleway,
Larmee,
Azeamee,
Lardeday,
Awosee,
Adoapoo,
Marboday,
Tallarbee,
Ambojah,
Armopay,
Dowolah,
Kefogee,
Hyenah,
Amodelatobay,
Awosee,
Arkodo,
Omololoo,
Allonkay,
Mallayea,
Anoah,
Alleakay,
Infant of Larmee,
Ochobah,
Okeebelay,
Fahdoloo,
Osokah,
Amearyea,
Okojobbee,
Ochardemy,
Malfallarbay,
Tammomo,
Fallarday,
Arkeseyah,
Sonoyea,
Okinkardy,
Okombyea,
Ogoarbee,
Adayaloo,
Ochoh,
Edowoo,
Ogodobee,
Daddah,
Dayombo,
Iyatim,
Tarwaday,
Karkalay,
Arbay,
Alojobee,
Larpomoo,
Koyomeno,
Farjobbee,
Owolah,
Edowoo,
Edowoo,
Olabay,
Dowoo,
Addoo,
Afamosotee,
Sokoloo,
Oloyarmee,
Ochoh,
Bonaboo,
Sarbomee,
Awoo,
Onee,
Onee,
Dakowalar,
Yomolor,
Osonkally,
Olokagee,
Awosoo,
Arsomfonkay,
Awosee,
Armokay,
Olokotah,
Arsegay,
Allearday,
Aday,
Abepoh,
George Seigh,
Foday,
Bankoo,
Mosah,
Camirangong,
Saloof,
Katee,
Yalemoodoo,
Yagua,
Fadua,
Koyay,
Morefoday,
Mammodoo,
Colee,
Nahmoodoo,
Saleah,
Dick,
Fahsallee,
Iettah,
Kawoolay,
Seerey,
Mamadoo,
Mossah,
Bydaree,
Sayoo,
Konnee,
Mosah,
Barrah,
karrahfallah,
Tambah,
Mamadoo,
Lansenay,
Mambee,
Seeray,
Ansemannah,
Mammodoo,
Mosah,
Lapay,
Sarrah,
Tamba,
Sabboo,
Thomas,
Sarrah,
Foday,
Sarrah,
Koyea,
Koyea,
Setarrah,
Debah,
Gracia,
Tennay,
Fatumah,
Fatumah,
Fatoomatah,
Iomboh,
Marree,
Sayoo,
Bintee,
Foday,
Fallah,
Kondoh,
Foday,
Fahkay,
Tom,
Shoh,
Jim,
Seeray,
Mammodoo,
Sanday,
Karbaloh,
Laye,
Barronko,
Sarrah,
Fendah,
Damooh,
Doobah,
Maria,
Lattah,
Jemah,
Tom Caulker,
Battay,
Yonee,
Tenah,
Doworro,
Yaccandoo,
Peah,
Bannah,
Beeah,
Kong,
Barrah,
Barrah,
Iarrah,
Momodoo,
Fonee,
Doworro,
Barrah,
Doworro,
Van,
Bowah,
Dammah,
Sanbay,
Fannah,
Doorey,
Kanday,
Barrah,
WOnee,
Bangay,
Bannah,
Doworro,
Bannah,
Doorey,
Too,
Wyaa,
Harray,
Sammah,
Kammo,
Dowee,
Kanday,
Doray,
Kattoo,
Forray,
Bombo,
Doquah,
Sarey,
Fourree,
Tinqua,
Daworay,
Dambay,
Bokoh,
Nyaquay,
Nodah,
Poquah,
Yanquah,
Wyah,
Mommoh,
Dorah,
Karay,
Poquah,
Booboo,
Kotoo,
Myah,
Vammah,
Fangah,
Sarey,
Fang,
Banqua,
Oyuwa,
Doambah,
Watamoloo,
Kafoo,
Manya,
Bora,
Sarey,
Boh,
Bomgoomah,
Yassee,
Banna,
Wattah,
Oboh,
Valerie,
Kong,
Mommoh,
Fammah,
Sabay,
Barra,
Kaye,
Banna,
Bantee,
Duah,
Kondah,
Nyoh,
Kabankalee,
Kombah,
Saccah,
Bootoh,
Sooveah,
Koobay,
Karray,
Toomah,
Harray,
Sammah,
Ofah,
Warree,
Banquah,
Iem,
Panquah,
Bumbo,
Fangah,
Wyabay,
Jowah,
Sabah,
Barrah,
Byah,
Acowah,
Kolee,
Karray,
Anno,
Tambah,
Tovey,
Goobay,
Gaboh,
Tahbanah,
Bongooma,
Shaw,
Mammol,
Ovanee,
Dambee,
Konee,
Damoh,
Yanganah,
Sabay,
Tarroo,
Kankorah,
Mahtintee,
Imboh,
Kaffy,
Satteah,
Dannay,
Kaffy,
Konee,
Foray,
Quiaa,
Feemah,
Mangooroo,
Too,
Roopah,
Feemah,
Mammoh,
Machah,
Kaffy,
Danee,
Yanday,
Djuroo,
Djuroo,
Bandeah,
Foorey,
Mafee,
Iinnah,
Hennay,
Mahennay,
Tarroo,
Booboo,
Mantaffee,
Taffee,
Garroo,
Keffee,
Nyawa,
Lafatah,
Foray,
Dandah,
Barkoo,
Bumbo,
Fonee,
Kobay,
Neyellowoo,
Karltowoo,
Tavee,
Tarvey,
Binga,
Charroo,
Nyakeeye,
Bannah,
Tombo,
Sarroo,
Banna,
Dobong,
Doboo,
Degbay,
Gambo,
Doree,
Bonee,
Bissah,
Ovua,
Bobee,
Coppay,
Korekay,
Samba,
Bonkah,
Gamay,
Konakah,
Fourrebah,
Kondoh,
Grabbah,
Tabbay,
Moussah,
Bonee,
Fammah,
Boolayah,
Gawah,
Jachoh,
Tamba,
Labay,
Doodow,
Kaye,
Kaye,
Koyee,
Banday,
Tamba,
Sammah,
Kandarwa,
Sooroo,
Jarwah,
Sessay,
Bay,
Sammo,
Doray,
Bandahwah,
Koree,
Bay,
Fonah,
Kendee,
Baye,
Toh,
Kogee,
Bumbo,
Tombolo,
Botoh,
Bonee,
Bayee,
Batoo,
Tobacco,
Guia,
Taffoo,
Massah,
Tasseah,
Fandoo,
Dassoo,
Sessay,
Nyanee,
Boree,
Fammah,
Barkee,
Iarrah,
Fammah,
Bondah,
Foray,
Kobay,
Lanchawah,
Farmah,
Foray,
Farree,
Garawah,
Garawah,
Komee,
Sessay,
Bangbah,
Nacoi,
Kombah,
Jaffoh,
Kobanday,
Farray,
Cosay,
Bantone,
Barrah,
Tamba,
Kaye,
Jarwah,
Bawoh,
Baye,
Soolomah,
Bondoo,
Simboh,
Booy,
Kangaforay,
Bon,
Balankay,
Mahen,
Tumah,
Koonah,
Nammah,
Keffy,
Joe,
Booy,
Mahonny,
Jammee,
Mandaah,
Ioh,
Yambray,
Nyaque,
Pamanja,
Woomah,
Mandoray,
Dah,
Bahmah,
Wotah,
Koombah,
Baye,
Kombah,
Ogomah,
Chaugh,
Chaugh,
Keffy,
Ballay,
Boray,
Margeree,
Yardayah,
Chokoo,
Mayee,
Chomah,
Changbah,
Rose,
Toombah,
Marbay,
Margaree,
Choomah,
Choomah,
Matoo,
Teywah,
Matoo,
Boye,
Marjah,
Myconnee,
Koonah,
Konyah,
Myconnee,
Mafah,
Booy,
Yanday,
Mann,
Kingah,
Kaye,
Konah,
Mangah,
Booy,
Mygoolah,
Ombah,
Dangah,
Awoodoo,
Mammah,
Mammodoo,
Mammo,
Andammah,
Seidee,
Arwodoo,
Arsaogoo,
Dangannah,
Seidee,
Marsoyee,
Allangarbah,
Allargarsekah,
Ogah,
Battoo,
Okachekalay,
Allee,
Ogomatah,
Temarjoe,
Tagbah,
Appah,
Chahcharco,
Darjomah,
Onoh,
Margenay,
Appan,
Effah,
Jattoe,
Bebbay,
Margesemarks,
Arbarjay,
Adolay,
Kavay,
Addam,
Arparko,
Kayomah,
Arwarlee,
Aboh,
Pandah,
Tariah,
Onarbah,
Bojingah,
Azekah,
Ajetoe,
Eyandah,
Okolo,
Aryogoe,
Tedoh,
Injombay,
Odoo,
Amarsekee,
Dekah,
Ingoquay,
Edoo,
Aryokoo,
Edokay,
Arpannah,
Arbekobeday,
Awentah,
Ammay,
Accoh,
Imbuoy,
Assoh,
Ogah,
Argolay,
Nokoh,
Annehah,
Attammoh,
Tasseah,
Ozoyea,
Tassah,
Azumah,
Anayea,
Mallowoo,
Lahbah,
Arzarmardeno,
Bobarmo,
Barjenah,
Bangelay,
Wattekee,
Azoonoo,
Cheyonarkah,
Menah,
Mojoh,
Mannah,
Onogotah,
Bahchozah,
Bokoo,
Ogodo,
Argetarlekee,
Mobay,
Tennosah,
Arjeah,
Sonojoe,
Obodo,
Arnanwah,
Karmeyoh,
Aryoh,
Yarmoh,
Edowah,
Wonachay,
Arleah,
Ogoh,
Apaboo,
Aguarmee,
Soquayallee,
Oyonkah,
Arsebee,
Akokay,
Abomenokay,
Appah,
Ayanchee,
Amochee,
Attammah,
Emechee,
Okolo,
Daffoo,
Arwolonoo,
Foodoo,
Dangannah,
Bechee,
Dangannah,
Attarbay,
Appah,
Ardonomoh,
Ocolee,
Incalay,
Ogellekay,
Ogoloo,
Ogebay,
Fooparwah,
Allarkye,
Garmarlay,
Ayemonay,
Allogoh,
Awoolamah,
Arzarmah,
Arpay,
Ninnee,
Ogogee,
Immah,
Innalay,
Abbom,
Obodo,
Armardo,
Ajayebo,
Ebannoh,
Ogoh,
Ogodoh,
Anegay,
Ezoh,
Appah,
Emolay,
Mantom,
Anfoh,
Arcowoyee,
Mallakoh,
Wokah,
Watercalay,
Dequarnay,
Arwoo,
Monneyea,
Appah,
Artalay,
Ammarpah,
Ofarkah,
Archoh,
Imbaffah,
Wytee,
Eboh,
Arcodabee,
Konem,
Allarmarchee,
Annee,
Arbarzonee,
Ogoh,
Mochee,
Ejoh,
Naryea,
Maccah,
Bocowah,
Bellee,
Kennell,
Sowah,
Chowah,
Allarkoway,
Lotee,
Lomarlar,
Odoobay,
Soonah,
Paiwah,
Amoloo,
Ardashewah,
Hyenah,
Odoyea,
Hyenah,
Ochodeloh,
Chomarlay,
Chomonee,
Olotee,
Ardaboo,
Ochoh,
Ardalee,
Sechowoo,
Sonchogoo,
Edowoo,
Dakasee,
Chasah,
Jarkardoo,
Larsolah,
Lochokoo,
Chouloo,
Echoloo,
Fastetah,
Ojarbay,
Chodepoh,
Ochokoe,
Choadoo,
Mallardoo,
Bobo,
Obyankah,
Armodah,
Allotah,
Parsedah,
Benayokoo,
Dabosee,
Okojobee,
Odobaloo,
Arbealah,
Larmebay,
Esah,
Tyoh,
Kofogee,
Arnedoo,
Losahyah,
Arkebay,
Beakoo,
Osebotoo,
Damboo,
Woloo,
Arpartee,
Ojoe,
Memenoo,
Oloh,
Oballarbee,
Nallonee,
Olegah,
Lomololoo,
Lagoo,
Eboe,
Arkoe,
Yafolowah,
Kokolarday,
Ejomee,
Ahjai,
Arnejotee,
Fojarbee,
Armodoo,
Gangah,
Armokoloo,
Delarkoo,
Ochoh,
Bokoyea,
Ogosholoo,
Daddah,
Iaggoo,
Okodase,
Mateyoh,
Ahjai,
Ardajenay,
Ochoh,
Ojobee,
Marjekoo,
Bamkolay,
Argobee,
Damolasah,
Accam,
Accam Infant,
Hyenah,
Olarmotah,
Odah,
Afotarbay,
Ebakoo,
Barmaloo,
Armodalay,
Yamokay,
Marjolobay,
Bajowoo,
Loopojoo,
Arbembaloo,
Lartoobasoo,
Ardanoo,
Iyea,
Afuarday,
Lomookay,
Ardabeyee,
Nannah,
Mallah,
Kandaloo,
Alammeloo,
Nannah,
Olubammee,
Armarlah,
Hyenah,
Achoh,
Pyekay,
Kojolepay,
Arsahkoh,
Esarbay,
Lahdee,
Mesobee,
Lobamechoh,
Awosoo,
Awosee,
Mosolarday,
Dawomee,
Arwojeway,
Moleakay,
Fejobee,
Fallarkay,
Hyekoo,
Ayahjoo,
Larpojoe,
Ahjai,
Arpallayea,
Modeyarbee,
Odotaryah,
Alardah,
Izatoo,
Ardesatoo,
Arwah,
Ambolay,
Yessee,
Kennardoo,
Dalomoo,
Hyenah,
Dasaloo,
Ardawonkay,
Hayekah,
Okoo,
Beneyokoo,
Ogah,
Ajahquay,
Dasomelah,
Arzomah,
Achoh,
Acconnee,
Marmargeday,
Allarday,
Alecharloloo,
Ogodemoo,
Armosoo,
Ochoh,
Achoh,
Tometee,
Hyenah,
Acconnee,
Farbamee,
Olesahgee,
Oyoballah,
Chadang,
Okojobee,
Chodakay,
Okolemodoo,
Ojoe,
Daddah,
Marbelay,
Kopadakoo,
Ogoo,
Lokansee,
Luparday,
Mochetah,
Ardabay,
Margearbay,
Lopaday,
Ogolono,
Onee,
Marjoko,
Hyenah,
Mattallah,
Okoskay,
Andogoo,
Akalloo,
Arbay,
Ardasogo,
Moneyarkoo,
Ojoe,
Lebarlee,
Charkoo,
Sotoyay,
Obeloto,
Wakanloo,
Sangotolah,
Oloboh,
Ayakoo,
Daddah,
Ochobee,
Bedo,
Edowo,
Larkobee,
Okaladee,
Arjowah,
Hyenah,
Ogoyarday,
Oteneway,
Hyenah,
Arsonekay,
Afodepay,
Marjearbay,
Ogoarlah,
Martarway,
Lahbah,
Awoosee,
Ogodepay,
Mallah,
Eyeajo,
Olobee,
Allarbah,
Martobee,
Chemorowee,
Arsowewah,
Daddah,
Arkeomee,
Ardakah,
Akedah,
Akelolo,
Ogosaryah,
Onee,
Mallokoo,
Lallay,
Karjolar,
Chomoloo,
Allarday,
Farzekoo,
Agay,
Agetee,
Ogodahsee,
Alarday,
Cowajuay,
Dowoo,
Sharnoo,
Donah,
Armardoo,
Ogah,
Lasee,
Chobayee,
Ardedepoh,
Ahchoh,
Arkenang,
Oboonah,
Ejardobee,
Hyenah,
Ardoyee,
Arjoloar,
Shobah,
Ojoe,
Chomee,
Logodoo,
Onejah,
Olarday,
Olosay,
Daddah,
Sobah,
Arseday,
Mammah,
Alay,
Ardebarkay,
Ardelayah,
Arlayee,
Yachee,
Aryarkolay,
Bamballah,
Alofah,
Yafarloo,
Owardenah,
Loree,
Obabay,
Ololarmee,
Ahjai,
Olarbee,
Lomarlah,
Kolarboko,
Arkardoo,
Arketoloo,
Mammah,
Oleardoo,
Arkowoo,
Hyenah,
Arjelo,
Polloo,
Edowoo,
Ogoloo,
Ogoloo Infant,
Mattobee,
Mattobee Infant,
Arbee,
Arbee Infant,
Lamno,
Lamno Infant,
Ekoballome,
Ekoballome Infant,
Ianokay,
Ianokay Infant,
Amarpay,
Amarpay Infant,
Ahjai,
Ahjai Infant,
Arfedepoh,
Obojah,
Farkolee,
Fallolah,
Arnahyajumah,
Okoloo,
Armellay,
Arsomballah,
Arzatoo,
Bayokoo,
Lallomesee,
Artobee,
Taiwoo,
Kosee,
Ardabomee,
Akedah,
Akedah,
Akedah,
Largokoo,
Damarkoyo,
Ahjai,
Ardesah,
Aodoo,
Arlolah,
Mattarway,
Armokomee,
Aryanee,
Ardealah,
Dalolah,
Enarjah,
Ololee,
Ebannahjay,
Alesah,
Armolowee,
Awosee,
Adong,
Ogosomelee,
Allarkay,
Dalolah,
Hyenah,
Alay,
Malebarkay,
Ahjai,
Hyenah,
Ahjai,
Ardanekay,
Ogolombee,
Arbakoo,
Ardesarlah,
Dallakoo,
Awoo,
Lahwoo,
Tasso,
Lomaloo,
Larmarkosay,
Hyenah,
Dasobayee,
Larbobee,
Ogutaloo,
Arbannebay,
Hyenah,
Afofoo,
Allah,
Amandah,
Dadddee,
Iabboh,
Dallahboo,
Ochoh,
Ojoe,
Olomeyoh,
Ojoe,
Cocoyea,
Ojoe,
Kolomoko,
Hyenah,
Barjay,
Ocojobee,
Ochoh,
Ardesah,
Ogoo,
Aleweebay,
Ochoh,
Barjawah,
Dabarkay,
Arsoo,
Achasoo,
Falloloo,
Edowoo,
Ochoh,
Soamee,
Ogokeyea,
Ochoh,
Keboloo,
Dajahyea,
Hyenah,
Okobarloo,
Ogoomokoo,
Oyawoomay,
Tahwoo,
Okokay,
Yardalay,
Daddah,
Ardepay,
Shogaeboe,
Esonyah,
Arbosadee,
Ebebarmee,
Arkebanday,
Iaggoo,
Ojoe,
Ochoh,
Labaday,
Lafoo,
Argetaloo,
Damokay,
Hyenah,
Afetoday,
Fartomee,
Ahjai,
Agay,
Akojobee,
Bamboyea,
Arshonekay,
Arkokay,
Nannah,
Abboh,
Arbearnah,
Arbartokee,
Yaday,
Arseyonee,
Arfesolah,
Arsonekay,
Aryamee,
Tahwoo,
Arsonekay,
Hyenah,
Ayawah,
Aryarfonkay,
Arbealah,
Bamjoko,
Lakonoo,
Alokay,
Egay,
Molarno,
Sebah,
Labay,
Argenee,
Onee,
Nonkay,
Lofopay,
Ardawonee,
Arzatoo,
Lahmoto,
Arbadoo,
Hyenah,
Palojoe,
Yapoday,
Iaggoo,
Kesoloh,
Sodepay,
Sokanoo,
Ojoe,
Arkesoday,
Massarkoo,
Marbobejay,
Arjarpay,
Tassosoo,
Beakom,
Akojobee,
Chokaloo,
Kodarsee,
Ahjai,
Chardarlee,
Ahjai,
Arboyomee,
Ojoe,
Okolarday,
Alakong,
Tassoo,
Hyenah,
Opalarday,
Alolayea,
Ardelardoo,
Ardekombee,
Markojoalah,
Ayarlomee,
Ogombay,
Mammah,
Awoonarwo,
Bankolee,
Armojoe,
Agay,
Akolarday,
Edowoo,
Choboloo,
Edowoo,
Hyenah,
Arzatoe,
Ardebakoo,
Afolatoo,
Akedah,
Solappay,
Molankolay,
Abopajue,
Hyenah,
Yarday,
Sabah,
Olojoe,
Ayameday,
Yarnee,
Daryornee,
Latamee,
Abarlah,
Hyelawah,
Afojoh,
Aryakay,
Alarkay,
Malolah,
Abodagee,
Abolokay,
Alarbesee,
Oloparday,
Dawoo,
Dajabee,
Tenarday,
Onee,
Ardachee,
Afoto,
Awoo,
Apololoo,
Sarpajoe,
Afololoo,
Odolaryea,
Arkomeshay,
Auvah,
Anekapoe,
Tennee,
Obojarkay,
Okoo,
Oseyomee,
Adom,
Kosee,
Iyekay,
Ahjai,
Afoyarkah,
Mardaye,
Larpoh,
Ardasoloo,
Afoyamee,
Sokoo,
Nannah,
Tahwoo,
Akojobee,
Agay,
Hyenah,
Arseabee,
Abokoh,
Annah,
Ahjai,
Mallarlar,
Chakele,
Esoofoo,
Daddah,
Fahtosee,
Onee,
Edowoo,
Edowoo,
Ardakonlay,
Omolojoe,
Ochoh,
Allayah,
Sobintah,
Bokee,
Ardabolah,
Ardakonwah,
Ochoh,
Cholee,
Gobarnoo,
Ochoh,
Chodobee,
Ogotayobo,
Somarday,
Arkeloyee,
Daddah,
Hyenah,
Osartoloo,
Agay,
Edowoo,
Esardo,
Bosoo,
Arbenotoo,
Oyarnekay,
Omololoo,
Agay,
Daddah,
Alarbah,
Alarbah,
Ajasay,
Abarfankay,
Arjumah,
Marjarbay,
Banoolah,
Renneyoh,
Arwonee,
Hyenah,
Olobarmee,
Farsolah,
Tallarbee,
Hyenah,
Argebakong,
Arbebonyea,
Ardom,
Awosoo,
Olojoe,
Marjarbay,
Hyenah,
Unknown,
Olokay,
Oloparday,
Daddah,
Komajuro,
Cudjoe,
Olochoe,
Sessa,
Tettay,
Komesah,
Osai,
Quassee,
Otoo,
Modee,
Jarrah,
Cuffee,
Quamin,
Cuffee,
Kokra,
Quassie,
Johnsah,
Ayow,
Kosee,
Mamblay,
Toloo,
Dadday,
Ayokooi,
Afoussah,
Attah,
Karawah,
Abearsah,
Acbackboh,
Koomaidoh,
Taquah,
Ankobah,
Bequai,
Bequai Infant,
Koomardoh's Infant,
Acbackbah's Infant,
Ochegay,
Quoh,
Lochrom,
Accoo,
Amofoh,
Agbega,
Ayow,
Bahia,
Bonque,
Farrah,
Barhim,
Menemarwo,
Banyah,
Laroay,
Dang,
Yegbay,
Quai,
Guai,
Gayah,
Popowaye,
Lowah,
Ballah,
Marworo,
Poquah,
Zowah,
Byah,
Iennojoe,
Guai,
Crow,
Sojah,
Barseah,
Epay,
Quaigah,
Bang,
Dachag,
Dong,
Poyay,
Pomwang,
Mojarbah,
Motah,
Guai,
Dang,
Menay,
Biye,
Senway,
Quarree,
Meyanah,
Tomay,
Payvenoh,
Dang,
Paye,
Dowo,
Sarwoah,
Gaye,
Motowah,
Quai,
Bomway,
Yeay,
Yaroy,
Jah,
Sarwah,
Gaye,
Kiye,
Boyay,
Korachay,
Gaye,
Okay,
Benyah,
Wosay,
Gaifrey,
Iowah,
Iuah,
Menee,
Yacor,
Paye,
Bah,
Boye,
Daye,
Sarwah,
Gang,
Geyah,
Kaye,
Kangboo,
Saigoo,
Geyah,
Dowah,
Minney,
Saiah,
Geyah,
Dobah,
Demmara,
Tom Peter,
Ieray,
Ieray Infant,
Gambah,
Gambah Infant,
Marjeay,
Yebonday,
Yebonday Infant ,
Yarpoh,
Yarpoh Infant ,
Sanay,
Sanay Infant ,
Gangoo,
Dofoh,
Dofoh Infant,
Gebonah,
Gebonah Infant,
Nammoh,
Gom,
Baryea,
Nemnoo,
Iutah,
Mocah,
Nayeray,
Zabay,
Nonway,
Moday,
Sambo,
Mojatah,
Coonah,
Marpoo,
Baywo,
Towah,
Blue,
Newoh,
Paway,
Gemmah,
Pando,
Iennah,
Marpoo,
Indebai,
Narmarday,
Kandeyah,
Kampay,
Joble,
Marpay,
Robah,
Manday,
Zoko,
Bomo,
Okang,
Kang,
Tebbay,
Boh,
Zolay,
Dumb,
Poloh,
Bayah,
Bowee,
Doyo,
Towo,
Korree,
Joway,
Yea,
Jaway,
Zonnay,
Blamvah,
Gakoo,
Mallah,
Tah,
Dah,
Gaye,
Iennah,
Dapay,
Papah,
Guiah,
Dumb,
Gai,
Paisay,
Guiah,
Faiapoo,
Bayquah,
Boah,
Kai,
Geiah,
Floah,
Poonah,
Gaiah,
Kai,
Dowo,
Kang,
Kaway,
Kang,
Gang,
Cowah,
Chay,
Kang,
Pobah,
Ianbay,
Marjeah,
Agebokay,
Memoh,
Okarafoe,
Ajemarfoe,
Okorowah,
Oleah,
Onokoh,
Opoiye,
Onochom,
Arnomorlee,
Parway,
Moonoh,
Menakay,
Oloh,
Ebeaquah,
Annoh,
Otoh,
Goroloh,
Okonekay,
Alake,
Omoh,
Onoh,
Okoh,
Wonkah,
Etam,
Appah,
Odoh,
Okarakah,
Argomoh,
Onovoo,
Okoray,
Arkam,
Appahbay,
Akoray,
Appan,
Okoray,
Esim,
Onemodee,
Wannoo,
Ajumokoh,
Imbelakay,
Arkoray,
Okoray,
Appan,
Inkalenah,
Banday,
Intoroo,
Arsonay,
Manee,
Owom,
Woloh,
Okoroh,
Indokoo,
Imbokoh,
Arzobenah,
Imbokoh,
Imbokoh,
Iyokoh,
Imbokoh,
Bannogoroo,
Omissee,
Edonnoh,
Kakandah,
Okoloo,
Arlakoo,
Azokah,
Imbokoh,
Danzozo,
Anobesee,
Okorokah,
Arbannobee,
Injomeyarboh,
Okaboo,
Arzaroo,
Arnee,
Artoo,
Baffoo,
Wogan,
Arjojue,
Onarbah,
Wahdah,
Zomah,
Tochay,
Nentah,
Komkaray,
Attam,
Baffoo,
Imbolay,
Imbarloh,
Ardeah,
Arleah,
Kanowah,
Inkallay,
Ogannarlo,
Onoo,
Eboe,
Egbay,
Warkoh,
Assoh,
Arboh,
Wardah,
Ojarkoh,
Imbarkoh,
Oyabochee,
Ogah,
Iyea,
Okarakay,
Onogolarlay,
Arboquah,
Edgoo,
Oloh,
Tanoo,
Ardee,
Yea,
Iyee,
Iyea,
Arwonaryee,
Odah,
Okoray,
Galarsee,
Ingemee,
Jemogoo,
Towaho,
Baryis,
Imbarkoh,
Markoh,
Imbarkoh,
Baranargo,
Arbokoh,
Imbokah,
Imbakay,
Ayarnoo,
Omah,
Loloh,
Imbarkoh,
Ajay,
Arkobeloh,
Onesosoo,
Onochoh,
Manwah,
Ogojay,
Imbolay,
Marwolay,
Unknown,
Inbaffoe,
Imbojay,
Warday,
Argah,
Aloh,
Arboh,
Iyee,
Arboh,
Ahdako,
Ortalie,
Farbaday,
Ahdito,
Auchaw,
Orechacino,
Obitarbo,
Edowo,
Obitarday,
Omolomoo,
Oorlay 1st,
Allagekay,
Oorlay 2nd,
Sobor,
Debarkay,
Chasulo,
Adoo,
Dalamoo,
Ujobosse,
Madoloo,
Oking,
Hyenah,
Adoyea,
Akebola,
Lucombee,
Osakanee,
Amoree,
Akelotoo,
Akebolay,
Hyelah,
Muddy,
Lafiere,
Akenow,
Muddy,
Cooperlayea,
Bayeuco,
Galmon,
Adelemo,
Akabalay,
Eoda,
Lubojo,
Jaketa,
Dequay,
Koyea,
Akobojo,
Okordaso,
Okonow,
Moosa,
Bocow,
Degano,
Bocow,
Rochu,
Cossu,
Abrettay,
Gassu,
Noowa,
Noowa,
Alosoee,
Olobarday,
Sacow,
Bannow,
Boquor,
Osora,
Akay,
Latta,
Oparku,
Charko,
Serratay,
Attatadday,
Lokarloo,
Danoolay,
Parliko,
Chormee,
Deborday,
Ordebee,
Adoo,
Aiyebbee,
Otee,
Odototu,
Mayuaday,
Coloso,
Sonocho,
Ojucomee,
Chocoloo,
Ahjai,
Tonoda,
Odubandee,
Olokarday,
Markonoday,
Akola,
Ajoe,
Ochor,
Odomarkoo,
Arkebamee,
Wally,
Ajatarday,
Ogolar,
Allarday,
Daroo,
Okobolee,
Oquarquo,
Adee,
Okoee,
Okilu,
Lanery,
Ahjai,
Adoyea,
Olokarday,
Talabee,
Sudoloo,
Somloco,
Olubor,
Odunobor,
Aketomday,
Okuboyea,
Akeorday,
Adesalar,
Ojoe,
Aboukay,
Olugogee,
Bancolay,
Oldemon,
Lamonee,
Dowoo,
Oyeakoo,
Adesolu,
Odolosoo,
Cako,
Aloba,
Syenow,
Acolar,
Bancolay,
Adedow,
Looparday,
Sugoyea,
Flynow,
Akebolu,
Adelado,
Agojabba,
Onguabah,
Markoh,
Sesoo,
Wasoo,
Adebaloo,
Jefafa,
Ousoo,
Wasoo,
Jonee,
Bosu,
Sobar,
Amosoo,
Oyee,
Abosee,
Masoo,
Nooko,
Boker,
Perjer,
Bulmola,
Osupar,
Geboday,
Akusoo,
Adoansee,
Matomee,
Fatowor,
Farguay,
Desamokoo,
Akobay,
Odosenoo,
Olobiso,
Nosuloo,
Lojobee,
Olomtay,
Abiomee,
Sobajor,
Mattiao,
Arkeama,
Sobajor,
Cheluada,
Ubarquo,
Latooda,
Ahjasai,
Mattoloo,
Odesea,
Akela,
Abouka,
Agetoo,
Sarra,
Adekolay,
Denogai,
Woroo,
Ojoe,
Ageboloo,
Sofuluway,
Lumulu,
Ogar,
Olosa,
Olmiloo,
Thadasoo,
Ahjai,
Olbee,
Ilagoo,
Atonayea,
Ogah,
Adeato,
Ogar,
Jack Primrose,
Agoo,
Eroway,
Waguss,
Mosepay,
Wedamay,
Mussepay,
Toquay,
Seratay,
Ouvebe,
Basseday,
Aconu,
Yenamir,
Oumay,
Akoloh Bab,
Ahdoe,
Ahgaremja,
Ahbabee,
Sourquar,
Onegitty,
Jagoo,
Bosee,
Bolesa,
Tyoo,
Ardabelly,
Lebilodu,
Archodukay,
Orokoray,
Adepupa,
Luamon,
Lartoee,
Daddah,
Tyoo,
Marbelay,
Ousee,
Afolabee,
Luforah,
Hyesame,
Lembaccoo,
Oleoco,
Maria,
Aketah,
Moleakay,
Marbosajay,
Marloko,
Layuanoo,
Mahomay,
Akulonkay,
Obatolar,
Akolar,
Konubiba,
Adalee,
Atamoche,
Fonieija,
Adoo,
Douglasha,
Solooton,
Allarday,
Ogoodojoy,
Edowoo,
Lucadanow,
Ahjai,
Boyakai,
Afenow,
Adegenow,
Saboboo,
Aknolu,
Sendenday,
Olojoy,
Somkar,
Adenoye,
Fondoro,
Loaberday,
Ackemee,
Ahjai,
Acondar,
Ochor,
Adoyea,
Kealoo,
Acomona,
Cosako,
Abiomo,
Asobar,
Ayarro,
Oyeaboo,
Adocho,
Otombay,
Eapee,
Ochor,
Akolon,
Odulunero,
Ahkeiday,
Babba,
Olugoge,
Fahdino,
Lapamee,
Sonuyea,
Ayai,
Akeboroo,
Ogosaloo,
Mobar,
Onawo,
Odechenow,
Karddi,
Aleochow,
Alladay,
Barroo,
Ondoro,
Lardemee,
Ahjai,
Ahjai,
Abosoo,
Jengroo,
Oneya,
Oparbo,
Onkalar,
Olopartabay,
Ahkelade,
Ahkesoo,
Toborloo,
Foulaton,
Alujosee,
Akaeloo,
Orchor,
Ahjaioa,
Orchor,
Ocosoo,
Solaton,
Allarday,
Ahkeday,
Awoolor,
Oluwataba,
Olojoe,
Arkebam,
Arkodir,
Olooday,
Morfolon,
Akarday,
Ooya,
Akimeleo,
Dodada,
Oujaba,
Mueno,
Odono,
Lufarjo,
Oedaja,
Olutorla,
Ahlegile,
Egbala,
Ahjasha,
Adecojo,
Sodalon,
Ahjawa,
Hyenah,
Barcolay,
Abobee,
Ogondafo,
Koomdy,
Tobroo,
Danda,
Wooso,
Baloo,
Adoo,
Kinniko,
Chalaloo,
Asolamee,
Morbunqua,
Arkoleday,
Abosoo,
Ojoe,
Alasame,
Akitome,
Adoobee,
Kooyea,
Akeboladay,
Ahjai,
Ojar,
Edowoo,
Koobok,
Olooboloo,
Adesumo,
Sodepo,
Jye,
Olugo,
Sosee,
Adelojo,
Chippaloo,
Bocassa,
Arcolay,
Arkedallah,
Ocholay,
Choce,
Oteola,
Okelolu,
Agunkay,
Abotarday,
Okoopamay,
Ahjai,
Chobosee,
Bolerkay  Kubakee,
Dagaloo,
Lubompay,
Ahjai,
Abimro,
Ochoamee,
Abossadae,
Aloo,
Ahfaiday,
Adabo,
Arbotahta,
Bojor,
Metoa,
Lafawor,
Molleapay,
Abouka,
Ababee,
Omoila,
Bonechardo,
Daddah,
Miabee,
Aekola,
Latotar,
Jebolo,
Larmee,
Foramee,
Hyenah,
Hyenah,
Tyo,
Joinee,
Okolomba,
Motokar,
Kaligiema,
Dabody,
Odunum,
Lapomee,
Odepa,
Myeno,
Molleayay,
Bayennay,
Jenchacha,
Jeono,
Fiome,
Marbolo,
Molarkay,
Olooparday,
Oarton,
Oloquaday,
Ega,
Afrenaday,
Anakai,
Kagomajai,
Aluako,
Afoosore,
Awosee,
Ahjortee,
Odooda,
Mutajo,
Fankballah,
Fallulah,
Charcololay,
Sacobalay,
Bisoko,
Darbonay,
Wodame,
Ayonya,
Dasamki,
Afomdee,
Dobarkay,
Larmee,
Banjalla,
Lellodia,
Lahkai,
Hyenah,
Amololoo,
Alabar,
Kiyoloo,
Affatopay,
Ajamokoosa,
Amonage,
Adoonia,
Doburkay,
Ahtani,
Jesse,
Losee,
Ajojue,
Aliloo,
Mahsamee,
Abijo,
Agami,
Afoomee,
Ajooko,
Obotaga,
Yeoko,
Barnogaay,
Daddah,
Idabo,
Lallaka,
Norquay,
Hyenah,
Kosakin,
Famofoo,
Potamee,
Mabajo,
Abee,
Desomaka,
Ayotola,
Araka,
Daddah,
Daddah,
Olodassee,
Daddah,
Dongonnah,
Molobarkay,
Awosoo,
Ajoola,
Aboborka  Tegbolay,
Odoboome,
Mahjabay,
Amolayeu,
Alerpolar,
Molooki,
Bocolay,
Ahjai  Attenee,
Adaw,
Molookoo,
Ahpinge,
Biyah,
Gahpoh,
Fanguannah,
Meah,
Owah,
Iuah,
Bawah,
Feiamah,
Obouyah,
Menee,
Bahee,
Etobahdeiah,
Nahgrobiah,
Nighyamba,
Maihlee,
Nahquarry,
Nahpopoh,
Nahgowah,
Mahooloh,
Sahwah,
Sahyow,
Mosowah,
Iuah,
Bihyah,
Beyah,
Modooway,
Napyah,
Bragnuo,
Mono,
Guy,
Mobah,
Poh,
Nemageah,
Toopah,
Mazeo,
Moza,
Mofrow,
Tah,
Mowirrah,
Mogoo,
Camoo,
Guloo,
Nahguloo,
Famoh,
Mobohwe,
Beer,
Geer,
See,
Gwonah,
Geeah,
Whyoo,
Dong,
Zuy,
Moddee,
Banyahbah,
Mahtie,
Mojoroe,
Poah,
Dandy,
Nenoguah,
Quayh,
Boolah,
Quol,
Ajouco,
Wouma,
Seirragee,
Wordnoo,
Quanoo,
Maguay,
Shuray,
Paymi,
Bosenna,
Wennow,
Sesera,
Nokah,
Tayoh,
Sooke,
Tayoh,
Napah,
Beahtoo,
Baproo,
Iayboo,
Baiday,
Cokoo,
Tie,
Sainwie,
Geeay,
Pooyai,
Fennay,
Minnay,
Joloo,
Bomyah,
Magee,
Boy 1st,
Boy 2nd,
Kekay,
Bahtoway,
Seeoh,
Saybroo,
Iabroo,
Peshetwa,
Bobo,
Samwah,
Neyah,
Fahbree,
Booyah,
Kekay,
Fahkeye,
Fahray,
San,
Pay,
Kekee,
Minee,
Woolay,
Sayee,
Monblay,
Keelay,
Neye,
Quai,
Dayou,
Dagoo,
Omadoo,
Maylee,
Aboysi,
Cokoo,
Kangibby,
Womah,
Mahpoo,
Worajoo,
Shuray,
Dagoo,
Madday,
Jibbah 1st,
Jibbah 2nd,
Mahdee,
Gong,
Kong,
Shuray's Infant ,
Mahamadoo,
Jeba,
Moree,
Baicah,
Serrah,
Sinnah,
Berrah,
Quarray,
Serrey,
Kekala,
Mousah,
Morow,
Farbamah,
Foogbah,
Nomenee,
Silabay,
Siligbay,
Fatama,
Koombah,
Feenah,
Tennah,
Cooloovah,
Johnnaba,
Coolana,
Singaroo,
Foumaree,
Quiah,
Toomanee,
Sarah,
Foolah,
Mahamadoo,
Kolay,
Meenah,
Doobah,
Manoo,
Kanjoe,
Quanny,
Kolovan,
Mahamadoo,
Farrah,
Luckah,
Mahamadoo,
Lahie,
Lamboo,
Moosah,
Terranah,
Quiah,
Lahie,
Shemittee,
Yong,
Sarrah,
Sidoo,
Mahamadoo,
Saboo,
Towah,
Foday,
Ballah,
Saboo,
Mahamadoo,
Massah,
Fahbannah,
Jarrah,
Brahma,
Kingebah,
Boogay,
Tamba,
Qualie,
Morakain,
Sango,
Mahamadoo,
Sangoree,
Yoah,
Yaray,
Kobee,
Voramah,
Saboo,
Koloovah,
Foday,
Famodoo,
Sagah,
Dooroo,
Dooroo,
Sambah,
Moosah,
Malade,
Dooroo,
Fahbannah,
Yegbay,
Karafah,
Kalee,
Moroo,
Ballah,
Suliman,
Eray,
Kalah,
Lamenay,
Semittee,
Ojay,
Jack,
Shaboo,
Quarry,
Mallah,
Sarrah,
Maroo,
Samano,
Ganye,
Sarah,
Senegee,
Serray,
Soree,
Manee,
Sarrah,
Kawolly,
Fellah,
Mahamadoo,
Kapra,
Kotarakoo,
Nayapah,
Serree,
Mosah,
Mahamadoo,
Doobah,
Dabadah,
Kaworay,
Fatah,
Fatamah,
Kanobah,
Maneah,
Vajumah,
Kemah,
Kanko,
Dosoo,
Seedah,
Fahlay,
Niyamah,
Mariame,
Tayah,
Tennay,
Howah,
Balay,
Quasha,
Matah,
Nantenah,
Kombah,
Tennay,
Garrah,
Yenken,
Serah,
Fatah,
Teenah,
Teenah,
Fendah,
Tom,
Saree,
Mahamadoo,
Ballah,
Mobalacan,
Alass,
Sulimanee,
Samboo,
Demba,
Kegbay,
Doombah,
Nafah,
Bangoo,
Foday,
Kombee,
Mangee,
Eli,
Quoh,
Quobay,
Tambah,
Mangee,
Enaforee,
Moosah,
Sengbay,
Fondoo,
Shaboo,
Kameja,
Mousa,
Sarrah,
Sarrah,
Shurah,
Sarrah,
Fanumah,
Saboo,
Saboo,
Sam,
Saboo,
John,
Kabah,
Fenah,
Sahbaley,
Mary,
Fatamah,
Doobah,
Mirah,
Sayou,
Fenah,
Komba,
Mary,
Fah,
Fah,
Neguaqui,
Bannah,
Tabbah,
Develer,
Doiler,
Gobay,
Dwaloo,
Quaenah,
Whyoh,
Yembah,
Kiah,
Bah,
Bankay,
Joloo,
Asoomalah,
Tameah,
Banday,
Kawanne,
Kabangui,
Gooli,
Jollah,
Jungobah,
Ballah,
Tando,
Fan,
Wawee,
Bannah,
Sessay,
Moroo,
Heyah,
Fahbannah,
Bannah,
Yangbawah,
Bannah,
Kakebay,
Guoh,
Fah,
Qui,
Fah,
Tabundo,
Fahbay,
Tombo,
Gawe,
Shuah,
Yeboo,
Glabah,
Fah,
Jabow,
Saree,
Foree,
Bangah,
Fangah,
Jobah,
Joe,
Fahbannah,
Wojeballah,
Bahway,
Battoo,
Dabundo,
Bannah,
Jabow,
Bumbo,
Duo,
Miyah,
Colah,
Fandah,
Jappo,
Quiby,
Kakunday,
Soloo,
Doloo,
Gabbah,
Guabbo,
Wawee,
Wawee,
Yembi,
Dodoo,
Tambo,
Tong,
Quavere,
Mellah,
Yembi,
Doweja,
Yeremiah,
Coundo,
Laho,
Vallah,
Bannah,
Duow,
Lur,
Miah,
Dabi,
Fan,
Kangay,
Bumbo,
Fah,
Doiley,
Fah,
Bay,
Nepah,
Fahbannah,
Famah,
Bakoo,
Nebakoo,
Yequor,
Banquah,
Jaju,
Fagbu,
Wobay,
Juah,
Kalebannah,
Batoo,
Yavay,
Juaw,
Kangeah,
Yalloh,
Fangbo,
Momo,
Fahbanday,
Moosah,
Quare,
Guibah,
Kalah,
Kigh,
Gonbunday,
Dajoo,
Danjo,
Kimbay,
Boykay,
Nefang,
Tombo,
Ginjow,
Newuve,
Nebowah,
Bowah,
Tabe,
Shobay,
Bah,
Nefah,
Doloo,
Debah,
Newawe,
Yallah,
Kai,
Perry,
Newawa,
Nebokai,
Bundah,
Neduange,
Gouequi,
Beer,
Gawah,
Yagui,
Crabamo,
Caboa,
Sakee,
Kahlee,
Jala,
Tomboro,
Sessay,
Tong,
Bangah,
Foray,
Bannah,
Sessay,
Goleve,
Bagee,
Galah,
Moosah,
Guiah,
Liah,
Mahaboo,
Tooah,
Quayou,
Numah,
Nebawo,
Bah,
Quanyadee,
Warwah,
Bahku,
Vannu,
Bankay,
Kangray,
Myer,
Keneh,
Doreh,
Kangray,
Keckbarray,
Foray,
Tong,
Comeh,
Cahhay,
Chambo,
Bahbanyer,
Fangha Yankar,
Gomboo,
Dobboh,
Lombah,
Myer,
Paray,
Bandeh,
Yaseh,
Gawoh,
Garmahwo,
Ballah,
Tahrow,
Mihalay,
Taloo,
Lango,
Solo,
Lama,
Martyr,
Guyah,
Mahbo,
Tahlo,
Boy,
Shadeah,
Grimmah,
Yayah,
Femah,
Coombah,
Yayah,
Ningah,
Shadeah,
Batay,
Tanne,
Bumbo,
Kie,
Biyah,
Quiah,
Yango,
Cholo,
Lango,
Sadeah,
Bundo,
Longa,
Malsiah,
Guanyah,
Yangah,
Tomah,
Chimboo,
Biyah,
Glaloo,
Kala,
Langa,
Lango,
Goole,
Sholo,
Goff,
Ceffe,
Chamaloo,
Anee,
Mamoo,
Ningah,
Caffe,
Caffew,
Bundo,
Gabbay,
Sadeah,
Femah,
Kafway,
Gandoo,
Yajoe,
Tahlo,
Tahlo,
Tahlo,
Boy,
Quonah,
Quiah,
Tafway,
Caffe,
Tobba,
Bemba,
Ballah,
Watermo,
Tombo,
Dammah,
Quare,
Penday,
Bah,
Gewah,
Gewah,
Dobboah,
Mahboonah,
Chambe,
Faneah,
Sesse,
Mahbonah,
Dadwajaday,
Salee,
Fahlee,
Hemmah,
Chonah,
Foray,
Dobbah,
Goloh,
Colee,
Fahboh,
Bayah,
Coway,
Cobillay,
Saree,
Coomay,
Gennah,
Loji,
Bannah,
Saree,
Bannahqui,
Bettah,
May,
Bahbay,
Fahlee,
Bundoh,
Gangah,
Poway,
Connay,
Commah,
Jah,
Goroh,
Jabbah,
Tomboh,
Cowlay,
Bago,
Dobah,
Fanjah,
Pelay,
Coondah,
Commah,
Connay,
Doh,
Coco,
Dobbah,
Jolloh,
Correah,
Dohi,
Mandebah,
Joe,
Collay,
Mametay,
Hindoo,
Daggah,
Gakuah,
Namballah,
Johnny,
Calee,
Tong,
Kambah,
Solo,
Codgee,
Sonah,
Coloh,
Bakah,
Fahji,
Bugbay,
Boymbah,
Ammah,
Duo,
Cahwi,
Digabay,
Cawanny,
Comah,
Duamah,
Tomboh,
Matamah,
Cahmo,
Domay,
Mosejah,
Cabah,
Colee,
Cobee,
Kawanee,
Gangah,
Topah,
Coquay,
Tambah,
Dogbo,
Yajoc,
Como,
Dogbowo,
Bunday,
Cogbay,
Miyah,
Kahlay,
Tommo,
Yavee,
Kahbundee,
Kobah,
Jafoe,
Moosah,
Mohloo,
Kabahlooah,
Dawah,
Bagee,
Kehmoh,
Watermore,
Cahbinde,
Kinfah,
Bondowah,
Tongue,
Saw,
Wujah,
Grabaho,
Kie's Infant ,
Jamah,
Fanguy,
Maleah,
Falee,
Yalay,
Coloo,
Lunyah,
Cunyah,
Callah,
Bollah,
Joe,
Manwine,
Combay,
Buoy,
No,
Bayah,
Kie,
Manoo,
Hannee,
Wangah,
Mambahwah,
Yumbo,
Bayah,
Bannayennay,
Kie,
Bayah,
Tabah,
Boy,
Matangah,
Mallah,
Sawoh,
Yumboh,
Jappah,
Mangeah,
Woah,
Boy,
Mangeah,
Maquoh,
Coombah,
Cafay,
Jumbo,
Boy,
Jacko,
Bungo,
Noah,
Manwanney,
Ginnah,
Magebah,
Mangow,
Mandoah,
Bay,
Nayloo,
Manwanney,
Mahoo,
Bay,
Joe,
Lagee,
Jinnah,
Sawoo,
Tafoo,
Coombah,
Makah,
Ningah,
Kolee,
Jambah,
Mayoh,
Bangah,
Pemah,
Bo,
Tomah,
Sawoo,
Manjeno,
Cotoo,
Mahkree,
Bessey,
Fingi,
Miyenna,
Pahree,
Boy,
Fimbah,
Guyah,
Mawah,
Geeah,
Mahfomah,
Joe,
Salloo,
Jubah,
Kiyah,
Naharwa,
Jongoh,
Guyah's Infant ,
Lango's Infant ,
Lamelle,
Mannoh,
Bindee,
Bangar,
Warbay,
Dooe,
Foimora,
Tobangane,
Baboo,
Karbangai,
Miaboo,
Tawaloo,
Obbah,
Saye,
Bannah,
Ompah,
Tor.,
Beah,
Yampi,
Meme,
Babbah,
Ombeah,
Kabaquoh,
Fang,
Jendamay,
Bangay,
Fiah,
Paimory,
Kahoney,
Borlah,
Satuor,
Miah,
Bundoo,
Tameah,
Jemoh,
Faim,
Dooa,
Darfuah,
Shulay,
Gragea,
Famah,
Marfallah,
Cbelay,
Forpah,
Fah,
Besarka,
Tah,
Barbannah,
Bahsegaray,
Wompay,
Fah,
Soso,
Tahbundo,
Miah,
Bargue,
Bannah,
Seboo,
Bennay,
Formoroo,
Boree,
Koyeanda,
Tuah,
Karway,
Fah,
Yearkoo,
Kahoota,
Quivoo,
Fanguee,
Sicca,
Bah,
Solunangah,
Karee,
Jemoh,
Kakai,
Yaranduoh,
Narafong,
Yahtubangai,
Yaramacha,
Coree,
Bannah,
Bannah,
Bartoo,
Gooley,
Nayambo,
Quie,
Yavandarley,
Tambah,
Doolee,
Miah,
Miah,
Simboo,
Jawah,
Ungrabo,
Barbannah,
Bongore,
Janah,
Chammah,
Doobree,
Battoo,
Cundoh,
Sombeyah,
Tambah,
Barrah,
Fah,
Fahbannah,
Miraka,
Janah,
Sisse,
Dangoh,
Boyemah,
Miah,
Doaboy,
Uyorvee,
Sindewor,
Tyah,
Gooah,
Kungah,
Ofah,
Ombray,
Tahroo,
Galoo,
Wangah,
Yongah,
Marchah,
Donyoh,
Tarloo,
Goomah,
Tarloo,
Dogbeah,
Gamah,
Dooi,
Keifay,
Tarfay,
Boloo,
Kafay,
Jannaivo,
Galloo,
Danduwoh,
Sachea,
Tangai,
Saddea,
Conyea,
Marmoh,
Tahfee,
Tao,
Galoo,
Yandefay,
Keifue,
Foobay,
Jopor,
Loombay,
Wanyah,
Boy,
Marloo,
Sacha,
Femah,
Tahloo,
Kai,
Yalee,
Kai,
Tawoh,
Kafue,
Yeandoh,
Langoh,
Foyeor,
Pannah,
Bannah,
Genah,
Langai,
Collee,
Kekwoy,
Imay,
Cammah,
Joe,
Yanah,
Cammoh,
Cammah,
Codjay,
Joinee,
Jamah,
Karvy,
Gamoh,
Karlay,
Gomboo,
Yanah,
Connah,
Borbor,
Kiwah,
Kikia,
Janah,
Doray,
Joe,
Mousah,
Fah,
Pojare,
Konyong,
Jaijai,
Sooloo,
Comah,
Saree,
Bea,
Dajemah,
Pandah,
Bee,
Gawoh,
Kebbee,
Cho,
Darkey,
Doomah,
Miah,
Comay,
Bunday,
Partoo,
Simbile,
Biah,
Bannah,
Farlee,
Kebbee,
Torloo,
Kai,
Baggae,
Juah,
Quorlee,
Dollay,
Fangoh,
Youka,
Cottoo,
Tambah,
Cooa,
Gorah,
Lojay,
Soombea,
Borray,
Dangah,
Miah,
Yeray,
Fah,
Cocoa,
Dammy,
Kennah,
Nemah,
Kamoh,
Battay,
Karkbunday,
Doaloo,
Yangorrah,
Bowoo,
Borfor,
Kabungai,
So,
Quorey,
Saree,
Karwonee,
Tom,
Marmoh's Infant ,
Battah,
Mossu,
Marquoi,
Konyeah,
Manjeah,
Dawoh,
Marbah,
Balah,
Baselay,
Joko,
Kyea,
Sonah,
Fangai,
Boy,
Chaloo,
Maleka,
Bengah,
Jamah,
Wangah,
Sandemy,
Martevai,
Konah,
Marbangah,
Bongoh,
Miaquay,
Yunyea,
Martanyah,
Fameah,
Gomoh,
Kunyea,
Chocho,
Yumboh,
Mopoiah,
Chaloo,
Chanoo,
Pangah,
Wanyah,
Loombay,
Bondoh,
Nawoh,
Nunyai,
Maloo,
Fay,
Gawoo,
Ginnah,
Manjare,
Jimrah,
Marhoo,
Sofar,
Margoh,
Gannah,
Manwine,
Manwoney,
Tahfee's Infant ,
Yandefay's Infant ,
Fombah,
Mouchee,
Gam,
Ayale,
Gottoe,
Fonjay,
Eachay,
Wang,
Yong,
Taffea,
Yab,
Besong,
Defon,
Oryaw,
Yamsee,
Farcong,
Fambang,
Gai,
Longo,
Yeb,
Larharta,
Yong,
Cunm,
Montem,
Yamsa,
Temashe,
Engar,
Yab,
Youngo,
Subob,
Jung,
Wum,
Cummatier,
Tong,
Mosong,
Chub,
Dong,
Bejing,
Meyam,
Fartay,
Allegedah,
Kenmoh,
Mepah,
Monday 1st,
Monday 2nd,
Enjowah,
Fobanco,
Nong,
Demboy,
Embangah,
Emboo,
Emoko,
Ahyo,
Etango,
Defo,
Sammo,
Nancy,
Fando,
Defum,
Ewatoo,
Engasop,
Wanekey,
Whorah,
Ogombah,
Vobah,
Enso,
Ennam,
Moosah,
Tahfungah,
Egando,
Esake,
Shaw,
Bangah,
Endong,
Cabbah,
Efopah,
Manna,
Oquoh,
Ewamballah,
Oko,
Ekekah,
Dekobah,
Enguisah,
Ambah,
Eyambah,
Kekenjo,
Aquay,
Entowah,
Gaboo,
Sappe,
Moobah,
Ebalah,
Ahpan,
Oran 1st,
Oran 2nd,
Oran 3rd,
Ecomb,
Oconefa,
Oran,
Eyah,
Ecandah,
Ebah,
Ahpay,
Worah,
Eyah,
No.fear.dem,
Oran,
Oran,
Inyah,
Enagoo,
Abang,
Opan,
Womo,
Okoon,
Awassee,
Opabwe,
Oran,
Folo,
Enne,
Olah,
Enyah,
Ahban,
Icome,
Sooguoh,
Eto 1st,
Eto 2nd,
Enfew,
Ogun,
Langeyi,
Eto,
Ocon,
Garanaseah,
Oran,
Abah,
Okoo,
Moketa,
Nabeyangah,
Wanso,
Boncha,
Whodam,
Karapan,
Omeray,
Obodo,
Ahsupo,
Awah,
Joko,
Oroo,
Odo,
Bey,
Ahpoy,
Asheen,
Moray,
Comecome,
Opuy,
Ahkoom,
Odo,
Ashe,
Ogo,
Bahbo,
Ahpan,
Kabasse,
Oyah,
Ahbembah,
Ahbos,
Ahmobe,
Karasse,
Ahyo,
Gay,
Empay,
Eyang,
Ocovey,
Ibonwoh,
Ebunyah,
Osso,
Opah,
Ahjo,
Osoro,
Iseum,
Oro,
Moh,
Oko,
Egar,
Ahpan,
Opan,
Oboy,
Fentop,
Oquoh,
Ayo 1st,
Ayo 2nd,
Mungo,
Yamsha 1st,
Yamsha 2nd,
Funge,
Karaboo,
Doncherree,
Endefa,
Donkasee,
Bongosah,
Opan,
Ojo,
Kandam,
Odoh,
Apay,
Sango,
Foko,
Fakam,
Kandam,
Bakoo,
Mofoo,
Obonko,
Mifah,
Fahfo,
Fante,
Omala,
Defo,
Obo,
Bako,
Woopoh,
Barfor,
Arcone,
Arcone,
Sammah,
Antelah,
Carndem,
Orgar,
Marsay,
Marngay,
Morgor,
Ogoro,
Ogoro,
Ongwa,
Embaka,
Ejormah,
Ingassa,
Intowoorem,
Ocho,
Essor,
Woosarbo,
Impouna,
Orwoosee,
Ejomar,
Orboocouwa,
Juggabesee,
Omebo,
Onnoocom,
Wassally,
Encou,
Ota,
Embella,
Gauma,
Engassa,
Ammardocah,
Soommah,
Ingolee,
Bessong,
Bebecay,
Encorloo,
Engcoupa,
Corouco,
Coomah,
Marfor,
Etoquay,
Bafoy,
Bobocugarmay,
Torguay,
Ecundum,
Eyolah,
Mattin,
Markaryah,
Marsear,
Marrenjor,
Eharee,
Morcochou,
Wang,
Sabachier,
Forsa,
Dorousa,
Bococubara,
Catemenah,
Narjuah,
Barjay,
Finjoe,
Jujim,
Jujore,
Tambai,
Woorenkem,
Morcor,
Engor,
Gap,
Byea,
Mar,
Ingotto,
Findong,
Chobbor,
Tabbee,
Yandoe,
Susai,
Indome,
Moopay,
Finging,
Cabetah,
Barra,
Moobay,
Molongo,
Formeyar,
Ockera,
Pelay,
Deyan,
Eccora,
Woofee,
Shelan,
Gemay,
Wooro,
Doomboo,
Ewecoo,
Tullar,
Endeao,
Wondem,
Egee,
Mandefod,
Garroodo,
Asain,
Ewinna,
Mording,
Bonn,
Wooro,
Tarbai,
Ingoe,
Tong,
Moofor,
Farpee,
Binnar,
Poyetar,
Arsho,
Ebea,
Etai,
Endow,
Mondefar,
Fusa,
Mosongo,
Ekoomba,
Main,
Defor,
Mangor,
Bolee,
Boicay,
Arfeor,
Bungor,
Yungor,
Bolee,
Marntim,
Arfucor,
Tarcar,
Mabay,
Gorongwar,
Barngo,
Gobarsee,
Arsungah,
Empongcor,
Kayar,
Woochowa,
Mor,
Gongah,
Cumbola,
Barnah,
Kaya,
Emmarnbo,
Anwo,
Mor,
Nouggar,
Emmor,
Ommor,
Omah,
Ehorbar,
Oboolocor,
Melock,
Omokelase,
Ahdabee,
Ogooloo,
Oloojowo,
Fahdelay,
Lefo,
Osoobame,
Ideclare,
Ogoosajo,
Fahcheasoo,
Odoobe,
Sonka,
Alooah,
Ahkelombe,
Hyenah,
Ahdeguah,
Ahdootah,
Ahkeboya,
Taquay,
Chobe,
Chohome,
Ahdasee,
Sodebe,
Bake,
Allemaka,
Ocooahja,
Bangbopa,
Hino,
Odookinh,
Odelomah,
Ahlong,
Sokoloo,
Chodepay,
Ahsi,
Ojo,
Ahdemoi,
Acome,
Ahgebodoo,
Ahsotafay,
Ahdakoloo,
Odoobe,
Dalah,
Ahshaw,
Ahdapoloo,
Chocong,
Ofoo,
Okooboloo,
Oguaday,
Okebo,
Ahji,
Dabahki,
Ameleo,
Ahmo,
Ahleto,
Dasookoo,
Ahwolee,
Ahteoloo,
Holasse,
Ahwosesso,
Osoo,
Soloyea,
Digbaz,
Gojabee,
Ahmincoo,
Polebah,
Yajooee,
Ahkejoday,
Ograinde,
Adama,
Socoule,
Dasomoo,
Ahkedapay,
Koopanatah,
Kaloo,
Oloo,
Kalaji,
Ahji,
Oloojove,
Somalo,
Ochoba,
Chobe,
Ahloobo,
Koodalor,
Omacho,
Ahtemala,
Fama,
Beka,
Taroloo,
Fahbay,
Oyeoo,
Ado,
Okooday,
Olookoo,
Alahday,
Ahji,
Ahlay,
Doon,
Chobentowo,
Ahcho,
Alay,
Akaloo,
Alkebo,
Anee,
Ojo,
Okojobe,
Ahdaboo,
Copanto,
Soolamee,
Oloopame,
Mobaja,
Miode,
Ofopoh,
Ahdaolee,
Kobahmalah,
Ahjame,
Sorankay,
Ogosamma,
Fardopoh,
Chosolah,
Akayah,
Abandoo,
Ocotes,
Somah,
Adeo,
Almadi,
Cudaloo,
Chacoyame,
Osokoo,
Mamolah,
Soobuladay,
Hyenah,
Edow,
Layade,
Mafebe,
Yeday,
Latemoo,
Ahgedo,
Dow,
Mamma,
Ahdaiahgah,
Ahkebah,
Ahmolallah,
Ocho,
Okeallah,
Olooho,
Ogubiyah,
Ahcha,
Fahroonbe,
Ocho,
Nowdee,
Dosomoo,
Ojo,
Ahcho,
Ahji,
Chobolooa,
Ahkelabe,
Ahkeday,
Ojo,
Ahjahwe,
Lahome,
Hoobolahji,
Ahchokoo,
Soeme,
Dadah,
Ahbelong,
Ahdonjo,
Lahdesay,
Abah,
Olah,
Opay,
Ocho,
Olooah,
Ojo,
Ahjahwe,
Ojo,
Maquadjo,
Fahvee,
Okedah,
Afoiahcoo,
Olooiday,
Hyenah,
Ocho,
Oda,
Damardoo,
Ardoogah,
Awoarkoo,
Okonkomoo,
Boonoo,
Wha,
Chukoomapa,
Ajahoo,
Chamah,
Goolassee,
Ojoeboo,
Inqurrah,
Allubelley,
Mellog,
Appah,
Ogoolazelaunah,
Orroo,
Eguay,
Akakay,
Norom,
Maddoo,
Imbautah,
Woogoo,
Mayboocha,
Woogoo,
Annogah,
Chengah,
Erroom,
Arseekah,
Innaboo,
Wooseesee,
Fargo,
Wankoo,
Ocho,
Ancaquarrah,
Okarakay,
Achatubelley,
Kookoo,
Amallahoo,
Obillakay,
Oyeamass,
Artammahokah,
Ayearbassa,
Woogoo,
Orkah,
Onnoocubba,
Oboo,
Annoosam,
Boonaquarrah,
Arbarju,
Esain,
Ennah,
Edorrodoo,
Eponnotuek,
Mooden,
Apparbeyea,
Workoo,
Orkoo,
Ocorree,
Essacott,
Marjuquah,
Wooroo,
Dooseyea,
Messobee,
Narwoochee,
Ekajahoo,
Arquaradah,
Arjasseyea,
Bemmallah,
Boboo,
Pargoo,
Ennaboo,
Dailey,
Pellogoo,
Emmarzo,
Arwonmaney,
Ocarafoo,
Haizeyeo,
Wannakah,
Ocorroo,
Ocorronkoo,
Ocorroe,
Dooneyeah,
Ardookoo,
Nonarwookah,
Osookakah,
Echanwoo,
Aquarnardoo,
Barweekay,
Woogoo,
Ogoo,
Ozoo,
Annorsah,
Indorkah,
Osoquarrah,
Agimmarbarsee,
Annoquarah,
Annoquarah,
Connoyamah,
Allasallekey,
Inquah,
Ahazeay,
Haykoo,
Saidda,
Luggoo,
Arboomah,
Oloo,
Arguttoo,
Saidda,
Enguarbolloo,
Melayea,
Ezay,
Mayhinnee,
Allubajah,
Arbellagay,
Monneycome,
Olubayah,
Annaquarrah,
Onnealoo,
Jeboo,
Edoweesee,
Obacklam,
Oneanawah,
Argoo,
Antiggah,
Janney,
Onazay,
Bootay,
Quaower,
Amollay,
Ackonnah,
Zannaboo,
Allargee,
Ocanafoo,
Eggoo,
Ocanakay,
Raffeyah,
Ocarree,
Lalloo,
Olokong,
Eddah,
Pandeargah,
Saidda,
Attmamah,
Dowoo,
Zabboo,
Chamnekoo,
Archimmajay,
Arbooguay,
Lomesee,
Ardebah,
Onoo,
Erroo,
Okarakay,
Wazakay,
Ajammolay,
Oboo,
Olodeguay,
Ozuah,
Marchokoo,
Narwoo,
Olomee,
Oyeabulla,
Ogha,
Okoorie,
Olubarloo,
Marmah,
Ahgoggah,
Gonnejew,
Onowah,
Koobahjoe,
Ahtam,
Leggadoo,
Morlend,
Ahdigbah,
Leggadoo,
Ahkareakah,
Bannamor,
Acparpan,
Awonkong,
Acpan,
Karakah,
Asean,
Olooco,
Leesanee,
Achigdee,
Appan,
Appan,
Appan,
Ahpannador,
Ahwarpan,
Ahparoer,
Akopan,
Ako,
Foolay,
Arahpan,
Eteam,
Apahbee,
Appan,
Mann,
Indolah,
Oloh,
Pomahuee,
Lohganu,
Etayfear,
Orah,
Appan,
Oloh,
Dowdow,
Otoon,
Bowroo,
Elyepoo,
Manna,
Karanjah,
Okooloo,
Entong,
Opomah,
Anahkam,
Okoree,
Woomah,
Oborsandah,
Anargah,
Chuckemah,
Akolay,
Alaykon,
Mahdadechee,
Kolangpan,
Ekay,
Chahgo,
Ekaykay,
Abahsay,
Ebayboo,
Ezaydoo,
Ebeeaquay,
Woochay,
Worlah,
Worgeny,
Indobease,
Tarmenay,
Equay,
Ahwokah,
Ningahnewmee,
Chekoray,
Wallahkah,
Maddahwakay,
Ahnammadoo,
Quogong,
Ellayquashy,
Adoolayammah,
Ahnoh,
Koogomah,
Fragoon,
Elayvoo,
Egomaychay,
Aponday,
Erahgeah,
Ahbahchay,
Away,
Ejacko,
Maddahdebee,
Ajoegah,
Ahnormoo,
Abayjay,
Akayrakay,
Majaylicket,
Ornoh,
Amoh,
Intuckah,
Azay,
Jacco,
Equaddee,
Kahbinnee,
Alenday,
Ogoo,
Alayloo,
Appan,
Oroh,
Agoo,
Amoh,
Otoom,
Elaymooraw,
Esean,
Ebayquay,
Wangah,
Onearzah,
Checo,
Argoo,
Appan,
Baddoe,
Aboo,
Appan,
Appan,
Okahmoo,
Orooah,
Orrochorong,
Mortogoror,
Imborkor,
Wahyeolee,
Arreegoorah,
Amoyea,
Orgoh,
Imborakay,
Eteeahmoh,
Emah,
Eguagoo,
Imbarco,
Odoo,
Yammahche,
Lolloh,
Mocoo,
Imbaykay,
Acpannah,
Omoh,
Imborlay,
Okovoodoo,
Orborm,
Akravoe,
Koosobee,
Narcholam,
Onearkarvah,
Okooley,
Koochargah,
Oronsee,
Okravee,
Ezinnaboo,
Ahnooroo,
Orroh,
Akookally,
Abassay,
Youngkah,
Ahkoovelay,
Olooboo,
Ozookah,
Appan,
Moverain,
Ahpahbay,
Appan,
Ahjoevoe,
Mahsavee,
Edowezah,
Chebye,
Moreham,
Ahbokoo,
Ahgiddy,
Ahboo,
Eroo,
Ajimmahfoh,
Ahbootoo,
Ahnooah,
Indovesee,
Innayboo,
Mahdebah,
Ochimvoo,
Okolay,
Ahbassay,
Enahvolaygee,
Echaynee,
Ejollay,
Ahkinnakay,
Achuckarnark,
Oparrah,
Appan,
Orroh,
Ochanday,
Uchay,
Appan,
Argoo,
Ahfearing,
Olaycoquamah,
Okarakray,
Jimazee,
Ahkaroo,
Ahmattam,
Ahjibbah,
Barrah,
Achayvorday,
Attam,
Onohah,
Whnine,
Abentay,
Ogoo,
Odomoo,
Woochay,
Imbarfoh,
Imboray,
Ahkoday,
Onojoe,
Nollah,
Jimmenark,
Wahdarkah,
Etay,
Wah,
Chedah,
Ojomah,
Lachelay,
Hyenah,
Ahjai,
Hyenah,
Ogoo,
Lobah,
Olokovee,
Ocusee,
Seahballa,
Accow,
Lagah,
Farlulu,
Edow,
Ojoe,
Massarcoo,
Ololo,
Chejoallah,
Yarday,
Jeson,
Cakkoe,
Oshoe,
Humey,
Tom Mommo,
Fallashaka,
Acquso,
Yabollu,
Odegeur,
Sessu,
Ochebalay,
Barkoo,
Ojoe,
Bancolo,
Bah,
Ogoom larger,
Sarkoo,
Ahsarday,
Odinday,
Magbay,
Lasaggoo,
Odoo,
Odofackoo,
Odogah,
Oshasoo,
Volue,
Jadoey,
Obosoo,
Taffah,
Tajue,
Essacor,
Odesinna,
Arrahja,
Sonneka,
Odugar,
Tunahday,
Modino,
Ogoyelloo,
Somasso,
Cussu,
Odoolay,
Jojabah,
Odebetar,
Cumenor,
Fahkunkay,
Odumusu,
Osor,
Dayannu,
Ackatalah,
Lackpamme,
Ahjarree,
Oyafallah,
Oyafoloo,
Ojo,
Olosagu,
Ogoobee,
Ardalahkoo,
Olusee,
Ackaboloo,
Dosumu,
Oloocoloyea,
Lassawoo,
Japay,
Dow,
Comabassee,
Osangwo,
Oyakoo,
Ogoodigpay,
Osokiedai,
Oso,
Sobanko,
Koalai,
Olagooardai,
Sobayfu,
Osobolu,
Bancolay,
Ojoe,
Bodudai,
Allahpunju,
Farlahmee,
Jarbee,
Farkarbee,
Moyewah,
Sowallu,
Ogah,
Oneybarbai,
Orshoe,
Ojoe,
Ackafenwah,
Ahjai,
Aggannah,
Ogoojarbee,
Okuseedai,
Bancolay,
Ahgusah,
Takalay,
Gunnue,
Bosah,
Affallarpo,
Hyssar,
Hendai,
Bosoo,
Vanenue,
Taye,
Avasah,
Bookah,
Jartarmai,
Wasah,
Ogusoo,
Ocarvee,
Quiror,
Boquasea,
Nargoendai,
Jenobo,
Cusshoe,
Bookor,
Odoo,
Ahdedai,
Somahkoo,
Foduwie,
Awollosoo,
Nahgono,
Yarwoo,
Allasay,
Allahtemee,
Ogoocomiah,
Ahdemeka,
Obossarbee,
Ahdimmu,
Olonee,
Kyedai,
Odoofolah,
Ahbudoo,
Fabee,
Kombamerdai,
Allarsai,
Ahdeo,
Ahdaisaloo,
Ojoe,
Orshoe,
Quirefee,
Bookoh,
Posoo,
Solahjah,
Tugah,
Nintoyah,
Tossoo,
Ellofee,
Ojoe,
Odolah,
Bamawoo,
Odoosee,
Wooroo,
Effay,
Olocochue,
Songwah,
Ahduta,
Efecao,
Cahmada,
Saysoo,
Ellahmoe,
Sacahio,
Ohdoonoko,
Ohdomo,
Samanoo,
Tassanoo,
Ohchoe,
Somiquah,
Dajobah,
Ohlesayo,
Ahdomadu,
Ohdubana,
Jahboo,
Ackeboo,
Solomu,
Ahdakerebee,
Omoloo,
Orosodoh,
Ahgoolahda,
Ahcussayah,
Koobarjoe,
Ahdataru,
Ahcallah,
Awayjimey,
Moocassey,
Tossee,
Ahguifee,
Ahhvryea,
Ahhonay,
Yoluso,
Locussey,
Boafee,
Boafee,
Bojofee,
Messungha,
Ahkoowoy,
Ahkoroon,
Dosai,
Ahyavee,
Boafee,
Bocassee,
Faggey,
Ahdayesay,
Boafee,
Kookey,
Woomay,
Ackashaney,
Coafee,
Dogbay,
Odoquay,
Callaytoo,
Ahfullahjoe,
Allortumain,
Sarque,
Callatue,
Dasee,
Chargomhomlier,
Bolarhamue,
Edow,
Ajollah,
Dasbarkue,
Damahbah,
Later,
Orsobomee,
Odufalle,
Edow,
Ahdaycamee,
Oyamee,
Lahdayooe,
Yatordai,
Osolue,
Odoodelarlee,
Tajuowo,
Malio,
Najubaddai,
Ahvakai,
Ahbyumba,
Orsoh,
Ordasuboo,
Ohbojoe,
Tassey,
Sawkusamey,
Damodoo,
Olakavee,
Darsabay,
Otaypalah,
Sobo,
Olufuah,
Bugarney,
Sodunkay,
Ahgebaday,
Olafuah,
Ogoofiah,
Daddah,
Dabollah,
Orsor,
Anadar,
Orsor,
Ahjai,
Odaey,
Onnahtugah,
Ogoolarjah,
Ahbahbumey,
Tueapay,
Ogoolarjah,
Sogai,
Farborue,
Odoofuah,
Oyarvehlah,
Odoofuah,
Nahbee,
Ahmoosu,
Ahgunnah,
Ackimboloo,
Locunlo,
Odootuyah,
Ackimboro,
Ahsamobee,
Daddah,
Ahbargergoo,
Ejahbee,
Ecoobarmelaru,
Olowarco,
Sahdigpa,
Gerlahkee,
Okabey,
Bookor,
Oraseebah,
Odarreecar,
Equequire,
Koolarmugu,
Ogoofeah,
Fahbelu,
Cookoomee,
Ahjai,
Ahdillahcoo,
Dakee,
Orsoree,
Addoon,
Odulei,
Dadesek,
Odusee,
Ahkintomwah,
Ahjai,
Orsoree,
Okoondieo,
Acpinenu,
Allubamey,
Oyah,
Bokah,
Ahjai,
Orsobomee,
Orkordanee,
Lofeegon,
Okoon,
Sahdallah,
Sagaka,
Allubeah,
Donvo,
Acketolah,
Hahko,
Ojoe,
Dumah,
Ohday,
Ahdugah,
Orsoree,
Ahgorvee,
Doyore,
Ahbasee,
Osarsonah,
Borkoryouree,
Kursoo,
Brugah,
Koodaylay,
Hoosoo,
Smoomoo,
Ahdahkarday,
Ohgomaneu,
Boosoo,
Brahfunoo,
Sagbah,
Diyouree,
Ogoobay,
Sokoosu,
Sobee,
Quirefee,
Dadda,
Olahfameyea,
Parnhay,
Hayglow,
Ahjai,
Horsar,
Ahjai,
Ackobodie,
Maromajonah,
Ayarulloo,
Lousey,
Consey,
Hyenah,
Eyebanaga,
Saywakah,
Ahegaray,
Ehsaboo,
Esemoe,
Niervey,
Egahue,
Ohgadamee,
Lofeah,
Ohgumarue,
Ohdajuah,
Ohlofaroh,
Hyenah,
Olabashu,
Laywhue,
Ohwahjah,
Ahjai,
Ahjai,
Ahfungtior,
Quirervee,
Dorquay,
Markoo,
Odubah,
Ahsayverday,
Ordususee,
Hoosee,
Koomaroo,
Okedo,
Kusafee,
Fuduey,
Asubee,
Ekotah,
Ogoofargoo,
Ahgohsafee,
Ahgohsafee,
Ahdayemey,
Adooahme,
Daysolu,
Damobah,
Oboey,
Ellagunday,
Ormyeday,
Yamahja,
Affumuda,
Affudier,
Maybahday,
Chubololoo,
Pudarnah,
Koosulalah,
Yourwah,
Odoo,
Okeeremeday,
Wanggara,
Dogbay,
Booay,
Olubardayo,
Digbarro,
Oboolupor,
Bayloo,
Gobeaye,
Day lone,
Hyenah,
Odoomaca,
Ahjai,
Quassafee,
Ohwasue,
Puchemarmah,
Orvo,
Okor,
Ahquaka,
Ewahor,
Oneyjorowah,
Ocoree,
Oneaybor,
Enearkah,
Yeameobee,
Domague,
Oneayarquera,
Yudai,
Orkorra,
Eugoo,
Ozaganay,
Ojinkaneay,
Warchukoo,
Aboo,
Ocarrahhoo,
Owdai,
Hayglow,
Wargoy,
Ahjarorr,
Abonigna,
Amahda,
Amahruchay,
Okoo,
Acartoe,
Ahbassee,
Anikka,
Appa,
Oneaymuchay,
Onahar,
Endovesee,
Ecarrah,
Okoronguor,
Wahmardai,
Agoo,
Onagersee,
Affeemee,
Chequakay,
Ogueynah,
Bababay,
Okoronko,
Wormah,
Ackanah,
Moorerkoray,
Owar,
Ewarhah,
Annoo,
Agussogoo,
Anay,
Hara,
Azulaka,
Ahjibboaye,
Ienaboo,
Hoosanu,
Ahfuruboo,
Anquarrah,
Ahnearsoh,
Oboe,
Ahdebay,
Indruh,
Appan,
Orroh,
Orroh,
Appan,
Oroh,
Appan,
Odor,
Odor,
Appan,
Appan,
Odor,
Ahparvie,
Oemannah,
Ahparvie,
Odor,
Odor,
Eneay,
Oroh,
Awongquor,
Abecka,
Eneay,
Asheat,
Appan,
Asheat,
Appan,
Ordor,
Immore,
Ebannay,
Immore,
Appan,
Itay,
Ahveah,
Ordor,
Ordok,
Orroh,
Eurom,
Bosee,
Appan,
Appan,
Appan,
Eurom,
Ordor,
Eurom,
Eudom,
Ordor,
Omoh,
Appan,
Omoh,
Ordor,
Omoh,
Appan,
Ordor,
Appan,
Ordor,
Appanko,
Eneah,
Kyerah,
Appan,
Amoh,
Orom,
Eguah,
Osondah,
Okoro,
Ahdailey,
Ucha,
Ocora,
Odaisery,
Woka,
Akaboy,
Okaja,
Okarahfo,
Ohnohah,
Wahlarkah,
Ahjedoo,
Workorchar,
Ahnuquah,
Erow,
Omko,
Ahreeamhoo,
Akanosah,
Ahvockah,
Nabachee,
Ahreeowee,
Erow,
Owbee,
Obojahdoe,
Appan,
Okaraka,
Appan,
Carree,
Achava,
Bordoh,
Boara,
Indobaras,
Darley,
Ebeh,
Agguannah,
Annahgee,
Anendee,
Ahcanama,
Ahtaybai,
Appan,
Eneah,
Appan,
Appanbor,
Okarahoe,
Hoonnah,
Appan,
Appan,
Adavartoe,
Appan,
George Davy,
John Six,
Nebum,
Ecargo,
Apan,
Olo,
Mahamu,
Ahpan,
Odoh,
Ecossah,
Appan,
Oroh,
Akejah,
Ayasee,
Etiyo,
Subalee,
Ahquaque,
Ekahaday,
Ahfeong,
Layboy,
Omo,
Omo,
Ogan,
Ahpan,
Modi,
Ebiremah,
Omachee,
Ahpan,
Ahpan,
Elam,
Yebassoo,
Ahpabee,
Mahdiush,
Omo,
Oloh,
Oloh,
Ocafah,
Oloh,
Ahpan,
Okalankoh,
Yochah,
Barhor,
Immore,
Immore,
Manarue,
Comafillah,
Imborra,
Orsaidue,
Imbarku,
Ecuneazee,
Ahoollam,
Okoronko,
Wormah,
Ahdeebee,
Okaka,
Hekak,
Asheat,
Aheagena,
Indovesee,
Oroh,
Appan,
Ahveeahmem,
Muremorkar,
Eseam,
Eneah,
Okoray,
Appan,
Immore,
Immore,
Moko,
Oroboo,
Morain,
Ahparvie,
Immore,
Ahparvie,
Ebay,
Edoko,
Okolonquor,
Onacharkah,
Wharbayza,
Mudorbey,
Immore,
Ahpanako,
Equara,
Ahjuseah,
Oroh,
Wargudda,
Appan,
Mordain,
Abay,
Addee,
Chaboo,
Areemah,
Addeager,
Iarsee,
Cowko,
Aravoyer,
Barboggar,
Affarjagee,
Zoboru,
Egboo,
Eswormah,
Egboo,
Aday,
Azembah,
Abemmah,
Eborkoo,
Morahgah,
Appah,
Seedee,
Iahtoo,
Oreesai,
Ohlajah,
Ahbahjah,
Ahma,
Pelah,
Ogbalay,
Iasena,
Ahbashey,
Zodenuckoo,
Ahreeboo,
Osha,
Chucumah,
Seedee,
Assumah,
Quarchamey,
Mossoenjay,
Otobay,
Ahginnoo,
Egallah,
Eyegunyah,
Margennee,
Opollar,
Ahbookah,
Ahbammo,
Ahdome,
Cudamsee,
Bardee,
Affallah,
Dargee,
Vobedo,
Ahrogue,
Odoo,
Huddo,
Adamaney,
Ahdacoo,
Abillah,
Ahbooker,
Ahbocan,
Addear,
Newbee,
Ahborguor,
Gangah,
Marmah,
Arrubai,
Ahnaloo,
Ialoo,
Balue,
Akparlue,
Owozue,
Ahnahchay,
Adibee,
Ahcom,
Ahchinjay,
Hutomtay,
Ahbinu,
Ahjoroo,
Agbay,
Ahjimzo,
Danganah,
Ancherah,
Cudamsee,
Iargo,
Okolah,
Baddee,
Damfoo,
Agbarree,
Warchukoo,
Attamoh,
Killie,
Tulachay,
Agbala,
Yaba,
Ochee,
Monagbay,
Imortar,
Kutee,
Oroboe,
Acoo,
Egbarbai,
Ahdoomgu,
Allarbargee,
Ahruwar,
Koodorbar,
Ahpar,
Jepie,
Onemodai,
Onewah,
Ogoombay,
Ojoyefor,
Gangah,
Chainekoo,
Ammore,
Enjazee,
Addah,
Ageedai,
Oboto,
Garbee,
Edee,
Egbay,
Olowolay,
Sabbah,
Ahpottar,
Ochay,
Ochey,
Tumah,
OBannah,
Ekarney,
Ochum,
Ammoya,
Ansobee,
Ahbije,
Deer,
Ahgebogoo,
Oloobajah,
Ozudamfoo,
Ahjara,
Arrahbee,
Acponey,
Gaga,
Ahwooroo,
Attammi,
Addogbai,
Mayhenee,
Agoobay,
Ahbookor,
Amboo,
Oneycor,
Koonaney,
Ackotah,
Allowearbee,
Koojibbay,
Bayloo,
Obarra,
Ogoobay,
Tyecoo,
Ahdem,
Ogoombee,
Ahdoonee,
Bachayloo,
Ahwalley,
Edah,
Obahdumey,
Taynam,
Mahlya,
Etong,
Etayju,
Ahreesheto,
Bissheparman,
Tamabor,
Onecor,
Ahday,
Annabee,
Assuboo,
Koroboo,
Iabee,
Koochamey,
Allucoo,
Ahchickah,
Attammah,
Indambee,
Rome,
Aedai,
Onodee,
Quonney,
Marzeeba,
Ada,
Arewah,
Ahbookah,
Abee,
Ebooguwah,
Daffah,
Maywoo,
Wamjay,
Orcesay,
Attamah,
Akaracpoo,
Chainebe,
Abahjay,
Annekee,
Iarrue,
Hawah,
Abennay,
Ahshatoo,
Matookoo,
Egboh,
Sahboo,
Neworboroo,
Yeayah,
Ahjara,
Annesar,
Oguntah,
Darne,
Sohogee,
Barray,
Chaffoo,
Machu,
Ajai,
Akguanelai,
Ojuaray,
Namarsah,
Ruchem,
Mahburah,
Imborahreah,
Abecoh,
Abelame,
Ammerdaroo,
Ielaywoo,
Onoomiah,
Marrawoo,
Aseeyour,
Botong,
Ojommah,
Olah,
Onojoe,
Matecoo,
Amoyla,
Symbo,
Ahruwome,
Womele,
Sahboo,
Ahgommoo,
Ekoonah,
Akepannah,
Quanegah,
Warrarkor,
Eudarkoo,
Omillelah,
Allane,
Otooloo,
Abiyor,
Machaddah,
Assoomah,
Chakoodo,
Manebe,
Jagoon,
Allamah,
Attansze,
Opahshe,
Ottungbay,
Chiberoggoo,
Iakepie,
Allaiwoolah,
Bahgee,
Ohjah,
Attabai,
Ekootiney,
Babbai,
Sammeah,
Aleewo,
Meagbai,
Owallay,
Zootah,
Okoro,
Adaloo,
Abagbai,
Chainakoo,
Atamah,
Attahbee,
Ahbom,
Ahcary,
Abelame,
Abollah,
Sulam,
Olay,
Alluborrah,
Avoo,
Ackookoo,
Assan,
Anabbah,
Ahchavoo,
Atchear,
Karboo,
Ahchoka,
Odoom,
Ahchickah,
Ahbookor,
Koloomoh,
Choobankoo,
Abamme,
Kaddearmar,
Achoyor,
Lokosoo,
Adjoe,
Ammai,
Barkpo,
Ahbartoh,
Ahchoh,
Ahdabee,
Alyorboo,
Allagoh,
Ahginnah,
Ahbam,
Attamah,
Ahlamahgoo,
Managebay,
Addozah,
Acquorse,
Quobe,
Lammahlai,
Ahniggahto,
Dow,
Ahchamioh,
Pancho,
Oroboge,
Jadoobah,
Oro,
Chanebe,
Ogoodigpay,
Ahdimmo,
Palloo,
Ganga,
Dede,
Tarkane,
Oboro,
Ahjammah,
Mattahcara,
Batsoo,
Danniyour,
Ammerjah,
Pie,
Ackom,
Yemzagger,
Cafoo,
Indai,
Appah,
Nimmah,
Adjoh,
Ahjemmeh,
Azoomoe,
Ewoocore,
Tenkalay,
Jenay,
Ammahdah,
Pie,
Assine,
Sumwah,
Nickosanah,
Shese,
Tonte,
Onojoe,
Awah,
Gutto,
Abesarre,
Accombo,
Maceara,
Abechame,
Anamoyah,
Allayah,
Warahkah,
Arubamme,
Olekunne,
Amolabe,
Yeiyah,
Amahsoo,
Amahjoe,
Injai,
Damo,
Ajaro,
Ohica,
Onoko,
Wogo,
Omora,
Anamola,
Enoma,
Ogina,
Ohima,
Iadod,
Ocora,
Ogbofo,
Osalado,
Amakawa,
Oma,
Mokem,
Akobeka,
Oneleo,
Wanquoka,
Gillquo,
Attam,
Onsusa,
Ashim,
Caffa,
Odago,
Joal,
Awo,
Aya,
Wallataba,
Deo,
Oconga,
Ina,
Biama,
Endoesie,
Craka,
Oma,
Bomachakoo,
Oco,
Jemedaya,
Watayera,
Anohaha,
Sofia,
Chima,
Watchago,
Natam,
Eka,
Ewondo,
Jackado,
Ocoro,
Ayuoma,
Occora,
Onwa,
Pan,
Opuva,
Ocora,
Ora,
Abasa,
Amo,
Moda,
Ottora,
Oro,
Oya,
Accum,
Jibba,
Aya,
Oproji,
Ocora,
Anarabo,
Oro,
Inobo,
Abokara,
Oyadee,
Wompasa,
Ocora,
Ocraque,
Ajemeka,
Ahanoo,
Ousoo,
Inagee,
Inana,
Attobas,
Ochema,
Obha,
Wadoo,
Acpan,
Oro,
Iboro,
Opwa,
Incenta,
Aria,
Pan,
Ina,
Accaro,
Eshain,
Amechee,
Onaquira,
Amodain,
Amodin,
Ocaraka,
Ogonia,
Wamqua,
Inabo,
Adiva,
Andoesa,
Acoo,
Aryuaka,
Odoo,
Anoyua,
Wompo,
Lefoo,
Ochendo,
Zooako,
Chokoo,
Jakoo,
Olaka,
Adahoo,
Unabo,
Aporaka,
Lenda,
Alucum,
Anawons,
Deputa,
Ayain,
Jocunga,
Imosu,
Nance,
Ocrongua,
Iminica,
Embaka,
Aheberaburna,
Adona,
Oyumwa,
Agoideba,
Ogu,
Aragura,
Arako,
Ousooma,
Inna,
Imera,
Aderahah,
Hadoba,
Eraboucha,
Bada,
Inodoiesee,
Attam,
Ocoraka,
Aloda,
Ino,
Ocodra,
Ossa,
Morra,
Wisa,
Ajoiwa,
Ebachim,
Ajoquo,
Wudo,
Indoma,
Ebasim,
Inaboo,
Inamobee,
Achookoo,
Acpanado,
Acrecka,
Amo,
Amora,
Oguigo,
Eybega,
Abechu,
Mocoucha,
Abogbuce,
Onubbila,
Oro,
Jackoo,
Appan,
Acpan,
Allo,
Ojiba,
Occora,
Ocuo,
Achokoo,
Ogborn,
Aka,
Ashu,
Appion,
Araffia,
Aram,
Abasha,
Escian,
Anomaraka,
Ogomba,
Appan,
Aza,
Onichen,
Ocomaba,
Accranquo,
Acquobo,
Acreka,
Acaga,
Beba,
Jee,
Odah,
Wanko,
Asucara,
Accow,
Asamoda,
Acpan,
Wolo,
Lola,
Lentar,
Ajemafo,
Ocajee,
Amma,
Wonko,
Ewohau,
Ebomah,
Ejerry,
Annaro,
Ofou,
Coree,
Onekeaday,
Nabaracha,
Wacomma,
Wamah,
Ojo,
Abazenta,
Anae,
Ocho,
Agworachee,
Wonacha,
Ajeau,
Cronchqua,
Egua,
Whoquain,
Amadda,
Ahhese,
Omaka,
Ohakatta,
Olou,
Couragee,
Ojo,
Ogoo,
Ajafoo,
Endowesee,
Oloo,
Wajoko,
Ocoree,
Mogo,
Madaca,
Captn Drew,
Whomasery,
Onganabillum,
Warekellum,
Ahdinguy,
Ecangah,
Ojocko,
Ahboronne,
Onnebo,
Obaquay,
Oberee,
Olacheree,
Annawase,
Ahnake,
Akay,
Enaquaray,
Whodo,
Ahguarah,
Onebo,
Afema,
Ahwomale,
Banco,
Mocacha,
Ocolee,
Anee,
Awokake,
Ogonosa,
Ocanabee,
Owase,
Ahhanya,
Edosee,
Ocodolank,
Omanyo,
Ahpan,
Ahpan,
Orah,
Omah,
Ahpan,
Omoh,
Omah,
Pavee,
Orah,
Manah,
Ahpan,
Emoray,
Apanago,
Eyangarry,
Oroh,
Alaco,
Kucka,
Bogou,
Ahbokeshe,
Obashe,
Wachakoo,
Ahdebay,
Andedobe,
Ocarake,
Owasee,
Aconca,
Amaso,
Wojokee,
Ocrackaname,
Ebele,
Jeca,
Alewoo,
Cobagee,
Ahlim,
Ahji,
Chebe,
Adeloo,
Anemade,
Annana,
Jazee,
Newbe,
Yaday,
Ahtanjay,
Ahcomah,
Ahlegbe,
Wopah,
Mahganah,
Masonja,
Ademah,
Mohabah,
Ebella,
Tame,
Afang,
Ahlego,
Lassa,
Toroboo,
Alleguoree,
Odo,
Poncho,
Monebay,
Ahdojah,
Ecanga,
Ogomma,
Woodda,
Ejokoa,
Ebaboola,
Onneba,
Omoehee,
Ossouer,
Ecallier,
Ocollouqua,
Esooma,
Ocolle,
Eguaga,
Borja,
Annecar,
Enonnam,
Onecummor,
Ocalafo,
Walawo,
Aha,
Adola,
Bamota,
Ambauck,
Olay,
Ada,
Amoho,
Acho,
Ahaha,
Bogoma,
Ofoh,
Achama,
Balaka,
Emboka,
Embafo,
Oquoida,
Maconcu,
Anako,
Aquim,
Conako,
Cenawena,
Akabo,
Alogo,
Aquisa,
Indaka,
Ala,
Bokako,
Olo,
Brana,
Alamo,
Balagada,
Awosha,
Onowah,
Okolanta,
Agage,
Inda,
Saba,
Woroh,
Agano,
Akolabay,
Akanawo,
Ocora,
Acharra,
Akanya,
Obaka,
Ono,
Attam,
Bunto,
Oboko,
Mariako,
Okaraka,
Okaronko,
Abia,
Samia,
Attawora,
Ocola,
Doaga,
Onamomlia,
Ocola,
Onwahah,
Ahola,
Aboja,
Odoa,
Wabo,
Achan,
Embam,
Olondo,
Ocola,
Olocanamo,
Adono,
Enewaha,
Jin John,
Ayah,
Alanquara,
Ocolo,
Ama,
Ajana,
Ocolomfom,
Krooma,
Embasay,
Embancago,
Tocolo,
Kakonya,
Okiday,
Accaychaw,
Ocomaylay,
Olawa,
Monambo,
Ajagame,
Bohanka,
Londiako,
Incy,
Imbafo,
Abam,
TRUE,
Attelahos,
Ichay,
Imbongo,
Attam,
Soma,
Imboka,
Accosa,
Aguo,
Wonda,
Inafo,
Aduma,
Salay,
Emboylay,
Ohgoma,
Omboah,
Ada,
Abam,
Ewosa,
Cobange,
Acome,
Attam,
Ahchapa,
Ahcudgeco,
Ocole,
Ogelongus,
Attam,
Bebe,
Atawhora,
Apabe,
Orom,
Achpan,
Ahpapan,
Enya,
Ongsleboo,
Whowa,
Honalay,
Eradoba,
Ahkabeka,
Oreak,
Whado,
Gauge,
Oteneye,
Olo,
Aro,
Abase,
Achpan,
Achpan,
Achpapan,
Mo,
Achin,
Achpan,
Ererem,
Oro,
Achpan,
Oloh,
Olonkelly,
Omo,
Achpan,
Apavee,
Acha,
Ma,
Baran,
Mo,
Orroh,
Achpan,
Bacoo,
Ogoo,
Ahparrah,
Aguafa,
Yaba,
Sanamafore,
Chillacobee,
Camana,
Acha,
Ocoo,
Oguallache,
Ousa,
Oguobelaque,
Ola,
Oma,
Owa,
Ebebe,
Ebebe,
Ecunda,
Chemo,
Essako,
Ajeco,
Bebe,
Egbo,
Maco,
Edaka,
Ocolo,
Acannam,
Aciaka,
Abougee,
Whocacha,
Ane,
Omo,
Oro,
Ocole,
Achpan,
Enyah,
Ebole,
Embafo,
Ebole,
Emoche,
Embaho,
Embaqua,
Ejoma,
Ahyegba,
Adda,
Wanyaleah,
Ebole,
Egarra,
Adda,
Eprebema,
Wabolaka,
Adeah,
Bopoma,
Ema,
Adeah,
Omah,
Archy,
Embava,
Wanco,
Aboy,
Ewanko,
Ekoshesay,
Attam,
Emobay,
Ejogo,
Jarrahgar,
Endallah,
Okaff,
Allahgallah,
Okronco,
Ocornno,
Ahchuco,
Ahtammah,
Esayaymee,
Wark,
Wangah,
Aleboss,
Wambah,
Oloh,
Babo,
Appan,
Aroobay,
Oloom,
Bassa,
Alemore,
Echee,
Inchuko,
Mahdayguay,
Eneah,
Efunjay,
Chenakay,
Ahmakleah,
Echaindah,
Azeekray,
Ahahdokay,
Alookuay,
Nearkayray,
Okolay,
Ewah,
Ewahhah,
Emanykay,
Ahmenah,
Ahjailay,
Ezeewah,
Ahwonnah,
Aloh,
Anintah,
Yallah,
Azah,
Ajingwah,
Egoovee,
Wonahcho,
Emoo,
Ohaykay,
Enayorbbe,
Tovansee,
Obaheah,
Annaquackan,
Agboh,
Oneahlanno,
Akay,
Worrom,
Morday,
Orooh,
Neahgah,
Olloh,
Olloh,
Ahpahbay,
Ataggedah,
Manna,
Eteah,
Ahlohchay,
Kannen,
Appan,
Tohwoollah,
Achraycha,
Moor,
Appan,
Olloh,
Appan,
Appan,
Olloh,
Neah,
Moor,
Appan,
Orroh,
Warchukoo,
Gerjukay,
Amayboo,
Inbattah,
Achukoo,
Obaywoo,
Ohpannykay,
Ahnaggoh,
Azinnah,
Obebe,
Ahgadday,
Okoray,
Ezoowah,
Ewah,
Manroo,
Ahlizzy,
Abonnah,
Ahagogowah,
Agomah,
Ocumanee,
Imboh,
Quachay,
Alaychee,
Eguarmah,
Ehoomany,
Warnay,
Why,
Eneah,
Moorwah,
Osanny,
Akaim,
Moor,
Hyenah,
Odoh,
Ahdearhah,
Indearkoh,
Akanjah,
Tomtetahmah,
Morjee,
Mallah,
Ceday,
Anneywallah,
Ahtowoollah,
Alayboo,
Hallaylay,
Ahchucoo,
Aponnaybay,
Marcoloo,
Ahchaylayhoo,
Okronco,
Ocoo,
Heneah,
Olloh,
Appan,
Ahbuggah,
Ahwooddah,
Mannagah,
Ocoree,
Aneahdoomy,
Enah,
Ahkronko,
Moorday,
Ahneahgooroo,
Ahkutcha,
Woocoroo,
Warchwa,
Olloh,
Aitchage,
Emarrah,
Appan,
Appan,
Nanyah,
Ahfaywah,
Oshaw,
Enam,
Edayhah,
Embahfoh,
Quasah,
Aneguinamary,
Ahbeahka,
Imbahfoh,
Olloo,
Imboray,
Aboh,
Imbokoh,
Deahkanno,
Alleagah,
Imbahfoh,
Imboykay,
Imbarno,
Imboylay,
Imboray,
Wancome,
Imboykay,
Beamkoo,
Ingallay,
Heneah,
Wankah,
Konahkah,
Imbahfoh,
Moh,
Annahcome,
Glass,
Imbahcome,
Yangbah,
Famah,
Bollowomah,
Paglah,
Woney,
Chabay,
Beer,
Allahsesee,
Fah,
Heymo,
Wawah,
Yamokey,
Sangbah,
Allahsesee,
Bahba,
Jafah,
Bannah,
Fahgue,
Coombo,
Darbondo,
Gawah,
Moroo,
Ballebah,
Biyah,
Yaquah,
Tabafuima,
Conay,
Tong,
Sesee,
Jumbe,
Dabundo,
Tienga,
Fah,
Dabundo,
Wahwe,
Cho,
Greyjo,
Davey,
Flomah,
Yayar,
N.jawe,
Hanlee,
Halabo,
Sanbah,
Fah,
Fah,
Sherey,
Bayah,
Vamah,
Bakaboy,
Karee,
Debe,
Biye,
Kondo,
Sabumba,
Gree,
Tongo,
Massa,
Juvee,
Mandabuay,
Diyah,
Bato,
Beer,
Fasamah,
Jaffo,
Goobar,
Nobo,
Karefemah,
Dasemah,
Enjowah,
Momo,
Wowoo,
Sabe,
Coondo,
Jarrah,
Miyah,
Pannah,
Coto,
Fah,
Cabba,
Nayaqua,
Quisee,
Colee,
Darbo,
Kahle,
Dowerger,
Sombo,
Soso,
Bonno,
Choka,
Wahwe,
Shagombo,
Ballah,
Famanjo,
Fango,
Tahvee,
Bundoah,
Fangoma,
Dalvolle,
Bunge,
Gillingbu,
Cogbolay,
Yaforee,
Kanree,
Cho,
Cajebah,
Tcho,
Kafue,
Longo,
Yongo,
Tallo,
Kafe,
Kafui,
Bayo,
Garro,
Kunya,
Kafui,
Biyah,
Yayae,
Longo,
Garro,
Daboo,
Taro,
Allahi,
Gawanga,
Cholo,
Wonday,
Ki,
Mabuay,
Fanga,
Garro,
Miefa,
Kamowone,
Choro,
Ki,
Arrahka,
Yandevey,
Matoay,
Marie,
Biyah,
Gomah,
Sovenee,
Fafa,
Fui,
Guah,
Humpah,
Soso,
Fahmo,
Kanree,
Conay,
Cojee,
Bannah,
Cojee,
Comay,
Wonjah,
Tobange,
Fayambay,
Jolo,
Nasso,
Bama,
Wonah,
Kessee,
Kide,
Sie,
Covie,
Yafo,
Jah,
Bullay,
Perey,
Benkay,
Jarrah,
Domo,
Latona,
Woondo,
Foyah,
Camo,
Dakay,
Jowah,
Sesee,
Fashay,
Garro,
Joe,
Pieyah,
Quawe,
Bunda,
Goombe,
Bay,
Duo,
Ruomah,
Tambah,
Sow,
Pacabay,
Shabo,
Panday,
Dahhe,
Beer,
Mandema,
Gawo,
Fahtome,
Doray,
Pomay,
Tonay,
Yadoo,
Bapay,
Besse,
Camo,
Jah,
Tamba,
Fui,
Kayongo,
Togolee,
Habui,
Bah,
Kanree,
Gao,
Covee,
Satuah,
Ki,
Quiyeh,
Gawo,
Comay,
Kamo,
Soso,
Chabay,
Dobo,
Kapoo,
Cobwe,
Say,
Wah,
Money,
Coreah,
Salee,
Gabo,
Cojee,
Peah,
Coay,
Cho,
Cobe,
Sone,
Chogun,
Bayah,
Comma,
Fiyea,
Boco,
Pannah,
Doji,
Dehey,
Thomas Jones,
Acotoo,
Conah,
Manjay,
Ki,
Mangoro,
Ki,
Conah,
Boy,
Omah,
Boy,
Nengay,
Yonbah,
Tenday,
Dombay,
Mietay,
Yallaboy,
Mahtangah,
Mahtay,
Yahne,
Boy,
Kenya,
Tahbah,
Yawo,
Dao,
Conah,
Moworo,
Wangay,
Conah,
Mahtowa,
Kunyeah,
Mendenyah,
Ningah,
Comay,
Yombo,
Comay,
Baya,
Mam,
Yombo,
Boy,
Mahpovo,
Fangah,
Jemah,
Lomba,
Donda,
Wangay,
Yombo,
Boy,
Conah,
Wangay,
Chenday,
Mahfingay,
Kenyah,
Matto,
Biah,
Coonah,
Bondowah,
Yamaree,
Batay,
Mahquay,
Ekobedu,
Accor,
Onnorka,
Assejaco,
Moheree,
Ekaraqua,
Waquasee,
Eka,
Allaga,
Eshoasee,
Umboolee,
Ebbarja,
Mahlee,
Mor,
Echonwagee,
Adda,
Woora,
Morda,
Enya,
Omor,
Acpan,
Wooro,
Appan,
Wooro,
Omor,
Enya,
Ecarrapo,
Omor,
Ozoomma,
Oma,
Enyar,
Appan,
Emmooka,
Woocorja,
Wogoo,
Efadeato,
Ekqua,
Ego,
Oyadomah,
Ennaca,
Oboonn,
Nobolay,
Eseenn,
Cheka,
Ocheatong,
Edja,
Wooro,
Toowooro,
Acpan,
Appanama,
Wooroma,
Towoora,
Mordin,
Oda,
Apoyoung,
Woora,
Molee,
Iyee,
Ocolee,
Woochagee,
Towooro,
Cannah,
Attahshea,
Allear,
Acquashay,
Echa,
Barfo,
Waryaha,
Garfolay,
Eddera,
Obolay,
Waddecoob,
Otoo,
Boicay,
Accoom,
Barqua,
Zomah,
Oborfo,
Oborfo,
Deanka,
Alleoga,
Odoomah,
Ebbooram,
Wambah,
Wooka,
Waryarcho,
Boaca,
Wanna,
Bojonnoo,
Borqua,
Wardeoca,
Warquah,
Ekka,
Waryahoja,
Accorqua,
Cargayehoo,
Boqua,
Achin,
Boca,
Wan,
Parba,
Barqua,
Alleaga,
Wah,
Wah,
Marnah,
Carradeong,
Engo,
Vonka,
Yamsa,
Tawa,
Com,
Acamasee,
Com,
Acomsee,
Dembot,
Com,
Yong,
Nyam,
Ongo,
Cadem,
Engefa,
Engo,
Wah,
Incopit,
Monbanque,
Monypho,
Ibianko,
Enfole,
Chereso,
Enfonka,
Nyamsa,
Moba,
Vonga,
Envon,
Comosa,
Ensam,
Mando,
Nyam,
Yap,
Ensa,
Bancho,
Gettaga,
Emba,
Emba,
Tomba,
Omba,
Commesee,
Enguan,
Eyang,
Yap,
Defon,
Defon,
Defon,
Ensam,
Defon,
Forpo,
Elompa,
Ochoqua,
Ocolay,
Beko,
Ocolo,
Obo,
Ocraka,
Ona,
Achoka,
Aholo,
Owoo,
Asa,
Abashe,
Allechanto,
Okaraka,
Eleymonah,
Olaque,
Oque,
Oque,
Obe,
Tapo,
Agboh,
Omeriga,
Okey,
Ayah,
Affiah,
Attah,
Abi,
Abasin,
Anyah,
Abo,
Olo,
Appan,
Yah,
Bata,
Mollayah,
Attam,
Appan,
Olofiah,
Abasa,
Apim,
Accrombo,
Incaray,
Sah,
Deso,
Oqua,
Efoh,
Ayoh,
Oto,
Manfoh,
Tandop,
Eyon,
Daket,
Ebang,
Olong,
Attoo,
Feminda,
Olo,
Acon,
Acommisa,
Ohob,
Emba,
Ega,
Attomo,
Fommah,
Engaga,
Imcomba,
Owah,
Indefon,
Ongong,
Soba,
Abaguma,
Mondam,
Ayou,
Oro,
Emba,
Angoma,
Jim,
Abbia,
Efim,
Tom,
Ashin,
Ankui,
Affyon,
Ayah,
Affion,
Amo,
Ensamwah,
Accon,
Esew,
Gasa,
Oqua,
Anee,
Ballega,
Assa,
Emo,
Enowan,
Asim,
Ebonyo,
Adea,
Inja,
Acannem,
Enem,
Indeat,
Asoo,
Femah,
Gontam,
Mannah,
Acon,
Onono,
Gendayah,
Affion,
Acqualie,
Abase,
Auquah,
Ingasay,
Ecbanyon,
Oumah,
Enyah,
Engasa,
Acombia,
Ashian,
Allay,
Affion,
Owam,
Adjah,
Ammiso,
Okoah,
Onasim,
Acon,
Nama,
Youmah,
Omar,
Condar,
Mannah,
Mangah,
Assoo,
Defon,
Emba,
Mogah,
Emberika,
Manah,
Bexon,
Embokay,
Eyah,
Wawah,
Wawah,
Afin,
Abasee,
Moah,
Sandah,
Azaloo,
Abasee,
Ocolo,
Affuim,
Enubalo,
Assam,
Appatawoo,
Defon,
Attofo,
Assion,
Affiong,
Bowah,
Atton,
Abba,
Accong,
Accom,
Cowah,
Affam,
Affon,
Ewah,
Enswah,
Ewah,
Olo,
Jamo,
Joam,
Attam,
Wolalom,
Acpoena,
Atta,
Abasee,
Awalica,
Eogon,
Acparie,
Biah,
Anah,
Apoyoh,
Affaio,
Macfion,
Roe,
Oranca,
Oro,
Elemfon,
Moah,
Adjanadaminowonee,
Ane,
Ambia,
Sowado,
Enguna,
Abbah,
Ofiom,
Anatimva,
Abos,
Enchanee,
Formot,
Encora,
Tima,
Acon,
Ambi,
Wafah,
Mompha,
Gomso,
Affah,
Coho,
Ocon,
Abbass,
Agasa,
Affiah,
Abasee,
Agama,
Asuah,
Asin,
Achon,
Embrokamo,
Enoh,
Mananca,
Saone,
Addah,
Embala,
Ayua,
Affamwah,
Harry,
Acowah,
Agasay,
Saynanim,
Enyam,
Kasuy,
Uba,
Ryamba,
Accom,
Asam,
Agah,
Accondam,
Oro,
Allin,
Agasaw,
Allet,
Gongasay,
Myamco,
Ano,
Lanta,
Enem,
Enyah,
Montion,
Enyahm,
Oroh,
Injoy,
Baco,
Abass,
Eno,
Ocon,
Abasamo,
Marnfo,
Indah,
Bonle,
Onafame,
Allinwa,
Adawo,
Alloka,
Chocola,
Archao,
Accoo,
Adoloo,
Abagena,
Ocoleco,
Darbolo,
Mogeba,
Allamoo,
Arnoba,
Danfo,
Noobe,
Anekah,
Arloola,
Ebogewonar,
Ardarsee,
Ibohah,
Jado,
Ashano,
Kalamekar,
Ocolinwar,
Ogolee,
Ebarche,
Imortor,
Oleearhah,
Enormoryon,
Abban,
Econgo,
Olorlor,
Oochamwar,
Oochando,
Onoroo,
Argammoo,
Ogoo,
Tekenerah,
Equadela,
Aquallo,
Micontah,
Mardadaquah,
Enaboocharwah,
Ecalolo,
Eharbootoo,
Echabegan,
Mardaway,
Webo,
Okaka,
Ocola,
Ingorcor,
Ecargorno,
Akelee,
Assome,
Ejaree,
Wannoro,
Agadara,
Anearboo,
Ocronqua,
Egecone,
Jercobee,
Enarasay,
Emmorkar,
Arpo,
Onenanah,
Ebadenor,
Oocharboowa,
Argoo,
Ardeba,
Omenika,
Okaraka,
Arparbee,
Anoo,
Addewaque,
Ocarfore,
Ocola,
Ogoo,
Egabugannah,
Onearmarche,
Enorcar,
Angonebee,
Orcoo,
Onearmarche,
Defon,
Imba,
Sawar,
Oitar,
Tarcomb,
Tako,
Ambia,
Artam,
Otootoo,
Ogordor,
Barge,
Achain,
Ooror,
Aneah,
Acandemn,
Arpan,
Oomore,
Oodom,
Oromto,
Oomore,
Appan,
Eneah,
Oomorden,
Oomoredan,
Appannee,
Oolor,
Olom,
Oomoredemn,
Appan,
Oomore,
Oolor,
Appan,
Appan,
Oolor,
Appan,
Appan,
Oolor,
Aseen,
Aparbee,
Appan,
Oomore,
Oomore,
Oolor,
Arbor,
Airbor,
Appieto,
Oolor,
Egay,
Gebondo,
Oomore,
Oolor,
Cooton,
Tolesay,
Injorcor,
Barfor,
Azemah,
Arhooday,
Wadoo,
Ejormah,
Bafor,
Alegolor,
Wardah,
Manrawah,
Imbaka,
Damar,
Gamoohar,
Injogelar,
Badarko,
Ebarkorbor,
Abbarlabah,
Oah,
Taboo,
Agae,
Aloogooche,
Inor,
Borsem,
Eneah,
Indarlar,
Ardeah,
Arneeboo,
Ochoranee,
Archoochin,
Arporbee,
Seegee,
Inday,
Memor,
Metobah,
Ajewcoontar,
Andapah,
Ooolom,
Oopah,
Achavoo,
Arbassee,
Imboka,
Imbola,
Arzuma,
Warhendogobah,
Warbar,
Ocooatay,
Quasarcor,
Yentay,
Arloojakay,
Imbakay,
Annarfronah,
Aleacho,
Imboka,
Oowar,
Warnerseeka,
Coone,
Marco,
Arseebar,
Esookoo,
Appan,
Intar,
Benangar,
Armanjoe,
Addah,
Alachee,
Angar,
Artar,
Ocho,
Sinnee,
Appan,
Arday,
Ocarrafo,
Bearsaw,
Enemobe,
Arquaydo,
Arbarsar,
Cootar,
Morta,
Chahoono,
Jator,
Coobanza,
Danfo,
Arwedah,
Olah,
Icabbee,
Chabor,
Alagoo,
Arzarbor,
Cobah,
Arbela,
Aznemoh,
Allegortor,
Alloluo,
Abbarsee,
Oomore,
Ocho,
Oomore,
Appan,
Ocologoe,
Togoraw,
Oomore,
Appan,
Moredem,
Appan,
Ooraw,
Appan,
Appan,
Acando,
Boquay,
Mamrah,
Appan,
Appanoraw,
Oomore,
Ooraw,
Oomore,
Aesaya,
Apparbeo,
Arcabb,
Accarno,
Arbo,
Norsoh,
Anor,
Morday,
Orcotor,
Numasee,
Woconnor,
Accorda,
Accorday,
Abor,
Attum,
Younsvonka,
Edorko,
Anewangor,
Alebelawah,
Oror,
Guasurimbah,
Agwear,
Abebar,
Abarcom,
Amordebe,
Annor,
Baka,
W.as-aka,
Barka,
Normo,
Baka,
Enamojee,
W.arnarwah,
Imbolay,
Imbarfor,
Quimpee,
Onocho,
Eyang,
Imbolay,
Inorlor,
Bokay,
W.adekar,
Azee,
Imbokay,
Ador,
Oleor,
Warsee,
Orawcor,
Necoee,
Ebo,
Marco,
Arcaraba,
Ewarno,
Morbor,
Morkor,
Seebray,
Agaboh,
Yargee,
Yadequay,
Ekingwa,
Ennorwonza,
Imboka,
Arsomah,
Imbaka,
Beneka,
Imboka,
Eyan,
Oowarn,
Adearka,
Aqudoomah,
Dayzarkar,
Adearka,
Adearka,
Andar,
Oowah,
Wanneka,
Arconebo,
Marcor,
Arnebama,
Wardor,
Wangasay,
Mardinwah,
Ocolay,
Olar,
Aharkar,
Odum,
Harboo,
Annoe,
Abbeolah,
Agericar,
Yeargagar,
Camalee,
Appannah,
Acpomonee,
Wobechar,
Arban,
Moeelor,
Hooday,
Momoe,
Deeoley,
Okerricay,
Camarlar,
Aday,
Oben,
Wocharley,
Arbarkprone,
Ocartche,
Onar,
Ocolay,
Alardenooey,
Arboer,
Oharquay,
Opoovey,
Wallackar,
Occrongoo,
Honoroer,
Econg,
Asamar,
Obetter,
Wocrow,
Ajear,
Onage,
Oroo,
Ewoondoe,
Chekay,
Asoockar,
Ocoquay,
Aggosonoo,
Oquarnah,
Yemaboe,
Emomar,
Ogoolar,
Dedday,
Balbermie,
How-woe,
Abbebar,
Ardear,
Aneemor,
How-woe,
Edoe,
Assumar,
Anubay,
Laylay,
Saydia,
Loogarmdee,
Oloofar,
Attar,
Tammar,
Ogarcoo,
Arefor,
Lammadoo,
Esefim,
Bardee,
Asamar,
Cootar,
Attabay,
Abeomoo,
Dungar,
Ochagag,
Chochecay,
Ondomar,
Chachumar,
Quarsibundar,
Yellar,
Abbedodoe,
Unkpay,
Ogbarm,
Woe oloe,
Warnkepoe,
Aley,
Cundum,
Haray,
Appar,
Aharcon,
Tukar,
Warcoe,
Woochendoo,
Odoe,
Ogozuarnoo,
Mardiabbier,
Onaseka,
Anogorrah,
Ocoroquar,
Arbarrar,
Amerewar,
Azogoo,
Anargoposhinny,
Martemary,
Okaffee,
Warchochar,
Inbovissee,
Onearkar,
Oggoonomar,
Okraffoe,
Amallornoo,
Ellargar,
Acoolornoo,
Yemmamorroo,
Yeleakar,
Boso,
Arcorong,
Choogoo,
Agarchar,
Oloo-obemar,
Attam,
Amachee,
Akarndoe,
Ocoronquo,
Ocoronquo,
Abumbargar,
Esheeokor,
Tochechee,
Agbar,
Obarley,
Warncoe,
Ehurazer,
Aharee,
Appor,
Egbar,
Ako,
Arpanner,
Omor,
Morday,
Inyung,
Achawar,
Iyung,
Abipar,
Abazekay,
Indor,
Obechanoo,
Wop,
Parbee,
Kone-ye-noobey,
Okeriber,
Akaberry,
Etowerah,
Acpan,
Oror,
Acpan,
Acpan,
Oror,
Acpan,
Omor,
Carrudom,
Acpan,
Akepoe,
Warurim,
Enee,
Achin,
Omor,
Acpan,
Acpan,
Apar,
Warcoom,
Inyoe,
Oroh,
Appan,
Opabee,
Omor,
Acpan,
Hootay,
Tim,
Oroh,
Oboh,
Inyung,
Acpan,
Ashanee,
Apparbee,
Omor,
Eram,
Hoodor,
Parreehar,
Apanaror,
Ocquoyer,
Gopoorar,
Hoocar,
Ocar,
Ogelly,
Ogelly,
Mor-cay,
Ajeartoe,
Addar,
Barfoe,
Ecodear,
Barcoe,
Imbakay,
Low-wer,
Boquour,
Addah,
Warnyapoh,
Ogallahoo,
Acpar,
Imboley,
Addah,
Omor,
Ingar,
Adeargar,
Omor,
Boquo,
Omor,
Boley,
Barbee,
Okepor,
Omorkay,
Attarboo,
Imbokoe,
Adeargar,
Abecor,
Oquomar,
Hay-bee,
Darnoo,
Inquarnah,
Ad-damar,
Coombar,
Attam,
Apokar,
Okay,
Anashu,
Ocor,
Obotchar,
Odoe,
Acoerzomoh,
Ohekar,
Ocorofar,
Addibbar,
Cottoe,
Odor,
Purra-wun-gawor,
Lendoe,
Oroh,
Odem,
Owarkpar,
Addaboo,
Menter,
Edoam,
Aj-jar,
Eloe,
Aj-jay,
Ojoe,
Barnjar,
Omor,
Hoorem,
Affear,
Abud-day,
Har-mee,
Addear,
Age-doo,
Aday,
Woa-lear,
Ad-dogar,
Abboo,
Woogoo,
Hallaybee,
Iyum,
Odor,
Acpan,
Marday,
Inquar,
Ecandem,
Okoronko,
Har-mee,
Morday,
Mog-geebar,
Opotoe,
Harmay,
Omor,
Ochro,
Tanneer,
Odea-dee,
Oror,
Ahbarrar,
Abim,
Tarpoe,
Okoe,
Azum,
Quar-dar,
Abassee,
Enamah,
Equillar,
Ogoe,
Ocoe,
Edoe,
Eboo,
Eyum,
Enegbay,
Imbargar,
Oparsar,
Akepoe,
Abboe,
Infar,
Marboroonkar,
Abillah,
Hye-boo,
Gormar,
Imbokoo,
Imboley,
Garnyar,
Enneyfronoo,
Omor,
Imyung,
Ajonetar,
Adday-yar,
Oparbee,
Adde-argar,
Marnah,
Asheelay,
Gerremoer,
Aremah,
Ombudarhah,
Ottum,
Imboley,
Edontor,
Eboachar,
Farboo-yar,
Wye,
Adolah,
Esharkee,
Imbakay,
Onakooer,
Oker,
Luquetay,
Chelacokee,
Aleegooror,
Warcalayshu,
Sheer-beer,
Bemgar-chee,
Azoom,
Imbokoo,
Imbarfoe,
Ishin,
Moe-cobbar,
Agummalay,
Azarshomar,
Oe-de-mar,
Imbakay,
Wye,
Bofu,
Elloocarrager,
One-ochar,
Imbakay,
Olear-shu,
Anay-wuchee,
Olenkay,
Dear-cae,
Car-ro-moe,
One-a-day,
Barque,
Ashin,
Imbarquor,
Imbokoo,
Shabbay,
Arromey,
Aggwargonee,
Cheegee,
Aquarobee,
Ahgah,
Bungbardee,
Ajai,
Abbarbee,
Doosoo,
Epogoo,
Addoo,
Odelarmey,
Jowookey,
Olookar,
Howooley,
Akezenday,
Ogoodage,
Ochobargee,
Allortor,
Mama,
Abbarquay,
Chofolovar,
Boombey,
Addoo,
Farboe,
Ojoe,
Lebohe,
Onokiar,
Affardee,
Choomkar,
Chabbajar,
Lubajor,
Oneweday,
Allarday,
Addobooroo,
O-goo,
Hommorhor,
J_adoo or I_adoo,
Ovier,
Amoree,
Abeonoo,
Hyenah,
Hyenah,
Anneonoo,
Goobardee,
Logoodoo,
Osue,
Odebarja,
Abedogoo,
Ofagee,
Coe,
Afoodequay,
Abbearnar,
Ojoe,
Edoe,
Hotchoe,
Farshenoe,
Layinkar,
Allarday,
Ojoe,
Adeyemmy,
Odoo,
Marsonnoo,
Odoombarday,
Coakoo,
Howay,
Egay,
Saebarlay,
Ojoe,
Chobarjor,
Hyenah,
Osuduloo,
Edoe,
Cowojua,
Egay,
Larmaroo,
Daroo,
Choobarmowa,
Fiadee,
Alleq-yoo,
Ajai,
Edoe,
Massa-Iarnoe,
Abeoroo,
Opiatar,
Coolenday,
Odefoggar,
Ogoe,
Cudjoe,
Chobezee,
Quarmee,
Ogoobee,
Hyenah,
Largugee,
Ogoojobbee,
Odootolar,
Choolarday,
Coodoroe,
Ajjarnee,
Odoombarkoo,
Ogoojobbee,
Towoo,
Affoonogar,
Akkeday,
Tabbajor,
O_goodoo,
O_dularmey,
Chotee,
Iyacor,
Toonley,
Alloomee,
Ajai,
Demoiyay,
Adeobar,
Akasey,
Daddah,
Chogar,
Attendah,
Colay,
Odoomballar,
Bungbullow,
Ajai,
Ilagoo,
Taeebollar,
Hotchoe,
Odoonogah,
Agoojobbee,
Aboddoo,
Accorbee,
Aj-jarbar,
Ogoombibee,
Allarday,
Chasheequay,
Osillargar,
Hotchoe,
Ocoro,
Chargoday,
Odoosattar,
Ojoe,
Toomcoe,
Paloo,
Ajay,
Awajay,
Addajor,
Lukarday,
Hotchoe,
Nobarju,
Olarwoe,
Ajjardoroe,
Orreyungar,
Chabarmoewoe,
Edovoo,
Filatee,
Ashobee,
Oloetiyay,
Fahletee,
Chodakker,
Akotee,
Ojay,
Annar,
Mallarkay,
Afoochokpay,
Afootakoo,
Edoe,
Assartoo,
Amosakay,
Affookarday,
Amoreeasarnoo,
Akedooe,
Edoe,
Olojoe,
Barngbaloo,
Otoofooe,
Akeloo,
Odoo,
Yemmey,
Edogbay,
Narshelay,
Ajai,
Chabumkay,
Tegbie-ekay,
Hyenah,
Hotchoe Tokee,
Ochokoe,
Ochokoe,
Olukally,
Adobomee,
Farmay,
Akkenneebee,
Ojoe,
Edah,
Oloolar,
Dassenney,
Ash-hodinnar,
Belarmar,
Ogoo-darroo,
Ah-dayarmee,
Olookarday,
Anekoo,
Ojoe,
Farbooyer,
Olookooton,
Akkenoloo,
Addaoosee,
Edoe,
Bromee,
Orookee,
Allarday,
Fargbamee,
Alley,
Lowootor,
Ire-imfar,
Fieday,
Fargbooey,
Rokoe,
Ajjargbay,
Egay,
Allahbee,
Orocharchonor,
Hyenah,
Allarmee,
Odeegar,
Fallarday,
Akebollah,
Allarday,
Opowollay,
Ogooshee,
Akkeomee,
Daddah,
Fushaygoo,
Fardabay,
Fartolarnee,
Ogoobaloo,
Abbeonoo,
Oshedokoe,
Hotchoe,
Soolyay,
Boboo,
Deeroe,
Hyenah,
Odebakoo,
Beojalar,
Odekarlay,
Hotchoe,
Osiabee,
Allarday,
Akkooramee,
Sahnoo,
Allorbar,
Ajjow,
Ogoobarmoe,
Ajjbarday,
Akketoloo,
Toe-ekepay,
Moboallar,
Aweeabee,
Affoomarday,
Ogoo,
Agootarnday,
Queaju,
Chodattar,
Allarday,
Olooquamee,
Jugebay,
Ocoobumjar,
Chobee,
Addebee,
Fargbooray,
Odooshenar,
Sakoomorday,
Carlay,
Bancollay,
Odoo,
Affoodaroo,
Edoe,
Shotarloo,
Ogootoloo,
Barnjokoe,
Ocoobay,
Avessue,
Lukie,
Bequay,
Shonowoe,
Fargbooyay,
Lukarkoe,
Chobarju,
Fargboe,
Allarshetoe,
Akkoolah,
Sumarnoe,
Chakoo,
Nyedee,
Odoobow,
Ogoonakkee,
Odukolloo,
Farlooey,
Ammarday,
Damarjar,
Ocooziah,
Asharday,
Bangbarleh,
Rarbaloo,
Narcoke,
Moishay,
Hyenah,
Ogoom,
Bunjoko,
Tooshower,
Ogoobacor,
Osee,
Okooyannah,
Barcolay,
Ajai,
Palloome,
Akeloloo,
Oshoboy,
Ogooconnar,
Cho-dequay,
Oj-jay,
Hotchoe,
Attooe,
Allorkay,
Affoosollar,
Pattacoo,
Tywoo,
Affoosah,
Hyenah,
Sam-mocoo,
Oroh,
Ipyeto,
Ahbeer,
Ahboo,
Membah,
Enfon,
Yap,
Farcoo,
Whong,
Tookoo,
Efonny-yap,
Kam,
Zah,
Indeep,
Ahsoo,
Abah,
Enfaun,
Imbo,
Assoo,
Unfau,
Defon,
Defon,
Bucong,
Abondeeah,
Imbay,
Herboo,
Defon,
Pamyon,
Meshong,
Bahzinge-yo,
Defong,
Indedoe,
Jemmo,
Ayong,
Ennah,
Yong,
Idim,
Emba,
Hoodebah,
Appan,
Ochon,
Imfobah,
Defan,
Okoo,
Ahwantah,
Effeana,
Kamma,
Adeong,
Nango,
Whang,
Ohbonhee,
Assoo,
Dagah,
Iyauh,
Akkiddemah,
Akkoon,
Zuquar,
Bahug,
Aytah  Baray-afim,
Ahfeam,
Ahbashee,
Etoh,
Ekoh,
Affeam,
Ingermah,
Obo,
Etonzong,
Eswah,
Yhammaquay,
Gumfor,
Tarwha,
Ning-kumtah,
Ayah,
Debobay,
Ning-quesday,
Asangkin,
Nemfon,
Ekortor,
Inco,
Addoo,
Inkoom,
Infoyah,
Woombahfong,
Beanko,
Infonga,
Tandefo,
Tanfoo,
Chahfo,
Faltoah,
Acquara,
Ingyman,
Obay  Udor,
Inkerrudor,
Acpan,
Ahpavie,
Opo,
Ashean,
Udah,
Agban,
Indebbay  Umoh,
Whambee,
Humoh,
Inyappa,
Gwatoo,
Infawfah,
Ayah,
Intoon,
Appan,
Eshong,
Gharrayu,
Umoh,
Inquattay,
Tarchaindah,
Inqueddah,
Fahmooka,
Boonjah,
Incooah,
Ahwarwa,
Enjuggoo,
Komobeate,
Enfon,
Bodoo,
Tangay,
Jango,
Defan,
Lahfengo,
Koombay,
Deranged,
Awah,
Odsoweedam,
Leetahkan,
Inkemloh,
Mocongton,
Ahkoon,
Unor,
Amanna,
Uckbo,
Ahpahiro,
Adeackar,
Adeah,
Sambah,
Idep,
Mamtennah,
Ahzarro,
Bakan,
Ingasah,
Inamfor,
Annegar,
Attah,
Adeah,
Efcar-won,
Fingee,
Kumjay,
Enchangag,
Fonger,
Emah,
Ahseeamah,
Addeah,
Kayah,
Mahfau,
Affiah,
Eumoh,
Defon,
Fautfu,
Eertaffra,
Janga,
Echongo,
Echanidah,
Gachindah,
Dungoo,
Gumta,
Defon,
Okobahsee,
Etang-go,
Ahyope,
Eckhoo,
Zarcay,
Cumtah,
Effeo,
Fonkeir,
Ackan,
Anay,
Arkarma,
Ahchumfor,
Annumidi,
Adim,
Forcom,
Defon,
Gumtah,
Garnko,
Affim,
Gumtah,
Esong,
Dongoyee,
Tarlah,
Effeum,
Nungoo,
Ezarrah,
Appan,
Tarkoo,
Etamyah,
Acharshee,
Torfoo,
Ahwassoo,
Indoom,
Falmah,
Indo,
Nimbah,
Inebo,
Cumshee,
Sarree,
Awha,
Tanggay,
Oto,
Mokata,
Ingoh,
Komfon,
Affah,
Arrow,
Abbahsee,
Aytoom,
Ennay,
Obennah,
Effeyong,
Attam,
Wannah,
Tambee,
Eshinda,
Aloomi,
Munchor,
Darmah,
Udor,
Attam,
Indayo,
Bahfor,
Incar,
Mahfor,
Inkayah,
Epowan,
Gayser,
Mahfou,
Markor,
Efeerway,
Iyo,
Iyope,
Feerwon,
Manto,
Asah,
Injinqua-efor,
Ezareo,
Eseeam,
Akkoon,
Egayzay,
Moscorlay,
Battay,
Iya,
Aheompa,
Kanjem,
Ahcoon,
Ajahtong,
Jeppo,
Eumorpo,
Mahfon,
Mahfu,
Karroboh,
Chahsee,
Mahgintoh,
Ajung,
Cartay,
Ogoobahee,
Lonacong,
Onoh,
Akkeedayo,
Odooweegah,
Odoomozoo,
Farimmee,
Oaklay,
Lahloting,
Addayea,
Eddoo,
Ogoonomee,
Dahdah,
Ocoocah,
Hyenah,
Nooconnoo,
Addayeah-morwoh,
Kie-allao,
Hotchoe,
Hyenah,
Lahbooloh,
Blacho,
Ahlahdey,
Ogah,
Coo-mokoo,
Awoolor,
Awoolormee,
Koocholah,
Chakelee,
Ojoe,
Akkenome,
Lahboloo,
Olladilpey,
Addaloo,
Owarlee,
Arromachee,
Ohjay,
Ogoombaddey,
Akkeetow-wor,
Ogoolarmbee,
Abbaryomee,
Sofoomee,
Akkingwoosee,
Hyenah,
Ocho-efah,
Ojoe,
Ochoedeepoh,
Ackahloh,
Sarnoo,
Oshotoomahee,
Eddong,
Shodei,
Okoogboladjay,
Onirohtayah,
Ogoo,
Edowoo,
Ogah,
Akkbuaddey,
Olambo,
Akkuallah,
Abba-ogoo,
Olarbee,
Shollah,
Hotchoe,
Barbojoh,
Hotchoe,
Sosong,
Dawoo,
Ojoe,
Allarmee,
Pahchedah,
Ammarlahlay,
Ilah,
Orolladjah,
Akkesadei,
Ojoe,
Oshaw,
Obahyomee,
Abeeconoo,
Ibee,
Akkebelar,
Orday,
Ojoe,
Hyenah,
Majarbay,
Akkesheloh,
Ahlee,
Ebeedoo,
Chiboo,
Akkeyammey,
Fahwoo,
Elachombee,
Ezeeber,
Hoolakah,
Fahtogoo,
Datayah,
Fahchemobea,
Ogoochellai,
Makoo,
Accoojah,
Ojooromee,
Tellerfee,
Arkenebah,
Oweefah,
Daddah,
Eahjemee,
Ilah,
Loomaroo,
Adam,
Marborgoojay,
Adjebodday,
Oshubar,
Ogoomgbee,
Cassocor,
Ojoe,
Eboe,
Choarcoong,
Ojoe,
Addacombee,
Ingoajacoo,
Banjoko,
Soomarday,
Effoonollay,
Abbahyomee,
Ojoe,
Bancollay,
Ogoojumoh,
Sotaryo,
Sarlaho,
Eddao,
Ojoe,
Darlee,
Ahcoelah,
Ahjaiwee,
Kill-lanco,
Odoollogah,
Ojoe,
Oloogoker,
Odooboh,
Dosoomee,
Odoo,
Polohwoh,
Ahkootong,
Ahjarwee,
Erdoon,
Farlooloo,
Narbayee,
Oloomahjah,
Dagachah,
Hyenah,
Caoparkee,
Totah,
Coodahzee,
Odejoko,
Addahnoo,
Odoo,
Orchor,
Arkebortor,
Logoodoo,
Lobetah,
Artoffomah,
Arkebarday,
Jambahcoo,
Ojoe,
Edowoo,
Ahbeloo,
Artondah,
Soyoh,
Erdimorlay,
Allahday,
Ahdacoloo,
Ordeh,
Ahgoodegah,
Egay,
Ogoolakai,
Ammosoo,
Allahwo,
Hotchoe,
Onnoyalloo,
Adjie,
Loobagoo,
Lahbodoo,
Ineohmoh,
Choporee,
Oroocortoh,
Chobaloo,
Ahchosee,
Ahlarwee,
Odoo,
Money-apay,
Er-Toolehjoo,
Bambiey,
Olookiay,
Chah-foonkah,
Lahtehjoo,
Bodooday,
Weejarmee,
Ogoonoomee,
Fahjohbee,
Ogoobalajoh,
Ah-Dacoombee,
Oyehtoobee,
Er-foopahlahday,
Er-coosoomee,
Mohtalewah,
Effootooday,
Effoochancooh,
Efootogoo,
Allasai-mawah,
Atchai,
Martarjoo,
Bongkay,
Bonnahdey,
Ogoonoomee,
Adjee-fonookay,
Hyenah,
Abboo,
Odgee-accoong,
Shoo-gooladdy,
Orramoosee,
Oshoong,
Hyenah,
Eccaosoomee,
Adjie,
Edowoo,
Eweebe-ce,
Alohlah,
Abbahyommee,
Ottagbollah,
Efahtoe,
Hyenah,
Ahbowoo,
Eddoong,
Nashowtoo,
Ojoe,
Addalah,
Adjallah,
Obahtodah,
Opoery-fah,
Arjie,
Looshear,
Cholargah,
Fahteelay,
Okee-yardeyee,
Chongoda-ee,
Ammahlokoo,
Choney-lawoe,
Hotchoe,
Abbogoorey,
Atcholah,
Ogoe,
Edowoo,
Battoyor,
Hyenah,
Larshelay,
Allarmee,
Chonedo,
Odoo-oggar,
Ocollonoo,
Osue,
Nargbijoe,
Fahshelay,
Cholomoo,
Bambia,
Fah-Dalloo,
Teh-Bahday,
E-Lohee,
Orchor,
Chocoombe,
Ohlahpohtoh,
Oshy-omee,
O-Doosohmenoo,
Ahwochasoo,
Lahbohday,
Oh-Mahtenoo,
Lahhoyea,
Oloobaddacoo,
Akkedalai,
Odootay,
Hahlaloh,
Mattolo,
Ammosoo,
Hotchoe,
Eghee,
Tahfoloo,
Chogoloo,
Acconoo,
Oheaday,
Ahsoodaroo,
Er-doo,
Coobeah,
Ogoobah-Amoh,
Akkedai,
Ogooveyoung,
Oh Dabee,
Ojoe,
Ogoyankah,
Bodoodar,
Abbargardee,
Ocoosah,
Chodeepoh,
Oyeasheloh,
Edowoo,
Allabuoy,
Odoochenah,
Adjie,
Fallahnooh,
Odoojapey,
Alladdey,
Edowoo,
Fallashay,
Ahwooballoo,
Pafah,
Ocoonoomezzy,
O-goo-bahmowoh,
Dorboh,
Ocoolarloo,
Addahmoso,
Ahgootoo,
Akkewakkoo,
Dosoomoo,
Chobaycoo,
Frazeetah,
Ogoochahlah,
Ohdohyah,
Omootokay,
Onee,
Oloojoko,
Ojoe,
Ahshogoo,
Olocoe,
Dabesee,
Akkelabee,
Oloobadee,
Ejahday,
Ahbohjaday,
Dah-Dah,
Ochahlomor,
Alladday,
Ahyannoo,
Fahdepay,
Abbay,
Igghey,
Ahdaybocho,
Edowoo,
Jayafah,
Oreashelay,
Ohtay-Poloo,
Ahmooshan,
Abbeelah,
Adjotollah,
Ogootee,
Ogoodemecah,
Ogoolo,
Dah-Dah,
Elohtoa,
Ogoofoo-ee,
Famloosee,
Weytiah,
Onodoo,
O-day-yammee,
Odoojaccoh,
Akkebelai,
Odjay,
Ammosoo,
Shoko,
Orayfahcoo,
Dalacoon,
Ogoobamee,
Chahsoyah,
Ogoodaheo,
Noh-Daloo,
Oh-nearlahoo,
I-yonomee,
Ogootayoh,
Chodepay,
Ogootaroo,
Looloopay,
Shoryah,
Ogoosharlah,
Dasholoo,
Bancolay,
Ochahdepah,
Odoocayee,
Dashawnoh,
Ojoe,
Fahchaee,
Cococoo,
Shukay,
Hyenah,
Jeboowah,
Ahdayehyee,
Ocollah,
Ahfedoh,
Ohsee,
Coyea,
Jeeboddey,
Ogoobeyo,
Okoolabbee,
Odoobamoo,
Mortorbee,
Tahboang,
Eddong,
Tarwoo,
Yaya,
Edowoo,
Choofogee,
I-a-nooyah,
Ah-Rahtoo,
Erfeahbee,
Fahyommee,
Edowoo,
Ojarcoong,
Abbahyommey,
Olajo,
Kooyinkah,
Yaghedai,
Ocoobamday,
Yea-bahdee,
Mahbaejay,
I-epemee,
Ebelolah,
Hyenah,
Olojoe,
Mollassee,
Ocooyaddee,
Bangkaloo,
Essingkingteshay,
Kolai,
Ommohlayai,
Odoo,
Bollahgoo,
Olojoo,
Opbang,
Bomalay,
O-Loddeeney,
Ammahgoo,
Ogoosanno,
Toojeeyah,
Opappeyong,
Etee-emmebah,
Songbay,
Ojayfoh,
Adjahwoo,
Matchechee,
Mamahpay,
Lahtojee,
Mahmoh,
Oloofetee,
Darwoo,
Ogeehedey,
Efammokoo,
Obbommo,
Ojoe,
Addahmarnee,
Ayeenay,
Onumallah,
Warlee,
Ebo,
Okoo,
Ebong,
Menee,
Effohbinnee,
Effoodomekay,
Afoojee,
Yahse,
Omorloo,
Effooday,
Lahsamenee,
Affoo,
Obenee,
Eyahyee,
Effoosaloh,
Hyenah,
Asong,
Odooyea-yea,
Okosaddoo,
Loosando,
Osaffeemey,
Afooyamboh,
Maroocoolay,
Ahwo,
Effoodattah,
Fena-argo,
Immayah,
Ammahbah,
Affooday,
Addenayea,
Manohnee,
Shahfoo,
Awahdee,
Owahday,
Dearcoomey,
Equakerman,
Farbee,
Egarlo,
Ihayahgoonah,
Sobo,
Fahtai-a,
Izzee,
Obobennee,
Teamonee,
Lahbodai,
Iminartar,
Ambojay,
Imonnah,
Mohoaday,
Allarbarnowah,
Ewogang,
Awolalah,
Ordanoo,
Cooballadjah,
Moleahday,
Ayong,
Olohcah,
Dangannah,
Allahsoo,
Bomballah,
Ogooshaddee,
Adjoe,
Eggoollah,
Hotchoe,
Mohjeebah,
Oddah,
Coopooloasee,
Abbahlimsah,
Bahyamoo,
Ammootopay,
Soroogkay,
Ordabee,
Akkelottoh,
Allarwooday,
Deomee,
Akkeallay,
Artoh,
Afolee,
Toongkah,
Okoobah,
Arjeebottay,
Larbooloh,
Adjie,
Tanebe,
Ogoo,
Annabee,
Larlotong,
Arroogang,
Ojoe,
Ojoe,
Sholamee,
Ahwosoo,
Poyea,
Sarbay,
Marbrookay,
Tamoonee,
Matecoo,
Ossoo,
Darbelai,
Ekoo,
Famahpararah,
Ahyahro,
Ebasee,
Bamear-reatcher,
Daddah,
Tahtee,
Mahbearallah,
Bardoh,
Oongooloo,
Ingohloh,
Jeankah,
Ingohnoh,
Wonsharlah,
Ohtah,
Oongoloo,
Ingooloo,
Boomboo,
Moandah,
Mah-Jew,
Ingohloh alias Goolo,
Emsahmo,
Kissark,
Barnee,
Moeteh,
Mahwoongoo,
Two-oo-Two,
Gornay,
Mahbearallah,
Coowanggah,
Engarmee,
Look-kile,
Wootoo,
Oonpoor,
Oongooloo,
Barnee,
Boo-Congo,
Barnee,
Barnee,
Loochebee,
Mooandah,
Mah-jew,
Lookibbee,
Fook-koo,
Me-see-her,
Oongooloo,
Barnee,
Loochibbee,
Longahnee,
Moweyleh,
Meanday,
Gahmoonin,
Oongoaney,
Lookibb,
Oongoolor,
Moocaloo,
Choofooeleg,
Boo-Congo,
Lookibb,
Lookibb,
Hezahnah,
Gowkah,
Sangoyang,
Mahbcardlay,
Imboo,
Oongooloo,
Oongooloo,
Sallah,
Obarngah,
Oongmahkah,
Ongohnoh,
Oam-boo,
Lookibbe,
Boongoo,
Yembeh,
Betah,
Lukid,
Moquanggah,
Lukid,
Me-see-eir,
Gooloo,
Cong,
Meangoo,
Majoe,
Gooloo,
Myomb,
Daddah,
Pormboh,
Boombah,
Mooquallah,
Betahwo,
Barnee,
Barnee,
Icumah,
Paemba,
Gettay,
Mysah,
Goondoo,
Beandah,
Ye-ang-gee,
Che-neoggo,
Pembbah,
Neanggee,
Bohtay,
Booanggah,
Nearmo,
Leornah,
Massahlah,
Bombah,
Lembeh,
Codee,
Mahseekah,
Gannbay,
Oonfoondah,
Bonah,
Boonnah,
Tooboo,
Cheeanggay,
Cheveah,
Booanggah,
Boonah,
Gambahnee,
Zadee,
Codeea,
Codee,
Neambo,
Goondoo,
Codee,
Bahtah,
Booanggah,
Neangee,
Gambarn,
Seh-seh,
Lornggoh,
Coro,
Mohquahlah,
Gambahnee,
Mahsekah,
Lohkoh,
Oongoon,
Gambarnee,
Kenggeh,
Neangee,
Goonah,
Goombay,
Gambahnee,
Booangah,
Gormbey,
Seambah,
Z-dee,
Gambahnee,
Z-dee,
Kenggee,
Gambornee,
Jangee,
Jabbee,
Leekeeboo,
Jabbee,
Gornah,
Oongooloo,
Lokebah,
Bammee,
Gawhkah,
Ingooloo,
Paddecoh,
Soomboo,
Poor,
Near-to,
Ingooloo,
Zeng-gay,
Gooloo,
Ompoor,
Lookibbee,
Oongooloo,
Barnee,
Chonnahchair,
Oongooloo,
Oongooloo,
Moosenggah,
Oongooloo,
Oongooloo,
Oongooloo,
Chin-curse,
Mah-Beallah,
Oongooloo,
Cheesengo,
Coowah,
Mootah,
Sarmbah,
Mah-Beallah,
Moocah.nah,
Mah-Voonga,
Chumboo,
Loocheboo,
Betah,
Poor,
Zorndoh,
Kowah,
Lieuembah,
Mah-jew,
Makketah,
Pardah,
Zahbee,
Poor,
Mahkarnee,
Oongooloo,
Oongooloo,
Molawndah,
E-Chebah,
Secbah,
Oongooloo,
Kelimbo,
Lookibb,
Leoh-saw,
Doofooennee,
Sambah,
Oongooloo,
Moil-lor,
Oongooloo,
Mooahbah,
Engehley,
Lakibbay,
Tongo,
Gawhkah,
Oongooloo,
Cheockko,
Quahangah,
Sambah,
Gawhkah,
Me-see-err  Oongooloo,
Mah-Voongoo,
Ongohloh,
Boat-asee,
Oongooloo,
Barnnee,
Oongooloo,
Oongooloo,
En-Gorlay,
Booangah,
Cheebeindah,
Lehambah,
Kenggeh,
E-goondo,
Coombah,
Gambahnee,
Garmbah,
Goomah,
Mooseeannah,
Melonggoh,
Boonnah,
Moolohjoh,
En-sahbah,
Cheeborndoh,
Bahyee,
Sarkah,
Chair-angeh,
Laembee,
Lubarmbah,
Booanggah,
Gormbah,
Gumbahnee,
Boonah,
Poor-lah,
Zarmbee,
Footoo,
Gambarnee,
Sah-hah,
Gambarny,
Booanggah,
Neangy,
Gormbeh,
Booang-gah,
Cordeah,
Neangy,
Gambarnee,
Dooloo,
Pemb-bah,
Cordeah,
Z-dee,
Kid-dyo,
Boonah,
Ching-gombay,
Toolah,
Pah-woo,
Oongooloo,
Bah-yah-be-ney,
Payembah,
Quay-yee,
En-Zerleh,
Goondoo,
Kibeandah,
Selah,
Lemdee,
Cormpee,
Okoockay,
Gambo,
Ahpan,
Ahmoocan,
Ocraffoo,
Orroh,
Orroh,
Attam,
Enoobee,
Obeahchee,
Ahahnonoo,
Wokirry,
Agoo,
Bazza,
Emmenanany,
Oyecoolay,
Oogoe,
Agueem,
Oyahwoseah,
Ogoobeah,
Atchy,
Ewhoyong,
Ohay,
Onneedoh,
Agaloogoo,
Mainah,
Edgemaffoo,
Ingcarmarree,
Ingdoodoo,
Ovoongdah,
Monohbah,
Oparrah,
Rotchoe,
Orroh,
Ammera,
Ebangah,
Opabboo,
Ewohang,
Weegah,
Chimmah,
Madekah,
Chikkoo,
Akkandah,
Oneahcolah,
Okajah,
Owasookay,
Ammahboolee,
Okirrebo,
Abbarah,
Obonah,
Asahlah,
Wazoakay,
Oconnoo,
Allahsim,
Inkooahtin,
Barheleekay,
Adjeebogoo,
Saddogee,
Waryargo,
Abboolay,
Attahyar,
Appan,
Imbollah,
Alloolee,
Ocogong,
Alagoo,
Olooezzee,
Imbroozong,
Koochaloo,
Omarleah,
Appah,
Warnkoh,
Orroh,
Enah,
Appan,
Mallah,
Achalai,
Olloh,
Obahshee,
Morray,
Omarleah,
Oboe,
Areyang,
Appanee,
Acone,
Orroh,
Appanee,
Orroh,
Appanee,
Orroh,
Ocoleah,
Orrohchai,
Oomarrah,
Ocoroncoh,
Abrentha,
Addoo,
Ebokee,
Orrowah,
Engrobah,
Ommah,
Ayamobee,
Aday,
Indowesee,
Odolassee,
Zanahcowboe,
Wooranmey,
Edgemaffa,
Checolobah,
Acquaybong,
Coto,
Senarnee,
Omahcah,
Addolay,
Aranee,
Ahsogwah,
Ocorongcoh,
Allarmenoo,
Cheekoo,
Ococha,
Mahdahgoo,
Cheekoo,
Imbaboo,
Achemorchah,
Orroh,
Ortchor,
Adjork,
Enomoy,
Indokah,
Arakarsee,
Ohgannah,
Oseekah,
Ahnee,
Ooday,
Orhahwegee,
Warthrogoo,
Owoongboofong,
Wosdo,
Ewohang,
Okarzeah,
Omojah,
Chuckoo-Wodlasee,
Aheenayah,
Ococha,
Erahyang,
Ocareecai,
Wallark,
Ammahchee,
Ocaboo,
Asomah,
Ogoboe,
Oloh,
Ewohang,
Obeahsoo,
Ekingah,
Ekay,
Ordooday,
Mosey,
Boadgee,
Alloocozong,
Otoowang,
Ocoroanpoh,
Appahchee,
Injorkoe,
Ocraffoo alias Oboo,
Nargemesee,
Oroh,
Obo-o,
Bocong,
Innohdem,
Ebaboolem,
Onachee,
Onnorwhy,
Ajeelonoo,
Wazookay,
Ocoree,
Oocoomalem,
Argaim,
Osokoo,
Olawhopoh,
Wakam,
Warnarck,
Ojeecongwong,
Ackawelong,
Ohangish,
Eazoowah,
Onoroboo,
Imbargoo,
Narwoolasee,
Injorcong,
Offohderai,
Ollooah,
Offondoh,
Onarnesee,
Woorakanunah,
Ookajay,
Alendor,
Okoo,
Ajeecoogang,
Okaryonnoo,
Aquaymah,
Wakongah,
Ordoh,
Onnoohang,
Oboo,
Mazerookay,
Warnkoh,
Ezzay,
Oyemoocha,
Annoowakay,
Okoo,
Ammahdee,
Imbrookem,
Olayah,
Odo,
Baboon,
Ocoree,
Alahwha,
Ocoree,
Oparah,
Emmahgonoh,
Daddy,
Addah,
Imbakay,
Allaiahgah,
Ekoon,
Eyam,
Ingyah,
Narmatchaie,
Wahngah,
Ewhoah,
Ewhoah,
Immah,
Imbakay,
Oogooloo,
Oleahcong,
Azeahcoyang,
Chelayang,
Imbocoh,
Nainchee,
Imbahfoh,
Addah,
Oneygotoe,
Waiza,
Amoochah,
Wanimbahnah,
Abezai,
Okah,
Warndah,
Ronah,
Oyamarah,
Ogeesay,
Akay,
Wazebaquay,
Imbakay,
Abbahcahang,
Addahnoo,
Egelemlay,
Mattoobar,
Oddoomah,
Addah,
Adjukapobee,
Abbootam,
Okoo,
Allahwang,
Mordaibay,
Wardah,
Oneycolay,
Accahcoh,
Ahwoquay,
Imboleah,
Ebargay,
Imbakay,
Ooquebbay,
Awoorem,
Arnoohah,
Izzay,
Edgemaffoo,
Eromee,
Ehonnah,
Wonpoh,
Wongsoo,
Wocoro,
Ammachatah,
Orobo,
Ebahwoonjoh,
Warchookoo,
Mocolee,
Ocoree,
Ocorongcoh,
Chelom,
Edarimah,
Ahyambroofay,
Abbannah,
Mohyee,
Atchee,
Onnohah,
Ammahday,
Akay,
Attammah,
Ocollahlee,
Wantah,
Quorrazah,
Tangah,
Alahzoong,
Badgee,
Odoobaih,
Doccoobah,
Odoh,
Ezzaroomay,
Ohwoohonoya,
Okoo,
Affiahcorng,
Bofolee,
Afoobay,
Assokay,
Mohrem,
Wancoh,
Chodoornah,
Acconquah,
Oharee,
Imbakay,
Imbakay,
Aggoomoh,
Worgegee,
Narngya,
Ochay,
Warndah,
Oboomah,
Alemah,
Imbafoh,
Wanahbrokoh,
Otoachar,
Imboccoh,
Cheedah,
Immasaday,
Imbakay,
Ollengah,
Ahheezahee,
Odoommah,
Imbockoo,
Ennahee,
Shabalar,
Adachang,
Imbakay,
Ebboochee,
Wantah,
Chanarkah,
Warhay,
Imbolay,
Addochah,
Ehang,
Imbahfoh,
Ochacong,
Akkabootanee,
Achewoo,
Ahzoong,
Okam,
Omahdah,
Onnozoo,
Edjemogor,
Oconongkoh,
Ahnee,
Oneycoro,
Naygermonah,
Ocoo,
Orocko,
Accolonee,
Maddoobitche,
Maddohogoo,
Ework,
Obashee,
Ashang,
Cheenah,
Ebonnoogoo,
Egiddy,
Annalay,
Manabay,
Edday,
Acconee,
Mitcheo,
Addorjah,
Yahdadai,
Achapah,
Artee,
Errangagay,
Madday,
Cabbahday,
Assennee,
Attombee,
Indibbesshee,
Otobee,
Izboddee,
Kaghekong,
Pakaray,
Polee,
Imbork,
Ageelah,
Ahdooloo,
Abbahcoo,
Chopponah,
Ohwoonchequa,
Chookoom,
Arrogue,
Ebessim,
Inkenderem,
Ewhohah,
Attay,
Indebbessee,
Adjaloo,
Ayamobee,
Accamelo,
Aghembah,
Omahwakay,
Imahmarlay,
Ocoo,
Ehornah,
Waika,
Ahelabo,
Ocoleah,
Imbah,
Agemaffoo,
Wartookoo,
Ogoosoh,
Annogah,
Addalar,
Wongkakai,
Cheemay,
Odday,
Orroh,
Angoolai,
Orroh,
Ocoolaccoh,
Ocoro,
Olembah,
Innarrem,
Orchai,
Angoolammah,
Ocoleah,
Allay,
Ezza,
Orguannee,
Eneepoh,
Innahmarnee,
Oraffoo,
Manoobee,
Imbah,
Akacah,
Onololoo,
Ezakey,
Imbasay,
Attah,
Osajay,
Adjulo,
Hahwekay,
Camahloo,
Oneyacoolah,
Asheawollah,
Ocaffoo,
Incolloh,
Appossoo,
Onayollonoh,
Edgeekah,
Wangcoh,
Obalakay,
Oolahyang,
Chacaboo,
Machor,
Onohyea,
Obayah,
Eddahai,
Feeboo,
Betco,
Omenazah,
Erosonang,
Appalay,
Azamah,
Oneycoray,
Orcham,
Chedomorpoh,
Sheewartah,
Ologoo,
Ahotaggee,
Ototo,
Ahparay,
Maddoomay,
Alameah,
Agoray,
Acangwolai,
Orroh,
Oroh,
Acomah,
Amanecay,
Wogoo,
Inchikkay,
Oyamoyah,
Wakerendah,
Ogeelaggah,
Chekoray,
Ezza,
Onnoohah,
Doddee,
Oboe,
Olong,
Obannee,
Ocarakay,
Immoh,
Ammanoh,
Arnoe,
Gallah,
Azzoockay,
Intooloo,
Ezzeegarnay,
Eraboo,
Alooakay,
Ahmee,
Onnoyah,
Ahmee,
Abboh,
Adjabbah,
Oneapotoo,
Ahwang,
Cootoh,
Abbahdee,
Chomatee,
Bissah,
Attai,
A.T.,
Ahquallee,
Itomee,
Sheedee,
Annamoh,
Ocronoe,
Daddahrochay,
Assefronee,
Chaneekoo,
Oogookay,
Debbah,
Ashemeeyoe,
Attemah,
Abbanah,
Ezzaneay,
Awoorem,
Intoo aboyea,
Wormah,
Omachekoo,
Aggojeah,
Emahjah,
Akkahfoosee,
Ezeoppoh,
Imottah,
Chenam,
Ahdooloo,
Ageelah,
Addah,
Injokong,
Ebahleco,
Imbo,
Ocraffoo,
Oddoo,
Orrack,
Ebbalah,
Edgemagoh,
Darlay,
Okeracay,
Oyengiddy,
Yezzee,
Cochem,
Malahyea,
Abbeahpah,
Onneacoray,
Amaneyah,
Olookoo,
Allohgo,
Ahpassa,
Warnpo,
Cokallah,
Entour,
Joyue,
Abbaboo,
Ajaboh,
Ahmerwah,
Appah,
Coneko,
Adjokoo,
Awoo,
Ahseemee,
Senanaboh,
Icheemee,
Indoo,
Imboh,
Arangoo,
Amadoo,
Abbootoo,
Allahbee,
Chepper,
Looquarbee,
Geegaryah,
Bahfoh,
Waingkai,
Inditsay,
Onnee,
Nanawoo,
Madahnee,
Inkay,
Zoobarrah,
Ogheree,
Angooroosso,
Oosommah,
Imbakay,
Warntah,
Abbogoh,
Ahwooyah,
Wang abnog,
Okahhanganowah,
Imbolay,
Imbakay,
E.E.,
Anmahloh,
Ammahchamah,
Eshegoosoo,
Oroh,
Acobee,
Ocone,
Shebbay,
Obconenoh,
Onnorwhy,
Accomboe,
Onnohwhoh,
Onguebeco,
Ocaffoo,
Ocoleah,
Ahjewogoo,
Eyategay,
Ahjotoe,
Ahahnoh,
Imbahjie,
Chittam,
Annecah,
Ogoobee,
Bahwoonecay,
Woncora,
Obeahjasay,
Sanbaprowarree,
Indebissee,
Ocorongco,
Oboo oh,
Attaroo,
Abbahmoah,
Ocorongkoh,
Achay,
Ahwhah,
Chelahmo,
Anekamay,
Jemballah,
Oroh,
Abboe,
Oconoe,
Darnoo,
Allarmaccoo,
Cooarjah,
Orbah,
Ommahmowoocay,
Ooyah,
Abechelai,
Oyaweechee,
Ogooway,
Akoonho,
Annohjoam,
Apparrah,
Ocraffoe,
Wongyia,
Ocore,
Imcoe,
Innahgee,
Atcoy,
Aloojee,
Abee,
Ewhallah,
Achim,
Oyentah,
Ogo-atay,
Etodoe,
Onnohwoh,
Addanoo,
Ocraffoh,
Appan,
Narfoo,
Acay,
Alamah,
Ocraffo,
Kootron,
Attammah,
Appah,
Oogoo,
Echill,
Abay,
Edogoong,
Ocootennoo,
Oowahjay,
Addabee,
Wocoroe,
Oboddagoo,
Enajee,
Ornoo,
Attamojorfay,
Ocarakay,
Quasheemamah,
Onmah,
Oleohlah,
Ahwotaquah,
Ebenacoo,
Appan,
Ebejay,
Amay,
Ewoondoo,
Whyochah,
Imboko,
Agheeney,
Imbokkoo,
Addorchay,
Adjemamah,
Wandoh,
Mocobboh,
Oleah,
Owaroo,
Wayorcha,
Imboleah,
Addayhee,
Warnahtoh,
Ogoh,
Imbolee,
Pallahcoe,
Immoh,
Aremoh,
Imbakay,
Worberah,
Campo,
Adjoh,
Obolahcah,
Abbaddah,
Yemtoo,
Allaboom,
Ammaddah,
Yemjaddoo,
Matoobah,
Imbahfoh,
Aremah,
Imboccoo,
Eyahwoonay,
Ewhooarzoo,
Addocoo,
Annay,
Oonguah,
Whyorchak,
Lawachee,
Bolee,
Amatta,
Er-bamb,
Embehkay,
Wahbahcoh,
E-Neang,
Yong,
Affin,
Oomoh,
Errem,
Ahbahsee,
Moocanyeh,
Acooway,
Cah-cah-berry,
Arang-gah,
Chindah,
Forebay,
E-quehdeh,
E-sequay,
Ahchahsay,
Fomteah,
Chahsay,
Fore-foo,
Chefore,
Fah-coh-fore,
Yappah,
Morey hah,
Jay-jom,
Farma foh,
Atim,
Camfore,
Come-tah,
Come-tah,
Oroh,
Ahsah,
Forefoo,
Chindah,
Ah-po,
A-pay,
Gorn-dah,
My-yombay,
Ahwocarn,
Ahshebang,
Ahshebang,
Chindah,
Ewahboolebarquoh,
Woogoo,
Tarforepah,
Dowah,
Fortoomcor,
Forfoo,
Datah,
Sawoh,
Addarah,
Manfoh,
Accanden,
O. Omoh,
Norngah,
Assam,
Addeacah,
Inyang,
Ayang,
Acua,
O. Omoh,
Monynetah,
Mongatah,
Mongohtoo,
Mondoh,
Injogoon,
Mondoh,
Inguarnoh,
Modah,
Abashey,
Chorokoab,
Orong,
Ocoree,
Adeemay,
Imyembah,
Abashey,
Quaday,
Boofoh,
Foyo,
Oloochay,
Baramon,
J. E. Mah,
A-yananeo,
Incaratim,
Idem,
Fon,
Ekang,
Imbolokewah,
Forteoh,
Emmeyo,
Imbofoh,
Monteah,
Akai,
Farmowah,
Forfee,
Mondee,
Efangah,
Oquah,
Mandefong,
Inchindah,
Incharpee,
Inchaindah,
Mormoo,
Fomohgoh,
Oddong,
Mochah,
Moosoo-oh,
Indah,
Oabeah,
Chindah,
Chopfoh,
Atar,
Ingoofoh,
Sackay,
Chindah,
Forkoo,
Moreekah,
Ingwah,
Forkoo,
Akoorai,
Intoomchah,
Corbah,
Etang,
Mondah,
Apay,
Incatchee,
Langoh,
Farmah,
Nahjembay,
Arlo,
Nohmoso,
Efopah,
Ingassay,
Ingofoh,
Forjuay,
Carlah,
Foongoo,
Agofoh,
Goofoh,
Cheafong,
Defang,
Deteor,
Comeloi,
Tanegan,
Oco,
Chakoo,
Defor,
Lahboo,
Defon,
Apetay,
Formoco,
Opamong,
Wanday,
Sappy,
Mansah,
Ah. Callasen,
Wahmain,
Indongaten,
Monoyoh,
Mobampah,
Momfoh,
Affomporocar,
Injunco,
Obang,
Allahfoh,
Manbonasabo,
Hangkarnnong,
Abbasee,
Agnor,
Assammah,
Marmanansee,
Abbasee,
Ingusa,
Mamfon,
Ademamwon,
Aloogoo,
Ingazam,
Inyam,
Equor,
Ungofor,
Mooree,
Fecoo,
Arrock,
Mongarchar,
Imbaffoo,
Fongee,
Imbaffoo,
Imbara,
Ejormah,
Manfom,
Annany,
Ossue,
Iacay,
Iyoke,
Yanmal,
Fongee,
Warrar,
Inchong,
Imbah,
Adjay,
Ongofoh,
Ocommo,
Mangochar,
Sa-afra,
Mamfoh,
Mondoh,
Aqui,
Oneoko,
Onnah,
Arong,
Aking,
Achee,
Mamfoh,
Doodoo,
Padanoo,
Asamoh,
Imbacasah,
Lahcolai,
Assoomah,
Odooladjay,
Adahjah,
Coo-ee,
Mangcollai,
Onooaday,
Addeo,
Mondoo,
Adaseenah,
Bambopah,
Edowoo,
Adeelaccoo,
Lazzoo,
Abeoddoo,
Latoelo,
Addahjee,
Okkoo,
Ojahjay,
Ogoofosong,
Ololo,
Oloyah,
Cabbee,
Oolahday,
Allahddy,
Occollah,
Onecoo,
Mahfolecoo,
Ooloyee,
Accooallay,
Ohpoyolee,
Ahbogonee,
Teh-teh,
Agay,
Ohdolahmee,
Yah-poh,
Oleohdoo,
Obosoo,
Awolohmee,
Day-weh,
Dosoomoh,
Ahbo-bo,
Ahbo-ah,
Ojoe,
Moosoo,
Ahboseh,
Ahkay,
Ocooallay,
Bancohlay,
Fahbody,
Ahlahday,
Ahmohney,
Nohkyah,
Ahclamahnoo,
Oyeatolah,
Wehtoe-obo,
Damoloo,
Do-yoh,
Shobamoloo,
Ahlahday,
Ojoe,
Odoo,
Ceahloh,
Ahaj-yeh,
Yah-O,
Yea-loolah,
Darlay,
Ibewoo,
Ohgabbee,
Ocolo,
Hyenah,
Beah.O.,
Odoo.,
Ahwoolay,
Bancohlay,
Bo-yoh,
Noweday,
Goose-soo,
Boncohlay,
Lahneyah,
Ahdoh,
Dagaynoh,
Dosoo,
Nodonoo,
Bosoo,
Cahsoo,
Coh-joe,
Appossee,
Abbokee,
Okerong,
Tarwoo,
Edowoo,
Ogoobangay,
Adjie,
Tanomee,
Awoosee,
Yadai,
Afootornay,
Ahgebbee,
Banicalai,
Abbeonay,
Chahfookay,
Odoo-car,
Ommahlai,
Awoomee,
Ahkay,
Okahtah,
Tosey,
Osoo,
Bojoh,
Baloe,
Ammahpay,
Oyeayohmey,
Ahbahley,
Amlay,
Imrooahdee,
Modalay,
Folahweah,
Bohomee,
Indonah,
Obocussee,
Barloo,
Banjokoo,
Injarkoo,
Ammabah,
Ogoopolee,
Omamee,
Ormpor,
Chambah,
Ahholoo,
Boarn,
Affomay,
Arkang,
Afie,
Mojai,
Karawono,
Assabah,
Boanee,
Channo,
Sagodemah,
Delenonoo,
Marhisapay,
Annonarwahme,
Ladanusay,
Yahyah,
Lucimee,
Parnlokah,
Pocassee,
O.Wassee,
Darnee,
Payoosee,
I'Epago,
Boabee,
Layueday,
Agacoloo,
O'Luekah,
Adalaka,
Achupah,
Odujobee,
Abballah,
Rokoo,
Abbailai,
Toongoo,
Ompay,
Moneapay,
Yea-yea.,
Abballah,
Osabbee,
Allalla,
Allardoyoh,
Sagotollah,
Lamahtoo,
Iapolucah,
Addaoloo,
Sangulolah,
Molumah,
Gambaloo,
Ahmadoo,
Ijaie,
Odoobassa,
Tanee,
Ageemah,
Luguaya,
Fattomah,
Affokiyo,
Bossasay,
Nodoma,
Wasaia,
Fassee,
Bonvey,
Bofamey,
Conjave,
Bonbee,
Bouvee,
Dacoomay,
Boebee,
Boevee,
Dayomee,
Boabee,
Bonvee,
Olotumee,
Mahlayea,
Adjie,
Odjakay,
Dadjay,
Lahnakay,
Adjie,
Koojaneah,
Ogoobelajay,
Toahtee,
Ahyuahwoo,
Fahkayea,
Akooyoo,
Ojoe,
Okoomaddy,
Odday,
Adjie,
Ochahgoonoh,
Ahyoramey,
Ahchondah,
Bayokoo,
Assahbee,
Ochah,
Kolay,
Banbarlah,
Ahgong,
Lahrope,
Lahlaya,
Akkewahghee,
Oyobollah,
Fahbamee,
Oroonday,
Beebahmee,
Asang,
Edowoo,
Anayagoo,
Aggosoo,
Esoofah,
Chelooaddy,
Oddoolamee,
Ojoe,
Adjollah,
Elohree,
Ahladdee,
Ojoe,
Mohkaya,
Choddeah,
Ahkeloloo,
I'pollah,
Inguay,
Ahmosho,
Ohtallahno,
Ogoo-day,
Dayormee,
Ogoofemooh,
Adjeebojoo,
Ipollah,
Igzay,
Orjay,
Fahcobah,
Fahboang,
Adjie,
Inlay,
Ogoojobee,
Ahmoree,
Tammonoh,
Ogootaboo,
Affoh,
Okoochai,
Coafee,
Adjarbay,
Ojoopalloo,
Odoochineah,
Edowoo,
Darjong,
Lahwarya,
Bokoryong,
Foodoakai,
Bokoh,
Quossoo,
Oyaramee,
Edonoo,
Ajeebotai,
Doyong,
Chokee,
Akkahpoo,
Lowojoo,
Bokoh,
Agoolo,
Addoon,
Assadda,
Narworee,
Arnay,
Iyong,
Daddar,
Sy-yah,
Otarumee,
Chomeawar,
Ochalaloo,
Whosabee,
Boroor,
Ogoosee,
Iyatogoo,
Addafonyea,
Belarmor,
Aggear,
Alane,
Bataryee,
Adjaie,
Moosoo,
Otchoe,
Otchoe,
Iarbooar,
Mebohn,
Olubee,
Ahbay,
Boyaboy,
Ah-bevoo,
Dangarnah,
Olaciday,
Ackaralai,
Atchai,
Coolay,
Bancolay,
Ogoochar,
Boyovee,
Fassenah,
Obbarloo,
O'Layee,
Addayavee,
Casasowo,
Aggonnee,
Ojoe,
Dasaree,
Norbonnee,
Bosu,
Hotoresay,
Atlarday,
Ojoe,
Assinote,
Otchopay,
Husabbee,
Adjadday,
Edowoo,
Adjaie,
Assoe,
Attotoju,
Adjie,
Ogoo,
Oyaboon,
Patabee,
Accolanyee,
Quievee,
Ioesu,
Boocut,
Cobalajay,
Odjue,
Otchoe,
Adjaie,
Ackatoe,
Otchoe,
Ackeobee,
Agoobunee,
Lahbah,
Ahbahley,
Yahwoh,
Ahbahley,
Ahbahley,
Bo-enee,
Ahbahley,
Fahtoombee,
Ahchahbah,
Ahbeallah,
Boy-evee,
Ohyahbomee,
Goose-see,
Hyenah,
Ahsooley,
Ahye,
Locossee,
Allahbah,
Bo-evee,
Ahgohevee,
Bo-evee,
Mahsohfoo,
Ahjahday-yeh,
Attebah,
Tarnoo,
Iyenah,
Addecar,
Asargoe,
Tallabee,
Hyenah,
Ahhorsee,
Edowoo,
Bocooee,
Bocossee,
Assum,
Boevee,
Bocassee,
Arroyea,
Boevee,
Jocohlah,
Ohlahtoh,
B.O.evee,
Challah,
Ahwaylay,
Oshahday-moh woh,
Ahkahday,
Maday-yee,
Ahsoomah,
Boyohvee,
Dohquay-seh,
Doosoomee,
E-say-e,
Adoonaywoh,
Catoye,
Doeh,
Hyenah,
Iekaylay,
Choopehlehyeh,
Ahdaylehyeh,
Ahsahbeh,
Bo-evee,
Odoo,
Farehlacoo,
Ahbahloh,
Bo-evee,
Ahpo-day,
Odoosohboh,
Awoonee,
Goose-sevee,
Dahsah,
Ro-cos-see,
Dahsah,
Ehfootehyeh,
Bo-evee,
F-Daywah,
Ahbay-gee,
Ahtoobahday,
Doebay,
Ahjzee,
Ahfeahbee,
Chahcobemee,
Bocoevee,
Banbeyseh,
Doeley,
Ahjebeycoh,
Oloocohtah,
Oraylahwoo,
Ohmohcoh,
Chahpallah,
Agay,
Awoomee,
Cowojuley,
Conebahbeh,
O-two,
Ahyee,
Loowozee,
Ogoonomy,
Amahpay,
Ahbehbee,
Ajiee,
Ocoomahseh,
Odoo,
Dovervee,
Ahbahray,
Odoo,
Edowoo,
Hyenah,
Ohpohwee,
Afooahley,
Olooketteh,
Doobahday,
Quahsehvee,
Sojerbah,
Ahbahlinsah,
Ahlasahlohmee,
Avien,
Avassee,
Affeam,
Bocoo,
Yoke,
Errame,
John,
Changoo,
Orroh,
Bannor,
Sam,
Nambort,
Accaka,
Dimchesuda,
Ochoah,
Oketo,
John Luke,
Iyah Iyah,
Imbaboo,
Incharra,
Occon,
Ocone,
Tomboo,
Abbaree,
Affear,
Bahmah,
Addom,
Occundo,
Manaka,
Dah,
Affam,
Affean,
Abbanee,
Oboahnoh,
Tahcoh,
Oboroh,
Morgan,
Apparbee,
Ogoh,
Gotap,
Bacony,
Carcome,
Ocaca,
Imamee,
Affoh,
Lomsee,
Affonomoh,
Etoo,
Efeam,
Ejar,
Orroh,
Iyon,
Lotoh,
Tarlott,
Ocone,
Abbah,
Orroh,
Otam,
Iahkgo,
Iiem,
Isseahmah,
Oddong,
Marjor,
Affee,
Unquater,
Offiam,
Iyon,
Yourr,
Tengar,
Injor,
Eyour,
Affair,
Assabah,
Dapar,
Abbartor,
Falconer,
Anjar,
Sefroir,
Ecowar,
Ajour,
Orroh,
Fortah,
Forpah,
Eshateh,
Ohdeh,
Manfon,
Caneshang,
Oncoh,
Carmpeh,
Chindah,
Bahtoo,
Forebah,
Morfondoh,
Morndah,
Whendahah,
Atoh,
Mohmoo,
Mahcahrobo,
Mohandah,
Yoombooch,
Mohmongoh,
Mohandah,
Mahhoongah,
Mooneseh,
Wornbah,
Mohwehteh,
Mohpeah,
Oondah,
Oondah,
Ohmohcoh,
Iessee,
Obebee,
Mogah,
Accon,
Bagor,
Mandem,
Imbay,
Lolo,
Indah,
Allo,
Arao,
Abbashee,
Ogay,
Moetah,
Yeafong,
Ertooah,
Whendah,
Okay,
Akay,
Monsoh,
Warefo,
Omoh,
Carnah,
Ebey-yo,
Acandom,
Ahbeah,
Ahpahveo,
Ahmah,
Atah,
Keshear,
Apo,
Agahnah,
Ahbahsee,
Eebehyoh,
Ashane,
Aquoh,
Ahpahweo,
Ahbo,
Jim-tah,
Cogolo,
Oomoh,
Asaam,
Ahneah,
Ahkay,
Temee,
Ahdiyahcah,
Acandemn,
Equoh,
Oowoh,
Equoh,
Ahpahvio,
Omoh,
Gofree,
Ahseam,
Ahcoon,
Oobohcoo,
Apahyoh,
Epaywoh,
Anchah,
Ozoommah,
Ogee,
Evenm,
Egenoo,
Injohmoh,
Oomore,
Boonaygang,
Obone,
Embehkeh,
Congee,
Oogoommah,
Inkah,
Oowah,
Wahneahkah,
Mafa,
Inchar,
Charanwang,
Ewarshai,
Abayanwarn,
Yangamah,
Marmtah,
Menkam,
Abadica,
Evan,
Fankia,
Barrikan,
Afian,
Equa,
Banican,
Bemony,
Ocore,
Sanco,
Heckby,
Enna,
Essem,
Berricome,
Shane,
Ocon,
Fan,
Oboo,
Moenda,
Comanew,
Tansa,
Sinda,
Akrepay,
Dong,
Gingay,
Moro,
Afa,
Eta,
Tookee,
Nunga,
Iyo,
Hunda,
Namanda,
Jonguy,
Batoo,
Toncome,
Kumday,
Sinda,
Battoo,
Chinda,
Fortindo,
Chinda,
Antiqua,
Effian,
Effungafing,
Thilacoo,
Ookeri,
Whinsio,
Oopar,
Wambo,
Epunktee,
Funka,
Iambo,
Asickwa,
Equerini,
Ocon,
Ocon,
Eta,
Fabaa,
Longsee,
Echefor,
Equere,
Forocoo,
Jessee,
Chinda,
Opo,
Tomsee,
Prexcoo,
Wangfoo,
Egofo,
Chingo,
Iumbo,
Gofon,
Gofon,
Egon,
Mecomia,
Efiang,
Condor,
Unanga,
India,
Ingesser,
Iarnchoh,
Guorneah,
Egon,
Ingarchar,
Gamtar,
Ayong,
Ingofong,
Dafaree,
Afong,
Affeera,
Quiddy,
Fongee,
Akkam,
Indefong,
Wondah,
Mayang,
Wondah,
Momindoneh,
Guantee,
Mongor,
Mondah,
Ondoh,
Mayam,
Byam,
Eserekeyoo,
Innemettah,
Ahcone,
Ahbassee,
Acarmee,
Orcoh,
Ecah,
Indibbissey,
Orwah,
Ahcone,
Ayemcoh,
Yantoh,
Ahcarwooh,
Accone,
Ahcardeen,
Imbah,
Eyampah,
Wahlahforee,
Anacay,
Apayang,
Tembor,
Narcombay,
Ettom,
Innarjonkay,
Incompah,
Orcon,
Dippor,
Abbahjah,
Bambah,
Effongkoh,
Cranjee,
Essien,
Nasseen,
Ingorchem,
Mahforro,
Aboe,
Abbassee,
Naize,
Yang,
Decoam,
Arreemah,
Mantoh,
Mytoh,
Abbassee,
Now,
Anagoo,
Wentah,
Abeahah,
Imbahjah,
Inkangee,
Incoh,
Incohchah,
Oloko,
Pahyenah,
Tendah,
Abbaddah,
Warnem,
Indajukay,
Ebelah,
Oree,
Monketoh,
Ienta,
Atam,
Atar,
Langcolo,
Guaykee,
Aboka,
Aban,
Guiso,
Akumbo,
Enan,
Ajee,
Wangee,
Ocoach,
Eso,
Achora,
Mahketah,
Ammah,
Mantoh,
Ankassah,
Amy,
Oyoh,
Oulah,
Imbangah,
Sandah,
Imbay,
Ausah,
Essuah,
Eponeh,
Efeang,
Etem,
Heyo,
Orroh,
Oboh,
Aquan,
Aquan,
Abasseh,
Oomoh,
Imboh,
Ebeyong,
Etingah,
Forefoo,
Etemb,
Eccamb,
Muncha,
Effiem,
Imberrigah,
Camtah,
Etemb,
Issah,
Gyah,
Egoo,
Omoh,
Anchah,
Yong,
Attoofah,
Eyong,
Defah,
Indeffong,
Inchielah,
Effiem,
Etam,
Ecandem,
Amoh,
Aquan,
Orroh,
Orroh,
Endorn,
Imboh,
Equambah,
Etah,
Imbaneh,
Tacoo,
Assick,
Effem,
Effoh,
O Colleh,
Assoh,
Essum,
Assuh,
Echiem,
Otuaboh,
Ennoh,
Oppoh,
Endum,
Econd,
Etambeh,
Abasseh,
Abasseh,
Eyarrah,
Quannee,
Imbiree,
Ebeyong,
Ingah,
Imberrigah,
Gofor,
Odeh,
Egooh,
Camtary,
Bessong,
Ebboh,
Epeh,
Indeffong,
Toppah,
Unguah,
Indeffa,
Arremah,
Effiem,
Cheafong,
Moncha,
Wamah,
Enneh,
Owancho,
Songoh,
Indobeh,
Montollah,
Moocoo,
Odeh,
Epoh,
Indeffong,
Essendah alias Chohnoolah,
Chindah,
Oropah,
Ingottoh,
Intomorwa,
Opomah,
Assah,
Ecamisse,
Tombah,
Indeh,
Impabee,
Wandah,
Accamissee,
Sorong,
Ebeyong,
Domteh,
Comtah,
Ungwah,
Athendah,
Assoh,
Aquabeh,
Okolleh,
Monekah,
Affomenah,
Appan,
Essiendah,
Antonio,
Lontellah alias Orroh,
Effah,
Meanbo,
Larka,
Sasah,
Orroh,
Imleh,
Okoroko,
Aquan,
Andocartchee,
Ombay,
Monbee,
Ombay,
Onnoh,
Momoh,
Onlah,
Orror,
Ambee,
Defon,
Mondefon,
Teh-teh,
Warcah,
Wahkay,
Ahwah,
Affamn,
Lamoo,
Ahpahbee,
Ahfeon,
Ashaim,
Oozoh,
Imbah,
Oofoh,
Accandemn,
Candemn,
Oomoh,
Oopoh,
Mondah,
Ahcon,
Ehdomah,
Digganey,
Candem,
Ahwooreh,
Yang,
Carehkeh,
Ateh,
A. Leigh,
Eyenng,
Gesseh,
Imbo,
Accandemn,
Equoh,
Encho,
Elawsoh,
Equoh,
Abeechee,
Manjah,
Eyeang,
Accamden,
Elamn,
Be-be,
Abbeeboo,
Echiem,
Tancam,
Seedah,
Effeon,
Ena,
Perecong,
Indee,
Effem,
Nacanda,
Essuah,
Ettah,
Assuah,
Essean,
Momba,
Dindah,
Cametah,
Mondem,
Indah,
Moxplah,
Mondah,
Tooah,
Moasah,
Moah,
Aoh,
Ottah,
Ingasah,
Hacho,
Ayang,
Chindah,
Impana,
Chindah,
Farlim,
Moah,
Achoqua,
Enchendah,
Enhooway,
Mondah,
Chindah,
Effeah,
Annon,
Indem,
Impura,
Effeo,
Ayanga,
Seadeo,
Toofee,
Effar,
Footeo,
Assacoe,
Aconey,
Poyan,
Attam,
Assasoo,
Accrafo,
Montah,
Monfellee,
Chindah,
Etoo,
Eccoray,
Imboo,
Acott,
Opinnna,
Chincum,
Uffeon,
Encum,
Indah,
Numpee,
Eppayon,
Ketta,
Echindah,
Morfoo,
Boondah,
Quarra,
Tanco,
Ettoa,
Moindah,
Moisa,
Etoa,
Monchea,
Etabah,
Payor,
Wensa,
Indacoa,
Moatoo,
Enchindah,
Ettasoa,
Embatoo,
Forfoo,
Defong,
Sofoa,
Forfoo,
Sacabee,
Forome,
Goofoah,
Andam,
Ettafor,
Chindah,
Torcon,
Omah,
Tamsee,
Eviai,
Ubacha,
Enenacon,
Ocarafoo,
Ushaw,
Chop,
Befoa,
Doyah,
Monjoa,
Indah,
Mondah,
Iyanamar,
Mondah,
Chindah,
Abachee,
Ahcoo,
Ingah,
Dah,
Moreta,
Effem,
Taccoo,
Ocon,
Chacum,
Ena,
Indah,
Ontah,
Rem,
Monfoa,
Payway,
Soncho,
Tancum,
Intomuwa,
Essendah,
Demtah,
Tama,
Essendah,
Comtah,
Dimbah,
Accombah,
Fangfoo,
Tantoh,
Inguatay,
Dechoh,
Inguasay,
Tingdomtah,
Econg,
Golvengee,
Jonko,
Myuatto,
Mamatoo,
Yeangoo,
Jajee,
Mindam,
Sarsee,
Idandah,
Esayoo,
Wandefon,
Wandefang,
Pannoh,
Eguay,
Ekay,
Akoe,
Marnongoo,
Wantee,
Yartee,
Momonfee,
Ongoo,
Langoo,
Jangah,
Jabbee,
Mandrokoh,
Omborikoh,
Moondah,
Motee,
Momohfor,
Defon,
Yong,
Molombay,
Mohfoo,
Marjee,
Muhah,
Ingoo,
Lambah,
Lomoh,
Otooahwen,
Peter,
Mohgetah,
Ahbajsee,
Atah,
Coofore,
Montah,
Bongo,
Ahbassee,
Ahtinn,
Jarry,
Abowan,
Yohnang,
Yandemn,
Ejahohcoh,
Comahpeh,
Yeawoh,
Mohlahsanee,
Nahloo,
Joetah,
Ahpoh,
Goohfore,
Ahdah,
Harry,
Ebehbel,
Jimtah,
Ayoh,
Eyeang,
Afeoh,
Coonkeh,
Apong,
Goofore,
Ahbahjah,
Osooah,
Manquohsoh,
Behkah,
Dockohyeh,
Jimtah,
Ecoowoh,
Beseemah,
Edooess,
Moyah,
Gehseh,
Ahtoh,
Montooh,
Angeah,
Mannimbee,
Ahcon,
Imbolee,
Ahjumb,
Makketeoh,
Afooah,
Ahzam,
Aseeah,
Bahfore,
Manfore,
Enah,
Oopang,
Allemn,
Oopong,
Bang,
Mallahson,
Bang,
Chimtah,
Ahtim,
Wontee,
Mombahfoo,
Longotour,
Maindah,
Manfoh,
Bollee,
Mombrokoh,
Omborikah,
Jangee,
Jeumah,
Jentah,
Javay,
Joe-tah,
Odambo,
Ura,
Pevieman,
Analevochee,
Ocarey,
Lecho,
Ugan,
Otroo,
Abbah,
Arojgee,
Ochoocoo,
Ocroo,
Oban,
Emmajule,
Heyjubbee,
Gorla,
Elongeraw,
Emadomway,
Haddomazey,
Ebeemwan,
Ocraffa,
Ammartche,
Abbaquay,
Oqueque,
Emmaquisah,
Abrowweyee,
Ococha,
Indoocomma,
Innoguay,
Osunday,
Hooocrow,
Onwaybee,
Goy-yee,
Yueyuagonchee,
Attache,
Moabye,
Idagga,
Eche,
Oomy,
Coobarye,
Burnjo,
Bocoo,
Bemfar,
Weesoka,
Ogoofa,
Oqua,
Emookee,
Amacowoo,
Ammahan,
Wogoo,
Ejawan,
Ejawan,
Hazee,
Ocurley,
Agolew,
Ochoocoo,
Otee,
Wedgeenooker,
Chiquendy,
Wama,
Sigaroola,
Onka,
Woogoo,
Wennewequ,
Akay,
Agoolo,
Wanco,
Lingacoy,
Ocoonoo,
Acoovese,
Acunda,
Aloca,
Agrana,
Ewan,
Sindobar,
Hoomanaw,
Weybow,
Oprodey,
Ameneka,
Ennocha,
Ennabrishiake,
Ooran,
Oddaffia,
Omorday,
Ooran,
Acooray,
Ocoo,
Otaddy,
Opollanyaar,
Omavia,
Ooman,
Ooman,
Archvioco,
Ogueguereway,
Orantee,
Apan,
Aban,
Asude,
Moidin,
Apan,
Apan,
Orofia,
Apan,
Ooran,
Opavey,
Eche,
Opavey,
Aga,
Ooman,
Ochen,
Omorey,
Mordey,
Apan,
Ennai,
Mordai,
Opavia,
Ennai,
Ooran,
Apan,
Opavey,
Ooran,
Opavoy,
Morey,
Apan,
Quarey,
Opavoy,
Oman,
Apan,
Amarey,
Amundem,
Edday,
Oocooroocha,
Wachoocoo,
Gim,
Opabbe,
Ejah,
Ajah,
Tawney,
Majee,
Echinna,
Emjam,
Ooman,
Ooman,
Toonjeu,
Ahbeyong,
Imbehkay,
Oulaheah,
Gewayseh,
Nentah,
Onwoomerry,
Wahneohcah,
Wokey,
Ahwoonmerry,
Waleahcha,
Chequaymah,
Ahnalacay,
Nentah,
Gogo,
Namebah,
I.E.,
Gahlass,
Walyuki,
Wyneohcah,
Ahdah,
Indahpah,
Wyneodoo,
Lohlonnoh,
Woosoongoo,
Imbaycay,
Bohquoh,
Imbolay,
Ahdah,
Aneahgoo,
Mohusah,
Atooeh,
Ahpahbee,
Wahlah,
Ahpahbee,
Mohnchuey,
Odoo.O,
Ogoolaoo,
Imbolay,
Alleahgah,
Imbooleh,
Wanocho,
Alemaah,
Ecomah,
Welmineh,
Abah,
Checoo,
Ahgan,
Acoonnoh,
Appan,
Orroh,
Appan,
Eneah,
Acandemn,
Appan,
Omohdew,
Appan,
Ahdeahnoh,
Ahpahdeahcoh,
Orroh,
Appan,
Appan,
Pohcoh,
Indohcoh,
Appan,
Ahnohgah,
Ehbann,
Yahmah,
Ahgeh,
Enohnom,
Apahmah,
Goolocalee,
Lahpah,
Ocraffoh,
Imbarey,
Imbohmah,
Indoogoosee,
Nohcoro,
Ahdeebah,
Enachair,
Accaberesoo,
Ocola,
Woncoh,
Achahpoh,
Oo.Quehbee,
Attem,
Mahdunahmeh,
Canjah,
Wangah,
Imbooleh,
Angwah,
Ingueleh,
Andah,
Amnelah,
Ingueleh,
Imbaffoh,
Imbagoh,
Aquanteh,
Anemleh,
Wambah,
Inchereneh,
Angequeh,
Imbawah,
Imbawah,
Wadah,
Imbebee,
Imbequeh,
Neehee,
Adampah,
Imbocoh,
Agoh,
Adah,
Ungwah,
Moequah,
Acquawa,
Amatoh,
Imbaffoh,
Imbocke,
Imbocke,
Effessenkah,
Ollumbeh,
Ahboh,
Imbeneh,
Abubueleh,
Cundess,
Indenah,
Wanecho,
Egoowhin,
Hollah,
Uannetto,
Ecomah,
Accobah,
Imbahfoh,
Alequanah,
Tieh,
Imboeque,
Imbaelleh,
Indegolah,
Imbanabah,
Awenchichezee,
Imboeke,
Wunyaheh,
Amwah,
Imbohfoh,
Imboequeh,
Ewemtah,
Amarebooh,
Imboeleh,
Accabowah,
Weehammah,
Allontah,
Ingalacoh,
Wanecho,
Ebeacha,
Wanyalah,
Edemah,
Arichque,
Ecoeh,
Nempah,
Enetah,
Edomah,
Adentah,
Hanehoo,
Annoomamamy,
Onchaquah,
Ahrahboobah,
Appan,
Meahvah,
Ahjaroo,
Appan,
Waterbooah,
Naheallahheay,
Ahnobodo,
Innahjew,
Obo,
Ajim,
Attam,
Unknown,
Imbebee,
Appan,
Inyah,
Inyah,
Appan,
Inyah,
Aquabeh,
Ingeh,
Omoh,
Olloh,
Eclucoo,
Anekank,
Wokeke,
Ungwah,
Okoneh,
Incoggah,
Achocoo,
Ahamah,
Wanseh,
Eleih,
Indoque,
Aquoveke,
Indoweche,
Lemede,
Eleboo,
Wachucoo,
Ayemucoo,
Indeoosee,
Okolleh,
Orongah,
Abassee,
Edonga,
Olloh,
Ohone,
Olloh,
Aleagah,
Aquan,
Onoh,
Inyah,
Orroh,
Edwara,
Appan,
Oloh,
Olloh,
Embooboo,
Aquam,
Aquam,
Aquam,
Aquan,
Appan,
Ambo,
Anon,
Achokoo,
Akoomalong,
Opoodeh,
Ibezemacoo,
Oneekah,
Attam,
Eparacha,
Orroh,
Orroh,
Orrofia,
Moyoh,
More,
Orroh,
Orrotoce,
Orroh,
Alloabasee,
Emoh,
Modca,
Appan,
Enyah,
Orroh,
Orrocha,
Rontime,
Orroh,
Echi,
Odoing,
Impabee,
Abasseh,
Adamfa,
Etamb,
Salah,
Aquabe,
Ocurrea,
Okette,
Ocambah,
Anazie,
Canah,
Echiem,
Eremoh,
Amarebe,
Egenicah,
Indoque,
Oreboa,
Okorree,
Iragah,
Indeboo,
Obamoh,
Chachah,
Eshiavenee,
Durumbah,
Attum,
Annasike,
Onookah,
Agoh,
Onoeboh,
Adeadeneh,
Yenehedeh,
Uompah,
Moraca,
Imbah,
Ewolacha,
Ionson,
Tacco,
Teccoo,
Imocho,
Ewoo,
Echeche,
Malazeh,
Indogoh,
Ahammah,
Ebma,
Orompho,
Onegah,
Carambe,
Etowicha,
Ingeh,
Camalloo,
Eque,
Ekeleh,
Endowise,
Uweno,
Obbassie,
Jack,
Ugwah,
Adomah,
Oyadeh,
Ocorongco,
Gumpasee,
Aboah,
Ageray,
Acorree,
Beceota,
Ameoh,
Enadesee,
Eoncluski,
Aneshee,
Wokerema,
Modunake,
Adore,
Warroo,
Besuogua,
Wokunso,
Bafreca,
Ogee,
Thecoh,
Usuah,
Ogee,
Mereogun,
Achenay,
Ecania,
Eahpron,
Eumchee,
Ahwooroogaga,
Bassa,
Ahboa,
Embahgoo,
Oreaccoo,
Ogego,
Ahback,
Acobbeca,
Aneccaram,
Ollaggah,
Ochoa,
Wahagoqua,
Bechecorea,
Cram,
Ecorreconah,
Lawshe,
Owoonah,
Onnecay,
Essecumba,
Pequoque,
Bohah,
Wachocha,
Alachee,
Enanasee,
Madaju,
Acaulay,
Nangoh,
Essussah,
Untoo,
Abboo,
Imbah,
Imbaca,
Whyochoh,
Ingoh,
Esecaim,
Ooeonee,
Efear,
Imboehlee,
Ahdah,
Imbokay,
Walooloo,
Wogee,
Itah,
Ibolay,
Ahdah,
Nentah,
Ibohquoh,
Aboonehhoo,
Epohcoh,
Wahneoloo,
Uozoh,
Ehomah,
Ibakay,
Neahbah,
Ebehcoh,
Wahzoofoh,
Oodoo,
Bahlahcah,
Agahnah,
Anay,
Oobannah,
Whyneahchah,
Ahdah,
Ozoomah,
Ahzooakay,
Ahcobahmah,
Ahbodoo,
Ahdeahcah,
Ahdeahcah,
Ahconeroneahuo,
Wompee,
Ahbahbee,
Oomoh,
Oowoh,
Agaywanday,
Imbakay,
Nanreteh,
Warda,
Roomore,
Urough,
Inguel,
Ashoomee,
Ohdah,
Oboa,
Ahbijah,
Umpania,
Ogah,
Soommee,
Ormberry,
Okerry,
Unchacah,
Ugoh,
Wancoh,
Olakay,
Ogendeo,
Iyea,
Orroogoo,
Acquoyhay,
Uwootee,
Intah,
Ocarafoh,
Addoh,
Ogoo,
Ahfefeney,
Ocrawhita,
Boyoh,
Okeviey,
Okorongko,
Onearea,
Idoosee,
Annoyai,
Ukeresoo,
Ura,
Akay,
Opie,
Appan,
Oquah,
Opan,
Inham,
Loho,
Basa,
Tooboome,
Alabadee,
Upat,
Atam,
Mecohang,
Yeracoh,
Amoeh,
Enahdasee,
Ahneahnahtay,
Alahbahah,
Osoondah,
Ahrokah,
Imbolay,
Wahguan,
Ocootay,
Oojaroo,
Abarnee,
Obooahcah,
Ejaymah,
Ahboro,
Oowah,
Ahbahnee,
Obooahcah,
Ejaymah,
Ahboro,
Oowah,
Ahbahnee,
Eyeh,
Aremah,
Oomohcah,
Mahneyo,
Ehbelehkeh,
Wamboh,
Ahbomah,
Ahsocahmonah,
Grass,
Wahjuka,
Imbahfore,
Wogee,
Wocah,
Ahdeahcah,
Ocazee,
Alegoolah,
Oreambah,
Azeeaim,
Oowah,
Pahbeah,
Eneah,
Oowah,
Bolee,
Ahdah,
Ahlayshu,
Imbahfore,
Bonteh,
Osukay,
Agah-one,
Odoo,
Ogeahcah,
Whyneogee,
Woco,
Nohmoh,
Ahajalay,
Ocahchee,
Whyebotoo,
Emoh,
Oleahmnah,
Hour,
Eyah,
Hayadoo,
Oreahboh,
Oreahomoh,
Imbalay,
Axis,
Oochunnah,
Okellie,
Medecang,
Makarre,
Shebah,
Madummah,
Essiebah,
Alehenge,
Endomgah,
Combeh,
Edarrah,
Okuorre,
Gombeh,
Gombeh,
Eobee,
Amoh,
Wancho,
Waneque,
Olloh,
Mosieke,
Anaquombe,
Mazzadoh,
Massangho,
Marzeh,
Essuogoh,
Mokelle,
Wonengeh,
Indoque,
Tuquemeche,
Essick,
Oppregeh,
Molengah,
Uquallah,
Abbache,
Meneque,
Appang,
Onemobee,
Moanotah,
Incheengeh,
Moicah,
Inquemah,
Injocoo,
Indoque,
Appan,
Uroh,
Imbagoo,
Molengeh,
Amobah,
Indiamah,
Addegogoo,
Omoh,
Oroh,
Oroh,
Oriah,
Azzuk,
Udeh,
Chebundeh,
Akkaquaraa,
Indiekah,
Ingonia,
Appan,
Ingonia,
Omoh,
Ekekanee,
Okollia,
Indokah,
Ipunyoh,
Manma,
Edoman,
Mosiah,
Apaque,
Acandeh,
Wogoo,
Ecoomoo,
Imbape,
Malangue,
Amoloo,
Aquan,
Oday,
Omoh,
Amadoo,
Aqanee,
Obeseeke,
Okolleh,
Appan,
Ochecoo,
Oroh,
Debah,
Omoh,
Mocoo,
Udoh,
Cosay,
Imbonyo,
Appan,
Imbanboh,
Ocobehleh,
Egendah,
Esseah,
Obondoh,
Ocoboloh,
Arocah,
Choese,
Okoele,
Noibocoo,
Mateca,
Imboque,
Injogoo,
Essangwa,
Binyah,
Endongo,
Maqueh,
Inyarreh,
Doesee,
Manuele,
Shewah,
Offecha,
Ogoo,
Ocraffo,
Imbacco,
Inboese,
Erecolela,
Oduoleh,
Essiekkee,
Suisah,
Uradianee,
Essueh,
Olekah,
Beneh,
Indeleh,
Mukah,
Shunguee,
Okuolie,
Worrequeh,
Akagay,
Maholeah,
Acoolohnoh,
Oodo,
Bahfore,
Bahfore,
Bohcor,
Ahmo,
Bahjohnah,
Agocah,
Emmanakay,
Wobedahcoh,
Bahfor,
Ogoomah,
Bohquoh,
Waehneq,
Nobo,
Ahsonbah,
Ogodo,
Ahbo,
Accamdemn,
Malemgah,
Monjoh,
Barnjo,
Ahneachoo,
Sobaba,
Ahnahcay,
Bahseaboo,
Tamgahnee,
Ahbarmajay,
Indohkee,
Dondah,
Mahfoolah,
Bambassee,
Kalay,
Asagah,
Shogay,
Sarquay,
Attowweh,
Chair,
O.Quamunee,
Efore,
Ingohyee,
Bongoh,
Beahbelobey,
Tehteh,
Wombeh,
Boyah,
Pearahray,
Engrom,
Ogoolah,
Mormboh,
Garmbah,
Tahponchonbo,
Mahbooley,
Warmbey,
Chearbey,
Yallahmomboh,
Mobongo,
Beahcoh,
Allobey,
Mahjoinbo,
Okahleh,
Coondeh,
Morndeh,
Mahcoco,
Oodebah,
Doongoo,
Gondo,
Ahsanee,
Cocoa,
Lomoh,
Ahcoon,
Bahco,
Namenbah,
Imbonchah,
Toolammee,
Coolanlay,
O.Gendayoo,
Ahdahkooyoon,
Sallah,
Dangahnah,
Oowoh,
Anjahbee,
Ooroh,
Oroh,
Marlahmahodoo,
Ocolay,
Jahwoko,
Inchendah,
Booaboo,
Idoogoo,
Ahpah,
Anaboo,
Ocolee,
Acen,
Bolee,
Ocolee,
Noah,
Oozohkah,
Ocohbo,
Ocay,
Colontah,
Ahmedo,
Aday,
Attam,
Atoo,
Ajoh,
Appan,
Asoo,
Imbahdah,
Edohgoh,
Ahpah,
Ahbahseh,
Anchokeh,
Ahfeah,
Hour,
Oorroh,
Ohsoodeelo,
Oomoh,
Ahpah,
Ahsahah,
Oneahbo,
Oodoh,
Zellecay,
Appan,
Bolowoo,
Dohroh,
Ahpah,
Oroh,
Oomoh,
Opay,
Appan,
Acaca,
Odoo,
Alasee,
Ocalakay,
Sendembeh,
Gahfear,
Ohdooh,
Caracay,
Marebah,
Orroh,
Attum,
Orroh,
Mahtheanyo,
Secharlee,
Onzowoh,
Gombay,
Ompey,
Domkey,
Inquah,
Mahlean,
Gammarlomay,
Seekanyeh,
Ahwoomanay,
Ahboahkay,
Modanga,
Coamba,
Coamba,
Coamba,
Wanga,
Gornemtaka,
Saka,
Saver,
Molonga,
Cowah,
Madomah,
Saboo,
Saahma,
Sabah,
Boancah,
Mebeallah,
Zanga,
Acalah,
Madimboo,
Abearrah,
Macantah,
Sabah,
Gomah,
Coamba,
Devoa,
Goamba,
Yamba,
Maraibah,
Molaccoo,
Bow,
Amonah,
Wanyamah,
Imbahfoh,
Agomah,
Ibolai,
Incachee,
Oquoh,
Ocahcoo,
Wolekissee,
Yam,
Edooma,
Acahcoo,
Wonwah,
Unwah,
Aharoo,
Ahquo,
Imbaca,
Bahlee,
Deah,
Yamnill,
Abagah,
Wodarah,
Voneballah,
Wormroh,
Wahenah,
Obooesee,
Uwonah,
Iyanga,
Deah,
Ugboh,
Alachee,
Imbacay,
Esan,
Mabambah,
Abasee,
Yahgoo,
Nohorray,
Angee,
Akilly,
Goambah,
Ocoo,
Damb,
Coambo,
Ahwehley,
Ahorey,
Bocoh,
Bocohsah,
Ahlahday,
Ahahjearoo,
Ahjeboseh,
Chodooloo,
Edowoo,
Daray,
Aleolee,
Goofoekay,
Bocoh,
Ohsoh,
Andahlie,
Ahkecho,
Oedejah,
Ahmohdoo,
Ojoe,
Neahcoo,
Chopay,
Oneacoo,
Ehdoh,
Ahyie,
Samahdo,
Bah,
Feday,
Bancohlay,
Ahdayecah,
Ohdeh,
Ohtehpolah,
Ohdahday,
Oloco,
Ohsenegah,
Daydahloo,
Ogooforloo,
Boocoh,
Nahveo,
Femmahday,
Alayweday,
Chahlani,
Ologoogee,
Iahjah,
Ahwahsoo,
Boyeoh,
Ahbosoowe,
Bosoo,
Bocoh,
Ahkebohlay,
Ahkelombee,
Akeeleekah,
Mahtomwah,
Ohsoh,
Eloh,
Ohrehselanoh,
Ogoomahlah,
Palahnooo,
Bancohlay,
Oyehfoode,
Sahboday,
Ohdohwolay,
Engoro,
Fafgee,
Ahlee,
Ohhorroo,
Okay,
Obahome,
Sotew,
Omolay,
Yochah,
Chahpo,
Tohsoo,
Oyeapahmee,
Owahday,
Fahlahday,
Ahlahday,
Ontoloo,
Ahmohree,
Hengoroo,
Hyeday,
Ahcahney,
Hyenah,
Tyowoo,
Hyenah,
Hyenah,
Obosoo,
Ahkeyamee,
Ohsohlolah,
Ojoe,
Egay,
Seeloh,
Elisanco,
Ajai,
Decemi,
Enequada,
Yuebe,
Amica,
Ajabo,
Hyena,
Hyena,
Doe,
Tavey,
Icqui,
Iobarro,
Bullumbulla,
Harmony,
Saloogo,
Hyena,
Tueyua,
Edoo,
Iackoday,
Hyena,
Amooamee,
Ofeegai,
Abijeamey,
Asacoo,
Alabye,
Mecomi,
Hylabee,
Leyloo,
Coolasay,
Ataquala,
Ajacoo,
Ajai,
Teleyloomey,
Hyena,
Lamley,
Elanley,
Amorquay,
Seeahoo,
Boevey,
Azetoo,
Doquay,
Suninguy,
Coosey,
Abalala,
Agai,
Agai,
Walawar,
Weyoceey,
Weyoey,
Wamachey,
Alaba,
Hyena,
Dada,
Mala,
Afooseca,
Awishame,
Etamarshee,
Ogojai,
Footamaie,
Ayabel,
Ebuey,
Fashetai,
Acanquima,
Weyavee,
Ogoosey,
Ahaivey,
Bocansey,
Congain,
Bocansay,
Aloyo,
Embee,
Weyvey,
Weynery,
Maguay,
Weyvey,
Ayateque,
Dofan,
Dacooquay,
Agosavey,
Haivey,
Amoselay,
Aweyney,
Aboosoo,
Amanaekaie,
Agutavey,
Weyvey,
Yanawasee,
Boyee,
Bomadey,
Agoye,
Yoquay,
Weyvey,
Choocoo,
Hoosey,
Inkega,
Uroh,
Utoo,
Okerekoo,
Udebe,
Uroom,
Uroh,
Urohpan,
Orroh,
Wogoo,
Eloh,
Uwersee,
Ingho,
Mengenee,
Ebeagasee,
Ohuoree,
Adeocoo,
Acandem,
Aurooh,
Asiebooh,
Ogoo,
Chekesee,
Injokoo,
Adede,
Onosoroh,
Osheoroo,
Wolekee,
Merebooh,
Insoh,
Alekoh,
Okuoree,
Nefeamah,
Imbassah,
Eque,
Ogoo,
Adegulleh,
Otocroo,
Ocoocoo,
Uroh,
Modeh,
Echiem,
Ayedecay,
Wocoo,
Opabey,
Oriaco,
Obooh,
Engworem,
Obonah,
Anvahah,
Okuoree,
Erokalooloo,
Yabofree,
Oriakoo,
Crawusa,
Okuoree,
Agboh,
Ogoo,
Ajoroo,
Okoreke,
Bebemee,
Elekee,
Esieteh,
Enobee,
Appah,
Acayah,
Aggan,
Unknown,
Encoh,
Ogeny,
Ongeurabedahacoo,
Ogong,
Engaamah,
Whyogee,
Bakay,
Bakay,
Obarahong,
Odarogoo,
Bowcoo,
Wabeah,
Acashee,
Whyeorah,
Oyahyee,
Omochoh,
Ugoagah,
Mindah,
Addeacah,
Ubong,
Ucoorah,
Deahboh,
Ogay,
Issobee,
Ahbahsomoh,
Appan,
I.e,
I.e,
Yeang,
Orroh,
Esheen,
Appan,
Acohlohoh,
Caracay,
Nahchee,
Ahbahgee,
Ahdorobee,
Imbolee,
Bahfore,
Imbolee,
Coombah,
Toefore,
Wyneohsah,
Egehboo,
Boncah,
Bacay,
Urine,
Bahoh,
Tahpan,
Ahboh,
Obeahjew,
Ahdoobosee,
Ofeah,
Ahcheecoo,
Ahadebay,
Imbacay,
Imbolay,
Yeang,
Neamahchee,
Ahcaembah,
Imbokay,
Ahbo,
Oomoh,
Neang,
Ahdeacah,
Ahpahbee,
Enahtay,
Oowah,
Wyohocah,
Oomah,
Ahdeacah,
Ocoang,
Ahdeakcah,
Ahdeakcah,
Appan,
Oomoh,
Achain,
Ooeh,
Oomoh,
Ebeh,
Ocoelee,
Ohcoh,
Ocoeanco,
Eeo,
Ohnohah,
Ehchecrando,
Eeaboo,
Ehbehqueh,
Derebry,
Onchaquey,
Ondooquey,
Ohnohahbah,
Ocaracay,
Ohboeahcha,
Dimoenoeahah,
Ogocay,
Enearbarcheololo,
Ogoohanah,
Ahjoco,
Ebehquey,
Wasookay,
Wahdoolacay,
Achabbee,
Obandah,
Azooncheer,
Jimohfore,
Ahmeah,
Dooundum,
Ohgah,
Oday,
Oocohfah,
Omohden,
Oroh,
Pahpan,
Appan,
Appan,
Echeaim,
Oomoh,
Tolongcaray,
Oroh,
Nohcoloonoo,
Aguaybay,
Ebuebeh,
Ahgooday,
Agueen,
Oneabechee,
Agoonacay,
Imbah,
Abargo,
Azeangobay,
Erase,
Odo,
Ahzuweecay,
Okayboo,
Wanahcah,
Marballahorgoo,
Wahgalaybalay,
Amashay,
Ohneahboss,
Ohgehbeoh,
Ocaracay,
Acacay,
Ooroh,
Neahcohchah,
Ocanquoh,
Obodochoocoo,
Appan,
Sehkee,
Ahnoogee,
Indoque,
Imbesee,
Ebodoh,
Odoh,
Edecah,
Worakkee,
Effeguh,
Ibebee,
Appanco,
Aqquan,
Moh,
Matneh,
Indoesee,
Enequerreh,
Errechecoo,
Wancho,
Eneboo,
Enoahah,
Niequereh,
Enagie,
Echong,
Ekeh,
Equorochah,
Edeh,
Ododoa,
Oboseh,
Mawassoh,
Ekeh,
Gottah,
Echundeh,
Adegoo,
Narboboo,
Ekomoh,
Gimafoh,
Ocoo,
Ellambah,
Ocobuoh,
Oneseloo,
Ogoo,
Euondeh,
Wakah,
Ibokah,
Wogoo,
Anokah,
Ecraffeh,
Appan,
Achadah,
Losee,
Echien,
Ochulay,
Adodoo,
Ochedee,
Lowhan,
Assallah,
Ecoharree,
Millarree,
Balloo,
Aebojoh,
Erechah,
Attam,
Tanebee,
Ejaleh,
Ododoo,
Oyee,
Attam,
Omoh,
Indoque,
Aquamah,
Chookoo,
Oriaco,
Brandy,
Neweosee,
Cheworewcheko,
Indowesee,
Choowanotee,
Chipooamezeh,
Ogoo,
Appan,
Eziomah,
Obooloo,
Nieberreh,
Ereboo,
Edowesee,
Okochah,
Aboo,
Esonoo,
Wanquo,
Uroh,
Appan,
Aneboh,
Enoreboo,
Agoo,
Ozowah,
Inkarrah,
Ekeboo,
Eroh,
Anacoodoh,
Eroh,
Wocochah,
Torobea,
Uroh,
Moleah,
Eshien,
Moree,
Ekukurogee,
Ingammah,
Wocaffo,
Zenebboomah,
Eboh,
Necay,
Attam,
Akerribah,
Aschain,
Ahjahway,
Okoronkoh,
Ahdeman,
Ezza,
Ewohiah,
Calabah,
Ebaquay,
Eganlay,
Ahbahjaroh,
Limela,
Okolonguo,
Calaba,
Orohchain,
Cooreecoo,
Kanaba,
Dowoh,
Reto,
Appan,
Enamatee,
Ebrocee,
Embafo,
Wambo,
Ebebe,
Onhowhee,
Adda,
Wowonayee,
Asaboocoo,
Emencha,
Embola,
Adda,
Uncahoo,
Mottorro,
Wogoo,
Engowlasah,
Wonyamquo,
Embore,
Chaharry,
Engolo,
Embakee,
Affor,
Abosha,
Assatamokoo,
Embake,
Maqua,
Odo,
Adda,
Neekee,
Yettakay,
Misewatee,
Aquboh,
Endoquocatta,
Embage,
Embaka,
Woobeeh,
Kalacah,
Addah,
Ayeemah,
Omoh,
Onmah,
Edom,
Affeah,
Enyang,
Cowa,
Ranyoung,
Kanday,
Asseen,
Wong,
Wong,
Harryahah,
Eyelly,
Attam,
Wombokoo,
Embaree,
Ennonquochee,
Cacho,
Enyong,
Embaka,
Abbasee,
Emboka,
Egelley,
Enda,
Embafo,
Embaka,
Errabalem,
Adda,
Adda,
Embama,
Acomanoo,
Enyeahka,
Yamyerra,
Woogoo,
Embaka,
Onohyarrah,
Appabe,
Woganah,
Assodo,
Embala,
Wafonka,
Saseba,
Wy,
Ibebea,
Achoquo,
Woodalaechee,
Ongbee,
Chiong,
Appan,
Omoh,
Ohcasah,
Omoh,
Attah,
Maboh,
Ulasoh,
Okarakah,
Omanah,
Mokeneh,
Attam,
Elecheh,
Abanah,
Allah,
Akiah,
Kenai,
Oobeh,
Ashahah,
Achabah,
Abodeh,
Ahdebeh,
Tomy,
Quasah,
Nuhmogee,
Wepah,
Esseh,
Noahmah,
Ahgooh,
Uttum,
Udah,
Emonquoh,
Okorahchah,
Okoronkoo,
Okoree,
Ogadeh,
Operreh,
Okerekay,
Yomas,
Unchahcoo,
Ebeacoo,
Onahloo,
Okorreh,
Oderreh,
Okishey,
Okerrekay,
Addah,
Urum,
Daroah,
Omoh,
Uppan,
Uppan,
Ahfoo,
Bacay,
Salaha,
Adeah,
Ahmelaycoh,
Anamioh,
Beherreh,
Abebeah,
Whyassee,
Echeh,
Bahfoh,
Chafoo,
Adah,
Mahfoo,
Boteh,
Enqurrawatah,
Eborreh,
Ahcorreh,
Embahafoo,
Ahmeddeh,
Ahneahcorreh,
Ungahhorray,
Ulahhoh,
Embakay,
Embakay,
Iorhjah,
Nantah,
Wanakay,
Erremmoh,
Esseahrooboh,
Eboreh,
Embakay,
Mahchah,
Wanyahfoh,
Enangmah,
Embahahfo,
Edebaassa,
Etyangmah,
Echemeh,
Ahyahboseh,
Ahkaiahwah,
Teahpah,
Egelleh,
Ujay,
Gelleh,
Egerreh,
Noahquah,
Boree,
Bohquah,
Ahdushah,
Nembeh,
Emboquah,
Mahgereh,
Nentah,
Wancorroh,
Laahlah,
Omakah,
Angee,
Mahboleh,
Embaahyah,
Oguirreh,
Emboquah,
Omoahgoo,
Ohbeneh,
Madeahgah,
Adahmah,
Ahdeah,
Ahfeah,
Ungwah,
Opong,
Ahdeahgah,
Enyah,
Echeh,
Ahyerrah,
Obodee,
Neahleh,
Onmah,
Boahcoho,
Ohbonnoh,
Ohnaggah,
Bahdecay,
Homah,
Decahtah,
Egammekay,
Chojahcah,
Noh,
Ocreahfore,
Onwoochacan,
Ocolee,
Ahchookoo,
Omeh,
Oco,
Aworem,
Dimfee,
Wahlaykay,
Abea,
Ocoronco,
Onco,
Otoo. O.,
Bohbeer,
Wasookee,
Bohiforee,
Mahdeohhoh,
Opye,
Ceaff,
Nayboo,
Wahcolo,
Bahcah,
Waneahcah,
Wahgahmah,
Indococe,
Ebahdaem,
Wocahdaem,
Ogoo,
Nahgee,
Ocolee,
Aboe alias Awah,
Aboe,
Bosooe,
Neacoolay,
Ohoolannot,
Agambah,
Owonney,
Corookoo,
Neamnohnoo,
Merehnah,
Egooekay,
Ambazee,
Ohwohombee,
Alapoh,
Ombogoo,
Okangoo,
Ocoea,
Neahboochee,
Ebalasem,
Ebasem,
Asokay,
Ajay,
Ohchohsor,
Wocahfore,
Ahcaeahho,
Ahzoom,
Cabelehchee,
Ahahquay,
Indooquay,
Wahchoocoo,
Warea,
Kaha,
Ogah,
Akakae,
Achoonomah,
Oomboh,
Samo,
Ohcongoh,
Appan,
Appan,
Ocarakay,
Appan,
Oroh,
Appan,
Soworrah,
Oroh,
Ooroh,
Wohcoh,
Appan,
Bahlah,
Omahnah,
Aschean,
Oomah,
Yeang,
Appan,
Yah,
Yeang,
Oodoh,
Ooroh,
Ahfeang,
Otoo,
Oomoh,
Appan,
Ahpahbee,
Ooroh,
Ooroom,
Eseaine,
Yeang,
Ooroh,
Ooroh,
Oomoh,
Ooroh,
Appan,
Affeong,
Ahqually,
Ocoronco,
Efageohhoh,
Marado,
Omahnah,
Ooroh,
Choochoo,
Towooroh,
Oomoh,
Oomahnah,
Pahbee,
Appan,
Appan,
Ooroh,
Ooroh,
Eschain,
Ohmohden,
Ahcahnem,
Ooreh,
Indahtah,
Wahfeah,
Ooreh,
Appan,
Appan,
Wocah,
Camolo,
Yemchey,
Woh-pany,
Hoe-hate-you,
Ozoomahdecay,
Tongo,
Jingah,
Oneahlahbooh,
Ohchock,
Owah,
Oneoh,
Allah,
Ebatowoo,
Chomny,
Ahmahbah,
Ahtee,
Loezee,
Ozoomorah,
Ahboocoh,
Cooronnoh,
Come-now,
Ahdahleo,
Koonkah,
Ahcookah,
Ahbahcoh,
Kenechee,
Ohtarro,
Alanoo,
Bammeree,
Ohtaloo,
Ahromee,
Ahwokoo,
Ahwoon,
Coogehwoo,
Coolamekah,
Ahnobah,
Ahbahmoree,
Olay,
Achekah,
Bye-more,
Ocoharm,
Ajang,
Soolarm,
Ahtonia,
Oya,
Anee,
Edor,
Shodanoh,
Abeah,
Bassoo,
Ogoona,
Shoney,
Oboodake,
Onkeekah,
Eboo,
Achair,
Ewinnum,
Ochor,
Enderissee,
Egomeh,
Ahjai,
Yahcassee,
Ajarrey,
Effai,
Omahcha,
Yeanonoh,
Apanah,
Ewah,
Emunoh,
Emoh,
Omor,
Onoboh,
Ahwekah,
Eboo,
Morah,
Obootah,
Esah,
Derebah,
Nong,
Enahsoo,
Unwah,
Nugroia,
Adoma,
Arema,
Ahumacha,
Abinda,
Areamo,
Oba,
Inyam,
Rayah,
Unwah,
Nono,
Botrae,
Eboe,
Reyah,
Ewang,
Moh,
Osorng,
Inyam,
Arowah,
Egomacha,
Wanah,
Acochuanah,
Becona,
Abon,
Emboykay,
Nowacha,
Eculacay,
Waneyah,
Emboyray,
Echourah,
Adega,
Elachee,
Anachee,
Oree,
Abadah,
Onroh,
Wyang,
Agbot,
Odot,
Lagey,
Leomee,
Abooddaee,
Annahwah,
Yearsey,
Totto,
Allobo,
Adday,
Achangchoo,
Chacoolah,
Sallow,
Onoodayea,
Oloobaley,
Olomoh,
Beomee,
Ahbojay,
Addwee,
Obalay,
Emboquey,
Aboojay,
Ewheesah,
Collahhoh,
Owalay,
Jahguoh,
Owongwah,
Onnoh,
Acaranghee,
Edoowooseh,
Aboobooroo,
Awoorachee,
Ewamboo,
Emaraboo,
Eworahcah,
Acooracay,
Owah,
Anabechee,
Ayaka,
Oclokay,
Enaweyee,
Echoocaree,
Machucoo,
Acooncha,
Ocooloo,
Madee,
Emba,
Omadee,
Oquinaka,
Dogan,
Etoamee,
Ogoo,
Attazee,
Aclako,
Inchakoo,
Enga,
Ofio,
Essoo,
Acandum,
Oloo,
Elan,
Ennai,
Ennai,
Apan,
Mam,
Elan,
Elan,
Aquan,
Oco,
Aquan,
Evemtoo,
Edem,
Aqua,
Wannimo,
Ofim,
Clafimo,
Eban,
Oconoo,
Weyenoo,
Achee,
Ocon,
Olan,
Ocaw,
Eteeke,
Accaim,
Wanco,
Ekeepey,
Adiney,
Anniwa,
Lanley,
Eboe,
Endooessee,
Eqwallah,
Commohloh,
Ocot,
Galet,
Okemkay,
Ocraffa,
Ohtat,
Ancoh,
Acradot,
Ochor,
Ogada,
Omoh,
Abiegoho,
Moham,
Odomah,
Attam,
Honey,
Ololo,
Ahaka,
Attam,
Onasey,
Emboyeka,
Adomba,
Acheyah,
Nayeh,
Macho,
Embafo,
Emboeray,
Enyah,
Epa,
Anooervey,
Emborey,
Aheyo,
Embafa,
Clo,
Abey,
Olomah,
Akabolong,
Enaye,
Aknonhwah,
Wombah,
Ebonka,
Nahkolay,
Garwaye,
Eboyah,
Ebolay,
Achokoo,
Quoisa,
Ayesey,
Emboykay,
Wonyonka,
Moh,
Leayah,
Ogoh,
Adah,
Malah,
Embako,
Engronhma,
Emboylah,
Eboko,
Emboykee,
Embaka,
Wanah,
Omoh,
Akelmoh,
Lolot,
Omot,
Otooh,
Hahfmocha,
Eyangtah,
Momoah,
Ebaloo,
Onemoday,
Appan,
Epah,
Oda,
Omahhee,
Ezza,
Wahchecoo,
Ahchoah,
Egemafoo,
Woonayayah,
Ocan,
Teco,
Annoo,
Ocora,
Otee,
Asee,
Oday,
Caroo,
Injork,
Ogorgee,
Nawachee,
Ocrafoe,
Ocorogoo,
Acaca,
Onoroe,
Attoo,
Narchecoo,
Narge,
Alegobee,
Ocorocha,
Ewasee,
Ogogoo,
Argoree,
Attoo,
Ettah,
Enoh,
Abee,
Onecha,
Choolay,
Aggay,
Juasay,
Owowanah,
Oboo,
Amenacoo,
Acoolay,
Abanquay,
Acooloo,
Nardagee,
Orroh,
Appan,
Narwee,
Eworhah,
Ocarakay,
Imbah,
Alaboah,
Aquamay,
Intaquoh,
Indobah,
Oyahzonobee,
Oneah,
Egoombah,
Afoo,
Oyarree,
Ocoree,
Ocoree,
Ecanwoondoo,
Anoobay,
Wochaboo,
Ocrafoo,
Yahmoo,
Oboca,
Eguay,
Dem,
Appahpoo,
Aggoobah,
Acacay,
Wahchechoo,
Ahbarroo,
Acalay,
Seoh,
Abbah,
Onoo,
Ogoon,
Todem,
Commorloh,
Ocoroncoh,
Decan,
Ahhacoo,
Aggaim,
Onnahchimbah,
Geecah,
Onnohzia,
Allom,
Eparee,
Oco,
Azzaree,
Offooto,
Checoo,
Ohwahbenee,
Abbahmee,
Acoonoh,
Orroh,
Ahhahmafee,
Ahahgerecah,
Ocole,
Atoo,
Asahgah,
Cotomlay,
Olooyohmee,
Colombah,
Oreah,
Ooday,
Anay,
Chocabay,
Defong,
Narweesee,
Ebay,
Yomobee,
Agohfoh,
Cheemay,
Ocooasay,
Wanquoy,
Ollah,
Onofoe,
Aggocah,
Modeah,
Nagee,
Amomah,
Iebonaem,
Achar,
Odoh,
Appan,
Yahwoloh,
Appan,
Addanae,
Aggacola,
Appabay,
Atooay,
Orroh,
Appan,
Oron,
Mohdeah,
Obooboah,
Owachenee,
Ogannechee,
Oday,
Ocoronko,
Awahnee,
Annozee,
Owoocamah,
Oncaymah,
Esahwooheah,
Laconoh,
Wowoonah,
Ewhooah,
Olooe,
Ecaylah,
Anebayyah,
Abbonoe,
Acanee,
Ohgabee,
Wohgoh,
Ollohhee,
Ahjoegoo,
Hoamoo,
Oloce,
Asayee,
Effomkah,
Abbohmah,
Azayraydoo,
Ahyelamoh,
Azokah,
Ocolee,
Mohpabbee,
Wayzoahcay,
Azeah,
Accan,
Appan,
Olace,
Aecolo,
Agooragayah,
Oreah,
Acoocahboo,
Abbohboh,
Amahbah,
Alleweh,
Cazey,
Inguacay,
Abbo,
Addahgee,
Wahdah,
Evamenornoo,
Warwoogar,
Obarb,
Wahyaygasay,
Olark,
Imbolee,
Hahgowah,
Alleahgah,
Imbacay,
Equahahgoo,
Ologoe,
Imbakay,
Adohahyah,
Imbechee,
Adeahgah,
Agelahcah,
Equaygee,
Onecoo,
Agebegah,
Adeahgah,
Ammoyea,
Acaywooray,
Accomoah,
Tobolloh,
Oowah,
Appowah,
Alemgah,
Adoomoh,
Adeagah,
Manee,
Mooh,
Acaymoh,
Ogommah,
Ohnee,
Obelee,
Affiah,
Addah,
Aleahgah,
Wahgegay,
Mahquah,
Addeahgah,
Mahwhay,
Aleemah,
Accahbonah,
Dewaomoh,
Alowah,
Alleahgah,
Ewah,
Abeahcah,
Adohchoh,
Accomolo,
Ochobee,
Bachecolay,
Quahnah,
Annebay,
Azeemah,
Aggahree,
Ahemaguay,
Aco,
Achamarzoo,
Ocarakay,
Abboh,
Appah,
Abbanee,
Togoo,
Afeemee,
Ahagee,
Owahpah,
Appansee,
Amayyordoo,
Annewohcay,
Carecoree,
Ocarcay,
Ahahpowah,
Obee,
Oppah,
Appaywah,
Ocafoo,
Chelepo,
Acaranhah,
Ohquoh,
Ocaronkoh,
Oparrah,
Abbah,
Acooahwah,
Ocantah,
Enah,
Ocoowah,
Nahdosa,
Amenoo,
Mohyorquay,
Otoe,
Attee,
Ahyenee,
Bahwoday,
Attee,
Attomman,
Ocooyoh,
Abbesee,
Attahbah,
Agoe,
Omahbaie,
Awahnee,
Ietay,
Acahfoh,
Ocoeloh,
Oday,
Achacay,
Akorcheo,
Mahquoh,
Accandem,
Moquoyah,
Yonquah,
Ahgayohchoh,
Ahwahchoh,
Ewoosoo,
Ohzahkah,
Eguayloo,
Imbahfoh,
Acroomah,
Edahpah,
Alloezoe,
Yembay,
Machaday,
Coombalay,
Mallompay,
Tocoloe,
Yomonogae,
Wanaycay,
Accahmah,
Accanabay,
Achanee,
Otooloo,
Imbokay,
Acachoo,
Egogallee,
Anguah,
Addah,
Addeahgah,
Ebahtah,
Emooah,
Annahjoe,
Addoo,
Abboobaloo,
Egahbah,
Toleah,
Enah,
Ecohzah,
Alontah,
Accoyeah,
Alleahgah,
Imbohcah,
Injoemah,
Indabesee,
Inwahdah,
Esahcoe,
Joemahsah,
Grass,
Imbohchoh,
Yemacay,
Aballah,
Wangoah,
Annemahnarree,
Achapowah,
Annohoelee,
Asoromameah,
Affoojooloo,
Karboh,
Armee,
Owonobee,
Chonebey,
Ogue,
Ohah,
Wambaz,
Ogoo,
Inaaygah,
Abbah,
Addoo,
Ganden,
Darocoo,
Gaga,
Asay,
Maroo,
Awahcheeay,
Aworan,
Ogoodaza,
Keya,
Appamno,
Choochamy,
Bylolah,
Baquon,
Alokoo,
Bagee,
Ebah,
Modee,
Combo,
Anserah,
Aloko,
Ogoo,
Azalah,
Ogoo,
Awechah,
Moisah,
Imbahgee,
Esoyah,
Abbam,
Otooanee,
Obammee,
Onodah,
Attomasee,
Doge,
Toot,
Alama,
Ebagah,
Attoma,
Echaworah,
Ohonocah,
Calaahgoolah,
Wanday,
Osomo,
Ahchaya,
Magoom,
Mocholoo,
Bojuah,
Acka,
Onmah,
Achowah,
Allobarah,
Intoka,
Azaye,
Asadey,
Alloowah,
Mahmah,
Fahjocoe,
Akkonkonee,
Abaley,
Ahworay,
Anneahjah,
Annemeah,
Ahchonoe,
Aseekah,
Attee,
Boloe,
Akkoodee,
Awazehay,
Mahkogoo,
Appah,
Aggam,
Mohyoh,
Ogah,
Kayzay,
Emboyday,
Opay,
Ayah,
Abboe,
Oloboe,
Addohgah,
Otee,
Mahhee,
Aneemahlah,
Shittee,
Abasee,
Accoh,
Ogoomoah,
Dieboo,
Accohbay,
Otassee,
Aneekee,
Ajayyabae,
Atookoo,
Onohcoo,
Bohyea,
Ajamahgoo,
Aneyhee,
Amohyee,
Ekayuah,
Ammahday,
Zahkah,
Mohjay,
Obay,
Emah,
Ambaylay,
Oboh,
Nohmacay,
Egeegenah,
Abay,
Ohgohmah,
Azelegnay,
Wanay,
Ohgohmah,
Onohjoe,
Adah,
Ahhankah,
Ahconeegah,
Goseay,
Omagay,
Ahnalay,
Gebelefay,
Tennay,
Tenahdee,
Dowoogee,
Norneeboe,
Oolohzoh,
Oochark,
Oyahzah,
Maneekeret,
Obeeo,
Chakaynah,
Osaymoh,
Wooyahmoh,
Ahyeewoo,
Anayzah,
Abohchoh,
Joe,
Anohwoomee,
Arrohrah,
Okreekah,
Efee,
Menakkatahwo,
Oleahfee,
Mohnepay,
Nontah,
Soomoroe,
Aloo,
Bahcoe,
Anah,
Ahzaygoo,
Ofooayonoo,
Oboo,
Anahmen,
Corecoo,
Oguahgoo,
Kezalmoah,
Ahgeebalee,
Mohjeekay,
Addomahjanee,
Seedee,
Ahyeemotah,
Awah,
Ahmee,
Ingahrah,
Owoonah,
Attay,
Badabay,
Okooloh,
Ocolecoe,
Asaen,
Ammorocoh,
Attoloe,
Menebay,
Azay,
Ammahgahbay,
Ahwoolooboo,
Allahgay,
Ahchacoo,
Chozohcah,
Mahboroe,
Achaee,
Appah,
Ogay,
Ajay,
Alagoo,
Anahcoe,
Ahsayneay,
Ohwohmelay,
Aneeyommee,
Quahmayah,
Ochahyah,
Chedeahkay,
Nowechee,
Narjay,
Ezee,
Adawah,
Mahquah,
Cocamaday,
Ahquohyeecoo,
Quahsah,
Sabbah,
Bahcoe,
Aggohdoh,
Allahbee,
Ochay,
Aggahrah,
Igenee,
Eheree,
Cootannee,
Asayray,
Cootah,
Echoocoo,
Ahmeefay,
Elahyebee,
Aneebee,
Omohpee,
Molah,
Kissenseh,
Oloobollah,
Awoo,
Samornee,
Mayeh,
Ayimbee,
Akkahsah,
Balayee,
Baycoonoo,
Ahjahyee,
Assow,
Beleecah,
Camoo,
Menahlah,
Mobay,
Ammohgea,
Bahkakah,
Abeesah,
Ajem,
Mochawah,
Masawoh,
Abolomee,
Manatem,
Annarray,
Afohmoo,
Ammohheecay,
Cheemoh,
Ayahnah,
Agobahwoh,
Ayammah,
Agoroe,
Wallahdah,
Aboosammoo,
Adeamah,
Ahlooah,
Iday,
Alolot,
Ewahmoh,
Ebalasoo,
Wahbolay,
Imbahfoh,
Ahwoojohbee,
Mahmah,
Ahkeahlah,
Akkelahbee,
Choochekah,
Ojoe,
Dasoomoo,
Aggahwoo,
Enohwoosah,
Odoocheenah,
Tahyeewoo,
Oloomoosee,
Addoo,
Fohcohbay,
Ahwooyamee,
Ogooyamee,
Odoo,
Ogahbee,
Tabbee,
Appahyahday,
Aggahyee,
Quorancah,
Addaycay,
Appahdoe,
Oduaycoh,
Oloofohlah,
Lahgoedee,
Ahyatoe,
Bancohlay,
Ogoodaloo,
Akkezahyah,
Ommohrattah,
Ogoozepay,
Odoofooah,
Ocoroe,
Allahbay,
Akkeepay,
Abbeeseeyah,
Ezahkagee,
Kahyeegay,
Ahjabambay,
Ocoolooee,
Orozahfee,
Ommohneyee,
Fahmoocoo,
Onneecah,
Olooesee,
Oloobahcah,
Dahomcay,
Anneecay,
Addetolee,
Aggohbee,
Oyay,
Bancaloo,
Ocoraytahday,
Abelohlah,
Olojoe,
Echahwah,
Ayahwoe,
Obohpoh,
Yahgaymee,
Lahocoo,
Assahgewoo,
Dafohcay,
Addenkay,
Opopoh,
Bambay,
Oleepaday,
Ajeebahlah,
Afoobaylay,
Becommee,
Molloy,
Ahchay,
Tangwah,
Oneebohcoh,
Afoolahyah,
Odoo,
Romekay,
Oloobahcay,
Boevee,
Huhyahwah,
Jahto,
Quisee,
Allahday,
Ojoe,
Ojoe,
Arooneah,
Ahchohbah,
Charmoo,
Ahchoh,
Fahbee,
Aseejoh,
Ahgeah,
Sandoe,
Cofee,
Olootah,
Ovoodooyoh,
Coocakay,
Ahneeday,
Akkahloe,
Ebaylah,
Ampeetah,
Ochor,
Choboh,
Akkaylah,
Ahjeeah,
Odoomcah,
Ocannoo,
Ocoolagee,
Ahjahyee,
Ewoosee,
Aggahyee,
Obaddenah,
Fahseecah,
Lahyoh,
Ahjeebohtay,
Ammahdoo,
Ahchoh,
Ahjahyee,
Chobee,
Eyeeday,
Seedee,
Bocoh,
Ammoosoo,
Bocoh,
Addaymonoo,
Ohdoolahmee,
Onee,
Fahbee,
Mahmah,
Dowoo,
Oyomorotee,
Ogoobamee,
Ajohsah,
Ahjahyee,
Abbedocoo,
Ogooyamee,
Ochahchollah,
Koodoroe,
Pantah,
Ochobahjoe,
Olooyabee,
Ogoon,
Ahjogah,
Omahzomah,
Bamcollay,
Oyahday,
Ahquahvee,
Ahquahvee,
Dosoowhen,
Bocossee,
Ahhahtobonomee,
Ahzatoo,
Edowoo,
Ahchoo,
Allahbah,
Ocolomee,
Mahyea,
Mahgambee,
Ahchee,
Tahwoo,
Attetahlahpoh,
Okoonahjay,
Ahyeenah,
Mahboroosahgay,
Allahbah,
Dabahboh,
Apportoo,
Ecootammee,
Odeepah,
Ahyeenah,
Yaya,
Mahlahcay,
Afootoocay,
Apportoo,
Agay,
Ahjiay,
Odoosahgah,
Abboboday,
Affoojeeah,
Awoosoo,
Osoopay,
Adoomattoo,
Ahyeenah,
Ayafoomee,
Abbahlah,
Esooloo,
Mohlahyoe,
Afoonahyah,
Jahyolah,
Mohsee,
Egootohlah,
Ohritolah,
Odoogammee,
Aggahyee,
Iyenah,
Morrohkagee,
Ekeedoh,
Oboocasee,
Fahtocoo,
Tyoe,
Dayahday,
Dohoh,
Ayocah,
Awyyee,
Deboya,
Eyeezannah,
Osuegeh,
Osuegeh,
Ochekoo,
Osoo,
Oquomah,
Okuraho,
Onoma,
Ayboh,
Acowna,
Okuroh,
Okoronko,
Wanquo,
Okerekee,
Ashu,
Anenanya,
Opoojah,
Adamanee,
Effayah,
Ezee,
Abaseh,
Ojeeleka,
Weedah,
Indokeh,
Ajelleh,
Okoronko,
Marbah,
Angefoo,
Acomah,
Ereboo,
Ahagee,
Appan,
Ebermeeteh,
Appahbee,
Appan,
Appan,
Oquoh,
Inyah,
Kara,
Udoh,
Eshula,
Inyah,
Appan,
Essueh,
Ekarrah,
Wenneh,
Omodeh,
Inayah,
Indyah,
Oodoh,
Onwagua,
Appan,
Addoing,
Uroh,
Uroh,
Imbowobah,
Ohlohamah,
Neighgo,
Edohomah,
Whynohcah,
Oquahquah,
Woosah,
Ejohmah,
Waykay,
Olocugah,
Anayshe,
Imabah,
Lahhallah,
Ohgeyquay,
Ozahmy,
Opaheah,
Whyamah,
Odomah,
Emahekee,
Mahfore,
Whyahshe,
Whahdah,
Ahdeahgah,
Enahmoh,
Ahcarwoney,
Ohloh,
Ogoloo,
Ahkeybo,
Neohmally,
Amasea,
Nogoo,
Ahwah,
Ahbahsee,
Ahdeahcah,
Oohmo,
Oomah,
Ohdeahcah,
Aomoh,
Ahdeahcah,
Ahdeahcah,
Ahdeahcah,
Ashean,
Ashey,
Ashean,
Atemu,
Ahbasee,
Aowesee,
Ahbahchero,
Bohmo,
Acarray,
Afiebo,
Mandob,
Acaray,
Echochojoe,
Eloe,
Ogo,
Afeam,
Oomoh,
Appan,
Aconoco,
Eheeheeh,
Lawondoh,
Adah,
Appah,
Ocolay,
Ebe,
Ahcahgah,
Abobee,
Mohlah,
Imbe,
Acoroh,
Atoohmah,
Ahdah,
He. born,
Yahcheh,
Heansel,
Abookoonam,
Parker,
Wego,
Enohwegee,
Ahdangah,
Cheandah,
Ebanday,
Mellundo,
Mahchowalay,
Ahquayno,
Ebangah,
Ahbahjah,
I.e.,
Ahbahco,
Appan,
Moh,
Tassee,
Oroh,
Wahnecah,
Manehgo,
Anay,
Mahgo,
Maneseh,
Ahmahloh,
Modeah,
Ooboon,
Ahdeahgah,
Nehbey,
Aomah,
Imbalee,
Enoh,
Opony,
Echonah,
Bohtoh,
Wanchoh,
Soato,
Opong,
Egeay,
Ahdearah,
Wandeah,
Masahloo,
Odo,
Ahbahjew,
Ajay,
Naymay,
Oodeh,
Oomah,
Wahday,
Wahday,
Bocahtah,
Wahlay,
Wahboh,
Je,
Wahloey,
Achosah,
Ohjeahboh,
Aqesay,
Baeay,
Ahdeahgah,
Whjohchah,
Eboo,
Owah,
Bahco,
Whahe,
Oomoh,
Adamah,
Imbolay,
Mohfoh,
Wahfoh,
Wahfoh,
Je,
Bahfore,
Acoowah,
Wahdah,
Yambah,
Ahdeahcah,
Ewoodee,
Ewotoobah,
Whjakay,
Whahday,
Whadah,
Ebaygey,
Ahdeahcah,
Adebee,
Orah,
Loayah,
Osiedee,
Belloo,
Oozopah,
Ayee,
Nioyah,
Okooweera,
Wakachah,
Oquotawokoo,
Akobeerah,
Kamaloh,
Judomah,
Hamaloh,
Ehuzoh,
Wanquo,
Okarintah,
Intiajokoo,
Okochoh,
Ogoodoo,
Atoebo,
Oodeh,
Ooguademo,
Okrargronie,
Jugue,
Oreesha,
Okebo,
Otee,
Ezeelehme,
Erezeo,
Opoh,
Wambako,
Madago,
Ebawaloo,
Agadoo,
Dalee,
Malehee,
Rejai,
Luday,
Bierrey,
Oreekoh,
Etorroo,
Enecheke,
Agimmahfoo,
Ostoobah,
Ahoneme,
Aloochay,
Salloo,
Ahneerree,
Ahkoolah,
Appoo,
Ahpallah,
Koorah,
Agooseemah,
Iyomee,
Oloboo,
Ahnang,
Appah,
Keelie,
Appah,
Awoo,
Oday,
Arkreekah,
Dammahnee,
Otam,
Eshee,
Azay,
Ahongashay,
Ekeh,
Elebeeleh,
Omotemee,
Ekojoh,
Egarrah,
Kotoomee,
Dehdeh,
Onoju,
Oletoo,
Ayongwah,
Quandah,
Echemomey,
Esurah,
Bucheroo,
Luchem,
Omosee,
Imboreh,
Ojommah,
Berasea,
Dumah,
Woyamah,
Ebegeon,
Wagah,
Dekooman,
Mawoneh,
Equebonam,
Bocheko,
Akegoh,
Odoomahgo,
Fish,
Obah,
Leyareh,
Anounghoy,
Equahmah,
Okarree,
Imboh,
Okoo,
Nimpay,
Annekee,
Odayree,
Imbahfoo,
Ahyahnee,
Wahparrah,
Yammahtah,
Eddeh,
Agah,
Emeneekeh,
Orookrah,
Ocochem,
Iseemee,
Ageetobah,
Mannabay,
Ahsaynoo,
Ahdeai,
Maylaynee,
Okoreenohmee,
Ajibalay,
Aloo,
Ludemmee,
Ahpay,
Daugannah,
Ahlemmo,
Koobahjai,
Imbah,
Appah,
Anjabbee,
Colaychee,
Laykaray,
Anoung korree,
Ahlaymah,
Nachay,
Allahcoo,
Imberree,
Wahchucoo,
Aquamah,
Okroh,
Ebarree,
Upattah,
Ezeewahnowah,
Azaykay,
Iyabo,
Indomasee,
Ahchalay,
Abahah,
Aday,
Bahjeybay,
Theboo,
Auchillaway,
Acheam,
Aujarvee,
Ajuddoo,
Coochayroo,
Ajoroo,
Ojooree,
Dahganmah,
Orojah,
Kobahjai,
Ebonaygee,
Otah,
Ahtacko,
Abahroo,
Addobay,
Agiddoo,
Ezeedee,
Appah,
Opoh,
Ahoomp,
Ackah,
Orobo,
Ahdonno,
Bahfong,
Neezane,
Odoo,
Meahco,
Agotye,
Ahbaudy,
Yaseemah,
Isay,
Jobo,
Ahkidebay,
Looborro,
Marry-O,
Mammah,
Jinnoo,
Bargee,
Changoo,
Yaboallay,
Akaychamee,
Elamm,
Imobee,
Ageemah,
Ahseemah,
Ajimmah,
Arquagoo,
Naybomwah,
Bosinneguah,
Wianay,
Enearmah,
Oree,
Majurykay,
Pahmackah,
Jackmokah,
Cheeako,
Nono,
Imbokoh,
Imboray,
Eborekah,
Inguamah,
Imborkoh,
Idoretah,
Quagoo,
Ojay,
Apiazza,
Wiyadesah,
Onehalfhere,
Daybom,
Imbahfoh,
Orsam,
Obadako,
Wahah,
Leboya,
Medeechee,
Onyee,
Wareyeh,
Ahbodo,
Allecoo,
Acheayea,
Abahgoo,
Onjah,
Esherrdah,
Ahcorgoo,
Ahnaybee,
Ahneah,
Jamoboh,
Imoh,
Ohcor,
Coodahjew,
Joworgorno,
Onoo,
Acoolah,
Dannahyah,
Shoedahdah,
Ocoro,
Allahdah,
Ewarwah,
Deohhar,
Omohdoh,
Asign,
Ahbahpah,
Shehor,
Ohcooday,
Doco,
Ahdoocoonoo,
Bahto,
Ahday bay,
Abrew,
Azohkeh,
Ahjoh,
Oleesah,
Ahkoo,
Sarekey,
Bahbey,
Ejohmeher,
Sheamemoh,
Enembee,
Corberwor,
Cosinkah,
Ayeebarbay,
Ahpah,
Ahchornor,
Ahbarree,
Aheemojew,
Oloobah,
Ahjeadoo,
Dahcomee,
Abearrah,
Shearbeh,
Wahkay,
Manysaw,
Mohfeemy,
Annahfeahme,
Ahcombo,
Ahmahtar,
Ogay,
Manysor,
Bobambay,
Maneahwee,
Epahdah,
Wahkay,
Konohboh,
Ohjohmoh,
Lohloree,
Somorrow,
Ohjohmoh,
Limyah,
Ohmahyah,
Ashegah,
Odooahgah,
Jannahtoe,
Nahnandah,
Doonoomahgah,
Oleafoo,
Baneahyea,
Ogodoo,
Oheahdahshe,
Ahnohosack,
Cheahbay,
Ilay,
Dohcoorah,
Yahdehdeh,
Dohgah,
Shedee,
War,
Gahrah,
Ahbeahjah,
Ahpah,
Ahsheagee,
Ohshor,
Ahdogah,
Oleah,
Jogoomehear,
Mahdoo,
Bahgoo,
Banjah,
Orobah,
Gahdoosay,
Ahfah,
Ahfah,
Onebah,
Panjoh,
Coranneah,
Ohmoree,
Ahtowahyah,
Gefogoo,
Alehroh,
Ogoobahjah,
Manibeh,
Ahlocopah,
Sammah,
Ehdohyea,
Kahbyee,
Oleah,
Ahlodee,
Oloobah,
Orohbo,
Ahbahco,
Noobah,
Arohonnee,
Ologoro,
Ologee,
Olooberreh,
Appah,
Ahdogah,
Mahsamoo,
Appah,
Appah,
Echeekah,
Puter-Puter,
Ahtarmah,
Ahpahrah,
Doocondee,
Francisco,
Andresso,
Ammorloo,
Mochee,
Ohdoh,
Mahfah,
Moreahrea,
Ohneah,
Obookoh,
Yahwanney,
Ohneah,
Yarbah,
Money,
Matoobey,
Ahnarah,
Jin too,
Ohnea,
Garbor,
Fammy,
Ohnea,
Ahjimy,
Atea,
Ahpah,
Ahdah,
Mohdooloo,
Ohjohmoh,
Ahdey,
Ahdah,
Ahpay,
Acroroonohnee,
Ageemorh,
Moreay,
Ahearko,
Ahdar,
Equahgoo,
Acomee,
Quahgoo,
Ahdah,
Ohwor,
Ahdah,
Wahkay,
Ahfarmo,
Ahboyahsay,
Ohkooahgoo,
Kaneandah,
Ahdah,
Momooree,
Abeetehmor,
Makaq,
Ahmechea,
Ahbarmee,
Ahmartah,
Ahpahmee,
Wahkay,
Wahmah,
Majoh,
Oowomah,
Ewoko,
Echimbah,
Ocuolay,
Edeeloh,
Orzoh,
Ochookoo,
Ereechee,
Ololorey,
Orroo,
Ekoomago,
Edembah,
Ewocah,
Olah,
Ocolay,
Elegee,
Ololay,
Oodeh,
Agane,
Ogoo,
Ekooroobah,
Indoquobah,
Bettah,
Okoh,
Bocoh,
Aboh,
Cham,
Ekomejah,
Kamenoh,
Erzoh,
Ogoo,
Ocpoh,
Ibocheh,
Okorah,
Adalekah,
Moadeeboh,
Asogoh,
Appan,
Erokenoo,
Imbajemeh,
Ebooawoo,
Kakay,
Ebowooza,
Ebeyzoney,
Edanyeh,
Adeabah,
Wabeecheeko,
Ocoray,
Eweseh,
Juguoh,
Ojee,
Ooroh,
Yamobee,
Makviah,
Ogoo,
Bokeh,
Wangua,
Bookenyeh,
Abajee,
Ohaquay,
Wanancah,
Imbezeh,
Indeecah,
Obarrah,
Obasseh,
Wokachah,
Nineebreechey,
Indoquey,
Iminecee,
Ocoo,
Beequah,
Wallaka,
Annowah,
Barroh,
Ooroh,
Oyahellee,
Toogoodah,
Appan,
Eneke,
Ezeh,
Woquay,
Ayonegoro,
Ogejiwyee,
Avah,
Yapso,
Edee,
Boreh,
Onekeh,
Oodeh,
Incheechnoh,
Omoh,
Dadyoh,
Appan1,
Appan2,
Appan3,
Appan4,
Ocroh,
Abasseh1,
Abesseh2,
Appanah,
Boyankakar,
Canbah,
Annabessay,
Aday,
Beroo,
Appan,
Ewakay,
Akayah,
Mooloo,
Enear,
Allahsoon,
Aquacho,
Nearkak,
Yammadoo,
Allearah,
Aweezah,
Ahkmimah,
Bonofoo,
Adommah,
Ebeachpo,
Uwanyah,
Ezeahmah,
Adoomahgah,
Imbaquoh,
Onyeatoh,
Unquomah,
Embahfoh,
Areemah,
Imboray,
Enahwoochee,
Ogorea,
Imbolay,
Imbahfoh,
Imbohkoh,
Imboquoh,
Ogoom,
Anyahlabay,
Oboorahkah,
Waahdah,
Ahcahadah,
Asintah,
Wooahdah,
Abeeachee,
Elolah,
Akay,
Quahquay,
Ajimanyah,
Inwomah,
Ajigalachee,
Asuamah,
Ewomah,
Nanochee,
Ahheoh,
Addah,
Areeakay,
Menah,
Edowoo,
Ahsalah,
Asaukahboo,
Akamm,
Lolloh,
Ahwosee,
Emborea,
Bahjomah,
Edanwah,
Boquoh,
Anoahfee,
Embakay,
Onyugoo,
Bakay,
Egoahbrokay,
Ajeequarah,
Aquah,
Ugoh,
Anoocugah,
Ahreegodwah,
Wahkah,
Ahkoombah,
Ahyee,
Ahbachee,
Ahmagogee,
Cheemahnokay,
Mazireka,
Lohliamee,
Achowah,
Wahkay,
Oeuahgoo,
Wyonquoh,
Wanguah,
Ewooh,
Abahkasay,
Wajuah,
Woahdah,
Umoh,
Ewah,
Adaagah,
Amoh,
Waahdah,
Aneecheo,
Eduwan,
Akooray,
Efeahwy,
Enyang,
Emoh,
Ewah,
Emahray,
Emoh,
Moyepah,
Afoomee,
Amoocah,
Annoomoso,
Sanebee,
Orroh,
Asay,
Ofeah,
Abee,
Appan,
Harry 'O,
Deaf and Dumb,
Honeayfeah,
Ahcon,
Injahlay,
Odor,
Cobo,
Ocraffo,
Orroh,
Acheon,
Mordea,
Ahgo,
Eneah,
My-Ear,
Appan,
Ahmoosorueah,
Iyee,
Woncoro,
Ohcoronpoh,
Dumb,
Ooroh,
Appan,
Kiekco,
Ahcann,
Oneweoo,
Oneaquallay,
Imbahfoh,
Doomahgor,
Meterany,
Paymewahgah,
Allahwarley,
Waycaulay,
Ahdaukah,
Egahwotoo,
Ezahmah,
Jugallah,
Wahbearallah,
Imbolay,
Mokay,
Iahdoro,
Imbahfore,
Ahkarmah,
Anechay,
Ahdeahcah,
Oomah,
Ahdah,
Ahpohkah,
Ahearcankwoh,
Imbahfoh,
Imbolay,
Yamchay,
Lohlohzah,
Ololo,
Ebouteh,
Ammahwahnoo,
Manne,
Enentah,
Ahdegotah,
Boorech,
Imbahfore,
Aseeconoo,
Imbokay,
Imbokay,
Oomoh,
Aneahooo,
Ahgommoh,
Abommey,
Oboh,
Imbaykay,
Lorloh,
Asoonnah,
Wahdah,
Akayewah,
Ahneahgah,
Odommah,
Ejaylay,
Jain,
Ohdomoh,
Geheh,
Agay,
Oyeanjeh,
Abee,
Aquah,
Ahcaysee,
Agahray,
Ogaylay,
Equaroo,
Imbolay,
Ahpahbey,
Nohnekey,
Ecormah,
Imbolay,
Gallahsir,
Ahlongah,
Ogolee,
Embahcohchar,
Iyahcoe,
Akaywah,
Adeahcah,
Ogeenohuor,
Ezahear,
Imbahfore,
Aboorechor,
Imbohcor,
Ekahloh,
Wootea,
Wahdah,
Oozohmah,
Boganey,
Arrahgah,
Aghbo,
Imbolay,
Ocoro,
Carwannah,
Ohwohseah,
Wogoo,
Ohneahcooray,
Ogoo,
Ohmahsee,
Ohneahcartahsoon,
Acareohnwoo,
Ahfoorootahsee,
Ohwoonehah,
Ohwoomerry,
Carmorloh,
Oneahobee,
Obooah,
Ohlor,
Obeloh,
Ohwoncah,
Dahwoosee,
Major,
Ohwookehmeh,
Ohdo,
Ohneahembe,
Wanotay,
Oquahquesee,
Imbohgah,
Wogoo,
Sorteh,
Ohwoosoronear,
Ecangah,
Mahgeohfore,
Ahmohah,
Oozahtagoo,
Ahneahdecay,
Achoko,
Ohneahdunah,
Ahrocorah,
Erahcoh,
Oneahwebay,
Ohfooday,
Anohcah,
Ocolee,
Oozoombbah,
Gerohgoh,
Ehchendah,
Ohpahtocor,
Mohdoquay,
Ahneahgoh,
Dickay,
Ahmahgewar,
Ohnorhah,
Ahwoh,
Omahgoodoo,
Sarrebokoo,
Ooday,
Ocoree,
Ocomahdoo,
Wohmenee,
Ahjareah,
Ocoraheah,
Oboo,
Ahcartah,
Equay,
Ancahnahchee,
Opahbee,
Ochargah,
Ogwohjee,
Kennehmee,
Omonogoo,
Ohmooteh,
Oneahgee,
Wayyiah  Mahdahutchec,
Ohpanny,
Wonquoh,
Owoedenjaw,
Ocoronquoh,
Apay,
Ageeahhah,
Bahpowah,
Ahkaychee,
Nachay,
Ebodowah,
Oharpahsar,
Erogee,
Oboba,
Ogah,
Ohneah,
Ozasee,
Ahbayemee,
Elayquayasay,
Ocordoh,
Mardemn,
Orodo,
Cartoo,
Impah,
Appar,
Ahday lay,
Mahdeyquay,
Ashean,
Osornoo,
Equay,
Icorbee,
Bahcolo,
Myor,
Erewoodor,
Miraree,
Jewkoo,
Ahjallah,
Ahlamoh,
Jem,
Koonachoo,
Ahbarrah,
Ohchor,
Soko,
Sokolannee,
Ajah,
Ahchainoo,
Ahkorecoo,
Ahnoowah,
Ahmay,
Marmah,
Moroo,
Ahbahjeh,
Ongoh,
Ahwoo,
Ja'ah,
Carmdee,
Nahsam,
Ahpahkoh,
Etowoo,
Carbonah,
Ahfencoo,
Areecootah,
Senoochah,
Ahchekah,
Ahwoloo,
Dayway,
Alneamno,
Unknown,
Botam,
Eleiah,
Ahdahlay,
Wogoh,
Egooranyah,
Imboquoh,
Wahyacha,
Wahdeh,
Imboquoh,
Waheritah,
Inquamumah,
Weyangwah,
Odomah,
Olojah,
Owocheh,
Ogoroh,
Ojelalee,
Emjoowahchebay,
Wadah,
Asekahmameah,
Ereeakah,
Eeyeh,
Bokeh,
Wahmah,
Immah,
Onondee,
Woqnoh,
Somweroh,
Omaquoh,
Wammah,
Wadah,
Saudoh,
Ebelleh,
Ochee,
Hamanoh,
Annoomaneh,
Edemah,
Imbacoh,
Ogoomeh,
Ewanyabee,
Egua,
Wapekeh,
Agehsewanjay,
Ogah,
Imbahfoh,
Ajim,
Asippee,
Enefehmeh,
Lamboh,
Oquenegah,
Awammeh,
Errindee,
Echeme,
Edachee,
Emmada,
Arree,
Erregoo,
Emalecoo,
Eseemojah,
Ebwowoo,
Edebeebee,
Quemeaknah,
Annekie,
Emalajah,
Emeesagah,
Eyawah,
Elongah,
Ogoogoo,
Eboogoo,
Ekinyah,
Otootoo,
Ahmoreh,
Eloobah,
Ebocharay,
Ajocolay,
Manogodo,
Lageleh,
Ebooleneo,
Amanyee,
Elattee,
Achowah,
Ellangeh,
Lammekoo,
Ayoodoh,
Aloleeoh,
Asumon,
Ballee,
Amedehcoo,
Awoo,
Annueh,
Amegueh,
Enebeh,
Egarrah,
Aichoguee,
Biakeh,
Allepoh,
Lonnee,
Ayoomeh,
Aboo,
Ebojekoo,
Enyamorah,
Ennatoh,
Ennuaguah,
Engaawamachah,
Quobarrah,
Oquolee,
Imbuomeh,
Agelah,
Mahdolenoo,
Awhanananno,
Ebon,
Wocoloh,
Ekorojoo,
Bemereweh,
Toodeh,
Echookoo,
Chookonoo,
Lionoh,
Daudeh,
Cayong,
Egwonafong,
Ezoqueenee,
Acraffoh,
Moneyah,
Wemoh,
Enyee,
Emolehmeh,
Moolayay,
Ajomah,
Eyemetoo,
Ayaloh,
Mary,
Ekerree,
Abada,
Wawah,
Echeeka,
Bennennoo,
Ekeseh,
Echookoo,
Indoh,
Echakoo,
Ebarroh,
Etohobah,
Agnomee,
Oweamee,
Echenonee,
Kissy,
Edoovee,
Allookoo,
Assibbee,
Affayee,
Moyewah,
Ebeh,
Ajimma,
Eboocheh,
Angoonese,
Aijaseechee,
Omogang,
Imboekeh,
Erruah,
Debakoo,
Anchookoo,
Enemoo,
Bakah,
Akootee,
Kaomah,
Imboika,
Unknown,
Imbockeh,
Edoobarree,
Edowakoh,
Addah,
Anyomah,
Ahoomakoh,
Imbaffoh,
Imboeleh,
Inyannah,
Akor,
Ambokeh,
Julommah,
Erreahkah,
Boquoh,
Jacko,
Pipa,
Akootovee,
Imbaquoh,
Erah,
Echuwalleh,
Edemba,
Wayanneh,
Martha,
Akawayee,
Makookwah,
Arriagah,
Etseeyeree,
Egulareleroya,
Enchochinayo,
Ayellimoh,
Ahoba,
Yemechee,
Echeneah,
Ebatayeh,
Ohammee,
Treebo,
Eameney,
Waneah,
Agragah,
Acome,
Ardjoo,
Wanyaroo,
Equiboo,
Heychuquiba,
Oomanda,
Atan,
Acamalee,
Alocoo,
Achoocoo,
Bajar,
Bownokoo,
Wankow,
Mangow,
Echobueno,
Chambennair,
Marizae,
Heytoto,
Bonneber,
Azoojo,
Euboongow,
Abon,
Ogo,
Araû,
Acolampho,
Eboo,
Elaley,
Ebelly,
Edogbee,
Afah,
Bondecoo,
Abasin,
Meneebee,
Ebagayee,
Aconda,
Ememy,
Bambay,
Elecholow,
Idoo,
Ebajah,
Amoneypa,
Abarka,
Edoajah,
Oloohay,
Allubelly,
Emonjee,
Amay,
Adobar,
Damagehor,
Atam,
Apayedee,
Ahuley,
Allychay,
Elway,
Aquidogo,
Atae,
Adobekar,
Mooraw,
Atawoolow,
Apam,
Deneoley,
Apan,
Unknown,
Esaw,
Boley,
Acom,
Weyna,
Bobey,
Marywar,
Aconea,
Adar,
Annakey,
Adoomar,
Ucanam,
Abra,
Abonndee,
Agimee,
Annaimochee,
Ochorcoto,
Coonalley,
Agofeama,
Acuita,
Oocoolaca,
Bofoo,
Marie,
Abain,
Amailey,
Deacooloo,
Amobeo,
Soldier,
Omagera,
Farquar,
Kayman,
Adomar,
Seaka,
Anoobee,
Ajoma,
Accooame,
Yamalee,
Marinagua,
Waigu,
Eguama,
Waikee,
Ashakee,
Adam,
Ozoomaka,
Abonar,
Elagaie,
Bomar ,
Jejura or Dojulia,
Oynlei,
Acooba,
Apee,
Amiha,
Achurako,
Eadoomar,
Wanhem,
Nono,
Anum,
Yamdome,
Adar,
Edooway,
Annowan,
Otee,
Bocolega,
Ancoo,
Mow,
Ooma,
Eailakey,
Annaicha,
Mainy,
Unknown,
Apahbee,
Chekomoh,
Wannabumai,
Errcoma,
Jebacco,
Bueyley,
Ketchyaba,
Yemajaw,
Bafoo,
Chdeogo,
Medgewike,
Ambokow,
Elimah,
Bennykee,
Barkow,
Matto,
Adjudsa,
Equibama,
Amnykey,
Ohjulia,
Baddavis,
Ada,
Hermanno,
Oloojomee,
Emailee,
Soto,
Poonnan,
Adar,
Emoewoo,
Emangahe,
Oban,
Etan,
Alloh,
Marsoh,
Papa,
Bangah,
Daway,
Tehpeh,
Masango,
Yahbo,
Epopah,
Yammah,
Young,
Edam,
Basah,
Billah,
Cumbah,
Inguasah,
Ebongee,
Young,
Edee,
Neesang,
Eudee,
Egweu,
Edohcor,
Mowah,
Cam,
Eyemee,
Mocah,
Inchah,
Carw,
Mamboh,
Yamsee,
Inchangah,
Conedee,
Defau,
Bomah,
Combay,
Depandah,
Fabate,
Charkoh,
Equallah,
Auahuah,
Bahquay,
Bannem,
Ingomah,
Acoutoh,
Ekam,
Macarey,
Soombalay,
Emahlo,
Boso,
Macarey,
Ekayah,
Ecor,
Fahcap,
Fengah,
Manem,
Monyon,
Lokay,
Bahwayong,
Tahquay,
Pahcoe,
Jewsoo,
Bahjougah,
Corlay,
Mocorray,
Torquay,
Echambah,
Martoh,
Indee,
Longgah,
Indee,
Carm,
Dee,
Cam-Jim,
Johu-Joe,
Mahcougay,
Pimpbom,
Yamsee,
Fampah,
Ingee,
Ingaye,
Gingah,
Oofou,
Foresee,
Yamsee,
Kademu,
Indow,
Intea,
Indam,
Billarkay,
Young,
Cambah,
Ashow,
Beworeh,
Echo,
Oowahuay,
Dee,
Owahuay,
Oocorkay,
Dimbah,
Esommee,
Laboom,
Sorkoh,
Carmah,
Indee,
Ingang,
Maccaray,
Ewahney,
Bellah,
Yengtay,
Yong,
Indee,
Youngah,
Laboom,
Ahmanahbenneh,
Ingahlay,
Indee,
Oofou,
Yamsee,
Yamsee,
Carboh,
Bellockey,
Day-one,
Ingau,
Mandefou,
Intee,
Camchah,
Myah,
Indee,
Indee,
Indee,
Defon,
Yap,
Abbongee,
Indee,
Manchee,
Loboto,
Abo,
Indeebahyah,
Indee,
Poxy,
Yamsee,
Defou,
Yamsee,
Hewannah,
Indee,
Mahcauguay,
Inguaray,
Ingah,
Ajoe,
Debom,
Foucoou,
Infooau,
Monnckahyah,
Infooau,
Indee,
Elohkah,
Ecootee,
Tecobbah,
Young,
Incope,
Yap,
Mayambahee,
Indah,
Defou,
Ingarray,
Toocah,
Touge,
Deyeboe,
Popah,
Indee,
Equah,
Eyap,
Indee,
Deboom,
Defou,
Sougay,
Ingee,
Imbella,
Defam,
Indee,
Ekam,
Pougoh,
Mamboh,
Madam,
Pougay,
Ajang,
Gahpah,
Jewso,
Sambah,
Fengay,
Sambang,
Lobeh,
Fendee,
Wangah,
Bum,
Sanguay,
Manguah,
Mahsahcoh,
Tinco,
Ejucesoo,
Gorboh,
Mangoh,
Egeeseh,
Mongee,
Yambah,
Pongo,
Pongo,
Esally,
Nappay,
Tahco-ee,
Ingo,
Booyah,
Tarcho,
Epeusor,
Deaf and Dumb,
Go,
Mattambah,
Gangah,
Gorloh,
Bessee,
Sangah,
Booguoh,
Majorray,
Taccoh,
Cocoloe,
Jewsue,
Ingoh,
Inchoh,
Apeusah,
Sheebah,
Bofeenay,
Sengay,
Dos,
Imbongoe,
Tahguay,
Momohyoh,
Toocop,
Jewsoo,
Madeah,
Bofunboe,
Fongee,
Pongo,
Imboe,
Wangah,
Bongo,
Fougim,
Mooseh,
Mamboe,
Etahkay,
Manumis,
Tahquay,
Pongo,
Massangah,
Jewsoo,
Jack,
Bill Williams,
Waypoo,
Goy,
Corlee,
Bye,
Dahquah,
Nahwee,
Daboh,
Freemorrow,
Marfee,
Pohpah,
Far,
Do,
Pandeh,
Dobah,
Viah,
Morworo,
Collee,
Doro,
Bengah,
Cordee,
Wohiervor,
Wheh,
Daquah,
Zeh,
Doreh,
Damee,
Fah,
Oyamaboo,
Collee,
Bendah,
Becan,
Carree,
Gorh,
Geahloh,
Dohfo,
Dayquee,
Mahso,
Gehmeh,
Coyeh,
Sakah,
Marsah,
Blear E.,
Pehyon,
Quaynoh,
Blahguay,
Bohyo,
Quetoh,
Sainjee,
Yadahquey,
Sayquah,
Quaynoh,
Queahboh,
Dobee,
Sahbalay,
Mahpoh,
Sahdeah,
Kafu E.,
Marsornee,
Basay,
Kafu_E.,
Somee,
Narhuo,
Tehueh,
Zeenah,
Sarhdeah,
Kahh,
Yehpeh,
Bowoorah,
Yebohday,
Gyah,
Buyah,
Naweh,
Kehah,
Honoh,
Koree,
Nya,
Fahmah,
Sesay,
Okoko,
Aicolong,
Kerekie,
Bowah,
Karee,
Sayree,
Koyee,
Narfee,
Suckkoh,
Baee,
Komba,
Seree,
Peh,
Cottao,
Nyaya,
Serree,
Ingoah,
Gerreh,
Bwalleh,
Iffo,
Condo,
Massa,
Serree,
Sesseh,
Quomba,
Ballah,
Ya,
Serree,
Pangee,
Gueh,
Logoy,
Tambah,
Indammah,
Injay,
Sesseh,
Jaiworo,
Wyeh,
Farra,
Yapoo,
Siree,
Minna,
Sesseh,
Cobadeh,
Fammah,
Foreh,
Doboh,
Seseh,
Toh,
Dumara,
Attamba,
Collee,
Yabanda,
Sando,
Cotoh,
Mehyeeneh,
Ezeenah,
Sangwo,
Nieweh,
Baray,
Zoboo,
Toomah,
Teefah,
Fyeah,
Guessee,
Byeoh,
Etoazena,
Bumah,
Joe,
Fye,
Coloo,
Demoh,
Quah,
Tewah,
Daytay,
Cah,
Nono,
Eahdea,
Gedah,
Debay,
Conah,
Hongeah,
Joah,
Myeah,
Toahmah,
Dah,
Jallah,
Coneah,
Boloo,
Codoo,
Ebeley,
Ocorakay,
Lohlayzay,
Ololee,
Bohjagee,
Obonahgay,
Oboodenday,
Cahdogoh,
Ahaloloo,
Acayboo,
Adaviah,
Esoboe,
Pahpah,
Edoh,
Odoh,
Elleye,
Inguah,
Otoyah,
Oneahcoree,
Olooah,
Emohhah,
Olohfeah,
Alohloh,
Abbeahhonoo,
Eshane,
Appan,
Orroh,
Appan,
Omohray,
Omohray,
Ocoe,
Appan,
Orroh,
Appan,
Abbahsee,
Offiah,
Abamboh,
Omoh,
Pambah,
Eloh,
Ebowoleh,
Ejoh,
Callahbee,
Ammahlah,
Angola,
Ogoo,
Mahdoo,
Esohcoh,
Ogah,
Assahmoh,
Addebay,
Anohchoh,
Otochah,
Opohwoe,
Owohcohchah,
Acalahgay,
Allochee,
Mohdaycon,
Ogam,
Ocolee,
Ochahgo,
Etoocooloo,
Ocoree,
Appan,
Appan,
Appanoloo,
Orroh,
Mohcoh,
Orroh,
Appan,
Appan,
Appan,
Bosatah,
Appan,
Equaykay,
Imbah,
Omoh,
Ozannoh,
Appahdeah,
Orroom,
Impowollah,
Attohquarahhewah,
Appan,
Moh,
Appan,
Morlay,
Accronkoh,
Ebahyah,
Seebay,
Orroh,
Oleesah,
Indebesee,
Clekey,
More,
Omolekoe,
Ekoloh,
Yean,
Indonay,
Orroh,
Orroh,
Orroh,
Eseemah,
Abboh,
Aneegoo,
Appan,
Abbah,
Epoyah,
Ocoroh,
Abbaloo,
Omoh,
Becoh,
Appah,
Appan,
Atoowooloh,
Injahlah,
Goneeboe,
Conahconah,
Becamay,
Inguah,
Alogoo,
Nohcah,
Wahyam,
Decah,
Olah,
Morgue,
Nay,
Ohwobolacay,
Annookay,
Apaley,
Imbah,
Oyah,
Aisay,
Mahloarkah,
Abbahlah,
Accomeloh,
Pahmah,
Beseedah,
Ocolakay,
Bowah,
Jewmasah,
Ahjayloo,
Azay,
Ewochah,
Ewoh,
Mohjah,
Ecolahkah,
Adoesay,
Oyah,
Beahleseebohbolom,
Ebbaynim,
Ohwoocah,
Anayseem,
Enayseem,
Annoeloo,
Mahdaygay,
Wankoh,
Asowekay,
Annoh,
Aggah,
Bonnoh,
Desogoo,
Ayaboo,
Mattam,
Ogahkam,
Ocoronco,
Ocoronquoh,
Egayah,
Quahloh,
Ajeeorgah,
Bonoewah,
Aday,
Addohgah,
Ingoe,
Mahlah,
Inserrew,
Yebaymay,
Unknown,
Agoo,
Equaygoo,
Wahmaam,
Imbolay,
Ahwahchah,
Wahyochee,
Imbahcah,
Imbahfoh,
Onodoloo,
Codeah,
Imbakay,
Wahbebay,
Osah,
Imbahfoh,
Imbahyoh,
Emah,
Oyayne,
Mogan,
Allohcoh,
Gingolahcah,
Oballee,
Etim,
Ogoe,
Mahfoh,
Ohdowang,
Aseay,
Agboh,
Imbahtar,
Banzar,
Omoh,
Omoh,
Achangah,
Aboccoh,
Owang,
Ahquahbay,
Ecpoe,
Acandemn,
Aleahgah,
Adeahhah,
Emoh,
Adeahhah,
Omoh,
Omoh,
Adeahhah,
Abboe,
Elah,
Imbolay,
Bocahlay,
Wannaysay,
Essahloe,
Imbokay,
Elah,
Labesowah,
Areenay,
Imbolay,
Nebby,
Ocah,
Kahgolee,
Addah,
Egocoo,
Wahyee,
Edemn,
Ommoh,
Imbakay,
Wannahquay,
Abaloo,
Wahbahjah,
Akoo,
Oboo,
Attam,
Indogah,
Bottoe,
Oday,
Accoomahdoo,
Match,
Ebomahvah,
Bahhah,
Geegay,
Ekaysoo,
Imbohkay,
Galahmah,
Olookoo,
Epay,
Geebay,
Ayambolah,
Obaim,
Amogah,
Assene,
Attahcoe,
Apattee,
Appan,
Appan,
Asin,
Pahnoloo,
Eyan,
Pahwoloe,
Eyan,
Enahwoe,
Pap,
Appan,
Orroh,
Eyan,
Orroh,
Eyan,
Kahmahnoo,
Esseetay,
Anoh,
Wanaysem,
Oojahmah,
Icaree,
Omahnah,
Ingalafaleh,
Osaybenah,
Olahwah,
Wahdaygoo,
Wahjee,
Acodayboo,
Ocarakay,
Ocarakay,
Owahtor,
Zoomahlay,
Annachoo,
Chemollay,
Addah,
Ebooahcah,
Adoobahgoo,
Guay,
Onnohyah,
Akaguahnah,
Quahmah,
Boukoh,
Egahzoo,
Osarrah,
Imbahfoh,
Inchahyam,
Azee,
Addayson,
Nettey,
Sahwoochay,
Nohloh,
Addaygoo,
Yahbolowah,
Immocoe,
Bandah,
Addah,
Dondah,
Imbolay,
Ammarlay,
Abbahcaray,
Carlarsee,
Wan,
Tabahlay,
Carlahsee,
Whycholoy,
Akkahnanee,
Addah,
Wandah,
Abelome,
Moyallar,
Holah,
Arkay,
Nemoocoo,
Abboe,
Olaytee,
Ahjaywah,
Imbahfoh,
Egayree,
Imbaycay,
Oguoy,
Etoo,
Imbahfoh,
Ajeenay,
Byaffoh,
Tamaggah,
Imbaffoh,
Bamboe,
Imbay,
Bandah,
Imbilekam,
Lahfoomdee,
Imbilekam,
Young,
Ahcarshe,
Apooloowah,
Jom,
Quahwah,
Mohyah,
Mongo,
Imancorn,
Tammahbay,
Ocone,
Monday,
Monquah,
Ocoree,
Ayoh,
Endom,
Nogom,
Indam,
Momo,
Toongoo,
Kangay,
Young,
Sangyoh,
Affech,
Wahyah,
Mondah,
Egbeh,
Imborakam,
Imbay,
Eshean,
Ahyoe,
Aifim,
Alaymah,
Yamahtar,
Ahyoh,
Opanay,
Omoh,
Towoloh,
Abboe,
Onnoh,
Ollohjah,
Odemn,
Ahyou,
Kengah,
Kottee,
Laconquah,
Owedoe,
Ohnohfon,
Aicbain,
Orroh,
Imdarb,
Whapper,
Taccay,
Mahfoh,
Oofam,
Imbay,
Onoh,
Otoo,
Wammah,
Afeaim,
Alaychar,
Ballacah,
Apay,
Ocolee,
Awah,
Chacoe,
Awah,
Ajoh,
Ewaim,
Ocon,
Afim,
Ofan,
Defon ,
Ocone,
Enay,
Masahbay,
Echerenchay,
Assoochor,
Ocone,
Ocone,
Atemenah,
Ayonchah,
Afeleemah,
Atier,
Chindah,
Defon,
Kambay,
Keggay,
Benchah,
Besong,
Assoo,
Ogah,
Karbay,
Boteah,
Asoo,
Ewhy,
Lafah,
Sengbay,
Chendah,
Eghallah,
Mango,
Tangalay,
Tahfohbah,
Tarwoe,
Gansbah,
Tarcoe,
Omantah,
Mondah,
Mochonchu,
Tenbor,
Sorb,
Imbah,
Omahlikee,
Barfolee,
Mopah,
Battoo,
Egah,
Ingah,
Manckay,
Mokallee,
Akoomah,
Chooyah,
Equah,
Yamalee,
Oomahroo,
Chendah,
Oyap,
Mayan,
Echim,
Bahfonnah,
Warchee,
Bebah,
Mahbay,
Oseebah,
Defon,
Ocolee,
Fassa,
Moh,
Aipan,
Achpovee,
Asean,
Moah,
Attah,
Oyaree,
Taccoo,
Okoo,
Oboe,
Ononoe,
Oneohleolaboe,
Bahyamboe,
Satamboo,
Anoh,
Ahwhy,
Asane,
Yammayloh,
Oboe,
Attah,
Opoh,
Omoh,
Omoh,
Imbahfoh,
Asane,
Kagah,
Mahkingloh,
Wancoray,
Faimbee,
Tootoo,
Emoh,
Gobbah,
Ecommoh,
Mahfah,
Akkahnam,
Orroh,
Obebeah,
Gesseh,
Bigsah,
Agahwah,
Imbahfoh,
Ahwoh,
Noppah,
Gombay,
Wambay,
Booloo ,
Orroh,
Belofoh,
Ayah,
Mandefong,
Ahsooahchah,
Oosheam,
Ofoe,
Bondah,
Mohsoe,
Echindah,
Bootee,
Macharles,
Olahquay,
Imbay,
Eyah,
Tabboh,
Imbay,
Defon,
Tansee,
Omohtor,
Epor,
Manahmowoe,
Tahlaysoh,
Songay,
Lonshee,
Ocolee,
Guarnah,
Young,
Imbay,
Torbah,
Dakay,
Ademn,
Owoh,
Fengoe,
Cheefoh,
Mahpah,
Imbay,
Ohdadap,
Fomah,
Abbeahyannce,
Mondah,
Akong,
Oloom,
Chabay,
Anay,
Connohmah,
Ingah,
Nahmahwah,
Batteree,
Abay,
Formongay,
Anay,
Assooahchah,
Efon,
Assooahchah,
Fargay,
Eyon,
Mondee,
Ingah,
Tattoo,
Padagah,
Awahnah,
Nohchay,
Assoo,
Tabboo,
Ammohkeelee,
Eitim,
Anoh,
Ahyo,
Akoroh,
Yamchoo,
Tindah,
Endefong,
Imbay,
Ekeetar,
Jorpay,
Aram,
Jarboo,
Enay,
Imbay,
Inguah,
Infah,
Epah,
Imban,
Onoh,
Besoh,
Chandah,
Imbay,
Har,
Cheegah,
Onnoh,
Tasay,
Onnoh,
Fancoro,
Quahlaymay,
Demijohn,
Attam,
Affeon,
Mamay,
Jayquay,
Inyahwosoe,
Attah,
Ooquah,
Atah,
Abbahsee,
Orroh,
Ingobadee,
Omoh,
Gonguoh,
Candemn,
Inyah,
Maffee,
Manjayloo,
Mangossh,
Fahtab,
Goffoh,
Wahfoh,
Besoh,
Gable,
Chamfay,
Etoo,
Fahquay,
Besong,
Abbahshee,
Abbashee,
Gossoh,
Abee,
Ahyo,
Sappah,
Onnoh,
Ebang,
Asanayea,
Ofioh,
Onoh,
Ootah,
Aroh,
Acandemn,
Acandemn,
Ahdeahgar,
Inguah,
Atah,
Omoh,
Mahdeah,
Bongobeah,
Whahye,
Goombah,
Addeahgah,
Tabbee,
Iborm,
Imbahfo,
Damah,
Tanjoe,
Ahyoe,
Masembay,
Choochooay,
Bigsah,
Whahcheebay,
Ahyo,
Imbahfoh,
Taccoe,
Apahmah,
Ataccah,
Mahyee,
Meondo,
Eyee,
Phiem,
Sabboh,
Gessey,
Bakooloo,
Guahboe,
Tarbay,
Apaywah,
Bagar,
Tollee,
Inchor,
Gessay,
Imbahfoh,
Nebbah,
Marfoh,
Eshoonkah,
Abbahshee,
Imbahfoh,
Moofoh,
Incho,
Cheeboh,
Appan,
Garfoocoo,
Unknown,
Unknown,
Wanyow,
Accomafelay,
Annohhaheah,
Tasseah,
Oboo,
Faimboo,
Cheeboh,
Ogoo,
Ecromahday,
Ebockoo,
Eshorahkah,
Ayahfannah,
Adooam,
Woedoo,
Osoo,
Mahdegonnah,
Amaycooah,
Ohwoosoozoomay,
Bahgay,
Menahquay,
Abahgoe,
Allayeah,
Ogoo,
Ocanavoo,
Mahmeloe,
Ewohmay,
Inkoomay,
Agreemeedoo,
Marwooloh,
Ekay,
Wanchoh,
Akaygeray,
Akayboe,
Abbahsahcoolay,
Omoh,
Annoloah,
Ocoh,
Alenter,
Camwah,
Ahchahnemahnayah,
Orroh,
Amahnah,
Ocoronkoh,
Ocolee,
Appan,
Apphahbee,
Akay,
Ogoo,
Appandeah,
Omoh,
Omoh,
Asin,
Obeaypay,
Orrohorohbassee,
Ebeletam,
Abbahsee,
Ewahmah,
Appahnacoz,
Abahsee,
Omoh,
Appan,
Eguay,
Akay,
Appan,
Imborekay,
I Ocolee,
Enoh,
Wahcheekoo,
Ookah,
Ocolee,
Ayamley,
Sembah,
Mahdayquay,
Eyang,
Appah,
Oneahcoolay,
Bomah,
Wanay-foo,
Cammahnoo,
Ahwoekay,
Obokaylay,
Appan,
Appahboe,
Otooroo,
Onnohchah,
Monneo,
Ahcahnoo,
Addoo,
Andemn,
Wahtay,
Ocolee,
Assoh,
Wocorboh,
Omoh,
Etootah,
Labella,
Wochoh,
Etohmah,
Santoccoh,
Oogoorabache,
Esseh,
Ecaywoo,
Asay,
Akaylay,
Asane,
Epahbay,
Ahdaywoosay,
Ewahhah,
Ayenocah,
Ointah,
Alooayyoh,
Ambahroe,
Edeahoonoo,
Yabbah,
Okoronco,
Deahcoh,
Aggah,
Ebeam,
Woogoo,
Attaycoo,
Ekaygahcoh,
Solemboe,
Anneemoh,
Boedah,
Ekayawoo,
Achowaynem,
Orroom,
Abbahlah,
Odeeyah,
Ahgah,
Ahjeebohlah,
Baloe,
Moonoogoo,
Akay,
Aboh,
Wohchohchoh,
Bohwoocah,
Seoboo,
Assee,
Mamrah,
Assah,
Tahgayday,
Hamdo,
Soommoh,
Chaneemee,
Ootonnoh,
Ebokay,
Ochoochoo,
Beleymah,
O Parkee,
Geelahgah,
Ooshah,
Onochoo,
Namahchah,
Ocoe,
Nahwoeyoe,
Ohdoeday,
Ocolee,
Appan,
Onnohhah,
Byekey,
Osohboe,
Oyagenah,
Ayahsoe,
Ahwoedoo,
Ayahsoh,
Bocooloo,
Bahchah,
Yongoh,
Elahboh,
Kahkoo,
Odooay,
Yerohcah,
Yembee,
Accraffoh,
Oloogoe,
Camlay,
Chookoo,
Oday,
Ochorbah,
Oogargoh,
Onnahdoooe,
Osoroobah,
Okartam,
Azarhah,
Okorochah,
Eyohgoe,
Obee,
Okorokoh,
Akaray kay,
Orroh,
Wordeah,
Oyeeboe,
Ogoo,
Obahbayme,
Kabahyee,
Olokovee,
Ogham,
Lalayyee,
Oongoo,
Towooroh,
Onnochee,
Oggay,
Imbolay,
Eboe,
Banawoe,
Oyah,
Imbolay,
Akaratee,
Appay,
Ohnoegoo,
Bahnoecay,
Imbelekar,
Mosaysay,
Ocolay,
Apo,
Orroh,
Omoh,
Abbahgah,
Attam,
Ogah,
Abbahsee,
Obebee,
Ammahnobee,
Ohkoom,
Eheecoolah,
Omolohloh,
Akaybenechay,
Okeegay,
Awinname,
Calaboh,
Osoeboe,
Ingoar,
Osoor,
Okorekay,
Attam,
Addeahgah,
Orroh,
Dinsoo,
Ommohya,
Abbeah,
Addeah,
Injormah,
Ofenayyah,
Ooday,
Ebahkannah,
Obonnoh,
Attah,
Elahjah,
Imbolay,
Ebahkah,
Imbahfoh,
Ogah,
Ogoo,
Imbacay,
Ogarram,
Narbiah,
Oomohwhen,
Acandemn,
Etooane,
Yeanah,
Addeahgah,
Ammooay,
Addeahgah,
Oomoh,
Omohcooah,
Attam,
Attam,
Attam,
Akoo,
Adeyee,
Onnohchoo,
Imbolee,
Wahdah,
Haneenay,
Annoo,
Imbahfoh,
Oopabay,
Ochahboo,
Wangoh,
Adimmah,
Chakannahnah,
Addah,
Ossoo,
Oddommah,
Ejeinbeh,
Imboray,
Adimmah,
Owooconcoe,
Ocorobay,
Eyee,
Amboh,
Imbakay,
Okoe,
Wahleeloo,
Warkah,
Guahmah,
Bontay,
Imbahfore,
Ogaylay,
Wahdeah,
Ahyeahgah,
Oowah,
Addeahgah,
Wahyorchah,
Ochochah,
Bohmah,
Innahnoe,
Oneahnahnahchee,
Boyakay,
Abbochay,
Oleahnahnahchee,
Wahyoro,
Oyeahkar,
Akokoo,
Mahkolom,
Ahahdarahoo,
Apay,
Aleagah,
Akokoo,
Attam,
Imbahfoh,
Emoh,
Abageree,
Abahcha,
Ayah,
Ayam,
Acpan,
Oseerakay,
Camalloo,
Acpan,
Cahsooba,
Alahkar,
Unknown,
Azanah,
Tagbah,
Moh,
Acpan,
Osaim,
Ocolee,
Acpan,
Oongook,
Ockpoh,
Okanofoh,
Okoronchoh,
Wohaff,
Abokoh,
Okoree,
Acahboh,
Eyongo,
Awoonah,
Acanafoh,
Okenekay,
Imboh,
Attam,
Acha,
Ahoonah,
Ajigpoh,
Achahoonah,
Abboo,
Belebah,
Oloo,
Ochah,
Ocolee,
Moneeboh,
Okorokoh,
Wahnechee,
Indowesee,
Indowesee,
Rohchin,
Accobalay,
Wanchoh,
Bammoo,
Akay,
Agee,
Abodo,
Eganahno,
Ahdooa,
Cammahnoo,
Emay,
Sedomah,
Ejineh,
Ahdomah,
Alay,
Mah Munee,
Imbakay,
Oguagah,
Imboquoh,
Mongoh,
Chemelay,
Imbakay,
Lahbayjay,
Lisahbambee,
Ogoh,
Mogalleh,
Ahdohah,
Imbakay,
Wonachee,
Morondo,
Ezambah,
Ageekara,
Awonamee,
Wanyochee,
Osooamah,
Abargah,
Wanyohnoo,
Imbolay,
Wanyogo,
Owasoo,
Bokoh,
Adooamah,
Imbolay,
Buchechinoo,
Wanyakoo,
Woodoh,
Egoomah,
Imbokoh,
Wanyeaka,
Imbakay,
Imbahfo,
Imbolay,
Wohbea,
Sidamah,
Wenentah,
Ahdeah,
Ahdah,
Ahboh,
Addah,
Wachay,
Onogootah,
Wambokah,
Imbakay,
Awah,
Ahkoonay,
Wanyonko,
Okanoo,
Amah,
Attam,
Unknown,
Ogoroh,
Indefore,
Imbahfore,
Addah,
Kandemn,
Deahgar,
Wandah,
Wahyochee,
Intano,
Banday,
Addeahgar,
Ogoe,
Ogalay,
Imbolee,
Obahchah,
Imbakay,
Obahchee,
Abbah,
Ogoo,
Inyah,
Ahcowah,
Addeahhah,
Ingolah,
Morkah,
Nahmindo,
Echean,
Appan,
Oomoh,
Otone,
Cobooeh,
Mah,
Ohkonkon,
Opong,
Jogoboh,
Ocoree,
Opannoh,
Wanguo,
Wanorno,
Neawah,
Oyeanahnah,
Ahyeeboo,
Wanyon,
Okah,
Onapahda,
Teedo,
Ajunafoo,
Ogah,
Indaynay,
Cheeboo,
Navoo,
Moh,
Ebonsoh,
Emahsee,
Wahchoochoo,
Enarmar,
Alooworoh,
Jokoo,
Wahhoh,
Maminee,
Obeelah,
Oyamis,
Okoorah,
Chookoo,
Awoodoo,
Ojoogee,
Echunmee,
Ogee,
Odo,
Onobeahyee,
Otahzoo,
Azeh,
Ogoo,
Ogoo,
Omohgannah,
Okoroh,
Inkoloh,
Okolekoo,
Emaza,
Obochamee,
Monecon,
Monecon,
Acandemn,
Morocoh,
Wequay,
Minekay,
Wooahhah,
Wahnodoo,
Wocorow,
Lawoah,
Wohdoo,
Ogooahnah,
Onunegoo,
Wokookoo,
Woolah,
Okoray,
Amayanguah,
Wocochah,
Wokoo,
Anohnokay,
Onayboo,
Ezaquay,
Alakay,
Amoh,
Amoh,
Namichoo,
Agifoh,
Alamah,
Ahsee,
Mohwah,
Allalay,
Oquarroh,
Emmeyang,
Ahfiah,
Amoh,
Ohgoo,
Egang,
Womeny,
Okonynoh,
Onokoh,
Onoroh,
Aboyoung,
Mokoo,
Okoree,
Emoray,
Mohoshean,
Anwoh,
Wahbaworoh,
Okoo,
Cheek,
Wahkoo,
Obeyelo,
Wanquoh,
Wohohfo,
Wanguoh,
Wokoroh,
Elogoreen,
Ogoo,
Ezee,
Moh,
Adeahah,
Oday,
Oboh,
Alakay,
Moh,
Ejokoo,
Okoroh,
Indebecee,
Cocha,
Kanlean,
Wahnlah,
Kanlah,
Karanko,
Anegoh,
Woquoh,
Ogongoh,
Obonah,
Ogoo,
Okarekay,
Womboh,
Eromohyo,
Dungarmoh,
Tuwopah,
Adeah,
Cobagah,
Olugbay,
Fahgee,
Bahyudah,
Ogoo,
Lewoh,
Manahda,
Bagbame,
Bagbame,
Amjah,
Dakaloo,
Anaboo,
Asanjoh,
Ebo,
Azanoo,
Osai,
Egboo,
Oboo,
Ogoolay,
Oneaguoray,
Okoronko,
Adoo,
Moakoo,
Echacha,
Okoroncho,
Otton,
Cheemay,
Abookay,
Abookay,
Azay,
Aday,
Oloo,
Chahmahnoo,
Ahkoogoo,
Appahbee,
Norkay,
Alogozoe,
Ahweahnah,
Unknown,
Awoongah,
Abboh,
Sareahdah,
Addam,
Unknown,
Etennay,
Appan,
Ohsooarboo,
Attam,
Attam,
Orroh,
Ewoohah,
Imbahlay,
Marmanachoo,
Orroh,
Inguahmah,
Addoh,
Wanyomah,
Ahdeoroo,
Addoh,
Emoh,
Mahlehoo,
Akepoe,
Codea,
Neabahchee,
Ahdeahgah,
Akepoe,
Akongwoh,
Unoah,
Adangah,
Wahyambah,
Inguamah,
Guamah,
Mahkoo,
Ogodoom,
Apavee,
Kenqonz,
Onmah,
Oogonyay,
Okomoh,
Addoh,
Ohenachee,
Wahkakoo,
Okachookoo,
Ahbo,
Aheedoo,
Ahyee,
Obonnoh,
Ocheeakay,
Onomah,
Imbakay,
Obee,
Abasee,
Wanyafoh,
Odeahkah,
Mahwodee,
Soloh,
Gegeenee,
Ogumey,
Okahgoo,
Okomah,
Elolah,
Wanyochah,
Loloh,
Wahbachah,
Omakoroom,
Indomoah,
Otam,
Imboquoh,
Imbolay,
Otam,
Omahdah,
Ahbah,
Edoomah,
Woochakoo,
Worahdomah,
Imboquoh,
Ekoroo,
Abuagoh,
Inkuahku,
Inyaboom,
Oginnoh,
Wanyohoma,
Baday,
Imbakay,
Appah,
Imbole,
Ambochah,
Abarkah,
Elohloh,
Adeahgar,
Appan,
Cammahnoo,
Okoronko,
Moahkoo,
Abay,
Chookoo,
Nahkooroo,
Okoree,
Okarafoo,
Okahnafo,
Ugohloo,
Okenekay,
Warangoh,
Ebayuah,
Nantah,
Tandah,
Namcha,
Wanquoh,
Dumb,
Ayee,
Osontoh,
Oonoh,
Ebasima,
Amissa,
Okoronkoh,
Guarloe,
Ofooaloo,
Norkay,
Omnoh,
Ohsooya,
Eboe,
Wankoh,
Orneoh,
Epoe,
Abboo,
Cassah,
Enay,
Whahchookoo,
Wahchookoo,
Okoo,
Appah,
Cheekah,
Okarkoe,
Attam,
Echarko,
Attam,
Ogarmoh,
Ojurguah,
Oganday,
Ogboo,
Anadoh,
Wanyeadoo,
Imbolay,
Wahkakay,
Annekay,
Onomah,
Akinabee,
Wanyakay,
Nwanyiobi/Wanyobee,
Okongwah,
Oday,
Imbahfore,
Imboynoh,
Oksovolay,
Imbakay,
Inyoquatto,
Oseeamah,
Wanyokay,
Areahgah,
Imbahfore,
Asseboo,
Imbahfore,
Imbahfore,
Aummah,
Acammah,
Adeemoh,
Adeelanoo,
Ebonoh,
Ebadoh,
Appah,
Imbakay,
Achoh,
Afooakah,
Imbolay,
Imbahfore,
Indocogee,
Indahmay,
Addah,
Imbolay,
Appah,
Alazee,
Obondoh,
Eshomah,
Anekay,
Anah,
Ibback,
Majay,
Amisomo,
Ohogray,
Otam,
Imbolay,
Anwah,
Imbokay,
Inguamah,
Mabroo,
Adoomah,
Wanyaka,
Imbakay,
Chuamah,
Abroyea,
Amucha,
Affomoo,
Adualah,
Ackoom,
Gooalama,
Agamah,
Yoawah,
Ajudowara,
Attam,
Allolo,
Addoh,
Gahwahyee,
Bahkar,
Imbakay,
Naim,
Sallahkoe,
Gaysay,
Indemn,
Unknown,
Beyeloh,
Ebele,
Wasekay,
Imbolay,
Akkahdoe,
Anmanachee,
Attam,
Ahfon,
Uwah,
Lugarmdee,
Oloboe,
Ocoeyah,
Wahchachah,
Ocheah,
Adoboe,
Appan,
Appahbee,
Appannah,
Ogayhahlahloh,
Yomochee,
Ebahrosoo,
Oconyahbah,
Jamahcah,
Wandoroe,
Shebohgay,
Etay,
Ewang,
Injookor,
Okonguoh,
Appahbee,
Onnohhah,
Ogoo,
Ohwoochah,
Weckay,
Workoroe,
Oyah,
Oyah,
Orohfeah,
Appan,
Opah,
Opah,
Telechep,
Bosiee,
Orgee,
Barnakay,
Pandah,
Apporto,
Eboboe,
Ajoenor,
Imbolay,
Annoh,
Awasoowah,
Nabahyagee,
Ogaray,
Cheeohmah,
Egacaray,
Nakay,
Unknown,
Omoh,
Annemarkay,
Camgoe,
Abboobah,
Morkoh,
Whaham,
Bohcoh,
Akangah,
Bohcoh,
Imbolee,
Acandemn,
Alahcahmah,
Eyan,
Eya,
Imbakay,
Imbohcoe,
Addah,
Ahyee,
Ayunyah,
Inguahmah,
Imbolay,
Odeah,
Mahdah,
Annahmah,
Bohquoh,
Nakay,
Equahmah,
Oleah,
Anoosoh,
Nettey,
Attahcheray,
Imbakay,
Ayee,
Adoomah,
Addomodoo,
Bolahcah,
Martha,
Hemmee,
Annahhah,
Ewemnahchoh,
Akkam,
Semmeh,
Oyeesee,
Opommah,
Alloekay,
Equay,
Asay,
Browlay,
Abbeohyar,
Bowachay,
Anaykeewee,
Akaysoombah,
Bakkay,
Akaykay,
Orroh,
Odayray,
Appan,
Akkardah,
Adoomeyee,
Abenn,
Abee,
Nanting,
Echah,
Abbeagah,
Iyem,
Orroh,
Eteefeah,
Orroh,
Bahhah,
Omohlay,
Orroh,
Allen,
Ocolay,
Ahponay,
Asohonny,
Apalagay,
Alegay,
Choloo,
Gomaygrees,
Mobahlay,
Orroh,
Appan,
Apayyoh,
Orroh,
Orroh,
Omoh,
Orohroh,
Appan,
Appan,
Appan,
Orroh,
Ammahcoodah,
Addoboh,
Ogoodoo,
Ochoe,
Indow,
Gahweegee,
Abbahyoe,
Soonday,
Ahchohfay,
Essang,
Onoomoday,
Essang,
Essowwoo,
Bagbay,
Attay,
Onabay,
Ollohwoodoo,
Ochoo,
Achay,
Caywah,
Ogoomee,
Imboloe,
Wahchookoo,
Cammahdoo,
Doeamer,
Echahkonee,
Ocoronkoh,
Ocoronfoh,
Kannaykay,
Onnohcohdonoboo,
Ocraffoh,
Obeeroh,
Allay,
Osoedommah,
Ocoonah,
Essay,
Esahgay,
Ayeenah,
Mohboh,
Nagoowah,
Namenaychay,
Wahdaraykay,
Omoh,
Ocraffoh,
Ocahrow,
Eyennay,
Ocoronkoe,
Makkie,
Abbay,
Abbahdow,
Bohahhah,
Boahnah,
Cheequanday,
Seewoh,
Ogah,
Ocraffoh,
Accanday,
Appanbeo,
We,
Abboe,
Mohchen,
Osoo,
Waebahram,
Ocolee,
Mahdaycay,
Essay,
Appan,
Allohkah,
Appahkah,
Ocaray,
Okoronkoh,
Lahpoowah,
Mahdahgoe,
Ahchoh,
Aboogannah,
Okayray,
Apakay,
Wahchookoo,
Appah,
Bahlee,
Baisay,
Oosaykah,
Morlah,
Odoh,
Ollah,
Obooloo,
Nattee,
Unknown,
Oneaycooray,
Popoe,
Ochomah,
Bahbookay,
Mohmah,
Edahmee,
Ahjeemaylay,
Okoobomme,
Dahkaiy,
Assahyee,
Attahsee,
Oovoomee,
Akkahbay,
Dolof,
Oowah,
Oyeahlesalay,
Ogayney,
Akkohmaychoo,
Oneahforay,
Arjokoh,
Appohbay,
Echeemah,
Elayboo,
Orroh,
Elayboo,
Ottohtoh,
Oogoo,
Oozahbakkah,
Ahjeeboboo,
Dahgolloh,
Oloe,
Ahlee,
Ahgoovah,
Adaymahnee,
Zaykoodoe,
Abbay,
Ahgeedee,
Tahjeu,
Malaybee,
Oodohfay,
Ochah,
Mayseenee,
Nabellah,
Moosah,
Orrohwoh,
Ocoolayghe,
Odoobahlah,
Addegohza,
Okaysoo,
Aggeelah,
Ogoogeay,
Ooloh,
Aloody,
Imboh,
Bohjahmah,
Imbakay,
Oyeammoh,
Commah,
Imbakay,
Azimmah,
Imbahfoh,
Eguahmah,
Arimmah,
Ajohmah,
Ahyohchah,
Wahkeeboh,
Sahmah,
Oyajelley,
Chaybee,
Esoeme,
Addah,
Boowalay,
Bohcoh,
Edah,
Akee,
Akaylay,
Oseekong,
Pammee,
Imbolay,
Oodeesay,
Ahyee,
Omoh,
Inyah,
Inyah,
Eteemoo,
Edahnah,
Jalloh,
Ahzeenah,
Ammahyah,
Omoh,
Ommah,
Gammah,
Abboe,
Ahjoemah,
Omahdah,
Ajeejah,
Ahjee,
Addohgah,
Obee,
Mambahoah,
Annahyon,
Imbakay,
Ooday,
Ecormah,
Esaysay,
Osoemah,
Immachay,
Imbolay,
Ommary,
Glassee,
Whachay,
Imbolee,
Oogee,
Ahyeewah,
Odorobboh,
Allahwah,
Wahnamahnee,
Alooah,
Omahsomoe,
Ommahgeemo,
Assoh,
Accohbin,
Ossaim,
Orroh,
Wahvoh,
Apoe,
Ezaymay,
Indaykay,
Ackquah,
Okoe,
Yamcoh,
Ogahgay,
Oosohkay,
Alee,
Mandoh,
Echookoo,
Olookoo,
Oday,
Wonnoh,
Ahfaray,
Mohcah,
Ocalay,
Akay,
Oncoh,
Equay,
Esee,
Akkronkoh,
Jahgoo,
Kooeboh,
Agoo,
Olojoe,
Obahjem,
Ogoobah,
Ahwojeu,
Laboe,
Osah,
Hadoh,
Ohzoonooroo,
Nemahchee,
Efayboe,
Eyaybarroo,
Mahdohcoh,
Appan,
Edeohmah,
Ooparay,
Geelay-boe,
Eseegoom,
Appan,
Edeohmah,
Yagbayyahnoh,
Abboesheme,
Attam,
Kakah,
Oleohquay,
Oocoe,
Attam,
Abbecoo,
Allongee,
Onnahnee,
Mohlay,
Ingoh,
Addoh,
Abboe,
Imbahfoh,
Wancooray,
Abboe,
Esahnoh,
Afooh,
Allahmah,
Abbahdie,
Addahchay,
Whytoroe,
Whahyochoh,
Imbokay,
Whahchookoo,
Maddeahbootah,
Guamah,
Imbokay,
Imbolay,
Mahcoo,
Nammah,
Imbolay,
Imbahfoh,
Yondoh,
Wandah,
Imbakay,
Oseeahooh,
Wahkaraboe,
Wamboh,
Ogoo,
Cheekoo,
Anneekakkamkaray,
Anneakay,
Aleemah,
Imbolay,
Agoolohnee,
Ebahnah,
Wahbomah,
Ahyee,
Oporoo,
Imbolay,
Onnohmah,
Imbahfoh,
Ahye,
Odahray,
Imbahfoh,
Echahloh,
Ahye,
Imbakay,
Ahyahcoh,
Imbakay,
Imbolay,
Baymoosoo,
Alloe,
Unknown,
Abboloo,
Orroh,
Owoncoe,
Wanboe,
Ookay,
Wacon,
Ammahchay,
Icsyagay,
Anaywoo,
Imbakay,
Oogahboo,
Imbolay,
Abaim,
Chedokah,
Indokah,
Ojoe,
Oganoobee,
Chikoo,
Wanquo,
Onoah,
Onirdeque,
Ahahoo,
Indokah,
Okeboo,
Oramoo,
Onoah,
Asongwah,
Wanquo,
Anibokoo,
Akalemi,
Mogee,
Woh,
Abajeh,
Anoeboo,
Onofoo,
Euongwah,
Oboo,
Okoronko,
Akloonoo,
Madeebeeka,
Okodoo,
Deem,
Ewoh,
Ogomah,
Ogoo,
Kaman,
Oqur,
Oowah,
Annakanda,
Ooh,
Olongwoh,
Ollah,
Kekoo,
Obajeh,
Accanda,
Alleegoo,
Yalleehoh,
Bee,
Willekee,
Alleyomee,
Onegee,
Omenewah,
Seedee,
Obanoobeh,
Ogooshadeh,
Adeegah,
Wooreemah,
Noowongah,
Essar,
Oobasseh,
Mamio,
Odee,
Anneebeeree,
Otchee,
Wonnah,
Appoologee,
Indobeechee,
Isokoo,
Akkekoah,
Wograkoh,
Egelleh,
Ejebomo,
Amatta,
Okuesee,
Abornee,
Boannah,
Amejee,
Alloochoo,
Wannoroo,
Ezeeokoo,
Oniemoo,
Obeeloo,
Odoh,
Ezabeh,
Olloh,
Opah,
Moobiloh,
Okoo,
Ekereke,
Woque,
Appah,
Aboh,
Ahog,
Gibbemawoh,
Ottoh,
Egenneh,
Onyocha,
Amechee,
Nabochee,
Kadea,
Natchee,
Agooboshoo,
Ongkikeh,
Olloh,
Ogarrah,
Ayang,
Moah,
Esuoh,
Henoah,
Acocha,
Aroquoi,
Madowoh,
Acarah,
Sigittai,
Coodelee,
Neachee,
Ewooah,
Alloogee,
Ahcoo,
Ahjocoo,
Saemah,
Amoifinee,
Abachee,
Amoocha,
Loobieh,
Benoo,
Doosee,
Ahwooroo,
Ahbann,
Serlee,
Amohdee,
Gogumboh,
Ahyee,
Dahcoo,
Manahcoo,
Esea,
Ahbichee,
Kahform,
Deesah,
Mohahcoo,
Echaee,
Adogah,
Jahcoo,
Jawoh,
Ajecohee,
Jecambee,
Jecoolee,
Coodajoh,
Marechah,
Acoomanee,
Attaguay,
Baloo,
Ihetoo,
Acooramee,
Anopay,
Attamah,
Charah,
Anoogah,
Allatah,
Attooah,
Oreesah,
Enoosoquato,
Osietee,
Paloocoo,
Omoloo,
Ogoo,
Amogeeh,
Wanquo,
Namkah,
Ogoo,
Eziemee,
Obohdamah,
Oozoobee,
Corleah,
Nentah,
Wabeeneedah,
Wanadoo,
Amadah,
Danoo,
Wachoo,
Akoonakoh,
Jenny,
Imbahfoh,
Ayoh,
Enneekee,
Ookachah,
Equabahtah,
Adayboe,
Dahcoe,
Seekoo,
Danifah,
Aboochee,
Adam,
Ochoh,
Oloojue,
Bogang,
Ahtaykoo,
Ahdahcay,
Oreechar,
Adiny,
Oyah,
Appah,
Allahsah,
Asayee,
Okoalay,
Ahtacoo,
Ahnoolay,
Ahsayee,
Ahloolah,
Koosargah,
Ahjahcoonce,
Waykoh,
Ahtay,
Anneymie,
Igabooah,
Appah,
Toworoh,
Ingangboo,
Ebay,
Appah,
Ebayamay,
Okoalay,
Ahlabansee,
Alabasam,
Okany,
Ahtooboo,
Okoalay,
Okaranko,
Obeeaynang,
Jeebee,
Langah,
Namereegee,
Onwroh,
Esaim,
Ahcambeo,
Adee,
Akony,
Oshoo,
Afahcoo,
Monquoh,
Mahdee,
Ojeelee,
Afoohjookoo,
Ojille,
Ahbootoo,
Coronquoh,
Olooquonquoh,
Oncoolafoh,
Fahjumwah,
Amcoh,
Nahtoo,
Jackoo,
Ahhahbee,
Ajee,
Karchee,
Ahgoowang,
Aseeanoo,
Lahloo,
Koolay,
Yahgbah,
Olokay,
Ohgoolayang,
Anlayey,
Wanbaray,
Ahnasoo,
Olee,
Wangchee,
Angamnah,
Ahmahwang,
Ahbee,
Owogoo,
Imborcoo,
Imbolay,
Ahkarmee,
Imbahcoe,
Oloo,
Oleehayee,
Etahcoo,
Echahlinque,
Bojahanah,
Okortanee,
Omahdah,
Ohwanajee,
Omongyang,
Ohmoalay,
Ahbahjue,
Hyenah,
Imbokay,
Jebee,
Imbohoh,
Decamoh,
Bakay,
Onee,
Senachoo,
Ahcayee,
Baguoh,
Ahdah,
Loochoe,
Oloojoe,
Otonan,
Looloo,
Adosoo,
Echoo,
Taam,
Agboh,
Ahnoocoo,
Eyah,
Anachee,
Attahlah,
Ianwoo,
Ahbecoo,
Menjoh,
Amachay,
Wear,
Bahmy,
Ambittah,
Moomoo,
Josee,
Booyah,
Owoodeh,
Odecah,
Odoomajah,
Dooagoo,
Doolamay,
Shahwooloo,
Choomaday,
Pahgemee,
Colahnah,
Oshaw,
Odoo,
Ahdoogoolay,
Cooloo,
Beocoo,
Ahbeantoo,
Lohcongoh,
Ahbejahcoo,
Jewseh,
Allapokee,
Allahfeemee,
Alleocoo,
Ochoo,
Allee,
Aloocootah,
Mahmah,
Ahcah,
Ohchoh,
Cancoo,
Sahvee,
Allahday,
Ollahnea,
Assoomah,
Lahhahmoo,
Ahkeeashah,
Odoo,
Edowoo,
Ahkeeosee,
Hyena,
Ameebacah,
Abahjadee,
Effahmoocoo,
Ochoo,
Aguanah,
Ahbeebah,
Athaneo,
Alloobaineja,
Ahcooloo,
Ahjai,
Onoo,
Ahshu,
Ahgoodeah,
Ahdeloojoo,
Dubrocoo,
Obootoosee,
Opooloo,
Ahdeebee,
Allahbeentah,
Akeendelah,
Ahjoobahday,
Ahkeabeh,
Ohshoo,
Olnofeenee,
Allahneo,
Ahgummoea,
Allesheenah,
Ahshanee,
Ahbetooah,
Cahcrasha,
Addefallah,
Addoo,
Ahrahshoah,
Ahjahee,
Alloowotah,
Alloquay,
Allooguah,
Ahjahee,
Ogooahgee,
Bahchecah,
Ahgoolahdey,
Lohteemee,
Ahdoobah,
Tahbee,
Tahayonah,
Ohcho,
Owobah,
Mahchoo,
Ahjeewoodoo,
Alloogoo,
Baytoday,
Ogoo,
Fahdoomay,
Ahbany,
Jahloo,
Allahbooyee,
Oltoomayee,
Acoolahya,
Boy-Jack,
Boyejoh,
Assee,
Ayumogoo,
Alloobay_yee,
Booroh,
Onsholoh,
Onoocoomee,
Ahmodee,
Tahmoyee,
Mahmah,
Bangballah,
Icheenah,
Assuambee,
Assagee,
Ajai,
Allomanah,
Attarah,
Allooloo,
Elahamoh,
Abesahnoo,
Arroocaha,
Abenenjee,
Ahboocombee,
Allaquah,
Pahjeeboo,
Samemee,
Boocoo,
Ojoo,
Ahneejen,
Assooquah,
Madoonoo,
Ahdelahquo,
Lyamee,
Roytomee,
Ahday,
Ahkayah,
Ahdoobayah,
Ahdoomahday,
Bayaroh,
Ojoo,
Achebay,
Annee,
Omahbody,
Allahnee,
Ogoo,
Poinee,
Ahcoondahyee,
Adday-yee,
Lahmegoo,
Ahdaywoonee,
Chalansee,
Chocoloo,
Ogooshee,
Choday,
Ochoo,
Omoosoo,
Fashenah,
Owosahenda,
Botefu,
Ocha,
Synedee,
Sahnees,
Ogoocucah,
Jindoo,
Owahlee,
Adeefang,
Ahyonboosha,
Onnee,
Samcoo,
Ogoojobee,
Ahquahoboo,
Ahdeyon,
Ahshoo,
Ahgobarrah,
Edowoo,
Mahjamee,
Owoahree,
Oshah,
Iyahdee,
Ageebahdee,
Amahdoo,
Soomah,
Ogoo,
Asheeloo,
Sahloohoo,
Loahtoo,
Ahjooshelee,
John,
Jack Smoke,
Boy Will,
Boy Joe,
Joe,
Boy Will,
Allooahcoo,
Yeah,
Akkeejorbee,
Ogeacoolay,
Ohzooneeday,
Addeyahnoo,
Alleebah,
Ohchoo,
Iyahchohboe,
Arohzohyee,
Ochochoolor,
Addemootee,
Ahjie,
Jonllah,
Daddah,
Moosoo,
Loolee,
Jibboh,
Damoeh,
Jabbee,
Jenoh,
Saim,
Noocoo,
Adoo,
Amoochee,
Fahboodah,
Oshar,
Salah,
Hoomoyah,
Ahdoo,
Amookay,
Onyboh,
Ahpoh,
Ogoo,
Atifa,
Afiola,
Odoo,
Abyehmy,
Asueidy,
Afoodidey,
Aquidah,
Laletah,
Afatoh,
Afisho,
Abooh,
Alodellay,
Elloofah,
Abooh,
Degaloh,
Abeallah,
Adoh,
Ahjaih,
Unech,
Ahjaih,
Ambosey,
Ullojey,
Mackalay,
Alchamey,
Hyena,
Ehwhey,
Effoobey mey,
Ateysee,
Adong,
Afisaih,
Sarahlaleh,
Myahmey,
Babamesah,
Ibykeh,
Atalamey,
Sabatah,
Famolokah,
Tench,
Asmaday,
Aswoadey,
Mowha,
Asoolee,
Ahmoolor,
Amoyay,
Yameyley,
Falunkah,
Agoobahmee,
Ahmallay,
Esoobeeye,
Oreesah,
Janjopay,
Allabah,
Fahsologah,
Ongeoh,
Adannee,
Obahlahlah,
Ohray,
Addoonso,
Ojoc,
Ologoo,
Moroo,
Attoadeh,
Onnesartoo,
Ramelacoo,
Ahjai,
Bambahlah,
Eroesah,
Alayteelay,
Ohshoo,
Aroerechah,
Chahgoowardee,
Mahbahnabay,
Ahraymee,
Adoo,
Ohsong,
Arrow,
Obahsah,
Orochahnepee,
Obcaycoo,
Ahgay,
Quehch,
Ogoopah,
Ochoomarroe,
Beochoo,
Ochoh,
Betoeyar,
Odoogah,
Dahdah,
Olliway,
Ewooallah,
Eyeesallay,
Cooyah,
Ommohdanmee,
Fahtecoo,
Orraybahjew,
Akkebelay,
Lahlohtoh,
Faychootoh,
Ahyeenor,
Abeohlah,
Jongohnoh,
Ommohtenabay,
Awootobee,
Ohgah,
Fahboe,
Fahtahkee,
Manahsahrah,
Oloobaya,
Assay,
Yakem,
Addoch,
Ohmohwhyee,
Ohbaybay,
Ohshow,
Ehabay,
Ohpay,
Oglee,
Ohdayboomee,
Feloecoe,
Mohlaneboh,
Bahjahhee,
Ochoomooyee,
Ochoi,
Bahmejocoe,
Addahgah,
Ammoosoo,
Acheah,
Ahjie,
Arrooroo,
Aloohoekoo,
Alaywoo,
Oresahtoo,
Dayseenoh,
Fahlohtah,
Majuah,
Odoodoo,
Oshor,
Mahjabee,
Olayee,
Attanah,
Oshor,
Obooamee,
Ahjahnee,
Ahgra,
Badfoh,
Oroondai,
Jamcah,
Oshor,
Ojoe,
Oshor,
Ahjai,
Ahboo,
Asmokey,
Ayenah,
Ayenah,
Bhwhoo,
Ayenah,
Dadah,
Doahdey,
Okoronoohah,
Motolah,
Achdooah,
Lackendah,
Arrakeh,
Amriky,
Hoey-yeh,
Ahjaih,
Heyenah,
Fadunkah,
Lisacalley,
Ahdehsoo,
Equiwho,
Asehlah,
Tamalah,
Gamaenah,
Chatu,
Asuahmee,
Mackah,
Desselah,
Keynah,
Foodoobeh,
Ewhomeh,
Effolagah,
Talawho,
Elookoneur,
Dowho,
Lisalomah,
Ayeenah,
Adebeseh,
Majambeh,
Yajaboh,
Abooah,
Okopolayae,
Oloegooday,
Fahhee,
Obee,
Ogah,
Ohsofoocay,
Ahyaray,
Olojae,
Seahahloo,
Ahwooshebee,
Olojae,
Mahdalay,
Hyenow,
Abromee,
Malahkay,
Sadee,
Osheamee,
Ahjun,
Yahnoo,
Addalay,
Falee,
Asahtoo,
Mumatoo,
Banyjaih,
Dohoo,
Olangee,
Coopalyee,
Ingee,
Gande,
Misswahan,
Aloompah,
Infonee,
Ecam,
Monsoo,
Ahwan,
Echewawah,
Defon,
Somee,
Rosa,
John,
Sebor,
Lowasah,
Macock,
Owah,
Indefo,
Indefo,
Indefo,
Acayo,
Nasson,
Defon,
Defon,
Defon,
Owahso,
Semoh,
Vapoh,
Francisco,
Indee,
Madeboh,
Monamonga,
Abasse,
Vanga,
Detayong,
Omoh,
Boketteh,
Yamse,
Chikoo,
Oknole,
Fitifite,
Yes Sir,
Defon,
Manuelle,
Decam,
Morengo,
Ebah,
Lolong,
Enoo,
Abahtook,
Bash,
Beloh,
Ahsoo,
Choko,
Byah,
Enquah,
Comcom,
Bobbahyoa,
Embahwaya,
Boh,
Besah,
Defon,
Indee,
Eoangoree,
Awam,
Awan,
Awan,
Yamchee,
Indee,
Indee,
Aseo,
Mahcollamange,
Indee,
Ocalandee,
Inyain,
Indee,
Incanjo,
Embarlo,
Ingee,
Mekemah,
Ecam,
Mamyam,
Endaday,
Eyour,
Defon,
Defon,
Yamsec,
Decovey,
Incomere,
Defon,
Defon,
Fobex,
Ahben,
Indee,
Uqansee,
Ingolay,
Laycome,
Indee,
Lincelong,
Efonekay,
Defon,
Indee,
Congo,
Egando,
Indepon,
Defon,
Defon,
Mongo,
Efon,
Indee,
Indee,
Indee,
Defomoyah,
Ellah,
Soonah,
Lacomba,
Indee,
Ingadee,
Awan,
Indee,
Indee,
Omdee,
Sonah,
Gando,
Defon,
Indee,
Inyam,
Youg,
Eyong,
Eyoug,
Ewafoo,
Defah,
Yamasee,
Yamasee,
Ocolah,
Indee,
Eyono,
Mendefoo,
Comen,
Indee,
Indee,
Eowo,
Ewanah,
Ewannah,
Defoh,
Mongbuasa,
Mondea,
Doh,
Wahwah,
Billah,
Enganoo,
Ocah,
Leafoo,
Yamase,
Showah,
Mahlongo,
Yango,
Mango,
Fangay,
Manday,
Londogah,
Kiyah,
Mandaga,
Mangon,
Sango,
Efoo,
Indosoo,
Inahgum,
Sammah,
Tahquay,
Edosoo,
Ejonah,
Intobah,
Mango,
Inchango,
Inahpongo,
Eyombah,
Mahgum,
Mamborah,
Infokon,
Mahgum,
Ejongah,
Mahgum,
Enahcah,
Efoo,
Mango,
Inyah,
Mondaye,
Enguahtah,
Amquay,
Fahbokay,
Boocah,
Eudah,
Yangone,
Audah,
Ahsha,
Onondoroh,
Yangone,
Gooshoo,
Tomah,
Onsha,
Mambah,
Wattapee,
Jangro,
Tetamboh,
Chetombango,
Mondah,
Tonquah,
Lampoh,
Same,
Gobala,
Enganquah,
Bomqua,
Moahchafoola,
Omahla,
Moangan,
Boucane,
Monqua,
Sambah,
Mamgoo,
Manteah,
Osoongah,
Foncoh,
Moncoh,
Fompah,
Mofany,
Comeco,
Come one,
Conenone,
Mache,
Imboh,
Oyolong,
Newmahso,
Cwnbe,
Mahsong,
Entwa,
Obangah,
Muncang,
Bumbalah,
Bellarkey,
Adjagoo,
Ahchachu,
Olleh,
Ollumelah,
Cheodu,
Chogobee,
Ahkeyolah,
Ahcosee,
Brimah,
Affoda,
Assoo,
Salloo,
Ochoh,
Keboh,
Egee,
Ojoe,
Odoolaney,
Akukaroo,
Ojoe,
Ahsavee,
Hyena,
Kellibah,
Lumahday,
Ohdear,
Ocoloo,
Olooshuah,
Lahlameh,
Ahkeyamee,
Daybyjoe,
Ahbedogoo,
Ahkillee,
Goloose,
Boyooney,
Edowoo,
Doowoo,
Esson,
Ingeshe,
Ahkeyonloo,
Lahdebee,
Fallahdeh,
Amsay,
Oyomassa,
Lahbah,
Ojomeyah,
Oyoojoe,
Ahajee,
Ahfaseecoo,
Mahkoo,
Fahfodo,
Shodokoo,
Lahkumbo,
Ahkittee,
Fyedeh,
Fyomee,
Showoo,
Ahbuyomee,
Teomeeloo,
Fylna,
Obooyomee,
Ideoboo,
Jeloo,
Hyena,
Edowoo,
Futto,
Anco,
Edoo,
Ogoobeah,
Akeeboyeh,
Ojoo,
Asmole,
Shokah,
Shomefoo,
Edeeleesoo,
Okeeloh,
Adehoosee,
Ogoo,
Egeh,
Chokeh,
Ebokoo,
Ojeh,
Jemsec,
Akaleh,
Akeeoomee,
Olosha,
Akeolah,
Ojoe,
Ottekoo,
Guomoh,
Reguamee,
Allee,
Amolarrah,
Ayeton,
Adetoobehlee,
Kolcho,
Eseebah,
Odoo,
Ebodoo,
Alefong,
Amooshoo,
Hyenah,
Ogoobidee,
Ojnoyah,
Oshoai,
Efagutebeb,
Allahdah,
Abedehee,
Ojoe,
Fatokeh,
Egeh,
Akeegolah,
Odoomcoo,
Amoree,
Alehshee,
Alloroo,
Olokoondeh,
Ocoodgwee,
Faleogo,
Hyenah,
Lahdadee,
Oyamee,
Ajedo,
Odoobe,
Allowalay,
Ojoe,
Oyademe,
Ochan,
Sadeah,
Ahjano,
Ochan,
Efahjei,
Odocouree,
Sobioko,
Fahllalla,
Oday,
Ocoolee,
Ojoe,
Saguanee,
Soldier,
Hyenah,
Eboo,
Yoro,
Dolahjalle,
Ahelagay,
Ochan,
Ochopamee,
Ochou,
Oloo,
Ojae,
Odoboo,
Ahjeka,
Mahmo,
Ojoe,
Oemojoe,
Ojae,
Maimoh,
Mallahkay,
Dayahwoe,
Ahdaygoo,
Tywoe,
Anbohseh,
Allahtah,
Metilarjan,
Iyorlarlah,
Moneyapay,
Lunlehkoo,
Cobahlahpay,
Bejoh,
Lahohtoh,
Fahjalloh,
Ahkarey,
Ehfooehtoo,
Agoo,
Hyenah,
Yeanoome,
Annecaray,
Ojehahkoo,
Bamjocko,
Egay,
Ohuahpajeu,
Ehfooniekay,
Ahjye,
Ahjye,
Moneyapay,
Ehkeytoh,
Hyenah,
Toowahgoo,
Ahbaygee,
Ahgeekeh,
Hyenah,
Ahmahjohlah,
Sio,
Ahjye,
Ahshartoo,
Egay,
Iyamoo,
Charnomee,
Ogooyeh,
Fahbelleh,
Moneapay,
Ahdayoosee,
Coosea,
Ejohmah,
Ehwooes,
Iyonkey,
Ehrashoh,
Elohre,
Ohshohway,
Bambehsee,
Bambay,
Hyenah,
Tiewoe,
Hyenah,
Oloocohtah,
Majihyoh,
Shyomee,
Yeamesea,
Ogoonoome,
Moneyohlah,
Morohlah,
Duddah,
Cobundolah,
Effodeh,
Ahpooah,
Assottoo,
Ahbaba,
Ewillo,
Icoo,
Omahyea,
Mullah,
Kuhrohyea,
Fahsheo,
Fahshelajoe,
Iyuhwo,
Edowoo,
Iyemoh,
Popowoo,
Edooroo,
Onahmafor,
Ahlahbah,
Ahjai,
Hyena,
Tuhmasha,
Ohchutuhlah,
Ahjoieh,
Megahmoah,
Yeanee,
Luhfooloo,
Mohcashe,
Coshe,
Bosha,
Ahnahwoshe,
Ahmahlahddea,
Caletoo,
Tattoshe,
Mahlo,
Ahbashee,
Hyenah,
Asasay,
Ashou,
Odoo,
Afeeteday,
Boshacolly,
Mosome,
Fahjobee,
Ahjobee,
Ahbahlo,
Ondarrah,
Dungunnah,
Ahshadeh,
Bumbusha,
Essawoo,
Adjoe,
Chuncaloo,
Allah,
Poopoo,
Ahleahlee,
Attee,
Ahsho,
Taddalay,
Hyelah,
Ohshaloo,
Fassee,
Ahshah,
Quahquah,
Allecoo,
Ahfahdege,
Asshe,
Edowoo,
Omshuwo,
Ahbacke,
Moretee,
Luhcumpo,
Ojoe,
Ohesha,
Sahohmee,
Ojoe,
Sahlahwo,
Nosomea,
Osho,
Ogooshamee,
Ohsroh,
Duhkee,
Fahkaya,
Cahwoo,
Fahtaday,
Sooleh,
Ohwahlooah,
Juhdoo,
Ollooqualah,
Ahsoomogoo,
Ojoe,
Odoomasoo,
Toogusha,
Ohbahmoo,
Ahlayday,
Chubamwah,
Odobutta,
Ollatoo,
Tahteleh,
Uloogadoo,
Unobah,
Ahbachee,
Fahbooloo,
Okeejee,
Obbougnah,
Ohshoh,
Chabequah,
Oboomatee,
Olookela,
Fahtookee,
Ollojoe,
Ahsobah,
Aroolah,
Yeadahlo,
Oyutemah,
Mowo,
Chodee,
Ahwoosha,
Ahchoya,
Lookahja,
Ahkeahlah,
Ocoomahlee,
Ahfattoyee,
Eujahboo,
Ohchoh,
Ahjai,
Ahbah,
Ahkeomee,
Ochoh,
Ahdeloe,
Ahchamoo,
Otooyanee,
Elleddoya,
Codahosee,
Elleshe,
Mahshawo,
Lovchaya,
Mahlukela,
Fahlooboo,
Ahdemadee,
Ahkahjah,
Ejacoo,
Ogoojabee,
Oleeahcoo,
Ocho,
Oshabattuya,
Ahcuney,
Marry,
Johndame,
Ahkillayee,
Duhbah,
Noshah,
Dudage,
Ohpunahyec,
Luhdedee,
Osho,
Dishoo,
Ahkealee,
Hyenah,
Ahdetor,
Hyenah,
Agookiyah,
Ochan,
Ogoobee,
Attay,
Afahlogo,
Ahbogonee,
Ochan,
Bosanee,
Ahlasa,
Edowoo,
Olalawoo,
Apoome,
Olagoula,
Odoo,
Ochan,
Aye,
Allah,
Mutullah,
Osha,
Eahpah,
Dayconkee,
Allah,
Iyea,
Hyenah,
Wahmahday,
Ogoolahtay,
Vonvee,
Bubayonoyo,
Lahlahwoo,
Omoloo,
Leolah,
Fattomoh,
Ahjah,
Ahbahmooyah,
Osobooya,
Asso,
Olloosambabee,
Bamboseh,
Effoolahdey,
Orrojoe,
Aboopallala,
Ahbuyupapeo,
Tenoahday,
Emanchah,
Ebbah,
Fahduoro,
Essoducah,
Edowoo,
Duddah,
Allabah,
Fahrombee,
Ahdotellah,
Ahsheomee,
Ahseebee,
Fahkuyoo,
Duddah,
Ommahtoto,
Lahbomee,
Hyenah,
Ohjai,
Allahtoo,
Ahmochah,
Bahjasomoo,
Byonee,
Hyenah,
Hyenah,
Ahsutallah,
Hyenah,
Daysonka,
Lardee,
Ocorro,
Appan,
Mabo,
Echenoo,
Ocan,
Achor,
Inyah,
Elordah,
Ocon,
Acowah,
Grandy,
Abashe,
Arrou,
Baringee,
Ogoo,
Ocomcah,
Garyou,
Afagee,
Abouyoh,
Orroh,
Goddee,
Sambah,
Walee,
Mocahbelly,
Sheree,
Uonsa,
Manuel,
Tambah,
Masea,
Bocary,
Fahserey,
Caconba,
Uadeyerrah,
Saboo,
Paddah,
Benday,
Seray,
Uousa,
Barra,
Yarra,
Fahbannah,
Sallee,
Tambah,
Deahlee,
Fouray,
Yahtah,
Fahsallee,
Loango,
Barra,
Jojoo,
Seree,
Doobah,
Capteo,
Kelalah,
Coomo,
Sally,
Sahboo,
Sahlo,
Condo,
Antonie,
Tahlah,
Yangee,
Barrah,
Augoh,
Loobah,
Tennay,
Monaconba,
Tennay,
Monsoo,
Soulah,
Wochee,
Ohadequa,
Waho,
Ocolee,
Ogorage,
Ecome,
Ahboyah,
Ashi,
Asoto,
Wahuak,
Ocoree,
Embohbenah,
Ebahfah,
Ejerekah,
Eboh,
Etoh,
Jackquila,
Abohe,
Jomah,
Attam,
Warro,
Oboy,
Ocoracay,
Abo,
Ahpane,
Ahjaqua,
Ahpan,
Moco,
Odomah,
Ebale,
Wahdah,
Ahcobo,
Ebole,
Ebore,
Wahwan,
Enagee,
Habanna,
Imbolee,
Ageg,
Obala,
Oparto,
Olemobe,
Echim,
Iser,
Wanco,
Ocorafo,
Ocoree,
Agoobee,
Eukaenka,
Edoka,
Ahconago,
Monia,
Atoagan,
Orah,
Emoiada,
Ahkoonahcone,
Anaham,
Abebee,
Onoge,
Ate,
Orah,
Esename,
Ocolocha,
Attam,
Ocole,
Ahjone,
Ojoe,
Appan,
Ama,
Elubode,
Mohfoo,
Wahfoo,
Wambah,
Onora,
Agnanta,
Wahdah,
Gaywon,
Wyamba,
Embore,
Kamiserah,
Allhgronke,
Wallahgoo,
Naychere,
Equama,
Areaka,
Murawate,
Grea,
Oram,
Bakay,
Aya,
Ognoma,
Ahbo,
Embake,
Orage,
Ahbo,
Ocarade,
Monboco,
Caradea,
Bakay,
Antony,
Rappiah,
Pedro,
Rahlarne,
Massacona,
Samisse,
Ahchonala,
Pamoora,
Mahtanoo,
Paranoo,
Mahtanoo,
Mantahla,
Ohrettoo,
Andraka,
Laza,
Nahboun kard,
Shandra,
Ghaboona,
Kantannee,
Ahmoora,
Jokie,
Domingo,
Sema,
Emanuel,
Beanhome,
Kisongah,
Sedama,
Mameyara,
Karavaro,
Monsanoo,
Domingo,
Monmala,
Japhe,
Somanza,
Joanne,
Madeah,
Idiot,
Wahlalah,
Mahsamissa,
Jomah,
Mahtima,
Suremah,
Canawera,
Sakadinana,
Jokie,
Matasee,
Coocoo,
Bambarane,
Kana,
Luiz,
Macaulla,
Senitoe,
Antonie,
Mahcontie,
Liguette,
Matolala,
Emanuel,
Maraboo,
Ahkogah,
Fazzenda,
Massahoe,
Mohatta,
Kancanon,
Matemon,
Macahcoo,
Yancoocooloo,
Lantee,
Saporro,
Digahmoora,
Matarah,
Wonsah,
Woogarah,
Calanee,
Moporriseh,
Mahalelah,
Mahlongo,
Lawana,
Longamah,
Francisco,
Macquiam,
Rizzente,
Machacosse,
Majhonerah,
Pataratoo,
Macharam,
Masherrah,
Mahshaporo,
Feliza,
Macanjara,
Domingoo,
Malanga,
Manjatah,
Vizzente,
Namoroo,
Sudanne,
Matinara,
Bobarah,
Demeyarah,
Machasse,
Shacanee,
Macopasse,
Sanane,
Acostah,
Sincoe,
Castode,
Martin,
Azongale,
Manbara,
Wamaten,
Darchay,
Daboura,
Mahlawie,
Chocoomah,
Chocooremay,
Piara,
Chawon,
Mahotah,
Yemparoo,
Shandree,
Vizzentee,
Edayeah,
Pombra,
Foombaramba,
Mocaulah,
Tougamara,
Pobrah,
Camerarah,
Zenzarah,
Adomance,
Mahraise,
Bicasie,
Manacato,
Jahroomah,
Tamparamantah,
Yambaminah,
Dishmamso,
Nahwoolanoh,
Yahnesse,
Mingara,
Kawearah,
Coochandra,
Vimpatroo,
Ahwohmaneh,
Malangee,
Sanhee,
Mahloot,
Mahloolah,
Bennee,
Chicolah,
Seana,
Manakoe,
Mohotoomay,
Zata,
Latama,
Manuel,
Sahjoe,
Antonie,
Accomarimah,
Loubayeah,
Mahnepah,
Vadeah,
Lapham,
Lechawah,
Yembah,
Sepeyam,
Tamanee,
Motissee,
Nahpahoo,
Nassam,
Toahmee,
Wambassah,
Ahsintoe,
Simeyen,
Namrone,
Mahlachai,
Bongoloo,
Nahmincah,
Cancassee,
Caloombah,
Juallette,
Colaie,
Ahgoo-eah,
Aquah,
Charorequah,
Malamhoe,
Ningah,
Tappoodamoo,
Aniennah,
Nahjoe,
Kejomah,
Wemberah,
Cathoriah,
Ningah,
Molamoh,
Wingarie,
Aquoh,
Louisse,
Rahrance,
Nahvahlap,
Loonsoodere,
Mahapan,
Rosie,
Mahcammart,
Masparra,
Yeriah,
Grace,
Catharina,
Kalahna,
Treasse,
Nahwiramrah,
Kisstasse,
Seeosse,
Yahwoorane,
Nacoostasse,
Nimbrasse,
Bazzemanta,
Bizzematah,
Joanna,
Rombambarra,
Maria,
Susannah,
Luisa,
Camena,
Ahsesta,
Mahatouine,
Shepa,
Jokie,
Mahcocisse,
Goneconoo,
Vintera,
Fallamaloo,
Mahlanah,
Arminia,
Singuaella,
Cherookah,
Zuzah,
Nahmenah,
Pedro,
Macoolard,
Mahlose,
Vitheene,
Jose,
Jockee,
Geanah,
Joemah,
Mahtonea,
Seahmeno,
Soobere,
Shingarroo,
Marrola,
Neanto,
Mahcotte,
Mahchunga,
Mahgooma,
Rahfea,
Domingo,
Phillip,
Malandavarto,
Wachecane,
Pedro,
Dennisse,
Samba,
Mahcosse,
Antoney,
Aspoongon,
Caranse,
Racoo,
Marebart,
Katemarah,
Kentrisse,
Leedwine,
Sahbeeno,
Scoula,
Mahsisse,
Antonie,
Mahteetee Maise,
Jokie,
Ahmese,
Lahbarne,
Beauhorne,
Nerette,
Demayarre,
Mahtengard,
Pedro,
Foortoona,
Woostene,
Mootonga,
Sallala,
Mahterah,
Carimah,
Ahhoopara,
Antonie,
Gesarah,
Masagah,
Wonteeme,
Mahcahtisse,
Staphada,
Johanne,
Wondreppe,
Napatwa,
Wahherenqua,
Wahfahshe,
Malakinta,
Pedro,
Ioansesse,
Moosoore,
Cahtoora,
Marahah,
Moredara,
Deyaroe,
Mahhowence,
Ohpanpan,
Mahicarne,
Devalse,
Coorinere,
Aquadente,
Macomequa,
Dase,
Mahseboo,
Mahlana,
Embrazzie,
Zambou,
Commonda,
Surijene,
Rahfea,
Alammoo,
Mahyaka,
Mangistale,
Vintoorah,
Foorinard,
Macooca,
Coongana,
Mechala,
Yacontola,
Shivangale,
Snoowara,
Mongarne,
Sintanga,
Foora,
Mahlozze,
Mostane,
Pangala,
Mancotonia,
Shashene,
Mavenshukelle,
Mahlamoo,
Mastequa,
Sooquette,
Zhentepooda,
Moniah,
Raniard,
Marimaqua,
Rishandoo,
Ashenoma,
Siloasa,
Emanuel,
Cottane,
Tamalaya,
Mahtoora,
Coobasse,
Mungassa,
Mahwi Camba,
Mahfahnelle,
Bradard,
Ahfosse,
Fountah,
Nahcoola,
Mahcoota,
Davanshalle,
Andre,
Kahedah,
Basseva,
Endoringo,
Nekah,
Cadoora,
Yensamba,
Marasasse,
Cooradde,
Ioeba,
Shoobanah,
Yambelah,
Pazzara,
Carotasse,
Antoma,
Camieyalle,
Macassamboo,
Shujantole,
Mahganyere,
Malanqua,
Sasane,
Raphael,
Manuel,
Juan,
Canappasa,
Massema,
Nut Oil,
Quahshimoo,
Nahna,
Nahsinga,
Mahsoorima,
Sandwaselle,
Visentoe,
Eccapba,
Mahsima,
Roynia,
Joseffe,
Bintoe,
Seboo,
Ahbrie,
Yacoomaya,
Guana,
Mazengalle,
Mahromba,
Rahtah,
Kenisqua,
Mihala,
Esparo,
Ningalle,
Gwahhie,
Joseffe,
Nanguansa,
Yeoba,
Grahmodoo,
Mahtille,
Marigayette,
Gahtana,
Singoora,
Wahsha,
Deyorke,
Relanie,
Cheboowanie,
Rahtoo,
Sabah,
Bisbata,
Tantania,
Manuel,
Shewone,
Masambisse,
Sendwina,
Mahgushe,
Senjere,
Ahtisse,
Manuella,
Lahfeah,
Temah,
Kassevah,
Seaguah,
Gorianah,
Nacoorammee,
Dobsoh,
Mahfooreh,
Epka,
Songuaneah,
Samboh,
Thomas,
Bahbatah,
Ahchochevch,
Sungaree,
Molardoh,
Chapowoh,
Efincee,
Bredout,
Maniah,
Mahsoweah,
Yampance,
Messecoh,
Namanqua,
Bahneah,
Sangah,
Petia,
Frecheco,
Banana,
Mahquona,
Mahquoh,
Cachamah,
Charonquiah,
Issekah,
Mozzekatee,
Wongarre,
Jimmaccopa,
Moneah,
Canasoogah,
Jerawassah,
Chimboo,
Monegoveane,
Kaviganeah,
Encotoo,
Ahtoniah,
Curavant,
Goonewah,
Doomigh,
Notoh,
Zoolanah,
Teladoo,
Antonie,
Encotoh,
Mosechatie,
Kimbah,
Carejanah,
Monie,
Wongarie,
Ahjie,
Acpan,
Mohmoh,
Anderiah,
Paschie,
Massoo,
Mahhalah,
Ahrosse,
Machanah,
Festanno,
Moquamo,
Cavahmille,
Sabannie,
Pooerisho,
Quasombio,
Mamowcanie,
Rahwoline,
Glengoucho,
Sesa,
Nafoula,
Ahrose,
Kawane,
Yenoorette,
Sabane,
Beauhorne,
Fastava,
Malibisane,
Sportah,
Nezulette,
Doombabara,
Mahia Newah,
Marique,
Natoonahie,
Kenatie,
Coondahine,
Rahsimbah,
Fisteah,
Ahretah,
Wontarte,
Guzaribba,
Yanconah,
Refasaque,
Dah Kaparette,
Rubambarra,
Sambah,
Sinquahera,
Inlahquire,
Fourlonia,
Rahcelle,
Pahcesse,
Ahretta,
Joahquin,
Raphaelle,
Tomasse,
Samecasse,
Simquarera,
Cassellane,
Yahdelle,
Mahtorasse,
Foowanah,
Zazallie,
Grace,
Mollihah,
Zuelle,
Cathrina,
Susannah,
Mandonneah,
Macheronga,
Mechamoo,
Chanequah,
Tabala,
Pitteree,
Leemarah,
Mahtone,
Coomerie,
Zoohreh,
Negelebee,
Ohwahsanie,
Judge,
Ochoronko,
Mochoro,
Pahnaco,
Onecua,
Edaka,
Wasokie,
Enahmanee,
Endobesee,
Wahcecoo,
Ogoo,
Ahnau,
Hazie,
Endoobesee,
Ahhah,
Ohsotoogah,
Lebbee,
Wahgoo,
Acpano,
Ehembrie,
Gocolie,
Endooesee,
Accararah,
Acquaquah,
Oroe,
Ohloh,
Cohmah,
Acqua,
Mahdaqua,
Appan,
Ohfaqua,
Jacoe,
Woccachah,
Eachene,
Eagoo,
Ahgahseca,
Ochah,
Omara,
Frungard,
Ohquatah,
Agoo,
Oda,
Olofoe,
Esewocho,
Agemofee,
Etahgoo,
Ela,
Echajofoe,
Ohdie,
Anoo,
Ohtoroo,
Ohcooroo,
Acgooda,
Agboe,
Accomb,
Bahrout,
Wonochodo,
Wocho,
Jowah,
Coloo,
Ahfahca,
Ahnoba,
Onah,
Omah,
Onjefoo,
Enabeva,
Ahtah,
Ohjemafo,
Onbocoo,
Heze,
Nahromb,
Oconco,
Ahnoe,
Biagoo,
Enahdoo,
Wahcoroo,
Cheboonda,
Ageka,
Ejooka,
Edooguakee,
Omanee,
Appan,
Efamaboo,
Onoforaganee,
Onowah,
Asenajoo,
Acquanee,
Tahwoo,
Epau,
Egbay,
Oro,
Accabowah,
Ahlegoo,
Eyam,
Ahmadee,
Ahjaroe,
Ocholay,
Oca,
Anoomargue,
Ohnafoo,
Echasarah,
Allahdonia,
Onozerecca,
Enah,
Ahbeahdonia,
Ahbanee,
Acpan,
Acpan,
Ohrah,
Ahdee,
Anachoo,
Ohhaboo,
Wocarfee,
Ogogissee,
Appan,
Nechecaree,
Navioo,
Wofoe,
Wambissee,
Ohfoe,
Neboochee,
Nefoe,
Eswah,
Ejah,
Cocoo,
Ohbah,
Wahloe,
Echobah,
Bahroah,
Emaniah,
Endowesee,
Ahtowoolo,
Mahdooquah,
Ahnowee,
Ahcoogee,
Ebanoowah,
Eraw,
Eraw,
Oniah,
Acpanie,
Dantah,
Ohbassee,
Ohyabone,
Ahcheday,
Edie,
Emoe,
Ochoe,
Ahedaroo,
Ahtone,
Eloffeah,
Acpan,
Oroh,
Wongome,
Ohjah,
Ahtoyenge,
Ahquobamah,
Aheagee,
Whacanah,
Ahtame,
Ogoo,
Wondah,
Sawogee,
Odaboo,
Whada,
Ahmolona,
Achaga,
Chigorena,
Romah,
Ebola,
Nanah,
Ahboah,
Whyogee,
Ohgree,
Indah,
Addah,
Ompah,
Oreakah,
Jadoo,
Attam,
Ageranahee,
Mandamie,
Ohoboh,
Tam,
Allam,
Abang,
Dawah,
Ooroh,
Daboh,
Acooramah,
Ohcoo,
Alasekah,
Abbay,
Addah,
Ebeh,
Geboh,
Mamobah,
Ebeebee,
Mahmabee,
Indovesee,
Ahvee,
Ashea,
Ocoree,
Caballah,
Worroh,
Arrah,
Indah,
Agallah,
Oyiddee,
Odahah,
Ojoe,
Galasse,
Wondeone,
Ohwahgonea,
Onqua,
Wevame,
Obooquamah,
Ahdabuah,
Bahfoo,
Eneah,
Ahdraca,
Accania,
Ebo Jeane,
Ebee,
Adearah,
Encaniah,
Assoona,
Ahdea,
Asene,
Emaya,
Orroh,
Ahcoogoo,
Ohdriafee,
Bocoo,
Bala,
Ahquasama,
Onoquarema,
Acquigomah,
Nonah,
Wanah,
Ohdoe,
Ahtame,
Enanah,
Alaherekah,
Ologoh,
Odah,
Ogooryah,
Adoh,
Ganawah,
Netah,
Arah,
Adamah,
Bolee,
Bahjuno,
Guagoh,
Salah,
Mohsecoo,
Odomah,
Mardue,
Nintah,
Jagoh,
Ahsoh,
Ogboh,
Boquoh,
Ajah,
Aboh,
Ajah,
Eyabay,
Canjah,
Hase,
Otoowoora,
Wahchecoo,
Oboe,
Appan,
Ahnogoo,
Wonperica,
Allah,
Woncasha,
Ahney,
Chemah,
Ohcaraah,
Etashie,
Ecbicoo,
Eyee,
Bacoola,
Nabeeobordee,
Enee,
Ino chajah,
Bathagua,
Oro,
Ocoroka,
Etofa,
Appane,
Auroffeo,
Ocorie,
Pettee,
Droqua,
Owamba,
Ahchooquaree,
Ahpaba,
Ahlala,
Paragomah,
Asadah,
Ochocha,
Balafoh,
Ebebee,
Ahjai,
Eskap,
Acahboomaree,
Abohwah,
Cucuntah,
Egowarah,
Coronquoh,
Ogoo,
Acpan,
Ahdefah,
Wancontah,
Ahkebiah,
Addanoh,
Egariah,
Odah,
Alohakay,
Appah,
Appah,
Acpan,
Ohroh,
Wonnedee,
Moy,
Nenkeche,
Ahtah,
Wahyentah,
Bokecha,
Embafoo,
Emboelay,
Bokentah,
Esae,
Emboelay,
Guamah,
Laneeyne,
Ahwahda,
Wahdah,
Emboekay,
Eyahkah,
Wonco,
Wondeah,
Yeahcanda,
Emboekay,
Ahgorechee,
Emboesee,
Waheentah,
Bahcoe,
Emboekay,
Emboco,
Emboree,
Baffoo,
Ahdamah,
Emboekay,
Wahsawah,
Enaee,
Adey,
Bocah,
Enguomah,
Baremah,
Wahdah,
Woncoe,
Womboe,
Emboecay,
Emboecay,
Womboe,
Ecanee,
Ayenamee,
Chebontah,
Emboerentah,
Ahhanye,
Embahfah,
Wonechah,
Wahcoe,
Emboera,
Adearah,
Endose,
Embahfoe,
Wahyensee,
Onah,
Omoe,
Embole,
Bahjeane,
Anee,
Eneah,
Embahcoe,
Esowahee,
Wahyenchee,
Quoybrahah,
Ahgoe,
Coromanch,
Ezahceh,
Eccotooroe,
Ehjim,
Ahmoeye,
Aconah,
Eneyee,
Lahmee,
Enochootah,
Enawoney,
Fahcane,
Nachie,
Echowah,
Ahtame,
Egbah,
Wahak,
Wanyatah,
Beechee,
Wohoh,
Oleakay,
Mohoh,
Mohadoh,
Wahjafoh,
Nornah,
Attah,
Attah,
Attamah,
Abahdah,
Amarrah,
Itah,
Awohtah,
Attam,
Engumah,
Nornah,
Bakay,
Wakayseh,
Ootah,
Wayonah,
Oomoh,
Orroh,
Attah,
Ecacahmah,
Enah,
Ahbella,
Adreyze,
Ahcrafah,
Endoomey,
Onah,
Oham,
Accalana,
Endoweza,
Abeye,
Mohoe,
Ahtam,
Ochola,
Wanchookoo,
Gahlohloe,
Enocah,
Ocholey,
Elleachee,
Ahbalah,
Endowesee,
Ezemah,
Endowesee,
Boham,
Ahgou,
Boy John,
Wonahkee,
Ocdecea,
Gedowellah,
Ahtam,
Coobacallah,
Oowah,
Acpan,
Ahpan,
Endowechee,
Temah,
Ete,
Ahbasse,
Ogoo,
Appadie,
Eyeboo,
Onehah,
Ojacoe,
Ohrah,
Camoocoo,
Ganqua,
Wachoocoo,
Nealah,
Nealah,
Ofome,
Wanchoe,
Orah,
Enchororah,
Acpan,
Agbeh,
Acpan,
Wallacha,
Eneah,
Acpan,
Achone,
Eveygoe,
Ahbeacolone,
Jeybole,
Adawah,
Ezerecea,
Ohroe,
Enahca,
Aboolah,
Encah,
Ahdogah,
Acpan,
Efan,
Egahlah,
Neacoley,
Oreabay,
Woolangoh,
Eneboo,
Tamoo,
Echajoy,
Egooley,
Mahchachai,
Ahtah,
Wooley,
Endokay,
Abebee,
Bebee,
Egbeo,
Eboe,
Wahwatane,
Aleahnoo,
Ahdanoo,
Egarah,
Epaneo,
Esoe,
Tam,
Eneah,
Imbah,
Jobranoe,
Enacha,
Egolay,
Imbay,
Aquoh,
Ahtamah,
Eroochay,
Oowoh,
Edeagah,
Mohoh,
Ozah,
Oncheawora,
Edomoh,
Ebagah,
Owah,
Bahnah,
Ahbala,
Wiapotoe,
Eloney,
Eyahmey,
Elah,
Ezawah,
Ahloombey,
Ahcatroonwah,
Echadey,
Wahshedey,
Wahyafey,
Echowoodey,
Deamahchoe,
Wombeau,
Brahbamamah,
Boelay,
Ebaukoo,
Imbah,
Ahrakah,
Imbahcoh,
Indoquah,
Eneychoo,
Bebee,
Owhon,
Oreahgah,
Dummy,
Ahjone,
Beebee,
Ahtam,
Eboe,
Ahtam,
Mahprey,
Echabeah,
Wanchoocoo,
Edogoo,
Achaia,
Comcome,
Wondocha,
Esoo,
Ihie,
Edoe,
Acpan,
Embah,
Ocallophe,
Enoomodey,
Biara,
Neafala,
Ocholey,
Ewah,
Bome,
Okoranquah,
Ocholoe,
Kamahloe,
Jahboo,
Impah,
Owella,
Ohpanah,
Ejewoo,
Eahchey,
Comah,
Acpowah,
Acpowmah,
Brechea,
Ahmesegoe,
Ahmo Monah,
Ahcochey,
Edeagee,
Ereaday,
Allatah,
Kawey,
Ahjonokay,
Pahjoncoe,
Eboleauke,
Rachoe,
Eyacoloe,
Eyacha,
Wahdah,
Mahajose,
Eboelay,
Jenah,
Oway,
Elageage,
Wahdah,
Omoneycha,
Ebahfoo,
Emboeka,
Eynomah,
Edeagoo,
Ehleah,
Bramboe,
Enahyey,
Eboley,
Quiazoo,
Whacawhoo,
Azoowachoo,
Emboecha,
Ahdojah,
Imbolay,
Adebolah,
Adeboley,
Areagah,
Ahesomoo,
Ahsombah,
Endozwah,
Imboelay,
Ahtam,
Ahlomay,
Acpan,
Gohee,
Mahcolay,
Sattee,
Owhadah,
Balah,
Aneahgah,
Abeyahnah,
Ejoemah,
Echebey,
Woreychoocoo,
Egranah,
Nenchootah,
Egahtoo,
Ejochoe,
Lewah,
Emoelay,
Ozoodoe,
Eyahramacah,
Checoolah,
Ahbamee,
Ahcerecah,
Wahchoocoo,
Ohtoroo,
Ohroe,
Boochey,
Modoorey,
Beney,
Ochagaley,
Ebochoe,
Ohroe,
Ahlahtane,
Bochoroncho,
Oppomoe,
Aquaranah,
Ogoonezee,
Opiacha,
Ohtah,
Ocheche,
Ewhoah,
Janoo,
Endoobahgoe,
Jomoefooeh,
Erem,
Appahbey,
Ahbahshee,
Appan,
Epoe,
Loeytee,
Ahbahroo,
Noybeylachey,
Wombolloo,
Bowoney,
Oneananoo,
Bijemetoe,
Edah,
Odoo,
Eyahbah,
Eleyloofee,
Collehome,
Esoo,
Ahtam,
Wonchoocoo,
Wahchoocoo,
Ohcillee,
Weshebah,
Biohmah,
Nahmee,
Ocholey,
Ahjeaney,
Nohonah,
Wanchoocoo,
Echajey,
Ahtah,
Woley,
Endocey,
Abeebee,
Bebee,
Egboe,
Eboe,
Wahwatane,
Aleahnoo,
Ahdanoo,
Egarah,
Epanco,
Eroe,
Tam,
Encah,
Imbah,
Joe branoe,
Enacha,
Cheboowah,
Insigney,
Azam,
Ocholey,
Ebey,
Akayeloh,
Shortonwah,
Ahjahlah,
Sahnyah,
Ahdecambee,
Fashtoe,
Dahlay,
Ahjie,
Ahlargahdar,
Olootoo,
Oloobodoe,
Yealogoo,
Doobarloh,
Ahkoonoo,
Ojoe,
Mahkoo,
Ahdecartoo,
Neahdah,
Ahshamee,
Ahjorbohsee,
Ahnorbee,
Olooweyea,
Onee,
Ahkeebolah,
Emahlajah,
Bahjoewoo,
Allahday,
Ohloodalay,
Doosoomoo,
Ahtarah,
Coobalah,
Allah,
Ahmoosea,
Aloolah,
Ahdahseenah,
Ahkeebamy,
Ahgoosoe,
Ogoehetoto,
Mododah,
Saboh,
Ahcashewahjoo,
Ahrotomeo,
Ahjie,
Aleahwoe,
Machalay,
Dadoo,
Ohmahnayee,
Adoo,
Ahkelahjah,
Fahdepay,
Ahjichie,
Shamie,
Ahdoo,
Acheamie,
Tatoofay,
Ahlahday,
Mahnoosee,
Ewoosee,
Alabee,
Acaolah,
Ahlahday,
Eagahday,
Ahbattoyeah,
Sahgooday,
Ahbahalay,
Sofoelooay,
Fiah,
Ahcio,
Coopahbay,
Ahcheloloo,
Ahloowasane,
Fahbee,
Oloo,
Fiomee,
Joejoe,
Bahdah,
Ojae,
Beocoo,
Sahloo,
Fahloocoo,
Hyenah,
Mohahlay,
Edowoo,
Shoday,
Dahheloe,
Somoroe,
Orocon,
Shaloo,
Rhotemoo,
Somahnoo,
Adeamee,
Showayloo,
Bancolay,
Famosalay,
Ahcoolay,
Loojoyah,
Cowoneah,
Ogoojee,
Ohtomelah,
Oquaday,
Dahdah,
Lohgoodoo,
Ahlahday,
Adoe,
Ohlotoo,
Comee,
Ahdedeshend,
Ogoosah,
Oloolay,
Agoe,
Oloobahway,
Epagwah,
Eshadayee,
Wahnacoe,
Ohchoe,
Ohchoe,
Chosahmah,
Ahganah,
Bofay,
Robah,
Fahcahbay,
Efahtelay,
Fahcheacay,
Ahlahday,
Ahcoloh,
Batoway,
Ahfoday,
Ahgisah,
Fahnee,
Ohdosay,
Ahdoe,
Fahdowesee,
Semecheyee,
Jalocoo,
Coopakay,
Fahloyea,
Ogoodekay,
Beahlay,
Ahcahwoo,
Bahloocoo,
Edoowoo,
Ochomoloo,
Olegomay,
Ojoo,
Egay,
Ahdachalay,
Ahdaborah,
Ahhoe,
Kebahday,
Fahbonedah,
Ahnazee,
Ashoo,
Odoobacoe,
Efahday,
Ahoochase,
Obochoe,
Ahjetemee,
Pisie,
Odoo,
Oshah,
Oquille,
Chobelah,
Ahtenbolah,
Ohcillah,
Ohtapahlah,
Mahmah,
Mahtomee,
Bahlee,
Loshpah,
Achoo,
Apahcha,
Achau,
Bachah,
Ahsaloe,
Ahjeojoo,
Dagbonoe,
Ahlahmagee,
Ahnepay,
Ahwodoo,
Lahbahlee,
Ahlosane,
Fah,
Ahlatin,
Ogoo,
Aketeyabah,
Achoe,
Phahsenah,
Nawhoyeo,
Odoo,
Ahdosolah,
Afoolah,
Asentay,
Fahmoloo,
Ohmojooway,
Tendady,
Ohmatoroo,
Yahcololah,
Shanoe,
Lahboh,
Moneapay,
Achoo,
Ahmoyeah,
Shacobeemee,
Cooloo,
Lahooday,
Ochie,
Fasheonton,
Jahtoo,
Johlah,
Osotoocha,
Doojahah,
Ahsontooka,
Besimanha,
Fahseah,
Agiebolah,
Hyenah,
Dahdah,
Dohsemee,
Nebahbay,
Ahjeekay,
Alahtong,
Ahdake,
Ahchenokay,
Ahzatoo,
Allahwoobay,
Ahjie,
Ahwooroo,
Temtanoo,
Ahnee,
Bohewee,
Ahjaie,
Hyenah,
Assahbay,
Lahlebay,
Achoe,
Ahkelaloo,
Tahhahlah,
Odowesee,
Ahbahlah,
Fahshawoo,
Anochoyah,
Obay day,
Mahcoo,
Eshoo,
Antonoo,
Ahcholahday,
Bomjah,
Ahjeeboboo,
Angatoo,
Ochatoo,
Ahlay,
Ahdagoo,
Ahmofoloo,
Ahjogah,
Appan,
Ahmochah,
Ahadaloo,
Ahbanee,
Ahgoombayee,
Dayloo,
Ahlayoo,
Fashie,
Equaniah,
Ohcolahday,
Omcoe,
Ohtatoosee,
Aceetona,
Cholatone,
Agabobah,
Famiah,
Oggolahkay,
Sontone,
Ahdawoo,
Fohletome,
Ahwodoe,
Ohdosiah,
Ahbogooday,
Ohlaybay,
Chomocoo,
Ahdamecha,
Ojoe,
Fahboloogoo,
Fahbamegoo,
Ademeyah,
Pahjoechee,
Bancolay,
Ogoosee,
Ogootokee,
Achamcoe,
Ojoe,
Sodahlah,
Choobahbay,
Fahlolay,
Ahmoolahdoe,
Ahshoe,
Mahmah,
Ahnahegoo,
Ahfoocoyah,
Egahlah,
Ahfoosobay,
Ahsoosay,
Olooboogee,
Ohdee,
Ochefah,
Oyeah,
Mahjolay,
Ahcowosee,
Achoomalah,
Ogoosenah,
Oppahteo,
Aloomayah,
Fahnemocah,
Fahloocoo,
Jeahbee,
Choondabay,
Dacome,
Fahcoloe,
Ahlocoe,
Owoloo,
Ahmosoloo,
Bahmechia,
Oshocoloo,
Ahjoecay,
Foohmee,
Ahporto,
Ahdoloo,
Ahmoreshah,
Ahmoreshah,
Ahmoyee,
Shecaloo,
Maya,
Dalongah,
Ahdayae,
Bancahlay,
Orechah,
Dahdah,
Ahmenee,
Lahbambee,
Onee,
Olochee,
Ohchoojola,
Ahtalookee,
Fahlahlabee,
Ahgoolalah,
Ahdadee,
Apau,
Ehoton,
Ahchelabah,
Kanekay,
Dahdogoh,
Oboyon,
Ahwosah,
Bochosah,
Bochosah,
Bochoh,
Yochoh,
Jahwoh,
Ahdemoo,
Laghidie,
Agoobahniah,
Osahimie,
Ohchoonegah,
Loohsabie,
Ahrahmaheoh,
Lahgidie,
Achasaloh,
Ahdoopagoo,
Ahlalooyah,
Ogootah,
Asosah,
Dobangoo,
Bahdacoh,
Adoometee,
Ahjiay,
Ahlacombee,
Agay,
Ahbalah,
Ahbelanday,
Ogootah,
Ahmah,
Ahkenah,
Ahkematah,
Ahmooyah,
Ohloocoe,
Ahjiehee,
Chomahloh,
Oloohahton,
Ahdahabay,
Ahdohdah,
Ogoobahhee,
Ahjousay,
Ahjousay,
Ayarenah,
Ohjoh,
Ahtieloh,
Ahdadah,
Ahwansoo,
Ahdofah,
Ahyoh,
Ahkieyah,
Chobahjee,
Nahhersah,
Ahboh,
Ahlahkay,
Tohwoh,
Ahkentoh,
Ogoombay,
Ahkeeamee,
Tahwoh,
Akentah,
Goolahie,
Ahkeeay,
Choolahkah,
Ohlooboh,
Tahnoh,
Ahdeeloe,
Ahgahmah,
Edowoo,
Dahdah,
Ohjoe,
Ahdahaymee,
Lahnayah,
Coodoe,
Ahmogooday,
Ohbah,
Lahcomee,
Hyenah,
Adoe,
Andee,
Ahgamah,
Ageeboe,
Bohyong,
Ohsoo,
Dohwoo,
Agah,
Coombayee,
Ahmoosoo,
Choreah,
Ahchim,
Ahjebosee,
Agbay,
Oloohahbay,
Debosay,
Hyenah,
Acheloo,
Ahbogaday,
Lahdahlee,
Eyah,
Ahkelahday,
Ahlahdee,
Ahlahday,
Ajeebolah,
Chomoonoo,
Ahhefomoo,
Pahdomoo,
Ahcheolah,
Ahlahday,
Lahdahre,
Achin,
Hyenah,
Hyenah,
Ichin,
Ahladay,
Achehah,
Iyco,
Agoobiyah,
Assah,
Ojoe,
Olahbay,
Senoofoe,
Ahlonkay,
Ahjimah,
Hyenah,
Ampah,
Choroyah,
Masacha,
Agay,
Omahlalah,
Banjokah,
Amoo,
Ahjie,
Anchaday,
Ahmegee,
Ahjahwoo,
Ahpahtoo,
Aphatah,
Achetah,
Esamie,
Ahdaseah,
Ahbahlay,
Mahyeahay,
Agay,
Hyenah,
Yorekay,
Milawah,
Ahtosowah,
Ahchay,
Ajelay,
Ahsetoo,
Ahgebee,
Foohtakay,
Ahchay,
Mahtekoo,
Coboolay,
Ohgoojahbee,
Quahree,
Pahlahyoh,
Ahmosah,
Dahdah,
Bosanbay,
Ahdabee,
Ahlahkay,
Ahdooachoo,
Oloobachoe,
Lahdajooday,
Bohcobee,
Ejahjenay,
Dum,
Ahsette,
Queavie,
Hyenah,
Ogoo,
Hyenah,
Whysoo,
Coochamee,
Chayoh,
Sooloo,
Boyah,
Ologvingee,
Edowoo,
Boehoh,
Mahlee,
Elooheeyee,
Bochoh,
Chadahree,
Dahchora,
Oboesah,
Ahoomee,
Ahjahday,
Ojoe,
Ejahdehay,
Ogoloe,
Acheloloe,
Tootalee,
Moolay,
Padoo,
Ahmigah,
Ahmodoo,
Ohdoo,
Boegoolay,
Debahwoo,
Ahbofoe,
Ojue,
Ahdiyah,
Ojoe,
Ocholoh,
Efahtoogae,
Achaseah,
Ochan,
Ohlahtah,
Owhomee,
Cholondah,
Ahdahabee,
Yeah,
Tohoomboe,
Ahjie,
Dahdah,
Achebachoo,
Agootoloo,
Ahganah,
Ahlahchabah,
Ahkejobee,
Tongsah,
Agoelah,
Oshoe,
Edosay,
Mahcoo,
Dahwootee,
Ahjie,
Bohcoh,
Lahbie,
Bochoh,
Ahwahtoosee,
Ahjosay,
Ahfoomee,
Hyenah,
Bohcoh,
Esahbay,
Dahdah,
Emochoo,
Bojonvee,
Lahjonbee,
Lobahgoe,
Bochosah,
Machah,
Hyenah,
Dahboo,
Dahdah,
Morah,
Hyenah,
Mocoo,
Bocah,
Fahmahmah,
Bosawee,
Ahlahbah,
Ahgoebee,
Ahlala,
Egae,
Ahjahlah,
Ahmotahjee,
Alooheyah,
Cobelajah,
Ewahee,
Ehahmee,
Ahbebah,
Ahyahwoh,
Ahdeboe,
Ahjie,
Owhohyeah,
Ohejoh,
Wosay,
Quahsavee,
Fiahbee,
Nagohsee,
Telapoh,
Banjochoh,
Ahboah,
Ahjebalah,
Bohevee,
Ihelalah,
Boevee,
Icahwah,
Phabimeloe,
Ahjoelah,
Yahboday,
Ahcoochamee,
Adoelaloo,
Mahbea,
Obetah,
Fasolah,
Davadee,
Niahmer,
Boehevee,
Ahdasomah,
Ahlachoo,
Ahyahwoh,
Hyenah,
Ahgamah,
Ohtoo,
Ajeebee,
Atambay,
Ahdocholay,
Ahcolay,
Kedah,
Hyenah,
Ahbahlay,
Yabah,
Kalahwoh,
Hyenah,
Mahmah,
Marewinah,
Ogoogahbee,
Ieshah,
Mecharche,
Egah,
Acpan,
Edam,
Acpan,
Omoh,
Ebowah,
Affeam,
Ajoh,
Assoo,
Opoo,
Abassee,
Attam,
Atteampoo,
Beecham,
Ahfeam,
Appoo,
Acarah,
Omoh,
Orroh,
Ahfeam,
Daytar,
Defon,
Iyoe,
Ahbasse,
Ehannie,
Oco,
Wanpa,
Williloo,
Kametah,
Mombo,
Orroh,
Ocon,
Mambo,
Mambo,
Mohcon,
Bomocon,
Attah,
Massam,
Edan,
Moajoo,
Mohwahover,
Mohwahover,
Defon,
Mondah,
Wangam,
Ahwowah,
Imbay,
Taffy,
Imbay,
Mondom,
Indoh,
Ocon,
Imbieoh,
Momomoo,
Myetoo,
Acpan,
Fortay,
Fantay,
Monjoe,
Defon,
Defon,
Ingah,
Defon,
Imbay,
Bahbezinge,
Ahbass,
Etoee,
Imbeh,
Imbeh,
Ewar,
Bah,
Chayroo,
Defon,
Embracam,
Begorgee,
Infam,
Orroh,
Manyah,
Anacoranah,
Wonchy,
Inchambasse,
Kanahoo,
Massan,
Acam,
Equor Eyah,
Ededayar,
Mahfar,
Apparbay,
Eneah,
Tarbalah  Cambah,
Endryam,
Neham,
Denganneh,
Attam,
Imbay,
Attam ,
Eyeang,
Affegon,
Ahram,
Eyang,
Fongee,
Epandyone,
Ahbasse,
Mombeh,
Beahlone,
Defon,
Corredam,
Edeep,
Epah,
Ocon,
Besong,
Emy,
Acoloneah,
Imbeh,
Imbeh,
Imbeh,
Imbeh,
Ahcambah,
Defon,
Mahfue,
Defon,
Anbonie,
Sombar,
Imbeh,
Imbeh,
Mocoat,
Enoh,
Esong,
Defon,
Defon,
Mandefon,
Appah,
Etar,
Ehechechar,
Ahcham,
Nahcharbeh,
Imbeh,
Efayor,
Moquay,
Itam,
Ahfambah,
Ehtah,
Ashea,
Asea,
Ehcomtah,
Echee,
Ehnea,
Dafon,
Esoowan,
Say,
Callabar,
Ocoo,
Ahpah,
Equahlaywar,
Becrawar,
Nahblalay,
Ewoh,
Dechar,
Ehbor,
Banday,
Mahcome,
Manbay,
Montah,
Esah,
Brucam,
Wonjey,
Jondoo,
Emeah,
Sangah,
Efassoo,
Earwoogah,
Manyah,
Monyah,
Mosangah,
Moagam,
Monyam,
Manboyam,
Mangoway,
Mobangee,
Manfeyeo,
Manfeyeo,
Momoconey,
Londo,
Monbah,
Mondom,
Moboetah,
Moomoofoh,
Ocolay,
Ahbasse,
Defon,
Monyam,
Bombay,
Imboh,
Gontea,
Imbokay,
Normah,
Imbay,
Inchan,
Edowonee,
Oomoh,
Linghah,
Efooquam,
Bahcow,
Egawbah,
Condamn,
Ahtem,
Imbolay,
Ahdeahgah,
Ejohkehyem,
Womopah,
Adeahgah,
Bemu,
Yangmohtor,
Ahkem,
Ahtah,
Marrah,
Fongkay,
Kakeyzooah,
Watch,
Ekan,
Imbokquoh,
Messah,
Mohcondah,
Goseah,
Yohkay,
Atttay,
Egan,
Imbay,
Imbay,
Gombay,
Nongoh,
Imbay,
Imbohcheer,
Gohsar,
Fahnoo,
Negah,
Fahmargegar,
Monkor,
Ahcom,
Manchor,
Gombay,
Mahkoo,
Imbay,
Imbay,
Ekor,
Ohcome,
Emehnemu,
Besar,
Emer,
Marrycarm,
Guahsander,
Mejay,
Egonga,
Gohsarny,
Enjarah,
Mandemn,
Mohmor,
Ahdeahgah,
Acaah,
Eseabah,
Ahdahmar,
Degoolar,
Attam,
Manfoo,
Monbah,
Monfah,
Monlah,
Monlah,
Gombay,
Montoo,
Monbay,
Montoo,
Monjay,
Mombay,
Montah,
Momba,
Mousah,
Mongay,
Esabargandah,
Mombay,
Embahfoh,
Ahbeoyo,
Bahtooyo,
Doosoomoo,
Ahkeetardah,
Daysalah,
Ahkebarton,
Ahkeoloo,
Chuarloo,
Ahchanday,
Dowoo,
Ahkeordoo,
Ahkenday,
Ojoe,
Ahjie,
Ogoobee,
Ahmarlookoo,
Fyomee,
Ahkeyolarday,
Ahkoorjoe,
Ahkeojobee,
Tioloo,
Ahketonday,
Lamarjie,
Moolodie,
Lookagee,
Ahdesokong,
Mahjokoo,
Ahjah,
Ahkoojobee,
Ahkooarba,
Ahjie,
Ojoe,
Layooloo,
Olooarboo,
Farmeyah,
Oneebamejah,
Yeatonoo,
Esah,
Ojoe,
Ahbeedogoo,
Fahsoo,
Odoonamloo,
Yahpoo,
Ogha,
Fahkayah,
Ahloonatalah,
Ogoogee,
Marjargose,
Dasabah,
Ahbardomee,
Beardomah,
Oyakayah,
Saydooloo,
Sarbayee,
Ahdaylebah,
Fahchomoo,
Ahmemookoo,
Ahpapay,
Ahkeetoyee,
Koodumlatah,
Mahchadoo,
Ahlamloo,
Adoon,
Tahtoosee,
Oloolalah,
Ahmoo,
Ajukoo,
Ahkooahsee,
Olooka,
Lahpoomee,
Koomarmee,
Ahquaton,
Paloo,
Ahbah,
Ahboomakoo,
Odombarkoo,
Lookoo,
Onebamkah,
Ahdayboyee,
Ochoh,
Okoonesoo,
Okootalah,
Ochah,
Otonnage,
Bahloomsah,
Oloopamoo,
Ochoh,
Sallahkoo,
Fahmonee,
Fahdepah,
Daddah,
Surgarda,
Oloofagee,
Bamchie,
Ochoh,
Ojoe,
Ahkaymah,
Shobah,
Ahtookalah,
Odojobee,
Ahkelotong,
Ogoo,
Daykoyah,
Ogoolossee,
Olookootoo,
Okeetonday,
Ahmoola,
Nobagah,
Majarbee,
Landoo,
Owoodammoloo,
Ahgreegoree,
Addomah,
Ahlargee,
Allahmargee,
Seedee,
Allah,
Iahmoo,
Ahdalamoo,
Larsonday,
Ojoeboo,
Ochoh,
Mammah,
Paiegah,
Mollah,
Markooloo,
Woolammah,
Alloo,
Ahmarcha,
Ahjartah,
Modoyee,
Landyou,
Shamedoo,
Oloojoo,
Obodoo,
Ohgomnoo,
Dadah,
Ahjie,
Ahsammeloo,
Hyenah,
Chabay,
Ochohee,
Iyagatam,
Obay,
Ahjie,
Yeayea,
Ogoo,
Oloboo,
Ahmoshonno,
Ahlamyolah,
Ahquido,
Ahlahday,
Ogoo,
Addoon,
Ogoo,
Chahboo,
Amechoboo,
Ahlamdoloo,
Hyenah,
Ahkeeboo,
Ochobanday,
Mahdebah,
Mocoobah,
Bammasoomaja,
Ojoecommolah,
Allebetah,
Osah,
Fahloonee,
Osombee,
Ahboo,
Olooloboo,
Onomookoo,
Ahjie,
Kekeeree,
Ahjie,
Assoomah,
Yarkoo,
Noahadah,
Okoolah,
Ahjie,
Ahboodoo,
Shulaton,
Ahkannee,
Ochoh,
Ochabee,
Loocheloo,
Pattah,
Bambocha,
Loocondosoo,
Ogah,
Padonnoo,
Okoojoo,
Oloobammee,
Lammadoo,
Barbargeday,
Hyenah,
Ojoe,
Hyenah,
Egah,
Ahkeboyee,
Tahmoo,
Ahpatoomah,
Daysomee,
Otong,
Ahcharday,
Yeaboo,
Obay,
Hyenah,
Loogula,
Ogoobee,
Afaloosee,
Ahgebosee,
Dawoodo,
Okoolor,
Taimoo,
Maddee,
Orabajoo,
Ahloomakee,
Gammah,
Ochahlusee,
Hyetobee,
Ahdovah,
Ahkebeejah,
Ohkoobayee,
Onemie,
Oleesah,
Afamyee,
Ojoe,
Ochah,
I'Akoolalah,
Coolah,
Ahjieoyea,
Oloakbee,
Quailloo,
Ogootayea,
Ahmarlee,
Chotong,
Ocharchasee,
Ohloonegee,
Taimoo,
Farbamimoyea,
Otoobammeetah,
Olooquelah,
Quomeekoo,
Olumkah,
Iyeepollah,
O'Koolahday,
Oneebeewoo,
Ahdeebogoo,
Tomyea,
Fyomee,
Farbannee,
Yeayealoo,
Olooyea,
Mammah,
Opanniyea,
Hyenah,
Ahmoose,
Taimoo,
Daddah,
Satongee,
Changobanea,
Ahfoocombee,
Molandopa,
Fuagah,
Otooyea,
Apboosee,
Lubarka,
Ahdamoolah,
Fahtomah,
Ahjecobee,
Omobarlee,
Bambolah,
Ahboyomee,
Ahdonekay,
Okoosahday,
Ahfoodepah,
Poololee,
Ahmoolapah,
Banjoekoo,
Sooyebah,
Moofachomoo,
Ahdoon,
Ahjie,
Ahsofonkay,
Hyenah,
Mahdalay,
Ahchobee,
Moolanday,
Ahyannekay,
Cossee,
Bambaya,
Hyenah,
Ogoochammo,
Molahday,
Assonday,
Molookoo,
Fahterday,
Assatoolah,
Kallatoo,
Charwaywedah,
Ahbaloo,
Ahcootah,
Adahpoo,
Mallodee,
Fahtoobanee,
Koopallajah,
Oleeatong,
Afooteeday,
Bahshetootookay,
Ogooneyee,
Lootemee,
Ahdayeoyo,
Oseecalloo,
Onomesuah,
Oloyee,
Lameyah,
Inelah,
Assoobar,
Ahfoomeday,
Onee,
Oguballah,
Farchaday,
Olufee,
Ogoosee,
Oludame,
Lahdalay,
Omekong,
Ogeebah,
Ahjaree,
Oloopallah,
Coomaloo,
Mahanodoo,
Onekanoyee,
Ahlabayah,
Taimoo,
Owah,
Oluboyah,
Ogooseesee,
Ahsane,
Ahtomodoo,
Lookay,
Moolumoo,
Ahlarbaday,
Margeah,
Loomee,
Wattoday,
Siodoo,
Ahgebarwoo,
Ahdaysobah,
Oloocojoe,
Olumlam,
Lahtoyea,
Dowoo,
Fassee,
Foomaney,
Ahsane,
Ochoh,
Baofoogoo,
Lealotong,
Coopallah,
Hyenah,
Eseebah,
Olabammee,
Moochoo,
Chonkah,
Ojoe,
Ogoodeyoh,
Olumardgoo,
Ahjie,
Ahwoobamme,
Eloolee,
Ochoh,
Dowoo,
Dosoomee,
Olookong,
Dayleeyah,
Odoolammah,
Allarkee,
Loomambah,
Ahdeeboo,
Ogoon,
Ochonbee,
Olookookong,
Ojoe,
Dommesarey,
Ahbagee,
Ahsane,
Ahkanlabee,
Ahlabah,
Moneysarrah,
Ahdaytonwah,
Dowoo,
Ochoh,
Dowoo,
Ahtopattah,
Ahmoosee,
Adoojobbee,
Ahjie,
Ahdaygoosee,
Ohchohbegah,
Odoobammee,
Ahgoobochah,
Oloo,
Achohnah,
Olubamjah,
I'geabayea,
Assoo,
Fullahnee,
Kootemmee,
Ahyahwaday,
Hyenah,
Bambasay,
Yawaday,
Boobolomoo,
Geetoolee,
Egay,
Ahwoojah,
Farleebah,
Bamjoekoo,
Ahfarloo,
Soomattah,
J'emmepoo,
Wootarday,
Koopallahyea,
Olleesah,
Ahgeeyea,
Ahtabattakoo,
Ahmoolayea,
Coobantalah,
Ahdabee,
Ageloolah,
Ahdaysooday,
Ahmartoolah,
Beelallah,
Ahtahpoopah,
Ahsahmay,
J'ahlahmarge,
Ewan,
Defon,
Cam,
Gammoo,
Defon,
Appoomah,
Loompah,
Soongallee,
Ewan,
Cam,
Peter,
Mehon,
Ehomah,
Ewambambah,
Zomah,
Essambalah,
Cam,
Eyammasee,
Sak kah,
Echamco,
Coondum,
Tah,
Efonga,
Norquay,
Nangoo,
Montah,
Efantah,
Seallee,
Incoo,
Coommoo,
Inzabbah,
Fomballah,
Empongo,
Deaf,
Efongo,
Eyoung,
Gamboo,
Enam,
Bandah,
Gabberman,
Sambah,
Pongoo,
Ezom,
Abassee,
Dumb,
Equnjoh,
Indam,
Ebokoo,
Yong,
Devan,
Indee,
Incamnoo,
Indee,
Cam,
Indee,
Bah,
Young,
Inzocoo,
Bindah,
Cam,
Young,
Mahsingah,
Mangah,
Defon,
Young,
Yamsay,
Young,
Iyoh,
Mogeah,
Mechar,
Dosso,
Eyongay,
Demoday,
Poongoo,
Forequay,
Bartoo,
Wanjoe,
Mangoo,
Engubbo,
Emart,
Dumb,
Pongoo,
Mangah,
Singuah,
Mango,
Ejoelah,
Gabbernan,
Intabah,
I'ongee,
Paninbokee,
Impongo,
Edondockey,
Kakay,
Epongo,
Mangon,
Fajimmy,
Ahdoomah,
Ohdoshortah,
Ahkeallah,
Odoo,
Mahballahjeh,
Ahdimmoo,
Ahbogooray,
Ahmoosoo,
Ahcoojohlay,
Edowoo,
Ojoe,
Equahman,
Yeahtopah,
Enoenoo,
Eneecia,
Ahjebahday,
Sackkaray,
Akain,
Jehkeh,
Azoortar,
Ahquire,
J'Ahdah,
Coobahlah,
Chodoenoo,
Mahlehloo,
Oloco,
Farahyoh,
Odoo,
Corsoo,
Lafooloo,
Tooday,
Ahgarrah,
Agooamy,
Ahtoobeh,
Annyko,
Harray,
Ogooahyah,
Ahkahwoo,
Lahbamjoh,
Ojoe,
Sawyer,
Keytoe,
Ogooromby,
Fahtohgy,
Hyenah,
Porsoo,
Awardaysea,
Fahtohgy,
Sally,
I'Looeyah,
Ahkeydowoo,
Cholar,
Ogoolarjah,
Lohlartah,
Hyenah,
Eseamy,
I'Ohday,
Ogoosea,
Doobahtar,
Ojoe,
Manny-fore,
Ahmarkay,
Adoolahmy,
Ojoe,
Ahfocoe,
Hyenah,
Mallahjeh,
Beocoo,
Otoo,
Ahlarjew,
Ahkeyahloo,
Ohpehsaree,
Ahleforeyea,
Cootea,
Ahwarlah,
Ehdoe,
Ahdeejeer,
Daymenookoo,
Fyomykeh,
Tin oboo,
Oloofoulah,
Ahgemmah,
Efeeyemmy,
Fallahwooyeh,
Hyenah,
Ochooshormoh,
Ahbeerahtoo,
Tarwoo,
Agoojohbee,
Tarwoo,
Bojor,
Fahcollahday,
Ahballahlar,
Eyoe,
Awoosoo,
Odoshorwar,
Tin oboo,
Odoo,
Elorlee,
Dojahlar,
Charnoh,
Shetoe,
Ahzaytoo,
Tyoe,
Afoonay gee,
Ejehmchainny,
Hyenah,
Fahbembay,
Quahbehsoe,
Dahdah,
Bamcorlay,
Kaylombee,
Awoosoo,
Chebankeh,
Ahdayinkah,
Cooahwoe,
Achooromby,
Hyenah,
Ocoosormy,
Osoo,
Vetoe,
Charlahby,
Acooahlah,
Alaychomy,
Elogooe,
Bamjoko,
Lahway,
Tamahsorry,
Ehfooyeh,
Ahbyeohmee,
Ahdoe,
Ohmohlahlar,
Sherdaymore,
Odoo,
Dawah,
Achiohkoo,
Dahdah,
Ahchar,
Amah,
Achodahloo,
Fyoh,
Ochochah,
Dajewbahdah,
Asar,
Awoomy,
Awarkar,
Olobee,
Achar,
Ahjie,
Seagoo,
Amahshabay,
Allen,
Mallahjoecoo,
Aseamy,
Ahsooby,
Ahshor,
Kolay,
Achorkoo,
Ahchor,
Torweesheh,
Fahgoodah,
Odoopay,
Coomahpah E.,
Ahkeohtor,
Ahdootar,
Hyenah,
Acoolookay,
I'Yarwoo,
Aboolahwoe,
Ahjie,
Coosehkeh,
Abeosee,
Ehdor,
Tarmardah,
Annahbahjoe,
Odoo,
Hyenah,
Farway,
Ahjie,
Afoopahday,
Mallooncage,
Ahdoe,
Hyenah,
Hyenah,
Dalahjew,
Yahkehyeh,
Agay,
Ahmorloomy,
Obeahwar,
Ohmarlah,
Olookeyyeh,
Fahcheernoo,
I'Omy,
Ogoobee,
Ahkeybahday,
Ahdaybee,
Ahdayahnoo,
Ahkahny,
Dahdah,
Katecoo,
Elorlee,
Ahdabie,
I'Ahlah,
Ogooboom,
Ohchoh,
I'Keyahlar,
Dahdah,
Showdoonkay,
Ogoahday,
Ahmorkah,
Kolay,
Acor,
Fahgahday,
Beocoo,
Ballahbee,
Oloofahjew,
Ejohmorcoo,
Antealor,
Yeanoomy,
Ogoobea,
Ahlonkah,
Ahdasinny,
Ahmoofoekay,
Lissahbamy,
Edowoo,
Dahdah,
Elorlee,
Ahmoosoo,
Egay,
Ahlahday,
Elorworyoh,
Ochoo,
Ogoodiecy,
Bocoh,
Ojoe,
Hyenah,
Ecolay,
Dahdah,
Ebahmorlay,
Ahchor,
Ogoobee,
Coonahbie,
Ahsie,
Abiyohmy,
Fahsoosoo,
Ogoojoelo,
Echeer,
Oyeagoo,
Ahdahpoh,
Ojoe,
Shootohday,
Olooshakoo,
Ahkilly bar,
Ahkeyoomy,
Morkoo,
Ojoe,
Eyozee,
Edanday,
Bellow-woe,
Osoo,
Fahlarday,
Ahboodoo,
Olooboloday,
Ahkittimpoh,
Acoosday,
Abejimy,
Oloomahlar,
Akelarwoh,
Eloomy,
Coodahjie,
Ojoe,
Edowoo,
Soonahhoo,
Follahmazy,
Mahjahbay,
Oloosoyee,
Koolencar,
Ahkeinday,
Abacoolo,
Johnahpay,
Ochoh,
Mahonocoocy,
Ahdadapeh,
Neahdah,
Medahwoh,
Ahkissahmy,
Ojewcoo,
Ebehwoonoo,
Ehdoo,
Ahsorbah,
Abimeborlar,
Orshor,
Tahhallah,
Joombahkay,
Monnahyea,
Ahbiyea,
Ahkillomwar,
Ahtondah,
Ohlahyea,
Fallow,
Ahleh,
Charnoo,
Ahjie,
Charboelah,
Ahlarsar,
Chorgolehyeh,
Ahjoah,
Ahchornehday,
Ahyahbooloo,
Ahchorneh,
Bahbah,
Ojoe,
Olewooday,
Ogoojohbee,
Ahdoo,
I'Adoh,
Awooenoo,
Lahlocoo,
Ochoo,
Ochor,
Ahkittalay,
Mahmar,
Ahjie,
Kacoo,
Ojoe,
Ahkebilloo,
Akarny,
Ochor,
Hyenah,
Ocooba'ah,
Ahlaycamby,
Fiomy,
Abootomy,
Agay,
Ojoe,
I'bay,
Cosinekeh,
Ohdayahjew,
Oshay,
Ahbeorow,
Doseamee,
Ahkeorlah,
Dahdah,
Onajew,
Efantea,
Ochoh,
Porsoo,
Banesea,
Charcoday E.,
Charcolahday,
Coyea,
Ahwoejohby,
Elorlee,
Ahsoo,
Mohnahbarkeh,
Ogoo,
Afoo,
Morpeh,
Tahlahbee,
Morlehcoo,
Maneahlah,
Ehdoo,
Mormoolah,
Oloomecy,
Tahlarbee,
Ahjie,
Hyenah,
Hyenah,
Ahjie,
Ahlarbar,
Odoo,
Marlahka,
Alahmarwor,
Agay,
Yahjehmee,
Lahtahtah,
Mordaylay,
Cootoomohloo,
Sharjonbee,
Ahmonecheer,
Fiomy,
Nocootahday,
Ahlarbah,
Adoofajah,
Ahfooehmee,
Ogooteamee,
Apeh,
Mohbahlar,
Fahgarday,
Marneahlar,
Coolomee,
Amborseh,
Olesah,
Ahbiormee,
Ahdayewmar,
Ayoewarlay,
Asangezey,
Ahdamelorlee,
Emarbetor,
Lodoe.E.,
Boocarbee,
Ohchor,
Ehbehcoo.E.,
Wadoo,
Elootoolemor,
Soocarloo,
Ohgah,
Ahkiszah,
Ahlacahlor,
Ogoomdarlay,
Alooyea,
Ahwoe,
Chabay,
Ahloobeh,
Ehdoo,
Tallahbee,
Ahdesar,
Agay,
Dandah,
Yeadah,
Coobeyah,
Ahjee,
Wahday,
Keyahosea,
Fahbalay,
Ajewnebay,
Famlotea,
Edowoo,
Ahchor,
Agay,
Ahjehmah,
Tio,
Marjoh,
Eyea,
Ojoe,
Ahlahday,
Mahmar,
Ekeogoo,
Eleowoo,
Ampotar,
Ebahar,
Ahwarkah,
Ahmoocheh,
Adawoocheh,
Ohchor,
Allahdooloo,
Dahdah,
Olahbee,
Ahtealah,
Tankahmar,
Ahwoomboobor,
Chodepeh,
Anornoocy,
Beohlar,
Ogoosaryar,
Ogoomenarmah,
Adowoo,
Acoolay,
Ogoo,
Fahdapeh,
Ogoodarlar,
Corborcah,
Echandah,
Esorlar,
Bodoolay,
Socoolah,
Ahdaboomee,
Allahyarfea,
Bamboyea,
Ahbodogoo,
Fahdoecoo,
Ahdapabah,
Bangoh,
Ahkissengay,
Ahlie,
Giyeh,
Ahjimorcoh,
Jahjar,
Ahbelay,
Oroegoo,
Dahdah,
Ahjie,
Ahday.E.,
Ahjenny,
Eyea,
Enoh,
Oloobarkeh,
Marchekah,
Ahdaybaryoh,
Farloobee,
Ahyehberber,
Yeamorcheh,
Ahbambee,
Yeatermee,
Fartarmah,
Oopohlar,
Bejorwoo,
Odoomarsiah,
Oyah,
Yehyeh,
Edehloomee,
Ahjehmee,
Cooselah,
Ogoojohcar,
Hyenah,
Atomoo,
Tioe,
Bambiyah,
Ahlarbee,
Ahgoedoe,
Choobamkeh,
Ahdoe,
Ahdaybor,
Alesar,
Hyenah,
Bejorlar,
Hyenah,
Nahan,
Ahsortea,
Ahbejor,
Ahrormarnah,
Ahyeasahmee,
Sahkeah,
Ahkeloo,
Dayforeloopeh,
Ogoombea,
Sardee,
Ahjie,
Arportoo,
Ahtarbarlah,
Olooahlar,
Tioe,
Ahportoh,
Oloah,
Akenowoe,
Ooroh,
Akakar,
Ahcamarloo,
Asamay,
Iyoesea,
Ocar,
Oolahnear,
Parwoolar,
Ooroh,
Oomah,
Ahwoonobee,
Enaboo,
Oomoh,
Seadee,
Nearcoolay,
Allelaryenmee,
Warchookoo,
Indoesea,
Ebangah,
Parmagah,
Ooroh,
Appan,
Appan,
Appan,
Teame,
Omarwoe,
Opotoo,
Ohdeh,
Orsehteh,
Ohdehney,
Ahfronoo,
Oseakah,
Olooquarsea,
Ehzeh,
Abooam,
Karcooreh,
Ahbahjie,
Akay,
Alaboo,
Ogaboo,
Ehweh,
Olay,
Ehzehlar,
Jimahfore,
Jimahfore,
Mahmar,
Oodeh,
Ocolay,
Ohjehloo,
Oloolehcheer,
Warchooloo,
Mardebekeh,
Ocolay,
Nooar,
Mannoowarnoo,
Alewehgoo,
Checoo,
Ocolay,
Ahneardehwoo,
Enehnoo,
Ocorochah,
Ehnearloo,
Appanny,
Apoh,
Ahnar,
Appan,
Appan,
Ocorahfore,
Sargolah,
Innehlabour,
Ehcoomah,
Echeertam,
Obarnahcooleh,
Etehpeh,
Ehrah,
Edoewesea,
Bahleleh,
Ajimmorfore,
Appan,
Ooroh,
Obee,
Mister Claimore,
Ehmerzerr,
Ahdeahgah,
Neardorah,
Ocoboonah'Ah,
Imbakay,
Asajay,
Odoomah,
Odachar,
Imbahfore,
Ebangar,
Vengar,
Appan,
Atooroo,
Wangoo,
Egwarchar,
Hacoo,
Wamborgor,
Armorhomah,
Appan,
Eteh,
I'toh,
Ahpo,
Ocoronco,
Ocolo,
Ahdoomay,
Ogah,
Ahlancor,
Eneah,
Equahmah,
Agelleh,
Bessy,
Ahdar,
War E.,
Oocarmah,
Wardah,
Warker,
Ejewmargar,
Borcar,
Edahone,
Eyennesea,
Oquohah,
Oreachor,
Wardah,
Ahtem,
Ahjam,
Oowar,
Oozobee,
Chenaroo,
Imbolay,
Imbahfore,
I.E.,
Imbakay,
Manehner,
Corcor,
Enanoo,
Moonehner,
Moonerner,
Money Simpy,
Carr,
Defon,
Demmah,
Bontoe,
Nancy,
Tarm,
De,
Eyap,
Defon,
Tininkey,
Defon,
Dongimmore,
John Moore,
Impoh,
Yamsea,
Ahcongohdeh,
Ahbor,
Yamsea,
Young,
Tom. Bull,
Zay,
Quah,
Tambe,
Besang,
Indalar,
Carm,
Defombah,
Ezang more,
Live King,
Esam,
Esoo,
Ingarlay,
Ewan,
Wandor,
Dewambe,
Sambah,
Larbee,
Popoolar,
Ahboongar,
Mambar,
Gambay,
Kanjoe,
Parco,
Bosooah,
Gandoe,
Sangoh,
Singoh,
Howbar,
Metoemar,
Gantoe,
Laggard,
Berbay,
Bonjoe,
Wambear,
Ewan,
Eyounger,
Gambray,
Wattle,
Egang,
Bambay,
Mannorkey,
Defon,
Bondeah,
Marnorkey,
Gogah,
Oloopah,
Gambor,
Belly,
Margohmarsah,
Wambray,
Marlockay,
Masangoh,
Mardongey,
Marconggoh,
Donsoo,
O.Zoocoo,
Defon,
Defon,
E. Why. E,
Garboo,
Monshar,
Mortay,
Nah,
Sallay,
Sahcoomah,
Neh,
John Dabay,
Defon,
Dimmar,
Indee,
Etookeh,
Defon,
Dangah,
Defon,
Defon,
Etoo,
Doosoo,
Gorbarsah,
Marlee,
Emah,
Go,
Yanjoe,
Sangoh,
Coondoo,
Sarboo,
Sarbee,
Gun,
Tap,
Buck,
Gorboojeh,
Yeomar,
Gorbarsir,
Ebelong,
Gondemn,
Gundow,
Efoongo,
Kingah,
Carmoo,
Ahwarlee,
Brandy,
Jabepooner,
Econgar,
Mark,
Torquay,
Biyoung,
Gormerneh,
Morboryoh,
Zeezonbah,
Bahker,
Elockey,
Sang,
Ingarlay,
Carmy,
Hour,
Manargcor,
Cosay,
Chango,
Young,
Mahshor,
Cutter,
Bahber,
Quesar,
Yamsay,
Etah,
Tacoo,
Dewhy,
Sammooyoe,
Bonjah,
Bontoe,
Nearsar,
Sayneor,
Wambay,
Benny,
Gobah,
Bacantoh,
Defon,
Bang,
Marwah,
Monjoh,
Defon,
OoCam,
Meyoung,
Efore,
Epor,
Shebe,
Carr,
Inyoh,
Defon,
Defon,
Teme Defon,
Alay chain,
Gahcookham,
Gangcoo,
Defon,
More-Beer,
Mahfore,
Defon,
Camboe,
Marmboh,
Wohsah,
Ahze,
Yangseer,
Soobear,
Be O.,
Betoecoo,
Gohyoung,
Gohberyoung,
Bandoon,
Neigh,
Jewsoo,
Gwar-War,
Elar,
Esat,
Younger,
Coomarrah,
Gobaryoung,
Coobaryoung,
Goyoung,
Ahgarrah,
Belong,
Awantea,
Ewanjeh,
Gorberyoh,
Monjoh,
Oondoo,
Loon,
Indah,
Corpioh,
Marfah,
Defon,
Defon,
Woelahkah,
Ohcharochee,
Whybow,
Layquorchee,
Ocoromco,
Ohwoechoocor,
Woecarmor,
Okeelelay,
Wanobee,
Mardebekay,
Annoboo,
Ocooronco,
Bahdohah,
Indehlem,
Ohcarfore,
Low,
Ahparbay,
Ohroh,
Appan,
Adaymarnear,
Gonday,
Arbassea,
Omah,
Abay,
Teah,
He Believe Be,
Oroh,
Oroh,
Oroom,
Wahchoocoo,
Owooang,
Ooroh,
Taffeah,
Oleong,
Appan,
Appan,
Ohjeom,
Ocolay,
Wogoo,
Ocachookoo,
Ebaquay,
Wolahkoo,
Oomah,
Orroh,
Orroh,
Orroh,
Ehlehtequay,
Ocolay,
Oomoh,
Marquor,
Ewinzah,
Olaycoo,
Onearmobee,
Ohbannobee,
Indokay,
Mor,
Oondim,
Baloogoo,
Ahdehler,
Appan,
Ahnorcor,
Ornoh,
Ehchoocoo,
Ahboo,
Obodow,
Edoobesea,
Ocolay,
Noowah,
Ohnelar,
Pagay,
Wolee,
Ogaboo,
Alentor,
Ocolee,
Ocalakay,
Abarzoh,
Woe Kehdeh,
Wanquoh,
Embah,
Booday,
Ocoo,
Larkarlarge,
Injoeko,
Okakay,
Ocorow,
Attam,
Mitoe,
Appan,
Ocolay,
Goh,
Ohnearbooleh,
Wahchar,
Appan,
Appan,
Bahcoonebeh,
Ahbahlar,
Cheemah,
Ahboo,
Walay,
Najay,
Nearcolay,
Etawoo,
Sarjoh,
Cheernohkah,
Ohgah,
Anekay,
Ohneahlay,
Ncohwar,
Ahoolay,
Ohneahchorlam,
Elahkassy,
Dohquay,
Ahnorgah,
Ohnorhah,
Ohloomar,
Ahholoe,
Orroh,
Zewekah,
Wocoe,
Cammarnoo,
Eyea,
Attam,
Omeh,
Ahbah,
Borbor,
Wahkargee,
Wahter,
Gorrowar,
Appan,
Ahgoo,
E. Mehlehqueh,
Conquor,
Beahloo,
Awooahloo,
Ohzor,
Woquongkor,
Sardow,
Mishah,
Buye,
Assea,
Nahdoozee,
Behney,
Attam,
Doobesea,
Appan,
Choocoo,
Oogoo,
Bahmoosoo,
Ogah,
Ocantoh,
Bember,
Ehbeh,
Allegoozoo,
Attam,
Oneahquay,
Hermay,
Enaboo,
Attam,
Appan,
Woccarchookoo,
Ohbee,
Attam,
Attam,
Ahpahbeor,
Wocoroe,
Ahgow,
Ahdoney,
Nahmookar,
Ehzemoolay,
Attam,
Ewooah,
Warchookoo,
Nenorhar,
Nebeh,
Ehbeh,
Wakeh,
Lie-Ejoe,
Attam,
Ecooahlar,
Ocalay,
Ehzay,
Mahkor,
Choobayroh,
Keebay,
Wahchookoo,
Ehzeh,
Ehlay,
Ooroh,
Tokahdar,
Okeelebay,
Wahtah,
Ehnobee,
Iyeabooloo,
Ahbenah,
Ahmolee,
Ahtea,
Keejahwoe,
Mancar,
Ahnahsekay,
Opahbee,
Ehzeh,
Ahtokah,
Ogahquay,
Ogoo,
Ecolahchar,
Bogwah,
Appan,
Ocoronquoh,
Awoolem,
Karwooneh,
Ogebay,
Appan,
Lohcannah,
Esane,
Ihomassea,
Oomah,
Morlah,
Attam,
Obillah,
Oham,
Oomah,
Hyenah,
Bewhyah,
Attam,
Enahnee,
Wahdekem,
Mocharchee,
Oroh,
Ahjah,
Tahmornah,
Appan,
Carmarnoo,
Mahdor,
Dobesea,
Wahcorchah,
Ehbeh,
Ahnolow,
Ocarakay,
Ahgem,
Ahgahkoo,
Mardoobechee,
Oogoo,
Epoh,
Ewajohfore,
Oloeme,
Ocaka,
Ocoraffore,
Sorbelar,
Chemelar,
Warquay,
Corbow,
Attam,
Oodoh,
Ochagay,
Ebahchee,
Ohgahbor,
Ahgowenser,
Passey,
Oomah E.,
Ogay,
Appan,
Opahbee,
Heynah,
Ahlohday,
Osahgah,
Nanjim,
Indaquay,
Allahcoozoo,
Ahdeahkah,
Attam,
Foocam,
Indehwhy,
Ahcoolooleh,
Oogwarmah,
Eday,
Bolay,
Ehlefehme,
Ahwoomahwar,
Charbah,
Coesherme,
Oloowoeyea,
Ahbarko,
Lolookarme,
Lahmoloo,
Ahshor,
Orahme,
Enkehim,
Choochame,
Ahjeholay,
Nobeah,
Oloopealah,
Barlee,
Chofahgorsar,
Margahnah,
Nomobe,
Cootahmee,
Jehmarloo,
Charko,
Mahmar,
Eday,
Olobo,
Ogootoosea,
Adam,
Dallarmar,
Ahwoedo,
Galazemah,
Ahcookkey,
Ehpasseh,
Ekahmoo,
Oomohboh,
Ondordeh,
Indordehchee,
Mahmar,
Ahtammah,
Ahlahmangee,
Ahpo,
Ahwoocheer,
Ahmarlah,
Ewahyah,
Ehworlah,
You Wehleh,
Ocorronco,
Awoo,
Besarge,
Indokah,
Hehame,
Ohgahlar,
Ahjoh,
Ahpahkoo,
Toedoe,
Ahlahwhy,
Ahgah,
Ahtam,
Noochee,
Ogoo,
Olaydo,
Olesah,
Ocorrong Keh,
Neahkeh,
Chillahboh,
Enaboo,
Ahcoonnah,
Dangannah,
Bomosea,
Wammarkah,
Eneah,
Awoosharm,
Edoo,
Ahgedoe,
Enehmah,
Commordore,
Dangannah,
Awoh,
Oco,
Ahmuch,
Bolay,
Bobo,
Agoo,
Iammahnoo,
Lahpar,
Hamcor,
Ahyomahchee,
Chardoe,
Ahgam,
Ahbahlee,
Bahtoome,
Okabye,
Iagoo,
Newcolo,
Newcolo,
Iewkoo,
Okoolah,
Ohjohboo,
Ahkeynoo,
Ebarlay,
Mayene,
Hahgay.E.,
Nagadoo,
Ohbarnoh,
Hannah,
Gohkar,
Ahpah,
Ezecarlake,
Ahdogah,
Egerneh,
May lemore,
Ahpah,
Lahloobah,
Ewah,
Ohjah,
Fahchepeh,
Mallewoo,
Ambay,
Ahwah,
Bayle,
Ahyowah,
Mashatoe,
Bambay,
Ahah,
Aneih,
Aloomecharsebee,
Fehweetoo,
Ahlahchay,
Olojoe,
Ahjie,
Wanday,
Ahwehlay,
Moochee,
Glass,
Sealepoo,
Esther,
Olojoe,
Ohcor,
Bogolo,
Erah,
Ahmardeh,
Ahcormee,
Walay,
Boolohor,
Boolahwar,
Boowar,
Ebah,
Magay,
Oyearay,
Ogole,
Wooyannoh,
Lafea,
Parker,
Annechee,
Anny Key,
Iyealoo,
Oletea,
Lohlor,
Ahpah,
Ayenah,
Chorleque,
Ballah,
Mordim,
Imbarcor,
Ahlodow,
Gahbah,
Ahdeah,
Dangahnah,
Carbah,
Barlee,
Day bokoo,
I'beh,
Ahmoocorleh,
Eyea,
Olewoe,
Lehtoccoo,
Moosea,
Morteah,
Ehsie,
Boy ay lay,
Ekarwoeboo,
Loosoome,
Ahjemah,
Agoo,
Lahbeyah,
Ohforlah,
Fahbay,
Yambah,
Dang annah,
Ahpah,
More,
Ahmah,
Johcor,
Nahme,
Ooroh,
Ahpahbe,
Anechor,
Gogolo,
Ebahtahmee,
Lone Way,
Wahchookoo,
Ahpah,
Nohnar,
Acoraffore,
Annymoomar,
Ogooshay,
Majewbar,
Ahkoonecar,
Lahteabay,
Jewmorco,
Ahtormoo,
Morlahlay,
Normoh,
Coolahjaylor,
Ahshean,
Ahshean,
Ahshean,
Olokay,
Ahshean,
Wonaha,
Ahbahle,
Ahnewar,
Ahjoebe,
Ahbar,
Debeahgoh,
Ahpah,
Atoo,
Warsham,
Ahshean,
E. De,
E. Born,
Agig,
Harlee,
Kayloomore,
Indoquay,
Bochee,
Eyoung,
Ohgeday,
Ohdasham,
Ahdaymargoo,
Killekah,
Abeo,
Chormoh,
Ahpah,
Bahlarboo,
Ahmoryeh,
Ahmoryeh,
Kochooboo,
Checo,
Agedo,
Longge,
Ohnear,
Apay,
Gahbor,
Ahmorson,
Ahjormoh,
Enolaw,
Bench,
Neahleh,
I'yahcar,
Ah_Boy,
Ahnear,
Bohcor,
Wahtercalay,
Imboloy,
Toecolow,
Buo,
Ebor,
Ahgam,
Ebor,
Ahnorchor,
Ebor,
Ebor,
Ahcholo,
Nanaboo,
Ocorow,
Ocolow,
Nemanah,
Bannah,
Wamppah,
Saree,
Farmer,
Saree,
Allahcho,
Dorleh,
Cho,
Bannah,
Quaer,
Hinnicar,
Belmo,
Mangoh,
Watermorloo,
Ballah,
Day,
Bahboye,
Garbar,
Kong,
Mohmodoo,
Comesea,
Minner,
Dafay,
Bannah,
Tarrow,
Yahmia,
Kie,
Marfear,
Tarrow,
Perwoe,
Serdeah,
Langoe,
Kafoo,
Sammar,
Cholow,
Yandafay,
Najameh,
Yahkie,
Bannah,
Tong,
Joe,
Sasa,
Jahwah,
Wambar,
Sasa,
Biye,
Selow,
Buray,
Choe,
Sinner,
Chocho,
Bannah,
Tong,
Bember,
Saw,
Farmer,
Hiller,
Bay,
Carwonny,
Sarbiye,
Bay,
Farm,
Wangah,
Tar,
Saw,
Say,
Pear,
Marsar,
Tong,
Cho,
Tarkey,
Corwe,
Tong,
Kie,
Miyah,
Pay,
Tombay,
Forey,
Farmer,
Booyie,
Sowar,
Dombah,
Tong,
Gohway,
Dewer,
Peng,
Barge,
Kie,
Eboe,
Saw,
Tong,
Tong,
Pear,
Karray,
Tong,
Toeday,
Ohmar,
Sanday,
Karray,
Gorebah,
Toeday,
Tarrow,
Sasa,
Tie,
Menge,
Jaga,
Carpoo,
Ingola,
Seamour,
Tong,
Calafar,
Farray,
Yeavah,
Farmer,
Tambah,
Farway,
Tong,
Corlee,
Sember,
Bannah,
Coryoh,
Fire,
Camore,
Monkey,
Saw,
Parteh,
Parway,
Teawar,
Karpoo,
Choe,
Bannah,
Sarrah,
Choe,
Terah,
Biyah,
Tambah,
Kahpeh,
Goreh,
Tong,
John Doh,
Samboo,
Sarwoe,
Mormodoo,
Wanny,
Serrey,
Yarah,
Pear,
Shobar,
Borbor,
Bragy,
Tanah,
Diah,
Bannah,
No,
Dambe,
Serah,
Gandaymah,
Langoo,
Findah,
Yeamah,
Marhotah,
Mar_Wine,
Findah,
Yeamah,
Kie,
Boy,
Martomar,
Yanday_booroy,
Coombar,
Coombar,
Boy,
Yanday-booroy,
Marsong,
Marwar,
Tangie,
Yengee,
Yombo,
Marwartah,
Mangah,
Mangeah,
Fendah,
Tenner,
Manjorpoh,
Yarlay,
Conee,
Boy,
Conee,
Marnay,
Fangie,
Charwah,
Yombo,
Yarkah,
Marhoon,
Boy,
Kie,
Nengay,
Markenny,
Markeh,
Kie,
Boy,
Henny,
Findah,
Martoe,
Findah,
Martoe,
Wenkeh,
Yarkie,
Yambo,
Marcoonde,
Herner,
Lie,
Coombah,
Mammore,
Palmer,
Boy,
Findah,
Marbondoe,
Boy,
Marwonny,
Manjar,
Chorcor,
Yahkie,
Hyenah,
Edowoo,
Oloo,
Ohchor,
Ocooahlar,
Ohjarlarday,
Ahjie,
Ahjarde,
Bambooshay,
Ojoe,
Dahdar,
Ogooahbee,
Ogoojohdow,
Edowoo,
Ahgeah,
Oboobordee,
Allarday,
Olechar,
Hyenah,
Ahjarwoe,
Ahkayloombe,
Ahkaywoesea,
Chiminy,
Ahdaybelee,
Ohloosorgee,
Dowoo,
Chogodee,
Ahbannegee,
Ogay,
Ogooconnay,
Dambocoo,
Dasoomoo,
Ahmoocoolarday,
Ahpanny,
Ahkayermee,
Dardah,
Ahbarlahgar,
Achobay,
Larnayah,
Farboloo,
Ogoo,
Olowoe,
Ohjoebia,
Farbee,
Ajammy,
Ahbimborlay,
Ogoochorlar,
Daloose,
Ahjorsay,
Ocoomioboo,
Yarwe,
Fartoombee,
Ahdayeh,
Ahdayleh,
Ahwarleh,
Ohchor,
Fahbomahdoor,
Ogooasea,
Ocooahcor,
Lornayoh,
Ahdabooshe,
Coobarlarjer,
Fahtojew,
Ahlooborlar,
Lieyornoo,
Lardepoor,
Ohdewarlay,
Ohchor,
Ahkillortor,
Acoosie,
Onebawar,
Ogeetarcor,
Jaymormor,
Ahtenjer,
Ahdayberyeh,
Yahfarloo,
Ocoomiobo,
Ahsoombea,
Ahshay,
Ahjie,
Larweryeh,
Ehdoo,
Yeasinday,
Ahjie,
Maneyapay,
Sharwedah,
Ahseaembay,
Kallesarwoe,
Cowarlee,
Martehesah,
Ofoolee,
Ahjie,
Ogootoekeh,
Ehlerio,
Larnayea,
Monodear,
Howmuchday,
Sarnor,
Hour,
Morforlah,
Ohmorjayloo,
Morlaydear,
Chobamkeh,
Ahzahtoo,
Narmah,
Tosslay,
Martormer,
Adear,
Ahyeaballar,
Betolay,
Ahdanekar,
Sugoolarday,
Ocoojortoe,
Waryea,
Eyea,
Marjewcoo,
Martarjoh,
Ogoo,
Charday,
Somore,
Ahdoofercor,
Ahjie,
Fanny,
Ahweah,
Farchoowar,
Ahkillambee,
Morlah,
Marlah,
Fartooboolay,
Ohchampay,
Choonerchor,
Eneorlah,
Oboocorlah,
Hannah_Moiet,
Day Mowoe,
Tabay,
Ohbarcar,
Jebolechar,
Ogoonomy,
Ahkeyie,
Yeamoryea,
Bamboshay,
Achorbay,
Fardaypeh,
Layboyea,
Ogoo-James,
Ogootobeherlay,
Ahlarday,
Ogoosersay,
Ogoo,
Ahnoker,
Alaybay,
Yonakay,
Olochee,
Edowoo,
Ahker,
Oforoloo,
Ahdaytior,
Eloree,
Ahjie,
Forbarlah,
Mortehcoo,
Johnerson,
Ahcornomy,
Mornar,
Jyordarbor,
Fardeobo,
Morlarkeh,
Dayborlah,
Ohnearnor,
Jorjorjomah,
Ahborjah,
Mordalay,
Omoloo,
Ahfoocharcar,
Egay,
Oloopehday,
Marforlor,
Hyenah,
Latar,
Machamay,
Tiwoe,
Dahdah,
Memtomey,
Farjamy,
Day-jercar,
Ahyeadame,
Dahdar,
Elasseday,
Ogootome,
Ahjie,
Ocoosoome,
Fehsoo,
Ogoocharwoe,
Falloyea,
Ocoolah,
Sarlorcor,
Morloo,
Darcoolo,
Goonege,
Ahlarday,
Ahteacosea,
Okey key,
Marmah,
Ocoove,
Coolay,
Martojahbe,
Marlayorme,
Oyeadajah,
Ahbardollar,
Oloocar,
Morloo,
Warpago,
Osoo,
Tiwoe,
Emarchay,
Larfooday,
Goosoo,
Father in Law,
Ahjie,
Saryorme,
Oloobolar,
Ogoomotea,
Marmar,
Ahlarday,
Ahparjoe,
Ahgoosea,
Lahtooday,
Marmah,
Bandachay,
I'yorohsay,
Fiyomy,
Ahmoosoo,
Ahkibolay,
Marmah,
Ezinegah,
Yarlowoh,
Yorlay,
Ahdomfar,
Ahmorshaw,
Corlee,
Martolee,
Lahteapor,
Fahjorcor,
Obay,
Ojoe,
Ohkebor,
Ogoolarday,
Ohlokey,
Marmah,
Wattle,
Larchelor,
Ahdolooyea,
Ahlooyeamor,
Larcarpo,
Ahkawy,
Ahlaysoo,
Ahcoolarwoe,
Ololo,
Ahdateabar,
Sharboomee,
Bamkorlay,
Ahwoeyame,
Ojoe,
Ahkarlo,
Fahjorbe,
Ocorlar,
Ahshiohme,
Ohdayorme,
Ochee,
Hyenah,
Fahdapeh,
Gele,
Ahfookeohme,
Worrowdomah,
Marharmor,
Ahtardah,
Cochorboh,
Minner,
Marjaybay,
Aloolartah,
Fahcheeter,
Ejayehboo,
Farshenay,
Oloogeday,
Ehdoo,
Bambochay,
Galarsah,
Ahdolayea,
Ahdasoloo,
Lorlartah,
Allarday,
Ohchor,
Ahdasorcor,
Fahda,
Ahdeo,
Bogoo,
Okagoo,
Oyeacor,
Ahbedagoo,
Ojoe,
Soonahyea,
Ahbasorme,
Looeahcoo,
Ahloodoosoo,
Fahcoyea,
Ocoodamore,
Ahbearsar,
Ehwoolehme,
Aleh,
Ony,
Boomerseh,
Ojoe,
Queer,
Mahday,
Hoosoo,
Ahjie,
Chakoo,
Ahdoo,
Ahdoo,
Ahchorday,
Tecarlee,
Landon,
Ahzatoo,
Ahlooloo,
Farlombe,
I'yakeh,
Anne,
I'yotelay,
Ahparwoo,
Morlarlah,
I'yorlahlar,
Ahsoomarlar,
Fahkiyah,
Dahdar,
Yerne,
Hyenah,
Mardalar,
Foondeh,
Look-Come-Sea,
Ahshetah,
Hyenah,
Ohdoobamkeh,
Bamkafar,
Ahbearahdoo,
Alesharbe,
Ahcooyou,
Dahdar,
Ony,
Tinaday,
Ahnooahlay,
Fahtormo,
Okedah,
Ahyearoe,
Boolabay,
Martarjoh,
Awoosoo,
Eyarlarwoe,
Jorsea,
Quardanoo,
Money-Olah,
Allarfarme,
Marlahkey,
Seacorloo,
Ahparbee,
Ofoololoo,
Fahlalah,
Molookoobeh,
Dasorloo,
Ahmorlooe,
I'loomor,
Tiwoe,
Ahloryeh,
Agay,
Lohlar,
Oleesarlaloo,
Aloobelay,
Dahday,
Obepoh,
Fellarwah,
Ojoe,
Ahmoosoo,
Ogoojorbe,
Afay,
Olesarvy,
Aloo aco,
Ohbarbane,
Hyenah,
Ahtooborteh,
Ahketepeh,
Deosome,
Ageah,
Ahdechar,
Ahbebo,
Ahchor,
Dayewahlar,
Marmah,
Ahkeyahme,
Ahdeo,
Dosoomoo,
Akiloloo,
Cotookoo,
Ojoe,
Lahtogoo,
Lepahday,
Fahda.E.,
Ahkarlah,
Ahjarleh,
Ahwarlay,
Allehail,
Olooforteh,
Ahtopeh,
Edowoo,
I'Dehlah,
Mornahyear,
Okooahday,
Famy_Norah,
Ahkeyome,
Ahbomoosea,
Bamcorlay,
Etamakay,
Ocoolaloo,
Agay,
Hoovah,
Ohchor,
Chobaye,
Lahwoesea,
Corsohlarmoo,
Ahkayenkah,
Ojoedoo,
Ocolar,
Ahkassy,
Daloojew,
Jehmansah,
Aletar,
Ohdahdowar,
Ahtahparlah,
Fahmy,
Ohdoolehmy,
Dahdah,
Hyenah,
Oloojohsea,
Lessen,
Tinnohday,
Ahgeah,
Bancorla,
Ahdabe,
Obekoo,
Karpoo,
Ohchor,
Coomoo.E,
Dosemy,
Fiomy,
Ahbeloo,
Chardepeh,
Ahlarbah. E,
Chardepeh,
Fahlebeh,
Ahtoesea,
Logoodoo,
Ahdawarle,
Aboh,
Warby,
Ogooahzah,
Ahdacheme,
Mortahlar,
Cow_jeeh,
Ahsootarlorle,
Ahkejorbe,
Ahjie,
Ojoe,
Osoocorjeh,
Cootorsoh,
Ewaryea,
Coochame,
Alermy,
Oloocorday,
Olesahsay,
Dowoo,
Ojoe,
Ahkintah,
Ojoe,
Fahbom,
Dawoo,
Ahlarday,
Lahloyea,
Ehlebe,
Ohdeh,
Bahba,
Caryame,
Ahmarkay,
Ohdamorday,
Kecharmoh,
Agedame,
Fahquohjoh,
Obefermy,
Fahlarday,
Akeboh,
Ahlarday,
Ochochee,
Opodo,
Ahdeahdow,
Ahbie,
Larboosea,
Ahtarpahlar,
Bamborchew,
Ahminner,
I'year,
Siome,
I'yarwoe,
Jarmoo,
Ahportah,
Awoosoo,
Ahsoo,
Bambay,
Ahjie,
Ahmorcookeh,
Marjehbeh,
Awooser,
Ahdalorboh,
Sarsolar,
Hyenah,
Ahjie,
Ahdorseh,
Ohbeohtar,
Sarjohbe,
Anayola,
Hyenah,
Ahsoongala,
Ahmomey,
Tiwoe,
Ahdaywarlay,
Abomy,
Ahdocheer,
Fancy,
Agoojomby,
Ahgar,
Fahby,
Ahtasoloo,
Ehberbe,
Falloobee,
Ahmahtoday,
Ohmortah,
Hyenah,
Fahmocookeh,
Ahportoo,
Ehgooahme,
Ahgermoh,
Abillolar,
Ahmomy,
Agay,
Coobarlehjeh,
Ajarsarlah,
Bemcheer,
Bejohwoe,
Ahmorpeh,
Honor,
Mandow,
Afeom,
John Demn,
Apasay,
Arfeom,
Ohcorn,
Afeom,
Afemar,
Oomorlay,
Ahtom,
Fun,
Apoe,
Afeom,
Ohrock,
Afeom,
Ahfanar,
Ahcon,
Ahroontang,
Ahronah,
Besong,
Arfeong,
Craommoh,
Eneah,
Atah,
Anoo,
Afeom,
Coolilame,
Apaneong,
Ocaremkemn,
Abedicah,
Wooseh,
Woocheer,
Ooroh,
Oquadee,
Choocoo,
Appan,
Apo,
Ahseabom,
Ehtook,
Noh,
Crahahwar,
Ewack,
Oorock,
He Sin,
Oonfon,
Boorekem,
Wammah,
Nowalee,
Barsah,
Eninsah,
Esah,
Monsah,
Apo,
Nermay,
Daybay,
Abay,
Efeom,
Tarber,
Tarcher,
Ahah,
Anduck,
Ahbor,
Tarcamo,
Yeanah,
Ehrem,
Imboe,
Ocoomor,
Ooroh,
Erem,
Afon,
Afon,
Acooreyoe,
Oonfoon,
Ahparbay,
Eat Tea,
Boorookem,
Maggrar,
Ooroh,
Andemn,
Imbeh,
Azay,
Nammosay,
Ehzor,
Andemn,
Ooquah,
Ooroh,
Buycoe,
Appan,
Attam,
Monjeh,
Eyang,
Edahdookeh,
Boorookam,
Buy,
Afoot,
Tam,
Boorookem,
Besong,
Attam,
Biyah,
Mookay,
Attam,
Ohmah,
Attam,
Boorookem,
Barshee,
Imbeh,
Imbeh,
Imbeh,
Imbeh,
Imbeh,
Imbeh,
Imbeh,
Erem,
Anquoh,
Ahbassy,
Ehpeh,
Morbeanday,
Ohpor,
Pahtoofore,
Namdedear,
Banahyock,
Ehrem,
Ehremmorloo,
Annooway,
Moogam,
Ahdearday,
Ogoo,
Ocon,
Onojoe,
Asain,
Amay,
Anchah,
Ney-Joe,
Boorookem,
Atay,
Obo,
Ahparmoo,
Defon,
Karbeang,
Young,
Jongah,
Defon,
Defon,
Ahpo,
Defon,
Defon,
Ahyoung,
Tarsang,
Carpoh,
Defon,
Ehjoh,
Normarnah,
Defon,
Aquoh,
Ahbassy,
Defon,
Defon,
Ehjoe,
Deahkah,
Defon,
Rahtar,
Ahkarlitie,
Alay,
Afeo,
Afim,
Apo,
Afim,
Ahto,
Andoo,
Ahcoobah,
Otom,
Eneaho,
Atim,
Anoe,
Woosoo,
Oomoh,
Andem,
Ahcon,
Ehreb,
Oomoh,
Enam,
Odoe,
Ahcon,
Tongay,
Afeom,
Arab,
Ahcon,
Eyang,
Eyang,
Jaquey,
Gersay,
Asang,
Asain,
Onah,
Ahtoom,
Boorookem,
Bember,
One,
Ahcandemn,
Anchawan,
Ahbor,
Equoh,
Harry,
Ohrock,
Ahbassy,
Ehber,
Ateah,
Eyock,
Nahmemah,
Dacaray,
Enten,
Equoh,
Ahbor,
Woonehgeh,
Ahdeahgah,
Boorookem,
Eneang,
Emboh,
Ahning,
Boorookem,
Gwarfeller,
Ahdah,
Boorookem,
Chookoo,
Imbahfore,
Ofeom,
Defon,
Ahdeahkah,
Ahfah,
Oomoh,
Ohrock,
Appan,
Neohmopoh,
Defonbar,
Betty,
Mekiyeh,
Hamnahmettea,
Ehyoh,
Sanahdemn,
Apo,
Ahrammarnah,
Ehjarjeh,
Ahsoo,
Besoo,
Ehjoe,
Najoh,
Indam,
Eshean,
Ohrock,
Afim,
Gamtah,
Ohdorkesseh,
Afim,
Ehner,
Anchiyoh,
Garbah,
Ahquoh,
Ooroh,
Boco,
Atoo,
Ahbassea,
Martoe,
Opanay,
Apo,
Ahpor,
Afim,
Attam,
Gorfeorgem,
Parkerfun,
Aton,
Manah,
Chipoh,
Ehkenner,
Ohjoh,
Ooroh,
Ehtartoe,
Afim,
Esarrem,
Etalk,
Efanah,
Ehsor,
Otiggeh,
Ahbear,
Epong,
Boorookem,
O'Con,
Imbeh,
Ehnang,
Ehroomoh,
Bahchoe,
Ehtah,
Ehseaboh,
Carreh,
Ehneh,
Ehsor,
Dancomoo,
Ehseabong,
Oowen,
Edear,
Tamah,
Diannah,
Ahbassy,
Ocon,
Woeceranah,
Ahbassy,
Ohsowarkah,
Embeh,
Ehparkemfore,
Lonolah,
Mecharcho,
Young,
Ocon,
Osoahwoe,
Defon,
Ehfanar,
Youngoyoung,
Ehtar,
Afim,
Aquoh,
Apo,
Ahswahquoh,
Embeh,
Ohcon,
Karsoocoo,
Afim,
Ahgeah,
Tacoo,
Ahdeck,
Gerseh,
Ahbassea,
Ecandem,
Ogee,
Equor,
Oorop,
Besong,
Equor,
Gerser,
Ahsebar,
Ahrook,
Cererer,
I young,
I yom,
Ahbassea,
Give_up,
I.ye,
Enorcar,
Ehrap,
Coomah,
Ehyoung,
Ehfim,
Ehyoecon,
Ahreb,
Apo,
Gerser,
Morfore,
Monquey,
Mecar,
Aperee,
Imbeh,
Equoh,
Kerreye,
Imbahfore,
Etah,
Mormoday,
Memfim,
Gerser,
Ahconahore,
Ahreb,
Imbarfore,
Oomore,
Imbarfore,
Eneang,
Equor,
Equorwhy,
Ehperyoung,
Imbang,
Wangfon,
Oondenor,
Equor,
Iyee,
Marfan,
Indop,
Ehyou,
Anein,
Asoo,
Antoocoo,
Ehberbeh,
Bitter,
Ahbassy,
Atah,
Ahcon,
Afeom,
Ehrem,
Ehrep,
Ehteasy,
Ehberbeh,
Ta_Terry,
Eneang,
Eneang,
Candemn,
Ehfang,
Warchoocoo,
Woocah,
Ahborsoh,
Ooroh,
Woochandoh,
Ahwoemeney,
Obinewanay,
Ocarakay,
Ganookay,
Narrow_Jagay,
Ahbornechay,
Coronquoh,
Elahboolah,
Ahroovah,
Johcoh,
Yahbeesea,
Bahgoh,
Carmahloo,
Choocoomarcor,
Lohwoe,
Woecarchah,
Ahjoobecay,
Ahwoozocay,
Ogah,
Ahnocoo,
Agemokoo,
Corebeh,
Ahdoowesea,
Intondah,
Mahmoonah,
Wocagee,
Agarboo,
Dooroo,
Wooah,
Ocolay,
Gorgee,
Mardoh,
Woebee,
Dohyahmah,
Darebah,
Wahgah,
Wocohroo,
Ocore,
Woochargoo,
Porogo,
Wooah,
Ogah,
Dafay,
Oorah,
Ooroh,
Appan,
Bahpan,
Appan,
Ooroh,
Eyangolah,
Appan,
Appan,
Afeon,
Eneah,
Azooroh,
Ahbassea,
Appan,
Appan,
Akahdecah,
Oboe,
Mellow,
Elehboo,
Chireh,
Nahsea,
Ahbookeh,
Acay,
Ocoro,
Wocahfore,
Hawker,
Ahdobosea,
Woonah,
Chookoo,
Danebeh,
Nearcolay,
Ocarakay,
Lalay,
Oparacay,
Alalalelem,
Ohquahmah,
Lockah,
Doroo,
Oquah,
Okeree,
Ahchah,
E. Jarmah,
Ehbarwekay,
Oquamcor,
Ahnooloo,
Ocolay,
Achee,
Money-Kay,
Ocornoo,
Ahcargah,
Ahbearcome,
Alaboo,
Ahcalahde,
Onenolay,
Mahdelagoo,
Mahdekay,
Ahgebay,
Hinnahbar,
Ogorge,
Chendoo,
Ocolay,
Wahchookoo,
Ahminy,
Ohpannah,
Ahtan,
Miquahdah,
Azericay,
Behzemy,
Ocoro,
Ahbassea,
Wahsoh,
Ahpon,
Ocole,
Appan,
Mojoeco,
Attam,
Attam,
Mahtarchoo,
Ozah,
Attam,
Nahrekay,
Ahbahrecar,
Ahbeahboo,
Botam,
Mesorroh,
Boyah,
Otokah,
Ebehqueh,
Ahdah,
Bohle,
Hambeh,
Bohle,
Ahboh,
Attam,
Etokay,
Karecah,
Ahbadger,
Ahdeahgah,
O.B.,
Wogoo,
Wahdah,
Ahdeahahgah,
Ahdeahgah,
Chinnah,
Apo,
Bahfore,
Ogwah,
Imbahfore,
Indegeray,
Aquoh,
Ahquowooleh,
Attam,
Echorneh,
Quohdallemah,
Woomehry,
Equahmah,
Wahcoosoo,
Imbolay,
Acooraffah,
Ahcahranquoh,
Appan,
Neahdosea,
Boorekem,
Neahnahcoo,
Ejohhoh,
Ebohah,
Ehteh,
Woemerneh,
Alechah,
Chebeo,
Ejoeham,
Gincoro,
Nearvah,
Ehbordoh,
Ocole,
Etoedoo,
Odoomah,
Goodohwah,
Ocole,
Ashe,
Eneang,
Oomoh,
Adeh,
J.E.,
Wahtah,
Ohmorhar,
Oparbe,
Appan,
Attam,
Osea,
Adimmah,
Imbolay,
Oquoh,
Neohlay,
Bekachee,
Edemn,
Ohtam,
Imbolay,
Ohsoh,
Imbahfore,
Imbolee,
Imbahfore,
Boquoh,
Obeahgoh,
Woodase,
Ahcolo,
Wohwoh,
Wammar,
Guammah,
Ahdarohchar,
Wahnaly,
Dagy,
Mahnarnoo,
Marwhy,
Ahgee,
Imbarfore,
Imbakay,
Ahcammah,
Ahnam,
Imboekay,
Ahbarnah,
Imbahfore,
Glass,
Attam,
Ehcoomah,
Wahneahfore,
Eso,
Ahnoe,
Afeom,
Defon,
Ooroh,
Ocon,
Langley,
Ooroh,
Oofon,
Appan,
Ootan,
Defon,
Ejop,
Combat,
Handsome,
Doewoosea,
Eyoh,
Ooroh,
Ahsooner,
Oowah,
Ewan,
Atinnam,
A. Sin,
Ahparbeo,
Appan,
Oomoh,
Oomoh,
Appan,
Ajoe,
Appan,
Imbeh,
Ahfear,
Ooroh,
Ahbannah,
Ohrun,
Gersay,
Ehsay,
Ahbarsea,
Oyah,
Epor,
Defon,
Oomoh,
Ahsiyam,
Nangeah,
Afeeahmah,
Eday,
Atar,
Defon,
Odede,
Ahpor,
Oran,
Afeom,
Bohwoo,
Ahcome,
Tacoo,
Tacoo,
Ocarakay,
Ahmarnah,
Assoo,
Appan,
Imbeh,
Imbeh,
Nannecoo,
Defon,
Moccoh,
Afackah,
Anay,
Assoo,
Oomoh,
Defon,
Mardo,
Anthony,
Ocarr,
Woopah,
Mondom,
Morecam,
Afeom,
Sungorsay,
Mohsorsah,
Appan,
Ahbassy,
Ooroh,
Ehfeebo,
Quesoh,
Appan,
Ooroh,
Eyoh,
Arroo,
Ahtoo,
Boorookem,
Equoh,
Equoh,
Akay,
Ehmarnah,
Ahsally,
Acandemn,
Ahdeahcar,
Afeom,
Armah,
Oomoh,
Apo,
Ahdear-ahcar,
Ehfore,
Ahcon,
Ocoray,
Acahco,
Ahcom,
Ahdekemn,
Ekay,
Oomoh,
Alaymarmy,
Mannah,
Ahdekem,
Ahcon,
Ahcahdem,
Narcombe,
Unknown,
Ocorn,
Ahyoh,
Ahyoh,
Oyoe,
Answer,
Ocon,
Afeom,
Atero,
Ahboco,
Ahbassea,
Ogomarnoo,
Quay-Yo,
Afeom,
Anoh,
Combom,
Henry,
Ocong,
Tasso,
Ayo,
Anayo,
Ayoh,
Doquay,
Coombah,
Asor,
Ahbe,
Ooroh,
Eyoh,
Marwah,
Mahneang,
Yoewah,
Besoh,
Ohbor,
Wambeh,
Ooroh,
Ahbear,
Ahdeahcar,
Wahnem,
Woochee,
Eyah,
Ehnah,
Ahdah,
Yeanaway,
Gehseh,
Woroo,
Omoh,
Eyang,
Akay,
Ahyahny,
Ahdah,
Ayeang,
Antake-Her,
Ahdah,
Apo,
Ekang,
Epong,
Yerry-nay,
Nargah,
Ahbah,
Macay,
Ponay,
Ahsally,
Chacha,
Imbakay,
Ahpoh,
Gorbo,
Nayay,
Ahtalar,
Miyoh,
Ahdah,
Manager,
Emah,
Cheyam,
Elow,
Oomoh,
Etar,
Bahmen,
War-Iome,
Wahchookoo,
Ahkaboorechee,
Ackookoo,
Chebondow,
Ocoronko,
Ocolee,
E.Drape,
Ocolee,
Echendoo,
Jersah,
Warchookoo,
Ooroh,
Ahdah,
Ahgormah,
Ocoro,
Ogoo,
Wooah,
Oorohteh,
Ahbassea,
Marmahday,
E. Nattea,
Ahjarroe,
Karnadow,
Woolarkar,
Ahjaymah,
Woocherem,
Ofoon,
Chookoo,
Oolookar,
Joekoo,
Mardakay,
Akay,
Eyah,
Akay,
Wooroh,
Ooday,
Ocoro,
Wankaray,
Wonquebeh,
Oomorday,
Ocarakay,
Gantah,
Abeanam,
Morlah,
Sunday,
Narwoochee,
Wahchookoo,
Amacoorachar,
Yarmahnah,
Jernee,
Wahcharcha,
Appan,
Oomahwar,
Ooroh,
Pandeahcar,
Woosordemmah,
Merzerekay,
Ekersey,
Appan,
Woopong,
Serbereh,
Oomah,
Appan,
Ocolee,
Ahquahmar,
Wooah,
Oboo,
Daquehchee,
Woeah,
Doewesea,
Odee,
Ocolay,
Oquahcor,
Ocolay,
Ahquadow,
Ahbor,
Charchah,
Mokaka,
Ogoogee,
Oquahmah,
Woedrake,
Woekazay,
Oday,
Woenekay,
Woombay,
Attam,
Nanesoo,
Achoo,
Ohcoo,
Ohcorchoh,
Ajennekeh,
Adear,
Appan,
Attam,
Ewoah,
Carmarloo,
Ahnor,
Graysenah,
Woequongcoh,
Ehkezeh,
Wahsomebah,
Wahnearchar,
Wahcoh,
Wahdah,
Bercheerooreh,
Oomoh,
Anger,
Imbarfore,
Imbolay,
Order,
Warsay,
Wahneahcar,
Lorlah,
Ahdah,
Woodachee,
Walay,
Whyneoday,
Neahnah,
Acrazy,
Ahrootah,
Bolay,
Yoebah,
Nodah,
Marcor,
Correh E.,
Manay,
Embakay,
Mah,
Chandacor,
Whywohchah,
Imbolay,
I'yee,
Whyochah,
I'yee,
Morchey,
Ahrechay,
Ocoronko,
Wocoro,
Wabella,
Norfooray,
Echendoo,
Aday,
Oochendoo,
Soquerbeh,
Equay,
Morbor,
Chimny,
Ocorakay,
Wocorow,
Okain,
Karnoo,
Dekay,
Oomoh,
Ohloo,
Oomoh,
Unknown,
Ahcarahpan,
Neahobee,
Wocongkoh,
I'yee,
Hembah,
Sorjohsernay,
Nearwoochee,
Dannahwar,
Wahmahcor,
Hargecoo,
Ahneohkoo,
Ocorahfore,
Ahwoeloo,
Ocorow,
Ocolintah,
Ahdebo,
Alorloh,
Wahneadomah,
Hannoo,
Imbolay,
Ahlaquay,
Ahgerseh,
Orcor,
Orcohmah,
Oodeh,
Wannecar,
Waquay,
Ochanno,
Egocah,
Wahbinnah,
Yea,
Marmah,
Angarley,
Ahmosooloro,
Koobahchey,
Cooper-Sea,
Cooper,
Coopahsay,
Oloco,
Barley,
Locus,
Echobo,
Lookanday,
I'ewbolay,
Sir,
Dangahnar,
Loobye,
Morwoosea,
Fahmoolo,
Mason,
Mohniyea,
Ahronnah,
Erahlahbarloe,
Erahkassy,
Anthony,
Mahdochar,
Ahbonnah,
Casanoroo,
Wahkarchar,
Ocornoo,
Ohchowar,
Harrah,
Wahcarmah,
Boollam,
Marrow,
Alagan,
Ago,
Aquoh,
Mambey,
Kooley,
Ogoo,
Woozeyeah,
Ahwoodoo,
Mossaway,
Jorow,
Akay,
Sorquay,
Ahtammah,
Nembay,
Ocoronco,
Chebondo,
Carranny,
Belleboh,
Akazeoh,
Ocar,
Ohnoah,
Camah-Cam,
Oogorwoh,
Noah,
Mifooloo,
Ocoronco,
Cheebondo,
Obejeacear,
Wocay,
Ohfore,
Orbahgee,
Alendoh,
Orbohsor,
Dobesea,
Elezzy,
Otayah,
Ketahlocar,
Ahneahwocar,
Obarbe,
Woesoo,
Odorkoo,
Okarrecay,
Casanoroo,
Ocalay,
Laquaychay,
Ohyeanorrow,
Bachainnoo,
Ehoowah,
Chekoo,
Coronquoh,
Tammah,
Akannemn,
Ohlow,
Ehnoo,
Ekoonoo,
Ohgee,
Nahdosea,
Nejayquay,
Okabo,
Ooroh,
Achain,
Oomor,
Orome,
Mahdebacay,
Worlo,
Ahneahsor,
Owoozooremah,
Kerzer,
Donjaw,
Narchee,
Ewooahhar,
Ejarrecar,
Ogeekay,
Dumb,
Ahcor,
Ahnorow,
Whyboosea,
Ahwoondor,
Ocoronkor,
Ocolay,
Ocorbornoo,
Woochendor,
Ahgahbar,
O'Cargo,
Ohrohmor,
Ahtam,
Ohgoo,
Mermah,
Cordoh,
Olesar,
Equay,
Becay,
Landoo,
Crick-Man,
Dorrebeh,
Esar,
Ahyeago,
Ahwocar,
Aloco,
Wonbook,
Agooloo,
Acoomeloh,
Jacko,
Eloh,
Allee,
Kintah,
Jorbor,
Mahormadoo,
Massalarkay,
Ejakay,
Elago,
Attam,
Appan,
Amborlay,
I'arwhy,
Efarcor,
Gewoolah,
Warbomah,
Wahmahdah,
Wardacajay,
Wahdah,
Ahbearzah,
Ahcormah,
Ahlakay,
Kahedomah,
Bolay,
Ocanoe,
Ahdarcar,
Nahmorchee,
Eyeahnah,
Easy,
Ohgor,
Ewarnoo,
Ekorday,
Tajew,
Efarlar,
Dumb,
Chindah,
Attam,
Ahkallafar,
Ahlah,
Afoomorloo,
Boat-Tegor,
Lafelar,
Seadee,
Ohlahco,
Ahtay,
Kahcandah,
Ehsie,
Ahnarbe,
Ecoco,
Olojoe,
Mertahgor,
Fie_ohme,
Kabochay,
Kahkan,
Ehnobe,
Olobye,
Mahnarrah,
Ahjorbe,
Ahbyecorn,
Hammer,
Attam,
Ejorkor,
Norzeyea,
Ohcolay,
Carmarnoo,
Cheekoo,
Mersuah,
Wooratetah,
Eberquay,
Wakay,
Edobesea,
Wokarfore,
Ocoronko,
Okolay,
Allacozoo,
Emmah,
Oomoh,
Nahdarsea,
I'ye,
Ocarakay,
Nembay,
Nembay,
Oodeh,
Ahbertay,
Okerrebah,
Barber,
Appattah,
Echee,
Ocorahfore,
Ocorow,
Wokencor,
Ahwoodoo,
Harmay,
Ono,
Ahnojar,
Soonah,
Ewoh,
Arbolah,
Mahlecam,
Opo,
Opo,
Ozeco,
Tafe,
Ocolay,
Bardge,
Accoogem,
Achor,
Johnolah,
Fearplay,
Yarsea,
Ahdah,
Bahfore,
Coroko,
Wakay,
Bakay,
Nahdeah,
Ahdah,
Wahmah,
Chebarco,
Efarkah,
Bohkoh,
Rafe,
Toomarday,
Wamborgoh,
Why-olay,
Ahyeanah,
Waeker,
Wakay,
Imbolay,
Imbor,
Garlolay,
Mahbror,
Wahdar,
Ocarmah,
Wahdar,
Equarmah,
Bahker,
Wahdar,
Egarrah,
I'ye,
Imbarfore,
Omay,
Wahdah,
Ahdogo,
Ozeraneah,
Efarcor,
Olerlay,
Wahneahgoo,
Efarcar,
Imbarfore,
Asealahfar,
Joiner,
Ahjemah,
Imbolay,
Cargo,
Embakay,
Ogooshorlah,
Bankolay,
Yoewoomy,
Ahowoodolie,
Ahroolah,
Ahcow,
Ohcharlomy,
Ahdontah,
Fahlarsaday,
Ahbidotomy,
Caby,
Alladay,
Brimah,
Ahdamoh,
Come_ah_say,
Oladay,
Ogooshenah,
Ti_Woe,
Ahbilo,
Ogootahday,
Koosheday,
Ocorow,
Ahjahbay,
Bankcolay,
Joe,
Ah-row,
Yahbo,
Ahkaho,
Obay,
Marjahbay,
Jahkay,
I'yoms,
Bomosea,
Ahjie,
Ah_togy,
Ojoe,
Ahlooby,
Bahgoonah,
Ojoe,
Ahgoodoloo,
Ahjie,
Ahjarladay,
Woeloo,
Ogoo,
Kookoh,
Ogoo,
Ahdow,
Ogooliyah,
Choose,
Esarbanby,
Codonoo,
Hyenah,
Dowdah,
Ahdaybomy,
Bahlar,
Lowolah,
Ojoe,
Mahmar,
Karsoomy,
Hyenah,
Lahlar,
Sookarladay,
Mahmodoo,
Allahsarreky,
Woebay,
Ojoe,
Fahdayea,
Soolay,
Ogootarlah,
Odoowarlay,
Ahkeyborday,
Ocoobie,
Lass_day,
Basoo,
Soe_soo,
Osoo,
Woeloo,
Nomy,
Tarnoo,
Lookarday,
Tanchay,
Fahloosea,
Daje,
Ahgar,
Woo-ah,
Hyenah,
Ogoolahday,
Ogoosor,
Eboboh,
Miyahfea,
Partoosea,
Hyenah,
Bootooye,
Alle,
Cheorlah,
Coo_cor_yea,
Sharcor,
Latteday,
Odowoo,
Wor_noo_me_nay,
Ojabay,
Yeaworlay,
Ohchelay,
Ojoe,
Oleardow,
Koosheday,
Ohchor,
Ahdamjay,
Ekfoo,
O'Louse,
Ogoolayew,
Ebarkay,
Ehfootahday,
Fahkeryea,
Ahkay,
Ahjie,
Ah_mor_noo_way,
Mahlarkay,
Olootahmy,
Ahlarbar,
Billahlar,
Billahlar,
Fahshame,
Chalbo,
Lahbooboo,
Ahjie,
Ahjeberkoo,
Agoojerbe,
Dafahlarloo,
Ajaysarbor,
Laurie,
Ogoo,
Lohmah,
Nooweday,
Ohchor,
Ahbe_on_nah,
Bambarlah,
Ahkeylortoh,
Ogoodepear,
Ahdoolojew,
Ahke_ah_lay,
Ahde_moo,
Egay,
Fallinday,
Ahdasinday,
Ahkillortah,
Ohdaycooby,
Ochay,
Ocolow,
Ahwoko,
Tiyoe,
Agay,
Oloo,
Boboomy,
Cho_woe_mah,
Eloh,
Chahkoday,
Ogoosea,
Bechamy,
Oyea-me,
Ohja Leigh,
Ahkeborlah,
Ahdalay,
Sharbessea,
Ahdatewar,
Odoojame,
Fahboolay,
Ohchor,
Ogoby,
Ballarshay,
Ochor,
Chartoloo,
Ahdiyomy,
Jorsay,
Ahrow,
Mahsinkah,
Ahjie,
Chardepay,
Ohchor,
Ojury,
Fahdahlow,
Lamby,
Ogooh,
Pahpajoe,
Africa,
Marmah,
Agootoyah,
Ohcharfea,
Bancollay,
O'Leaguer,
Hyenah,
Hyenah,
I_yea_noo_sea,
Ahdoo,
Jahbey,
Ahjie,
Ahjie,
Mahmar,
Edowoo,
Hyenah,
Hyenah,
Ojoe,
Ogootoos,
Bamby,
Ahmorday,
Miyealay,
Dunkey,
Fahjewbar,
Farpolar,
Hyenah,
Jarmay,
Yeanesar,
Ambojah,
Mahfarlah,
Ahtahjoe,
Fahbiye,
Boombay,
Che_war_day,
Foo-charlah,
Hyenah,
Hyenah,
Perloo,
I'year no by,
Harramy,
Fahbay,
Lone_Deer,
I'bekay,
Eh_foo_in_kah,
Billajeh,
Marlahkay,
Toomkay,
Amekay,
Ahjie,
Odoo,
Ahjie,
Miyene,
Abo,
Yea_coo_tah,
Ahbabeyea,
Hyenah,
Hyenah,
Hyenah,
Lahbar,
Billorlah,
Mary-yea,
Ahboo,
Tiwoe,
Corbelay,
Ahdembahkey,
I'borday,
I'Alay,
Ogoodear,
Ahbaloo,
Mawoeloo,
Allahday,
Sardepeh,
Fahcaby,
Ehbo,
Awoome,
Alladay,
Ahkenah,
Ahset,
Odoolie,
Odoo,
Ohshooby,
Ahshalleday,
Chowoelar,
Ehdoo,
Lie_in_kah,
Sarboo,
Lahworye,
Ejarway,
Labarkay,
Fahdepeh,
Oloodesea,
Ojoe,
Sharnoo,
Odoolarmy,
Ahkarne,
Ahdabooloo,
Oloocharday,
Akdercamby,
Osharsinner,
Fahbo,
I'lah,
Tiwoe,
Dowwoo,
Lahparmay,
Oloowarjay,
Ahpallar,
Parcang,
Ahdao,
Ahgebosah,
Koharry,
Mijah,
Mahdano,
Oyeakah,
Ahkintah,
Hyenah,
Ahlahday,
Ahdaby,
Ahdeaw,
Kiyer,
Lahahshay,
Fahdepeh,
Ahsoobay,
Edowoo,
Ohshorborjah,
Tarwoo,
Ahdajoh,
Ahdalarjah,
Mahmar,
Sorfoo,
Ahbe_oyea,
Labby,
Ohtortah,
Ohshor,
Fahbamy,
Mosoo,
Dahdah,
Lahdanoo,
Jahlah,
Ahjardy,
Otoe,
Chooday,
Lohkor,
Teboboh,
Lass_en_day,
Oloolah,
I'Koo,
Ahbecorloo,
Shogarday,
Oloobor,
Ojoe,
Lahdepay,
Oyealahkoo,
Lanaypay,
Warlee,
Obo,
Ahdeaw,
Ahjahlah,
Beokoo,
Ahcarlay,
Ahbeohdoo,
Awah,
Marmah,
Macolo,
Ojoe,
Showloosea,
I'yahtea,
Hyenah,
I'boloo,
Ohshowbay,
Mahmar,
Odow,
Ohsorkoh,
Fibioh,
Ojoe,
Ogoojem,
Iaime,
Ojoe,
Ohchor,
Saje,
Ahrarbow,
Ohchor,
Yerrymoh,
Fahshenah,
Dosemi,
Ahbeodoo,
Allahsockay,
Ojoe,
Kienahgorry,
Garly,
Beaho,
Monesar,
Ojoe,
Ahjarvoo,
Cartamboo,
Dohsoo,
Enahbodoomeah,
Bochor,
Marakoosay,
Woosoo,
Showbosea,
Dahsoo,
Faetoy,
Jahboh,
Boosoo,
Dajanah,
Johsoo,
Eseahtoh,
Lodowoo,
Zeser,
Koodowhoo,
Die_e_tie,
Johsoo,
Combly,
Fahoy,
Ewearsoo,
Porzoh,
Gersarby,
Woosoopeh,
Ahsongbah,
Ahgorsah,
Bocoh,
Wehsoo,
Kahpoday,
Zoonor,
Doesoo,
Pardonoo,
Bochor,
Ahwarseh,
Ehquertahyee,
Dahzay,
Bayoh,
Dorsoo,
Ahgorsah,
Boyah,
Bosoo,
Golow,
Ahbosoo,
Sookortah,
Ahjoe,
Ponoh,
Emarsoo,
Dohyoe,
Dargah,
Dayarsah,
Korsoo,
Hooseanoo,
Boahoy,
Dagarnor,
Karsoo,
Wersoo,
Korsoo,
Bocor,
Ahpovy,
Azesoo,
Ahgorsoo,
Neoroy,
Wayeor,
Asaglah,
Woosoobor,
Ahteakosea,
Ahzorpoh,
Ahgorsae,
Sarhoo,
Bardow,
Quarnahjy,
Daber,
Dahkoo,
Carbo,
Carpo,
Ahzar,
Carpoh,
Dermoh,
Barlinsah,
Morbeloo,
Ahjarnee,
Dowoo,
Oloobajew,
Ojoe,
Bankorlay,
Ahkeorlah,
Ahsoomah,
Ojoe,
Sodoko,
Anomore,
Ahjie,
Echarboome,
Osolarloo,
Ahcor,
Tiwoe,
Dosoomor,
Allah,
Karpoo,
Allahday,
Olookootar,
Soosoo,
Akeyorlah,
Tookar,
Die_no,
Mordalay,
Farmy,
Acolah,
Jiday,
Ahkeyorlah,
Karwoordy,
Boeor,
Tiwoe,
Ehfoolermy,
Eloeo,
Tata,
Miyeakoo,
Efookaloo,
I'dabay,
Foguah,
Fiomy,
One,
Ballahpay,
Allarbar,
Ahwalay,
Lardesor,
Ahmenoor,
Seah,
Ohroo,
Mahlaryea,
Yeayea,
Osoo,
Moneapay,
Ogoonoomy,
Ahbiormy,
Yessaday,
Marwarlay,
Ohmarnee,
Ahjie,
Ahdadamn,
Billarroo,
Moneapay,
Lorwoe,
Anekeyeh,
Ahbarlay,
Hyenah,
Egay,
Coobalay,
Odoofarday,
Edowoo,
Ehler,
Fahdayear,
Alloobar,
Hyenah,
Oleokoo,
Awalay,
Marlah,
Conebarbay,
Sarnootah,
Owoosea,
Zequay,
Ahbarler,
Ahbasay,
Ahbarlay,
Day,
Boavy,
Bejor,
Neorquay,
Sosea,
Hargussea,
Boseroy,
Doquay,
Fonjer,
Boservy,
Akiddah,
Olarnoo,
Sonafore,
Boervy,
Nooyae,
Goosea,
Serwaday,
Maganger,
Boevy,
Bearmy,
Miapay,
Akey,
Any,
Bannisar,
Marjahbay,
Booseroy,
Ahdono,
Darjormay,
Bocarsea,
Allaryarkey,
Ahdaday,
Baneolay,
Ahdeah,
Epertah,
Checoloo,
Bobolormor,
Hyenah,
Eberlarme,
Tallah,
Ahtardah,
Ogooarloo,
Ohdeh,
Dehdomay,
Eloo_ercoo,
Obootie_yer,
Ocoyea,
Lahneyah,
Edowoo,
Ojoe,
Korworday,
Jordow,
Heavy,
Tattah,
Ogah,
Ahdeo,
Ahbarkeyah,
Ogooquire,
Ahdayarjew,
I'Koo,
Ahsorbah,
Ojoe,
Serjay,
Olarmoo,
Kakaray,
Ahjaborsar,
Ahdashener,
Jorsah,
Bocor,
Allahday,
Ahdoo,
Dajoorow,
Odoo,
Ahdoo,
Ewersoo,
Goosoo,
Quasarvy,
Goosarvy,
Dardahnoobow,
Hiyoe,
Joe,
Dosavoy,
Obondow,
Joe,
Ohkiyah,
Sosah,
Corjoe,
Olaleyah,
Goosoo,
Dahdoboo,
Boyor,
Oyeapoo,
Ojoe,
I'lah,
Sarvy,
Ogoo,
Boocoo,
Dahday,
Ehwasoo,
Ahdalome,
Korsoo,
Ehzey,
Dasar,
Karpo,
Woosoo,
Obay,
Boarvy,
Boargah,
Bosarvy,
Ojoe,
Ohgorsah,
Donoo,
I'Clay,
Ahquioy,
Odoo,
Ahgarorsar,
Karpo,
Venahsor,
Bookor,
E-wasoo,
Asay,
Machaday,
Ahgeah,
Ohchor,
Ahdovah,
Laharmo,
Korsea,
Bocarsar,
Borsarvy,
Ozarvy,
Ahjeah,
Oshaharry,
Donoo,
Erwanooday,
Odoolarmy,
Ageedor,
Ahchor,
Ojoe,
Iordagy,
Ahbiomy,
Ogoojorby,
Chardaly,
Kooquor,
Noveday,
Ahlie,
Ahfodor,
Ohgorsoo,
Hergorow,
Kooshe,
Bacoomy,
Ogamby,
Hyenah,
Ojoe,
Ahsormbah,
Mallahjar,
Ojoe,
Fieormy,
Ahquanoby,
Boeor,
Ogoo,
Hyenah,
Dowoo,
Ahdany,
Ahdatah,
Ahlarmore,
Bancorlay,
Ardekay,
Darpo,
Bocorsar,
Matornoo,
Corsoo,
Barbarbolah,
Allapdarbor,
Ahsombar,
Bosoovy,
Hyenah,
Ahkesoo,
Liwoe,
Choolartar,
Lortartar,
Ahmoosoo,
Ahjiye,
Larwooqor,
Dalorkoo,
Lesardenar,
Ahkelomby,
Ojoe,
Odoodayee,
Awaysoo,
Hootieye,
Ahgayar,
Landloday,
Arsombar,
Kodoonoo,
Ahgorsarvy,
Jamfar,
Doyarvy,
Ahjebarwoe,
Ahkeloloo,
Ahjie,
Goofarday,
Ahkebolar,
Tie-in-day,
Ohgussoo,
Bambarlay,
Agay,
Hyenah,
Yeanarmy,
Morsayear,
Ohlay,
Okoo,
Ahtobar,
Boevy,
Karbay,
Coblay,
I'hor,
Ahballay,
Tobeah,
Boevy,
Hyenah,
Why_yah,
Ohchorkar,
Bookketay,
Morlah,
Coloosoo,
Morlardoo,
Ogoomy,
Boevy,
Odogoomy,
Seeper,
Olookier,
Laklahbay,
Ahjie,
Ageday,
Tiwoe,
Oway,
Ahjie,
Ogoobee,
Jorbo,
Ahsartoo,
Ahbearyo,
Dobaser,
Ahjarwoe,
Boevy,
Ahgeorlar,
Allarbar,
Ahkay,
Day,
Yea_yea,
Colaorsea,
Madavy,
Ehwersea,
Danoquay,
Mendor,
Lorlah,
Bojorvy,
Boeossea,
Ohjoryee,
Oboe,
Bocarsay,
Boevy,
Bocovy,
Boevy,
Alloobar,
Warchesea,
Zequay,
Odayeavoo,
Boevy,
Nargosea,
Narmarday,
Bocooy,
Jorsea,
Ogoosea,
Boevy,
Senmerday,
Morvelay,
Dow_eve,
Charkoo,
Ahbeayear,
Marjay,
Ahjeberkoo,
Koojekah,
Novoor,
Desser,
Ahdarvey,
Allepovy,
Arbardamy,
Amasay,
Neacar,
Ahportar,
Mornarmarkoo,
Waytormy,
Mowah,
Narawah,
Luambah,
Farbannah,
Pannah,
Kanglay,
Fardondo,
Duarroo,
Daworrah,
Yearrah,
Kanglay,
Parrah,
Moibah,
Tamba,
Cundoo,
Farsye,
Woosah,
Carwee,
Momodoo,
Darwojah,
Saway,
Ballah,
Pannah,
Sessa,
Kanglay,
Sessa,
Yarkoo,
Gar-wor,
Begee,
Fangha,
Fangha,
Searfah,
Zeapa,
Jarrah,
Dogboo,
Fangha,
Momodoo,
Dayworroo,
Barrah,
Narquoy,
Guanjah,
Pimgah,
Farbannah,
Mandarrow,
Mussah,
Kangay,
Lammin,
Sai,
Pannah,
Dambo,
Bandogra,
Comma,
Bai,
Barrah,
Camma,
Fangha,
Wonney,
Garworo,
Comma,
Dogboo,
Pungha,
Sammie,
Jarroo,
Jarroo,
Boy-kio,
Bondo,
Booree,
Bondo,
Serree,
Morroo,
Kong,
Sar,
Jeffoo,
Gaiwowoo,
Dorrah,
Bongo,
Zeamma,
Condoyerrah,
Dorrah,
Carmoo,
Fanghara,
Kabbah,
Seekay,
Bassa,
Sammie,
Kondoo,
Jarrah,
Dowarroo,
Gammarwo,
Bondo,
Boquay,
Tomboo,
Myah_banga,
Far_ban_da,
Myah,
Cabbah,
King_do war,
Viah,
Sangoree,
Woogah,
Jangha,
Mangai,
Jorroo,
Barbanyah,
Paiwoo,
Barrah,
Bartoo,
Mandapay,
Fangha,
Fangha,
Damma,
Margonnah,
Barwah,
Dorworoo,
Comanno,
Sam Lewis,
Beer,
Woobay,
Kong,
Barbo,
Pannah,
Yarboy,
Beer,
Kon_der_yearah,
Bobbo,
Bargerah,
Beer,
Kaiworrah,
Barwonah,
Jarrah,
Doro,
Fangha,
Joboo,
Nangarwoo,
Dogbo,
Kanglay,
Jarrah,
Bartoo,
Barrah,
Myah,
Dango,
Wanoay,
Bannah,
Jopogoroo,
Gemoo,
Koiboy,
Gorroo,
Bongorree,
Boquay,
Bah,
Fangha,
Cuttoo,
Narquay,
Koromah,
Duarroo,
Guy,
Dandavo,
Karbonga,
Pannah,
Dundopah,
Barbanyah,
Fangha,
Myah,
Tom_mayah,
Tuah,
Gawar,
Massah,
Sarbembah,
Condoo,
Guwoo,
Yearwa,
Gaiwor,
Harry,
Peergo,
Farbanda,
Goyanjah,
Cornee,
Pannah,
Pallah,
Pettay,
Dorrah,
Banyarrah,
Jarfoo,
Yea_Yea,
Wangah,
Seequay,
Mandoyar,
Sattiah,
Sorroo,
Youngo,
Tarroo,
Tarfua,
Ningah,
Toawora,
Tenday,
Massah,
Tarroo,
Tarroo,
Sattiah,
Yangara,
Boy,
Digger,
Connah,
Kaifua,
Jannua,
Sattiah,
Day more,
Janyah,
Manlah,
Guannah,
Narwah,
Yuannah,
Tarroo,
Findah,
Nahalangah,
Sattiah,
Youngo,
Guarroo,
Jew,
Yamba,
Satta,
Burrah,
Sattiah,
Commah,
Guanyah,
Dango,
Mangeah,
Martuwah,
Sattiah,
Kaifua,
Chocho,
Neameyah,
Nambah,
Cumbah,
Cumbah,
Shebar,
Menday,
Quarmah,
Searbah,
Sambah,
Boy,
Sattiah,
Loungo,
Choco,
Manlay,
Jamah,
Tarfua,
Gummah,
Tarroo,
Foobay,
Baryah,
Battoo,
Barbasa,
Faifua,
Sando,
Farroo,
Youngo,
Sabbay,
Dumb,
Quujah,
Bartoo,
Dambah,
Gaiwor,
Jambay,
Gobay,
Baiwah,
Corway,
Bendo,
Momodo,
Bayah,
Jarwah,
Tom,
Song,
Yearboy,
Ballah,
Gaiwor,
Bassha,
Gabah,
Van,
Sabbah,
Garamma,
Conna,
Comma,
Fooway,
Foorah,
Yarsah,
Jossuah,
Beyah,
Gaiwor,
Faiyear,
Fong,
Congo,
Mussah,
Kaikie,
Dogbo,
Allah,
Fangha,
Cudjah,
Hopai,
Bakay,
Beer,
Kaimoo,
Gumbah,
Parwewah,
Bar,
Barsye,
Tamba,
Quay_way,
Sarrah,
Koggee,
Corree,
Kanglay,
Pambee,
Quarray,
Kaooah,
Tamba,
Karmoo,
Koovee,
Wombah,
Mootar,
Kanbah,
Quarrah,
Zeannah,
Kaikai,
Jarree,
Tamba,
Kartoowah,
Bayah,
Tamba,
Bah,
Sorrow,
Sorrow,
Bearley,
Tumba,
Comma,
Punda,
Karwoney,
Dumah,
Sorrow,
Pally,
Quaney,
Bayah,
Dorrah,
Bassahcaroo,
Gaiwor,
Boyee,
Woobah,
Gabie,
Bailmore,
Farrah,
Garbah,
Canbah,
Gaiwor,
Gogomay,
Yarjoe,
Connah,
Basha,
Bondo,
Quagroo,
Fong,
Farmah,
Sarroo,
Farree,
Jarrah,
Doarroo,
Kailey,
Kondo,
Korberey,
Affoowar,
Yaiwor,
Lawyer,
Kooroo,
Jarsee,
Bayah,
Gunyah,
Ten_day,
Markah,
Marwojoh,
Kondo,
Bassah,
Manhubah,
Farroo,
Juway,
Tarroo,
Foway,
Joe,
Sammah,
Boy,
Manney,
Jaffah,
Gandah,
Kanyah,
Hotah,
Yambay,
Tarfua,
Penjah,
Pendah,
Manjahah,
Yarkai,
Zoe,
Sarroo,
Boy,
Pondo,
Zeanna,
Martowah,
Fendah,
Darwoo,
Joe,
Faneyah,
Yammerlay,
Rombay,
Cundoo,
Dombah,
Marfay,
Taiwoo,
Zoe,
Sorroo,
Mearpoo,
Joe,
Kaifua,
Panmar-yah,
Kai,
Findah,
Basseah,
Goi,
Torbay,
Tanyar,
Wangah,
Tindarmah,
Dango,
Barmangah,
Mangeyah,
Yarree,
Findah,
Kaifua,
Bassah,
Doweyah,
Boy,
Sando,
Connah,
Wangha,
Charwah,
Bayah,
Baryan,
Legboo,
Attepoo,
Sarroo,
Pondo,
Marcuttoo,
Ningah,
Coutoo,
Conney,
Pannah,
Pannah,
Barrah,
Garrabgeah,
Tnah,
Bancang,
Pandah,
Duarroo,
Tamba,
Kongorroo,
Echo,
Lassey,
Barcan,
Sessea,
Coonah,
Yarney,
Henny,
Lango,
Keifua,
Dema,
Gombo,
Tyeyah,
Tangea,
Boy,
Yammar,
Yammah,
Boy,
Tommah,
Charcho,
Bobanday,
Gogomnah,
Boy Kai,
Gobah,
Bangah,
Neckah,
Tom,
Gabah,
Imbakay,
Tier,
Yarfarrah,
Haroo,
Miyah,
Bayah,
Coyeah,
Garbayo,
Beyarlah,
Farmanjoe,
Karmoo,
Parrah,
Gambah,
Soah,
Bondowah,
Yarboroo,
Joe,
Fiyah,
Bear,
Bear,
Bannah,
Tambah,
Joe,
Fiyah,
Joe,
Joe,
Tambah,
Jappergoo,
Dasso,
Duchar,
Joe,
Tambah,
Bondowah,
Joe,
Pear,
Bobbor,
Mendononor,
Surway,
Charbah,
Barfah,
Cabba,
Gearah,
Cumbah,
Sarrah,
Forrah,
Tarrah,
Mandannol,
Far,
Chaw,
Bongo,
Hundah,
Bannah,
Pumbah,
Sessa,
Joe,
Ingah,
Sarrah,
Quaryam,
Miyah,
Bayah,
Farfeya,
Kaimayah,
Sarrah,
Darkarmah,
Chambergoo,
Meng-a,
Bear,
Joe,
Gearwah,
Kong,
Karkya,
Karpenday,
Karlowah,
Duarho,
Vangah,
Helaworoo,
Connah,
Bassha,
Bargee,
Bargee,
Joe,
Bayah,
Yarkie,
Marwoney,
Bayah,
Marfendah,
Longo,
Kannah,
Mangayah,
Sarah,
Yarbamai,
Tarroo,
Key,
Jarrenday,
Boy,
Marwoney,
Marjarro,
Marpharrah,
Sarroo,
Ningah,
Coomah,
Marjoe,
Maryerrah,
Merjoy,
Boy,
Sambo,
Marparrah,
Jennah,
Bayah,
Saggah,
Mahcondie,
Jarrah,
Marconday,
Boy,
Fendah,
Marparrah,
Boy,
Coombah,
Bayah,
Maleah,
Marmoney,
Marfendah,
Coombah,
Coombah,
Kanna,
Boy,
Boy,
Boy,
Cumbah,
Marwojoe,
Boy Menday,
Hopparah,
Karboro,
Soe,
Bartoo,
Miyah,
Farseno,
Warroo,
Gasboy,
Duarroo,
Kanglay,
Pasbay,
Duarroo,
Kai,
Kannee,
Boy-Kie,
Larmoe,
Kobie,
Miyah,
Ingabah,
Pumboo,
Wompah,
Bancan,
Tambah,
Haylawoo,
Sessa,
Bannah Will,
Barpoo,
Coofoworoo,
Barban yah,
Sarrah,
Bannah,
Cobanday,
Guezzbah,
Mongah,
Gubbah,
Feemah,
Gamma-Fora,
Martindo,
Sowah,
Baryah,
Domah,
Dango,
Boy,
Boy,
Kai,
Chochoh,
Gobboo,
Commoyaw,
Coomah,
Tarroo,
Quarsee,
Quangah,
Feemah,
Choco,
Bumbah,
Kellay,
Quangah,
Leemah,
Tarfua,
Karfua,
Gommah,
Qaryah,
Tasfuah,
Gomah,
Tarro,
Marbolah,
Manna,
Pumah,
Fangra,
Henne,
Poyear,
Foe,
Jammah,
Joe,
Bannah,
Quarsemo,
Karneka,
Tom,
Joe,
Indobow,
Korbay,
Sar,
Laffoo,
Pooryah,
Karjay,
Indoboo,
Joe,
Money,
Tom,
Ahbay,
Beer,
Bannah,
Karbendee,
Joe,
Kommis,
Joe,
Joe,
Joe,
Saw,
Bannah,
Karbelly,
Regarbong,
Goyeah,
Joe,
Joe,
Sambay,
Forrah,
Yarrah,
Barrah,
Gaiwos,
Kamglo,
Bannah,
Sar,
Joe,
Beer,
John,
Mussa,
Joe,
Bannah,
Kanglay,
Bargee,
Bondowah,
Tom,
Joe,
Sabboo,
Dumbah,
Omay,
Bondowah,
Joe,
Mordoo,
Tom,
Kong,
Gaiwoo,
Joe,
Joe,
Gaiwos,
Gumbah,
Mamso,
Barwoloo,
Bastowo,
Kanpoo,
Serrah,
Wompah,
Kanloo,
Garkie,
Yammah,
Coobah,
Kaifna,
Kibbah,
Boy,
Yarkie,
Gemarkie,
Mangear,
Wankah,
Kie,
Boy,
Kaifua,
Memnie,
Kaifna,
Yearlee,
Kajo,
Fanny,
Cumbah,
Heney,
Yarkye,
Karbommah,
Heney,
Yarkie,
Manyea,
Connah,
Boy,
Manbarwoo,
Maswoo,
Kai,
Boy,
Mangear,
Boy,
Selah,
Boy,
Marwoney,
Fendah,
Henney,
Wangah,
Myah,
Combah,
Boy,
Boy,
Boy,
Kye,
Cumbah,
Manyerpo,
Appa,
Mollah,
Argagah,
Apparay,
Nazah,
Okomato,
Salloomoo,
Onakokoo,
Jemmah,
Mammah,
Koneeree,
Semardah,
Daddah,
Allah,
Sunday,
Marjoe,
Parbay,
Guassa,
Okaraka,
Oquanno,
Okarrofo,
Ocorreyah,
Maddagoo,
Ahpeagay,
Indocobah,
Obee,
Ekaboo,
Ahwoo,
Angarnobee,
Oquah,
Koranko,
Mardoo,
Hoocoo,
Egarrah,
Ahputtoofallay,
Otam,
Egarrah,
Ahbappah,
Issoe,
Amarkah,
Orrartah,
Ocharbar,
Ohrusay,
Ahquanegah,
Oduroo,
Garrowasah,
Amanafoo,
Onkofah,
Jokoo,
Okoo,
Oyeako,
Oquamoo,
Ahquaquay,
Asecoo,
Huzarbarrah,
Owah,
Ahpan,
Azay,
Annokah,
Wogoo,
Ojim Ofo,
Bear menney,
Wogoo,
Ojie kintah,
Okronoo,
Oninwolee,
Kannarloo,
Majarsay,
Jack,
Adah,
Mardokah,
Onnearboo,
Edowesee,
Marchekoo,
Onearguallah,
Woochando,
Ohdarbah,
Abbon,
Chekoo,
Apparbay,
Gambo,
Emoh,
Gantah,
Worroo,
Esain,
Ecellopa,
Assue,
Abbajsee,
Eluccoday,
Ibarkoo,
Allahsamo,
Deakay,
Namdo,
Ahmanga,
Ojoego,
Seedee,
Appan,
Wocorreco,
Onemarjoro,
Enabo,
Enabo,
Larmah,
Allakoo,
Ahleobas,
Echalawo,
Zaballah,
Enabo,
Lomarlago,
Ahgonnebo,
Obearco,
Warkehe,
Wogoo,
Jokah,
Inbonhah,
Ogoo,
Wocarrofo,
Anakeme,
Ocorree,
Ahbassa,
Woday,
Allaka,
Appoh,
Ahgoroo,
Bessey,
Allah,
Wanko,
Lawache,
Maria,
Olojoe,
Ebargoo,
Agee,
Ahcheparche,
Ingoo,
Esain,
Ajah,
Narley,
Ahmarje,
Cam,
Edowesee,
Norham,
Tom = Money,
Attam,
Onearbo,
Addah,
Ebarno,
Okoronko,
Okoo,
Seedee,
Abba,
Adoh,
Appardeh,
Okorrofo,
Olubay,
Imporrah,
Odargah,
Martowe,
Oko,
Coomah,
Appah,
Okarroka,
Wohekah,
Fartongo,
Corofo,
Bennamene,
Kai,
Ottee,
Antoo,
Aguaim,
Ecomah,
Domaryah,
Enomarbe,
Osuno,
Ahgallah,
Obodarkoo,
Imbarkay,
Momoo,
Garomee,
Wangara,
Wanolay,
Barfoo,
Olearkoo,
Ogboo,
Egoloo,
Wakay,
Ingarwama,
Allesabah,
Innah,
Wanolee,
Ahlaka,
Cobaryah,
Okobarkah,
Wanocha,
Karcandah,
Wanolea,
Alemah,
Guarlo,
Wanaka,
Marchada,
Zoleo,
Appah,
Ennara,
Ahchosam,
Mammah,
Nassah,
Olway,
Oyammas,
Ohharcha,
Alloadalloo,
Ocorroo,
Amarwono,
Assackarah,
Ejokoo,
Allajsa,
Chekoo,
Cochonoo,
Chekoo,
Ogallah,
Wochargo,
Arkoo,
Chekoo,
Woozodoo,
Ohbowah,
Ahwochekoo,
Ocorree,
Ocorréé,
Ebagim,
Omoh,
Owokah,
Ahchagarrah,
Ocorree,
Wogoo,
Gangha,
Acpan,
Ahkazaway,
Apparah,
Amadollo,
Onnecha,
Ocorroo,
Ocorrafoo,
Dalcrockoh,
Ahhearjokoo,
Okorrokah,
Ocossah,
Larkase,
Okaroka,
Acpan,
Acpan,
Eba-jim-orko,
Asain,
Arcommera,
Akachekoo,
Wokoréé,
Wokakay,
Omah,
Aggoo,
Amarday,
Wardelaka,
Egabboo,
Dumb,
Gardomah,
Ozo,
Omcoroo,
Karocobo,
Ahnoyalay,
Appah,
Worroo,
Attam,
Ahpottoo,
Eyarrah,
Enarla,
Olafarloo,
Onobechéé,
Azam mah,
Toocoo,
Anaquarehe,
Okay,
Egay,
Indequay,
Olesah,
Ahgowanter,
Oquaddy,
Yarrah,
Ahnardomah,
Ahkowosah,
Ahbusso,
Orgoo,
Mussah,
Ogoo,
Orcarbah,
Dancanno,
Bearcom,
Onannéé,
Sedéé,
Edokoo,
Enorgo,
Eworray,
O-na-gerorke,
Chardo,
Chekoo,
Tanjay,
Jim-mar-dah,
Abah-a-mence,
Appah,
Chekoaha,
Ocozeoo,
Warcheko,
Warkaka,
Sabbarye,
Sedee,
Sennakoo,
Iyou,
Assign,
Oluahcho,
Ochohane,
Numberdee,
Darcoloo,
Zimardah,
Sedee,
Iyellay,
Kuderee,
Quary,
Dandekarlay,
Wocorro,
Akonwebay,
Onnah,
Elop,
Wocorro,
Yacho,
Narjoe,
Jucowolo,
Dumb,
Lagee,
Okoloo,
Eyam,
Wooday,
Worroo,
Worroo,
Worroo,
Ahdogah,
Ahbartoo,
Kandah,
Wanko,
Warbasa,
Manne,
Jarbee,
Guarley,
Barley,
Wokoo,
Bonnelay,
Marjay,
Ahbargee,
Newman,
Hermoeh,
Azay,
Ocaraka,
Ezemah,
Buggo,
Ogoo,
Ehonah,
Okorrofo,
Wanlakah,
Ogoo,
Ahlokay,
Obyamo,
Owambah,
Chararso,
Oremah,
Ebo=John,
Elebeyar,
Imbaka,
Iyam,
Ellemah,
Owesee,
Wanochar,
Ahkofoo,
Ahjearloo,
Imbokoo,
Ahquardase,
Ohbarlah,
Wanoquah,
Ahmosee,
Imbuekquah,
Warlamba,
Onearmah,
Magumbah,
Addagah,
Ajumceha,
Assah,
Gunegee,
Abboo,
Ahnaryechame,
Abbarjay,
Ahnorwoo,
Ahennah,
Jemmesee,
Ewonlee,
Omaryeo,
Imbokah,
Appan,
Odojoe,
Hummay,
Addammo,
Arwenney,
Arbappah,
Anamarlay,
Mammah,
Landoo,
Alawo,
Ahjobo,
Ahcontobo,
Addogah,
Addokee,
Yallah,
Onnoo,
Wargo,
Emay,
Cammanoo,
Ahbowone,
Ahhonacham,
Koferoo,
Ebah,
Egekafa,
Abaga,
Okoronko,
Onineca,
Hargo,
Bonarnecos,
Owootoo,
Argogeyah,
Jarday,
Olumbo,
Marbar,
Addoo,
Ocoree,
Cammano,
Wabay,
Annie,
Ahbeloo,
Imboka,
Omarjah,
Omadogee,
Ahbee,
Ejarmah,
Imboka,
Wanesain,
Chamoo,
Omardah,
Wanarbra,
Onnacha,
Abeche,
Dumb,
Ogooranna,
Ohkanwar,
Wanaloo,
Forepah,
Ahcovia,
Imbarfo,
Ahquarha,
Sokonarto,
Ahcullah,
Assue,
Warbearah,
Ahmargee,
Bolemee,
Garafornim,
Ahnargee,
Wannaday,
Imbarfo,
Ahparbay,
Henamargoo,
Osaroo,
Commarnoo,
Bachee,
Norbras,
Allalee,
Echemafas,
Dearkoo,
Loyal,
Imbolee,
Imbockquah,
Ogoomanyea,
Borgoo,
Mangarass,
Imbolee,
Ahdegolah,
Onojoe,
Ahmasdeo,
Addammar,
Armogee,
Dumb,
Olequah,
Olojoe,
Mahnardoo,
Morroobah,
Barray,
Oreobay,
Cassray,
Barrah,
Ballah,
Seray,
Cabay,
Mahmasdoo,
Ballah,
Kalootah,
Fahsadee,
Barrah,
Colee,
Barrah,
Sarcolee,
Fahsenay,
Seray,
Ballah,
Callefah,
Jumah,
Jumah,
Shilling,
Cambah,
Ballah,
Barrah,
Mahmardoo,
Sambah,
Sarrah,
Barrah,
Seerah,
Mahmarnoo,
Barrah,
Barrah,
Tambah,
Salloo,
Bahkay,
Sahgoo,
Mahmardoo,
Bochory,
Kay-gallah,
Moosab,
Willee,
Banjew,
Tom,
Moosah,
Dumbah,
Gambahloo,
Sambah,
Ballah,
Bambah,
Sarrah,
Nahfah,
Ballah,
Sarrah,
Cattee,
Will,
Sarrah,
Mahmahdoo,
Yerah,
Sarcoonah,
Ansumarny,
Dumbah,
Brimah,
Ballah,
Seray,
Kalle,
Beammah,
Jumah,
Moroohbah,
Dembah,
Sermeny,
Yattah,
Kaymahyah,
Fooday,
Connor,
Samah,
Sabboo,
Ballah,
Tangamee,
Caycootah,
Pobah,
Coyabbah,
Saree,
Barrah,
Ballah,
Wahjah Ballah,
Seray,
Seray,
Colee,
Mahmahdoo,
Fooday,
Ballah,
Tambah,
Booray,
Kankooroo,
Moroohbah,
Co. E,
Korberee,
Serra,
Serra,
Sabboo,
Bay-woray,
Colee,
Pabay,
Coree,
Mosoobah,
Koobay,
Seray,
Tow,
Ballah,
Mahmadoo,
Sambah,
Kamsah,
Collee,
Doobah,
Sarrah,
Yabbay,
Ansumaruy,
Sarrah,
Sambah,
Sabyoo,
Ballah,
Coolah,
Yarrah,
Fabboo,
Moosah,
Manegar,
Yoroo,
Markah,
Collee,
Moosah,
Tobah,
Sayboo,
Connee,
Tom,
Warsoolugar,
Bear,
Mas,
Coonah,
Dandah,
Tam,
Kootarlammah,
Wahtorankah,
Tomah,
Hammardee,
Marmodoo,
Tallar,
Koronkor,
Seray,
Berimah,
Cabay,
Sedee,
Colee,
Sahbo,
Mosah,
Tobah,
Ballah,
Serekay,
Fo-day,
Tambah,
Besinkey,
Tennee,
Numah,
Boy,
Sarah,
Fahtoomah,
Gayma,
Kennee,
Fahtah,
Kammah,
Kammah,
Tenneh,
Vatteh,
Fahtommah,
Sarah,
Coombah,
Mattah,
Tennah,
Teah,
Tomboo,
Colahnee,
Coombah,
Coombah,
Fahtahmah,
Moosoo,
Santeaky,
Sarah,
Sennah,
Honey,
Yainkain,
Damore,
Barlay,
Loobah,
Coobah,
Serah,
Norcor,
Sarrah,
Cabbah,
Marregoocoo,
Sambah,
Sarrah,
Today,
Sarrah,
Bongee,
Seday,
Larhi,
Sarrah,
Sallah,
Jahsintoo,
To-day,
Carreemo,
Combrama,
Doobah,
Macaulay,
To-day,
Bocahlay,
Tingoo,
Sahboo,
Ahmahdoo,
Mahjaray,
Immy,
Sappoo,
Wiley,
Seedee,
Mosah,
Mahmahdoo,
Lahhie,
Contay,
Maheah,
Sedee,
Labhie,
Fooday,
Smith,
Sedee,
Sarboo,
Egallarlay,
Coombah,
Fingerray,
Mahar,
Sarrah,
Forteah,
Cootah,
Tallah,
Seray,
Tennay,
Mardowoe,
Ahcoomaryat,
Ehyoh,
Ahkannowoo,
Oosoh,
Oosoh,
Ehkoodom,
Ahboohar,
Arkandemn,
Anay,
Appan,
Ebeatam,
Omawoe,
Okon,
Atah,
Abra,
Shabachay,
Oomoh,
Oquarloo,
Ahday,
Takoo,
Ahbassea,
Borentah,
Ahbassea,
Imbeh,
Ocolee,
Anoh,
Ernos,
Esang,
Ahbarby,
Enermeh,
Appan,
Bartea,
Namsor,
Onion,
Gersee,
Ahrate,
Ahnim,
Ahram,
Erem,
Ecandemn,
Enamkepos,
Ahdeahkah,
Eneah,
Ahdearhkah,
Ahmahfeah,
Directly,
Markayen,
Imbarfore,
Abparbeoh,
Ehneh,
Marchart,
Ocon,
Arfearam,
Adate,
Ohsooquoh,
Ocon,
Afcom,
Ahsebom,
Aseen,
Tarrahdeock,
Beatam,
Ahborfeom,
Eseen,
Atamkor,
Marmadoo,
Narray,
Ehdemn,
Aquoh,
Oporto,
Gersay,
Intar,
Gersay,
Answer,
Nokoo,
Nokoo,
Abdearkah,
Appan,
Eyor,
Ahwah,
Ahbassy,
Marmahde,
Tiberoe,
Brimah,
Temarny,
Brimah,
James,
Ballah,
Mohamodoo,
Kakootah,
Smith,
Joseph,
Joekenah,
Mareah,
Nea eye,
Yolomenah,
Moosoo,
Cromantenah,
Sarah,
Kootah,
Maryann,
Ioeannah,
Marmah,
Marrah,
Francis,
Iewlay,
Sarboo,
Sarlatar,
Barteah,
Sede,
Ehdepoh,
Bowine,
Mary-ann ,
Yambah ,
Ioefenah,
Sarbell,
Ioekenah,
Sarah,
Geday,
Hannah,
Mary Ann,
Kaneai,
Gambah,
Joroe,
Franba,
Mearboo,
Bagbah,
Dohay,
Farha,
Marlige,
Doraioo,
Gooba,
Bagba,
Joroo,
Gooba,
Yarkoo,
Barrah,
Fargahree,
Inibi,
Bannah,
Ihwoh,
Bondoowah,
Doovee,
Farhar,
Zoroo,
Zoroo,
Messrae,
Dora,
Doobanga,
Comdoree,
Chaboorn,
Moosa,
Fooyear,
Conna,
Korra,
Panga,
Harry,
Tong boo,
Zoroo,
Quibang,
Bahgora,
Bah,
Farjar,
Saeombah,
Bahgmda,
Faurah,
Dawoora,
War bary,
Bannah,
Hagbah,
Bongora,
Cora,
Sambahgorah,
Fagbaya,
Sabba,
Ingora,
Doorhroo,
Wahnurae,
Massahrae,
Combaforee,
Bahjaca,
Mommooroo,
Sangoree,
Sanbahgoorah,
Bringbahrae,
Battrow,
Barrahhessa,
Makmoroo,
Coora,
Kapwore,
Songobak,
Kora,
Papbpora,
Mamera,
Bryea,
Nearqua,
Cottoo,
Beessahmear,
Jarrah,
Sessa,
Copalier,
Barco,
Pahto,
Condahleah,
Soolah,
Doora,
Codja,
Charloo,
Yellah,
Lahwoolah,
Singba,
Toomba,
Booka,
Tongbah,
Foobannah,
Bahyellah,
Charmakroo,
Guinah,
Lango,
Cafua,
Satia,
Comba,
Cafua,
Maraha,
Egecoora,
Sammah,
Cafua,
Conah,
Langoor,
Ebecha,
Satia,
Quanyear,
Baryear,
Baya,
Darwoo,
Baryear,
Cafua,
Nenga,
Wenga,
Commia,
Tarroo,
Boopay,
Tarrow,
Satia,
Tarfua,
Quanyear,
Bomboh,
Cafua,
Sahwo,
Garloo,
Sattia,
Massah,
Dahwoh,
Nangbah,
Sammah,
Barrah,
Wahjia,
Cooreah,
Doomahta,
Foryeah,
Sarrah,
Moroo,
Quioroo,
Conna,
Yammah,
Komroe,
Bayah,
Yarqui,
Quivah,
Kiki,
Bandia,
Panga,
Farrah,
San,
Corree,
Tambah,
Patter'O,
Garroo,
Yarway,
Goroo,
Farr,
Baya,
Dogboh,
Bongoroo,
Cora,
Tam,
Tambah,
Congo,
Iarwah,
Shogora,
Kye,
Kogboor,
Cherree,
Baya,
Conna,
Gawoo,
Serree,
Doowah,
Sanday,
Fomah,
Bomboo,
Bessa,
Tambah,
Corree,
Karpahrae,
Jomba,
Gamboo,
Rooahmah,
Coor,
Sarr,
Corway,
Sahmooka,
Charwoo,
Dooahroo,
Yammah,
Commah,
Tambah,
Corra,
Fannah,
Tambah,
Sarrah,
Collupa,
Tay yeah,
Landay,
Conna,
Gaza,
Pahwooroo,
Darcoo,
Tymo,
Cheree,
Boora,
Tomboroo,
Tomah,
Zmnah,
Foorah,
Mordoo,
Dosoo,
Bannah,
Jombah,
Forbarra,
Ki,
Kozbara,
Tam,
In-jar-wah,
Farmah,
Cammanjah,
Farbeah,
Ki-co-ra,
Vamah,
Comah,
Broowah,
Corvi,
Bangay,
Simbo,
Yahfofoo,
Se-ah-mah,
Correr,
Tomy,
Baya,
Quarmah,
Loppa,
Oneamboy,
Bojiye,
Fambah,
Sale,
Yearboo,
Jobo,
Gammahma,
Karboo,
Tambah,
Fieah,
Fanhang,
Sowoo,
Kebba,
Genddahi,
Nawah,
Yanjerwear,
Grow,
Damah,
Sandoo,
Yearwah,
Yearwah,
Baya,
Bessa,
Sandoo,
Coomboo,
Yamga,
Mangeyeab,
Yearman,
Ingab,
Mangeyeab,
Garloo,
Marloo,
Shawah,
Markoo,
Zoo,
Zoo,
Kynnea,
Tarfua,
Tearhea,
Fendah,
Mahtoor,
Nearmah,
Pootoo,
Serrah,
Sarroo,
Combo,
Kanyee,
Mahplah,
Findah,
Bala,
Jomah,
Kenyea,
Wanga,
Mangeah,
Mahwenne,
Kie,
Findah,
Baya,
Mahwho,
Tomah,
Dawh hoam,
Embetta,
Sarrah,
Chandoo,
Twooah,
Mahson,
Combah,
Baya,
Yomho,
Ponda,
Baya,
Comba,
Sarroo,
Pondo,
Cafua,
Bessa,
Sammah,
No,
Findah,
Jappah,
Findah,
Yookab,
Mangeab,
Mahwhoney,
Tarfua,
Aree,
Manyah,
Quarrah,
Hahoney,
Moojah,
Coombah,
Mahnoo,
Fendah,
Tooya,
Mah hoo,
Fendah,
Kenya,
Dondoo,
Connah,
Norgorr,
Mambah,
Coonnah,
Mahfa,
Myah,
Tenah,
Mambah,
Sattin,
Mahoney,
Yarki,
Bessa,
Jenna,
Tootomah,
Mangeab,
Nowoo,
Day,
Saminah,
Carmiah,
Kanrae,
Edowo,
Yangbowor,
Kenterwill,
Bobboor,
Lammah,
Jombah,
Mahwenda,
Ballah,
Sango,
Farboo,
Kaie,
Sedeah,
Dofara,
Lango,
Foowar,
Famata,
Yarkie,
Narmoncha,
Ogoomah,
Tarroo,
Sar,
Carwone,
Soor,
Water,
Soor,
Benga,
Tambah,
Hellah,
Artowah,
Show,
Tackoboo,
Karlowah,
Tang,
Soo,
Coomah,
Gawah,
Bannah,
Connah,
Tom,
Quivah,
Tambah,
Tambah,
Sar,
Bannah,
Tambah,
Carwallah,
Machamba,
Bargee,
Tambah,
Tambah,
Bargee,
Soi,
Cowa,
Doomingo,
Doowah,
Banga,
Choo,
Inowah,
Farrah,
Quivah,
Fourno,
Henni,
Boy,
Connah,
Boy,
Pendo,
Boy,
Baya,
Yarkie,
Boy,
Connah,
Connah,
Satia,
Findah,
Boy,
Sillah,
Sillah,
Boy,
Mambah,
Connah,
Connah,
Connah,
Mahoney,
Ieway,
Boy,
Serrah,
Egone,
Mahvongo,
Bahanah,
Wanahps,
Bahma,
Eguelah,
Ezaango,
Quoah,
Akonquah,
Meseeah,
Sebah,
Egoimah,
Eson,
Sie,
Scheba,
Egoon,
Gommah,
Egoolo,
Egomah,
Sakaba,
Pahsandah,
Machkie,
Ezoro,
Necala,
Mouch,
Ebalah,
Egomah,
Dalangarm,
Mahvomah,
Machefora,
Baisa,
Zoioo,
Barkoo,
Sebah,
Mahkarzah,
Egolo,
Zambah,
Keybo,
Mahsoah,
Mahson,
Machkia,
Killambah,
Egoimah,
Equendah,
Bangah,
Eyambah,
Mahlambah,
Fombah,
Mahkoie,
Bougar,
Gorm,
Cheboka,
Wangah,
Bombah,
York,
Boanga,
Eucharee,
Codaa,
Cook,
Boanga,
Foamba,
Bonah,
Sam ,
Etah,
Senah,
Se Puneh,
Mahsoah,
Chief,
Mahbeeah,
Genahmahki,
Esawo,
Pour,
Malking,
Sour,
Maseah,
Maseahro,
Eganloo,
Sahbi,
Moutah,
Edaro,
Ejanga,
Esaka,
Mahjamba,
Boletara,
Ponga,
Zimga,
Mahcola,
Emboka,
Kowi,
Ezahbe,
Gomah,
Meseeah,
Bessall,
Boilah,
Boosaingah,
Mahtonga,
Bay yome,
Maboon,
Chaboo,
Belinga,
Boanfaff,
Gansse,
Kenja,
Echebo,
Wangornor,
Chebarnah,
Kelumbah,
Morenzah,
Bordoo,
Tabbah,
Boillah,
Mahtoo,
Mahmelaba,
Mahgormah,
Egoloo,
Sebah,
Sebah,
Eguarear,
Sarroo,
Ebarchar,
Ebarno,
Moansar,
Bausa,
Bahnou,
Mahkossar,
Akoqu,
Kabeache,
Sombody,
Bahendah,
Tartie,
Avongo,
Ejack,
Kosso,
Mahkabah,
Epoor,
Ekota,
Roanja,
Sambah,
Chamba,
Bahdenga,
Loamba,
Sambah,
Bandah,
Moellah,
Sambah,
Mahella,
Sambah,
Mahhar,
Boryeah,
Mahkenka,
Bessah,
Soomoo,
Chombo,
Gowalker,
Mahyearra,
Ezera,
Mahyombo,
Goloo,
Akoss,
Akill,
Monah,
Emboto,
Key bu,
Baquaor,
Macan,
Fome,
Gomba,
Dombah,
Dollo,
Bahocho,
Embols,
Pacaker,
Massah,
Yanda,
Bonnah,
Pendah,
Ezarko,
Mahkalla,
Ejoomah,
Boango ,
Gomba ,
Kessa,
Keybondo,
Karla,
Wombi,
Landah,
Boanga,
Bombah,
Bolah,
Bommah,
Gomba,
Bonah ,
Ayok,
Essam,
Tambe,
Tackoo,
Etah,
Assu,
Eria,
Orcor,
Afum,
Epang,
Onewor,
Emba,
Yamsee,
Okoronko,
Ahyoke,
Eyor,
Omore,
More,
Arroh,
Ohroh,
Assu,
Appan,
Ahsie,
Matam,
O cole,
Ocombe,
Anneo,
Moah,
Apoo,
Bae,
Dingy,
Domfah,
Ahbasse,
Aframeaho,
Mordiah,
Okoronka,
Ahrate,
Mahfo,
Boquor,
Ezzah,
Mahyans,
Potiggar,
Cambang,
Eka,
Olommah,
Emore,
Aquor,
Ohyea,
Omore,
Awear,
Ana,
Omiya,
Apenyoung,
Otang,
Ekan,
Aratte,
Boutan,
Eta,
Etaro,
Emopa,
Okonocabbo,
Ahbahseso,
Orbe,
Atimaphim,
Apomore,
Apenyoung,
Ayo,
Okon,
Ingorm,
Abassee,
Amore,
Afum,
Ahhasse,
Etickah,
Mackap,
Eyandam,
Ache,
Ocoree,
Ahasse,
Von,
Erra,
Ebo,
Ecowar,
Aye,
Alomboing,
Engessa,
Emba,
Bonco,
Narwar,
Asang,
Afung,
Erra,
Abassee,
Akiyoung,
Barfor,
Etarracebba,
Acaunarn,
Agebrajo,
Atoh,
Afum,
Yamo,
Yamabo,
Alim,
Canam,
Etah,
Ofum,
Eloym,
Myfou,
Ejarlo,
Gomba,
Myfor,
Atam,
Ecombo,
Micha,
Addeso,
Ocon,
Bantanga,
Appan,
Ahyabbah,
Nephew,
Ebbow,
Okoree,
Apahba,
Ocombe,
Engessa,
Emmah,
Effu,
Ahkou,
Iyar,
Ekandam,
Ahbasse,
Abbor,
Engorree,
Okou,
Agee,
Akaye,
Attraebee,
Abane,
Banesia,
Osotarda,
Ahcho,
Taylor,
Elasatme,
Ogolada,
Oloja,
Ocola,
Ahkimola,
Isabellee,
Fandia,
Farloya,
Fahdefrah,
Ayeleh,
Ojoe,
Ahdearlah,
Farrahmacoo,
Ahyeenah,
Dah Dah,
Fahmagoo,
Loinday,
Oloh,
Ogo,
Momoh,
Olahbee,
Ahdaybee,
Sayajoe,
Ahchaw,
Odoo,
Beyday,
Ahchaw,
Ahjeedo,
Farsodoh,
Dah Dah,
Farbayme,
Ahchaw,
Olochocoo,
Mordocoo,
Ahwooloose,
Ahdayroh,
Odootoloo,
Fahboolay,
Ahsharday,
Olue,
Abbarcarray,
Ahkeywoolay,
Ajie,
Allahday,
Allahday,
Edowo,
Bamchola,
Oyabarta,
Ahkaoko,
Lahsamago,
Adoo,
Webe,
Ojoe,
Oesabame,
Ballah,
Ahfoonjo,
Sado,
Ahjia,
Ahwooko,
Efarkey,
Adong,
Allahpame,
Akaboome,
Olosese,
Ojoe,
Ochalahsa,
Olahloo,
Mosoyah,
Ahbodo,
Farbeye,
Colcoroo,
Obahsong,
Egoahday,
Eroteme,
Ogodege,
Ahkedale,
Condamojew,
Ahkey,
Olah be,
Shelon,
Ahdacoo,
Oyasamoo,
Odoquire,
Ahkilebah,
Dahkoo,
Olahbeye,
Fanoko,
Ocharbojor,
Ocharbojor,
Edowoo,
Osobeye,
Adoo,
Oshalloopa,
Oshower,
Police,
Ojoe,
Ahkoro,
Osarbora,
Ahkeloday,
Ogonayah,
Ahkemoday,
Ogolue,
Mahgodo,
Ogaoler,
Laykulay,
Combolah,
Oresiahre,
Ahbe o'say,
Daymoney,
Togowar,
Ahkebola,
Ogolo,
Dahdah,
Egoodiah,
Ahyeelay,
Mahjabay,
Dah dah,
Ahloo,
Olobahda,
Bageday,
Awoneye,
Odo,
Lahfayar,
Okonye,
Adosabah,
Egoormah,
Mamah,
Wooroo,
Sadoo,
Gawcawcorah,
Sahlekay,
Ogoodeah,
Ojoe,
Ahwonoah,
Ajubolah,
Sargobe,
Tahbee,
Coyewo,
Ojoe,
Olahtar,
Ahleejoe,
Ogodarla,
Ahbeardo,
Farwela,
Cocome,
Taylor,
One,
Banqcola,
Okojove,
Ahkebela,
Odowoo,
Ahdowah,
Ahkometar,
Ahdayala,
Olofombe,
Fataya,
Ahladay,
Ojoe,
Ahkebelay,
Adobaday,
Efee,
Edoowoo,
Nayah,
Odoo,
Ahmonday,
Iohdala,
Abrah,
Manipa,
Molahla,
Ahsot,
Yolalah,
Ahsatako,
Yabah,
Ageomowah,
Gamba,
Ahbapyome,
Ahbeahway,
Ahlackpolah,
Motajew,
Solako,
Edoowoo,
Tallahbe,
Sahyoda,
Sangonaya,
Abo,
Fayame,
Onasode,
Afootaday,
Oyarwano,
Ogado,
Oyelako,
Oleelang,
Afome,
Mahfolah,
Edowo,
Torshowne,
Ahfosa,
Ahshou,
Cobolahja,
Morlah,
Ogoonkame,
Momahla,
Morae,
Cobahmija,
Ahdayjouka,
Etteeckpallar,
One,
Osakayarday,
Dtollar,
Coshaocor,
Ienar,
Ienar,
Iedarpay,
Awoso,
Fartoyolar,
Ahlarwayda,
Larbintar,
Mollahlah,
Fahdongka,
Ioko,
Olusarbome,
Farsallah,
Farjokey,
Ahenah,
Ahfome,
Olokakoo,
Mordalay,
Ahdayyeca,
Ayenaka,
Adalolah,
Moloko,
Oday balo,
Ahwah,
Yawayme,
Abahlaya,
Ogoodawoo,
Dowoo,
Bancola,
Ogosang,
Kejolla,
Ahmordina,
Ewose,
Ahkargobo,
Elofong,
Ojoe,
Econella,
Keyola,
Mamah,
Elah,
Ojoe,
Ogojara,
Beowo,
Cotopa,
Ahkelolah,
Farbelay,
Okoarday,
Ahdaya,
Cobarmaday,
Okey,
Ahlabarme,
Ogolumbe,
Cojah,
Keylotar,
Ahjie,
Mahogo,
Ogobe,
Sharli,
Ahshondebah,
Ojoe,
Ogolome,
Bannoche,
Olochame,
Sache,
Shogobome,
Dangannah,
Quallah,
Ahjie,
Farmlewis,
Arnosene,
Fartolah,
Enasoro,
Laboo,
Ahyabosee,
Corlorcor,
Ogojorday,
Ogodaye,
Fardica,
Narmesar,
Anymoney,
Ahkeocho,
Mammah,
Obarcoye,
Ahdabody,
Agoarlar,
Farbodah,
Ahcho,
Dahdah,
Ogonsar,
Dahdah,
Sahnoo,
Ofootorah,
Asora,
Awoo,
Ajie,
Ahoowoo,
Ahsokala,
Molacka,
Jenah,
Fartonday,
Anecapa,
Ahrombes,
Farmoway,
Ahsoway,
Onecacoo,
Dosorme,
Ogoncoraday,
Kemasomore,
Dahdah,
Ahgenah,
Abolapa,
Jepolah,
Ahdalaya,
Ahdibika,
Ahlabah,
Yabah,
Allabah,
Kosoloka,
Farlayobo,
Morgeyah,
Farway,
Oluboojay,
Jenah,
Osobah,
Fayamoch,
Ahdajuba,
Ogoyoume,
Asubeye,
Ecoolah,
Ejarolah,
Diouron,
Oja,
Ahtarpala,
Brahoma,
Jenah,
Farbamo,
Apo,
Bangcola,
Yarloume,
Coto,
Cotola,
Massadapa,
Cobeta,
Ahgear,
Ahdo,
Ojo,
Ahdabe,
Fanoquor,
Assoatalo,
Ahjie,
Ahka,
Yarwallah,
Chokonah,
Oboso,
Omabarlar,
Ozoolomo,
Ahmoso,
Yar dinnar,
Marimarko,
Ahdroomame,
Toada,
Ebah,
Ahkey da,
Syedah,
Ahloobardo,
Gambara,
Ahlarlo,
Ahkobarda,
Mahtocha,
Gosenoo,
Farbolo,
Ahyame,
Asauwa,
Jacoada,
Ahboro,
Beahoo,
Howseno,
Barbar,
Jenah,
Olooko,
Byewah,
Abardo,
Ahcho,
Joe,
Ogo,
Ojocobe,
Jenah,
Ahkeba,
Odah,
Ogoso,
Ogotolo,
Tahbe,
Joe,
Coahloo,
Lizartome,
Ogoseme,
Marjalaba,
Ahjie,
Farkia,
Mamah,
Foola,
Landay,
Ahjie,
Bramah,
Ahdamorite,
Ahdatofar,
Ahmotyo,
Adoboto,
Ahdaboso,
Ahbebo,
Dahkia,
Ahfodah,
Charloko,
Ahgama,
Ahjee,
Mahladie,
Ohja,
Ozoma,
Jo Olah,
Okeke,
Farmoday,
Abrahame,
Momone,
Ahlofakora,
Farlola,
Eyarmahda,
Odo,
Ogobarlah,
Jenah,
Odah,
Aga,
Ogoolo,
Dowo,
Ahryiah,
Omolo,
Ogaw,
Oponga,
Enahbonda,
Jahdah,
Olosoyah,
Ahlala,
Ahcho,
Ahcho,
Logo,
Dowoo,
Farkambe,
Archo,
Alaryarfe,
Jarcosa,
Martiyo,
Tiwo,
Achida,
Joe,
Oja,
Alooku,
Coote,
One,
Ahmose,
Chobolah,
Mahladay,
Molole,
Ajie,
Ahka,
Jenah,
Ojoe,
Ojoe,
Aga,
Sodalah,
Mahlolo,
Jyalo,
Vittoa,
Ogola,
Ogoala,
Olube,
Ahboyada,
Gala,
Ahkeyada,
Loko,
Elisahbola,
Ojaie,
Odo,
Dahdah,
Ahjubogo,
Ojoe,
Ahkomola,
Obojiola,
Ballahda,
Okolo,
Ahkeda,
Ahdenameah,
Mamah,
Fanaya,
Ahdie,
Ahketa,
Dahdah,
Ahmona,
Ahdalogo,
Ahreah,
Aasema,
Ahbada,
Ayoula,
Ahkill,
Ahjie,
Alliebajo,
Ahdo,
Ahlocoo,
Ayeme,
O lookansee,
Aga,
Aja,
Agellada,
Ahcho,
Ada,
Asa,
Farbome,
Alocou,
Asiah,
Ahlocoo,
Ahkamodoor,
Ogobee,
Joe,
Ojaoroo,
Ahjesomo,
Ahbolamo,
Ahsolada,
Dasomo,
Jenah,
Olojo,
Asoko,
Ahsonaka,
Mahlacha,
Fatomba,
Ahdayame,
Aebo,
One,
Dah Dah,
One,
Anekia,
Fige,
Jenah,
Fartomah,
Kosoneka,
Ahsobome,
Lalessoko,
Ahjaba,
Allahba,
Allah,
Fartoya,
Lole,
Arbionee,
Fittaja,
Fartobe,
Bomdoye,
Quadah,
Awasse,
Allie,
Olucato,
Ahdoyole,
Olosoko,
Ahdoluka,
Ahdepo,
Jenah,
Edowoo,
Lajo,
Farloko,
Ahheola,
Conebarbah,
Sofamda,
Lalle,
Adolo,
Jenah,
One Kala,
Kosomdah,
Otoneye,
Edho,
Ahtolembe,
Barbanesa,
Ajie,
Aje,
Lalneyo,
Lagera,
Eabo,
Farve,
Dowo,
Dardar,
Dardar,
Narmena,
Ahpawo,
Yarbar,
Ahdone,
Joe,
Joe,
Eyef,
Coya,
Ahkelotom,
Adamoe,
Bancola,
Ahjie,
Adoso,
Ambodo,
Assallah,
Okomye,
Mommah,
Mahkolo,
Dah Dah,
Farbone,
Okojobe,
Ambacho,
Dowo,
Ogota,
Allahda,
Oju,
Jenah,
Ahgeah,
Ajar,
Hengro,
Ahkebarmie,
Margeyar,
Ajela,
Jargroo,
Elarja,
Boyove,
One,
Mahmah,
Ahdatoye,
Bancocha,
Kelobe,
Ahtosada,
Ahdocarlar,
Sarbeye,
Ardabeye,
Ajie,
Odobeye,
Oyego,
Quardequa,
Olonasine,
Charloko,
Ogone,
Dowo,
Fardome,
Ayarpo,
Eja,
Jolala,
Jarbe,
Allarpida,
Ardabeye,
Okolo,
Larmedaye,
Arlocha,
Arkoya,
Sonayou,
Yarneyar,
Charbee,
Oja,
Farbome,
Ahkealla,
Farsenda,
Joe,
Jenah,
Fardeme,
Asema,
Ella,
Anekuja,
Ahbesoye,
Ahlesatoye,
Dosome,
Ohomoda,
Chocheka,
Marjarba,
Farlooe,
Majeme,
Mamah,
Olocharke,
Asarba,
Anah,
Anoufarda,
Apouda,
Barla,
Anebarkow,
Dardah,
Cojie,
Ocosiah,
Achoala,
Ogardene,
Olacharla,
Moesar,
Abolone,
Ahpalesa,
Ajie,
Arbacola,
Ojoe,
Lesawaitame,
Ogoesa,
Boboobo,
Ahmenacha,
Olada,
Ocho,
Oboso,
Aheoco,
Ahtoco,
Joe,
Ahdabee,
Farlade,
Osa,
Alhatoda,
Ajucoriah,
Jocoff,
Tamdaya,
Attaah,
Alah,
Oulin,
Fayenkah,
Mahsomo,
Ahsiontola,
Alampa,
Farkie,
Ahyarbaye,
Abeyow,
Larwolla,
Capolah,
Barbamesa,
Boreka,
Adepa,
Mallalah,
Dowo,
Jenah,
Eyarlo,
Eobo,
Tiewo,
Akedah,
Azarto,
Banjako,
Aebo,
Ayarbome,
Marfebe,
Fartoo,
Ahso,
Boomah,
Moila,
Goye,
Mocamba,
Jocunmah,
Zambay,
Mahbelah,
Gobah,
Pahko,
Moambo,
Antonio,
Bahama,
Boombah,
Tangar,
Souga,
Mobingqua,
Mocheinga,
Egormah,
Movangah,
Mahtolet,
Molaka,
Mahboko,
Donto,
Mahtaso,
Mahboko,
Senga,
Wandah,
Bonjo,
Mahway,
Osarbo,
Pargar,
Guaningo,
Ahketa,
Mosarvo,
Mahdongo,
Youmbo,
Maria,
Paicha,
Gondo,
Yanga,
Yanga,
Yougo,
Ganga,
Nounch,
Iombademah,
Imboyo,
Comba,
Bonga,
Alloocogoa,
Inchauda,
Comba,
Yaungo,
Enjahe,
Wurrah,
Howgee,
Farbullu,
Fahlan,
Killarku,
Cola,
Wahree,
Ahlooko,
Ojo,
Ahnowah,
Fahgowah,
Okuolah,
Ahdesah,
Ahdapola,
Bramah,
Oluwoyea,
Ojay,
Elor,
Okunegar,
Ahchaw,
Odoo,
Osolumon,
Ahkelotan,
Yalu,
Bamlocha,
Ogobeye,
Ageah,
Ahkaula,
Ojo,
Fasong,
Abdolay,
Ahkluee,
Oda,
Ahdotoebo,
Fartosoe,
Ahue,
Ajoin,
Tyo,
Orucatan,
Farbeye,
Obabeye,
Ahdogolu,
Katekoo,
Farlotan,
Farsmallo,
Ahodo,
Domeo,
Ahwodejor,
Faryasay,
Fardolo,
Ogoodeah,
Sarlaylu,
Aga,
Ahlochulu,
Komahka,
Charfarla,
Elaconnar,
Ahlame,
Esobo,
Ogoodepa,
Ahlaga,
Ahlajoko,
Mahriesa,
Ahdajuwah,
Ordieda,
Ochardare,
Sharkaya,
Olarchamge,
Okuchaday,
Oroneka,
Soudepa,
Bamballa,
Brela,
Koroba,
Droceme,
Fartoye,
Dagela,
Ahmola,
Ahyembemka,
Ahsofo,
Ahteo,
Ahdayforka,
Oulalay,
Ojo,
Oyahboloo,
Oyalabee,
Ahkoo,
Ogootan,
Ojo,
Olorofume,
Bokor,
Ahjonsin,
Ienah,
Oyarbola,
Anyarme,
Ahjewlada,
Odepo,
Odoo,
Ahyafame,
Ahjie,
Ahmoso,
Ahchawo,
Ejoryogo,
Mahbarolo,
Ala,
Ejorbo,
Obarfomeka,
Darmah,
Esubah,
Farjombe,
Tameno,
Farlombe,
Farjolla,
Anga,
Ogonaja,
Ahkelode,
Ahkebarda,
Ahkebarda,
Ahbekoo,
Ahlioto,
Ahjie,
Amambo,
Natelo,
Ahseebado,
Odo,
Mahme,
Mahjubay,
Koodoroe,
Farbarome,
Amoroe,
Tayboge,
Ogoloo,
Iyola,
Iddo,
Ienah,
Fahmote,
Fahtoyoe,
Ofahlayea,
Joe,
Fambejoe,
Oday,
Ogoodagee,
Fahtoyae,
Ahbaronko,
Yakotallo,
Ienah,
Fojubara,
Dalo,
Barbarloo,
Ieka,
Fardosa,
Ahlaba,
Ahhoma,
Ienah,
Ahmolaka,
Coomalako,
Marleapa,
Ahdong,
Marlonkage,
Larkong,
Ahdasoye,
Dahdah,
Lodonnah,
Ooney,
Oluolar,
Fiye,
Dasaya,
Daye,
Ahchanroe,
Ahjie,
Benolo,
Beyorko,
Aguyo,
Marmoleya,
Farmasa,
Farsola,
Martoju,
Ahsobeyae,
Mahjoba,
Osoumba,
Ahdo,
Asobeye,
Ahyowo,
Ahneka,
Olubarka,
Farchala,
Bordaday,
Ahfordequa,
Odoo,
Ahjah,
Ahsarbome,
Ahdong,
Olomeday,
Ahdo,
Ahkoboloo,
Otoo,
Ahsaabe,
Farsoloko,
Boya,
Ohyala,
Ahleway,
Kegedor,
Ienah,
Molonkage,
Ienah,
Ahzetto,
Okelo,
Alegeko,
Bolaya,
Awose,
Omafala,
Ahlato,
Viewne,
Ahsootoyea,
Alloobah,
Ahsoomara,
Ahdosee,
Ahmonekoy,
Ogobambe,
Etah,
Mahfabaye,
Bofunglay,
Aboloobay,
Ambahsay,
Ajia,
Adowo,
Larwor,
Ogovoge,
Fyate,
Fardoya,
Arbonta,
Edowo,
Chofolea,
Luve,
Taylor,
Darbajo,
Ahbeboya,
Fardarloo,
Odoo,
Ahfallada,
Aela,
Ahmoso,
Farbale,
Olupala,
Fardola,
Ojobarme,
Farecha,
Oney,
Ahbeja,
Ahbeloda,
Ane,
Oney,
Alay,
Fartoahta,
Ahkeonla,
Odo,
Okarla,
Otooko,
Ahcho,
Lamajar,
Saso,
Ahbah,
Fardoogo,
Okochololo,
Sardala,
Sarkole,
Olomeo,
Fardoga,
Farjodo,
Farbola,
Fartomora,
Larboda,
Ahbardoo,
Ahbassa,
Ahpardodoo,
Dahdoh,
Farquarojor,
Ahopor,
Barbarko,
Dolopoh,
Ekonhday,
Lokoncharge,
Ajuahpa,
Asan,
Farjarba,
Fartombe,
Ahdasome,
Lortam,
Esokong,
Tywo,
Ahteball,
Ahkesharwalla,
Oho,
Ahfola,
Ojo,
Ahkelome,
Ahdakong,
Ahkako,
Egode,
Adaboda,
Oyarbe,
Ahdebosa,
Ahje,
Adowo,
Eliaka,
Dahdah,
Ahkaolejoe,
Oyeyame,
Olabahyeajay,
Ahyambee,
Ahgaya,
Ahkanne,
Ahosada,
Ienah,
Ahsenome,
Barbarbome,
Ahlarda,
Maneapa,
Ahpoto,
Ienah,
Afobanoka,
Mahlola,
Ahpoto,
Tetororor,
Olucata,
Mollah,
Aga,
Ahsobame,
Tallabe,
Ahjie,
Ahnekapoh,
Farsaso,
Farkolome,
Melenncola,
Saconla,
Mahtalah,
Fanjorko,
Daincoqua,
Ienah,
Charcoada,
Sartoba,
Esardia,
Ahwosaya,
Faryome,
Farlowe,
Martawa,
Artanghle,
Tiyome,
Asangale,
Osoomdeah,
Edowo,
Edowo,
Oney,
Ahbosada,
Iawa,
Satala,
Fardayor,
Ahkonla,
Sarco,
Obeparme,
Alarma,
Ohooboda,
Ahjae,
Eloree,
Ellatoefay,
Oasolah,
Ejokoo,
Malbokojoe,
Mahjakayalloo,
Bartoo,
Farvenga,
Edoboroo,
Iaca,
Farray,
Bah,
Cabbah,
Geahwah,
Tameah,
Bangee,
Baye,
Banga,
Kanra,
Kaddahbow,
Cessa,
Zoogo,
Dawoora,
Jarrah,
Barvoroo,
Beerpeter,
Jomah,
Massah,
Fonhenew,
Borae,
Yourya,
Padda,
Daboor,
Goroo,
Coyango,
Tahmah,
Bangan,
Kanrae,
Bannah,
Bahgora,
Bahpoo,
Fahlaha,
Choo,
Bahlah,
Yahfay,
Jamie,
Sarrow,
Jamie,
Bahtong,
Zoo,
Bangan,
Sammah,
Pahwooro,
Charr,
Jewarroo,
Grawbawoo,
Gabah,
Larkahmah,
Bangam,
Pahkoo,
Doobah,
Hoewoo,
Pava,
Eday,
Joroo,
Hanray,
Bari,
Bannah,
Coja,
Tambah,
Fannah,
Gawah,
Pahwoo,
Miah,
Minah,
Sessa,
Fahboono,
Banga,
Ewahwee,
Fooenjo,
Dahmo,
Gonnoo,
Jarrah,
Carpoo,
Kanrae,
Yardoarmah,
Farjennah,
Doboree,
Bannah,
Fanah,
Fandoor,
Sharball,
Momorae,
Oyandah,
Yahvoy,
Seahah,
Farr,
Kandah,
Binga,
Barrah,
Youwere,
Jallah,
Miah,
Mendaymaoo,
Yarqua,
Timayar,
Zimiah,
Bannah,
Connah,
Sevee,
Farr,
Doorfay,
Yarboy,
Kanray,
Mosah,
Bannah,
Sessa,
Gayah,
Cava,
Garbowoo,
Baywah,
Beeah,
Pieyoung,
Barrah,
Barrah,
Cootoy,
Joloo,
Karre,
Chonjoo,
Fourah,
Kofa,
Seebah,
Coquorae,
Jewarah,
Vanjie,
Bahgindah,
Shewbah,
Sereegah,
Fang,
Fondake,
Gomboo,
Fameah,
Saba,
Kenderwill,
Tambah,
Why,
Condierah,
Emboree,
Coree,
Bannah,
Conway,
Mendaymahoo,
Joru,
Bahray,
Geerah,
Sava,
Sowah,
Sarroo,
Farr,
Yarboor,
Tangee,
Dorgoo,
Jarrah,
Cessa,
Weywor,
Loamber,
Goorer,
Firer,
Farmer,
Bandeer,
Miesar,
Coree,
Commah,
Comah,
Gommah,
Kangorah,
Mahworah,
Sorroo,
Nengar,
Nearrah,
Sabah,
Sattia,
Gomoh,
Chorkor,
Boy,
Tarrow,
Marrahbah,
Jemmah,
Famor,
Neargo,
Dango,
Chamba,
Woosah,
Dinner,
Omah,
Farrow,
Farrow,
Bahtoo,
Kafay,
Sarmageah,
Goyah,
Cafay,
Boy,
Boy,
Tarrow,
Tarrow,
Tarrow,
Bahworo,
Kafay,
Sandammah,
Mahmah,
Damo,
Connah,
Nabah,
Jew,
Boy,
Saimatch,
Kafay,
Mahlah,
Fobah,
Migee,
Kenya,
Bannah,
Pahmajah,
Sattia,
Yorpee,
Dammah,
Marcharr,
Yandafay,
Yorrgo,
Bourah,
Yerah,
Fang,
Edorah,
Fammah,
Corway,
Darbara,
Sellee,
Tengoo,
Kanrae,
Choo,
Karjuah,
Berahyou,
Fang,
Jarnee,
Ginnah,
Jarrah,
Yerrah,
Bahtoo,
Nomoo,
Borraboo,
Tondo,
Manjah,
Woosa,
Sarrah,
Carpoo,
Sarrah,
Simah,
Kanrae,
Sarrah,
Boor,
Gormah,
Jarwah,
Juah,
Jarrah,
Juambah,
Fornee,
Sessa,
Connie,
Jorrah,
Cotomah,
Bay,
Goomah,
Boudoah,
Comah,
Connour,
Doogbah,
Yerah,
Jone,
Sarboo,
Gibbowoo,
Coomah,
Safon,
Borrah,
Doway,
Coomah,
Borrow,
Wampah,
Sarpoo,
Sorree,
Kiere,
Joe,
Sallah,
Yangawora,
Yangba,
Sallah,
Cooyanda,
Sallah,
Farmah,
Tarbah,
Choo,
Liyar,
Soo,
Hango,
Hoiyee,
Kieba,
Barie,
Quangroe,
Choo ,
Charbah,
Coree,
Tambah,
Fourah,
Donarroo,
Tambah,
Tobah,
Tour,
Bannah,
Gonnah,
Sando,
Manghoroo,
Coollo,
Mahkeree,
Mahnenkah,
Nengar,
Mahhoney,
Mahcotoo,
Cuinbah,
Mahfara,
Barah,
Cambah,
Connah,
Boy,
Mahnayvi,
Mahgeefar,
Coomah,
Boy,
Mahfonar,
Bemb,
Pondoo,
Cafay,
Ajemmah,
Parmanyar,
Boy,
Mahneour,
Mahjour,
Baya,
Toro,
Gui,
Pooto,
Charroo,
Darwooroo,
Ginnah,
Ahmolita,
Mahlooloo,
Olahjoegoo,
Sodequah,
Ahdacholah,
Ahjie,
Dayome,
Aguajew,
Fahdoya,
Ahcorbo,
Ahladay,
Daconlo,
Oloolah,
Charlie,
Farmasee,
Ahjie,
Acouyarday,
Rotmee,
Ahjibogoo,
Ojo,
Ahkokoo,
Banbowee,
Dasomoo,
Fahdahroo,
Ateakoo,
Waree,
Ogoodepah,
Ahteao,
Fahtoye,
Ahjie,
Ahtecoo,
Jokoonba,
Ahkeyoda,
Orsa,
Ocharabee,
Lahyokoo,
Farjimwah,
Ogodoloo,
Farchamera,
Ogochornee,
Ochardacor,
Ahbalahya,
Hyenah,
Ornosome,
Ornakoo,
Fahtosee,
Agemor,
Farhbame,
Lahkorroo,
Ogoodesee,
Adah,
Charfatame,
Ocoosonyah,
Ogarhah,
Osobah,
Mahjaba,
Ahrerkoo,
Fahlojew,
Ogone,
Ahtonda,
Myemimu,
Ogosonyar,
Naree,
Ahdosonee,
Droteme,
Ogoofatome,
Ahdabee,
Fibeeye,
Droteme,
Fahsonyah,
Ogoosonyah,
Howoosobah,
Ahdoo,
Fahbame,
Ahdaya,
Fahcheega,
Edoo,
Farchayee,
Laryookoo,
Ahdatelor,
Olojo,
Ogoochooloo,
Farchaonew,
Olutan,
Ahdayaree,
Orahdonen,
Dajewabee,
Farbonba,
Farbamoro,
Farchanew,
Ogodolu,
Farlahroo,
Ahloda,
Oneshe,
Oteafah,
Fahlotan,
Ochatan,
Ahjie,
Hoosar,
Bointor,
Oboso,
Ahdayinda,
Gimoda,
Matonda,
Ahmooday,
Ahbameroo,
Oyawhara,
Oyokan,
Jenah,
Ogodarway,
Howodaya,
Ogoodanah,
Ahsang,
Ogooyado,
Isaaccoo,
Fahyome,
Fardoka,
Ahjie,
Farlooboo,
Bahnchely,
Ogoolaya,
Ahdang,
Fardoree,
Ahdonerah,
Ahkulla,
Ochoo,
Ogooyakoo,
Towoocho,
Farchecoo,
Ochoo,
Ahkanloo,
Odongfah,
Ahdayabah,
Ogooloday,
Chargolalah,
Coomooloo,
Aseepoh,
Ahjie,
Chiyome,
Ahyewee,
Ahcannah,
Ecooppoleze,
Fahtaracha,
Olortan,
Ahkilabee,
Farmotee,
Odaoba,
Tellah,
Nahkola,
Ahdoroo,
Farbameroo,
Ahgoolada,
Ogoosenor,
Dasomoo,
Ogoobie,
Edowoo,
Farcoojor,
Ahquiday,
Oja,
Lahfamwah,
Ahjie,
Ahjibahda,
Mahgeaba,
Charbee,
Fartoocor,
Ahjie,
Olujorbee,
Joekong,
Mahloobah,
Ojo,
Ochoobarmoo,
Artara,
Ahdabota,
Fiyomeno,
Hyenah,
Imalay,
Jarwaitme,
Ahladay,
Aholahpa,
Ahbuya,
Fahbulloo,
Katokoo,
Farnar,
Farbemlah,
Larchanee,
Ogootosee,
Ahkelargo,
Ienah,
Fartemanu,
Farnova,
Aroofor,
Fardobah,
Ahkeose,
Fartome,
Farkolor,
Asobame,
Farsono,
Farbamogo,
Fahtokase,
Larmanday,
Farsoyee,
Obing,
Osadota,
Fartoucha,
Ogonshar,
Oworobar,
Fahloro,
Ogoonbeye,
Farlorloo,
Olucha,
Ogoonlaya,
Degbarlar,
Faracha,
Ohdapah,
Ahladay,
Ahwoo,
Katacoo,
Jenah,
Farloye,
Ahmooye,
Farchawoo,
Farwoomelah,
Odamekang,
Bamejar,
Ahbanoya,
Fartomaye,
Ahdobaya,
Odah,
Achombeye,
Fambeye,
Myyor,
Farchanu,
Jenah,
Ahsonbaday,
Ogootala,
Farkela,
Vetoya,
Ocoonahday,
Gehighefor,
Ogondaye,
Allahbong,
Gartowoo,
Ogonbeye,
Ahlookong,
Ahsodoye,
Tywoo,
Farbame,
Fartar,
Sarvatine,
Mahlawah,
Farmekoo,
Ahootala,
Copahlah,
Ahsobeye,
Odah,
Mahloya,
Ahbadinah,
Oyebah,
Chodapah,
Ahkooloo,
Ochardepah,
Opogee,
Ahsooday,
Ahwoo,
Fartomarmee,
Ahkabetar,
Okoomeda,
Ahkilla,
Farlebah,
Ogootarcha,
Osobah,
Ahbillolah,
Dosollah,
Fahdoka,
Onee,
Fardoka,
Ahjie,
Fardequah,
Abatoe,
Doowoo,
Ahjie,
Atooloo,
Ahchaloo,
Farchoobah,
Ahjalarma,
Mahtecoo,
Ahjie,
Oricharmomiwah,
Marjarba,
Farchoratan,
Manoel,
Bround,
Moelay,
Cumba,
Boingo,
Painda,
Mahbarber,
Egolu,
Echambah,
Jardongo,
Egobah,
Bosango,
Egoola,
Bongoh,
Futu,
Bandy,
One,
Akonlah,
Fahlota,
Dochamo,
Fahbolah,
Fadoko,
Bessa,
Farahlah,
Bamtafah,
Bancola,
Ahmolu,
Olah,
Ahmouty,
Charlah,
Pah kinlay,
Aneho,
Dahdah,
Bokor,
Dancoya,
Fahbong,
Kallay,
Kardaje,
Ahsang,
Olokoséé,
Oyotoméé,
Ejo,
O goon,
Ahchore,
Ahlosinge,
Ojoo,
Ahmoloo,
Dowoo,
Elookoya,
Ahmokola,
Ahlomo,
Ahlomo,
Eloobo,
Ahkeladay,
Adahloo,
Bahbah,
Lekapoh,
Ahlemolee,
Ogoo,
Kahbelha,
Ahbokee,
Ahsang,
Fahbokong,
Ogoochoroo,
Aronoo,
Ahleegree,
Ahkanba,
Ahlola,
Ahlahday,
Bambacha,
Ahlewisee,
Okoubyebee,
Ahbanroko,
Fahchina,
Warlooda,
Fahgooyah,
Fahlombee,
Ahgoolahlah,
Bambosha,
Ahbassah,
Dahdah,
Ogolowo,
Lache,
Dalepong,
Jewahja,
Ahjie,
Ochoo,
Tebojew,
Ahmoneja,
Ahladay,
Ketoye,
Fardeyor,
Eonah,
Ahdabolah,
Ahjie,
Olabarrokou,
Goobakou,
Ogoosiah,
Ogoorasmolakong,
Kahpong,
Ojoo,
Ahganna,
Abehoo,
Ahlahhajee,
Ahoogah,
Anéé,
Fahbong,
Obodupanee,
Mahjoulong,
Whyyea,
Onee,
Chewahmor,
Ahléé,
Ocotwo,
Arotome,
Edowoo,
Olarkinboõr,
Queyamwoo,
Fahlie,
Quety,
Ochoah,
Orooku,
Ahwosaw,
Agarvenéé,
Edowõõ,
Ogoodahrea,
Ogooroorera,
Omoralah,
Ela,
Lardapoh,
Onahfome,
Farmayewo,
Bombakah,
Bololarmor,
Ahdogola,
Coodahesee,
Edowoo,
Larmelor,
Olookong,
Ahkeolah,
Obekoo,
Ahjie,
Olahbee,
Obahbee,
Kahfeetame,
Larlookong,
Fartela,
Kobaja,
Abissala,
Ampeter,
Ahcho,
Ahdayomee,
Oloogoo,
Owosobah,
Oloonveday,
Odachelor,
Farlieye,
Komalu,
Ahlayday,
Ogoobeyee,
Amesabou,
Moyasamore,
Ageegarday,
Abacoreejor,
Ezeeree,
Farchaou,
Farlooya,
Fartosee,
Fargoebo,
Edowoo,
Olardalay,
Ega,
Largoo,
Marbyyor,
Kobolokong,
Ahoodo,
Farchinna,
Oluformoo,
Mahmah,
Ahdalarkoo,
Farlalo,
Orooroko,
Farforlee,
Smarn,
Tibobo,
Daluge,
Ahfotabee,
Unknown,
Adagelah,
Ojoo,
Dajokou,
Ojoo,
Onewjosong,
Ienahkong,
Ahdakiyar,
Ahkee,
Ahladay,
Ojo,
Ahdobah,
Olumayae,
Larchemagee,
Farkelah,
Olufar,
Farleyee,
Ahdakarko,
Ordenlar,
Mahmah,
Fahtolah,
Fardahroo,
Mahmah,
Jatawo,
Okusolubah,
Ahkela,
Ahlarmajew,
Cholarfu,
Bambahda,
Farlola,
Fartubala,
Ahtuyou,
Daboro,
Farkoya,
Ahkada,
Ojosee,
Obahsar,
Warkela,
Dafongkah,
Koopoloko,
Ahjie,
Mahahesang,
Bancola,
Mahyeola,
Ogou,
Ienah,
Ahdayarme,
Somoku,
Ashundoobha,
Rotee,
Roomerpie,
Farbhame,
Lardubhoah,
Akoobhorrae,
Ogootollar,
Forlannej,
Farbho,
Bruamah,
Oohar,
Oyeoko,
Ojokubah,
Maggimy,
Fartobala,
Cheforlah,
Alafunday,
Yarjame,
Ahjie,
Ienah,
Ahchofumeka,
Ogoobeye,
Omolue,
Ahsokonla,
Tiwoo,
Ienah,
Ahoba,
Farbeye,
Odurouka,
Ekedang,
Ela,
Iame,
Larnera,
Charfoume,
Motimda,
Archofounka,
Martagee,
Motonewway,
Fahtomah,
Geaneka,
Olanobe,
Kaahleba,
Cernu,
Farfooka,
Ogoocha,
Ahchauko,
Ogoudage,
Ofotobe,
Ocutoo,
Orumorah,
Ogoudiese,
Comahpie,
One,
Amahwo,
Coutela,
Ahsalla,
Arwolusu,
Adu,
Naconue,
Oresa,
Omortonebon,
Ojobeye,
Choko,
Olugemekar,
Ahwoo,
Shewdeyar,
Oquarada,
Ogoolunbee,
Ahbong,
Bahsang,
Akkelotang,
Ahkelee,
Farolah,
Ahbemorotee,
Ahagee,
Olura,
Ojew,
Comoku,
Karla,
Farneopa,
Orchodeseesee,
Loree,
Farmokou,
Aharee,
Asinge,
Dalorkan,
Feyome,
Oreechar,
Charcoube,
Ahdaboeba,
Ayefarwee,
Orucharme,
Ahjehu,
Sharjacoo,
Ahkeroko,
Farcoureeday,
Farcurcejar,
Ahcousame,
Olufardee,
Ahwooleme,
Okusharbah,
Ochuwinday,
Kukumelarlah,
Faryomeka,
Catooku,
Tabelarbor,
Farlie,
Dahdah,
Odosiah,
Okuleopoh,
Farlacha,
Farchenah,
Farjaree,
Oyarbome,
Ogoodulee,
Ochougara,
Farombee,
Ahtapolah,
Oka,
Fartobara,
Farnemoko,
Ojo,
Vakalu,
Ahtabala,
Farlomo,
Ogacu,
Farchubar,
Tefarcha,
Ojo,
Ogoochalu,
Farjoba,
Ocharmeco,
Farchaou,
Ahjie,
Sobahme,
Ahjie,
Okucharra,
Farbamero,
Farpoendah,
Ahwarlay,
Nahbeyar,
Ogotuwar,
Ahjie,
One,
Ahnahorogu,
Ahcomelu,
Bahbie,
Efarbongha,
Ahdatobah,
Oroohku,
Farkela,
Farchuotan,
Marku,
Ahbiyome,
Ienah,
Ogoutemee,
Showar,
Ahbowo,
Morumdeer,
Ogooshashe,
Artoo,
Ogoobie,
Adasobah,
Enah,
Cojameyar,
Okoro,
Ahkaya,
Farboura,
Beerko,
Omahcha,
Ahoshouse,
Owobame,
Tafarcha,
Larteshair,
Ochebeye,
Ojo,
Lufokung,
Oleekayor,
Ahmoyetah,
Aharlayar,
Ochor,
Osher,
Farlokoo,
Fartorquor,
Archerchane,
Laddah,
Moroo,
Barjoko,
Ahjonéé,
Maryomboh,
Ahjie,
Farme,
Mahlada,
Anelay,
Farwa,
Osuwendah,
Osuyame,
Okutolah,
Folahway,
Efartonbee,
Ahruku,
Luforah,
Ojortonebee,
Martone,
Farcoree,
Dayorcou,
Ogoofota,
Dasolah,
Osugaree,
Farja,
Obaba,
Ahsharbambee,
Sartoka,
Orarjor,
Asong,
Liemacar,
Ahgadeta,
Farlacha,
Sartokeh,
Farbamedo,
Ahdegberor,
Charpellah,
Ahketalah,
Ahdeaktar,
Ahdebor,
Ahheorlor,
Farcoonbee,
Sarhar,
Ojo,
Heharlee,
Dahdah,
Faerobah,
Ahjebarrah,
Farsinha,
Farcorday,
Ageeaga,
Lardemagee,
Mahdonpa,
Fahsoyee,
Ahboko,
Omhida,
Ahdawonee,
Ahmonedee,
Oneja,
Ahgebarlar,
Coomokoo,
Obelome,
Elolah,
Bancola,
Yearcolah,
Farcobee,
Oluahday,
Ogoo,
Oluotan,
Farcomba,
Fahoceenah,
Olnago,
Afaralie,
Gibrame,
Ahrobokong,
Neardah,
Ochoie,
Charbee,
Ogoobeye,
Ahwootee,
Adowahnah,
Ahdawahdo,
Cochachor,
Ahwoodabar,
Obomboo,
Ahbeboo,
Lahfayes,
Chartarcor,
Ogoojorbee,
Allararda,
Ahboree,
Ogochanno,
Ogoobeyee,
Oajorlah,
Ayonoosee,
Aso,
Joe,
Faseepo,
Farsome,
Ahcosha,
Ahceebada,
Farlookoo,
Aomiyar,
Farbamee,
Iaolah,
Charcoolah,
Ogoo,
Olahlaloo,
Dahdah,
Ahdalooya,
Dahdah,
Ahbiyome,
Larfarjocoo,
Ahgosiah,
Aga,
Anera,
Ahlarbamee,
Ahchofiteeme,
Lesarnoco,
Ahtaha,
Sogarbee,
Ocoola,
Farsonayee,
Opayolee,
Ahjie,
Bocha,
Ojo,
Ogotepa,
Warree,
Ahmolooko,
Ahdalokoo,
Koyarday,
Ahlorkor,
Milah,
Ahchotosee,
Famco,
Ahlacoda,
Ahgoodarlee,
Odobame,
Ahdaogoo,
Olondeyar,
Ahdalorko,
Ahquarsong,
Ahlatafar,
Agetecoo,
Ahgelardeha,
Ahcoon,
Marteeyo,
Dahdah,
Ahjie,
Bancola,
Darcoloo,
Charwatemee,
Marbogoja,
Ahsobah,
Lotenar,
Fardepo,
Aga,
Ojo,
Ahpahtobee,
Chosotan,
Ojo,
Yarodesar,
Ahcolane,
Larbage,
Akameka,
Ayela,
Ahmoso,
Ogoo,
Olarboroo,
Osojamecoo,
Farboro,
Ogoodebah,
Ahdatebah,
Fatecoo,
Ahdayome,
Oloryenor,
Oyomoya,
Dahmosorror,
Owolorlah,
Ahbajice,
Landallah,
Ogobeyee,
Dabedee,
Ahlabarmore,
Oja,
Dowoo,
Mahjie,
Ahdaola,
Ahgomor,
Motefar,
Ahworeefa,
Ahjie,
Atiyor,
Fahchor,
Mahmah,
Mochar,
Lesarjannah,
Ahgardo,
Dajomoo,
Afoojar,
Fartowah,
Olesarla,
Tarmamoo,
Asera,
Apolaya,
Ahquarayar,
Ahjie,
Ahcho,
Ogodieroo,
Opoonu,
Ogoodobah,
Ojo,
Olosie,
Faryome,
Asartapa,
Sarkara,
Ahcoonarmee,
Ahjie,
Marroo,
Ahladay,
Dowoo,
Ojo,
Ahladay,
Ogooday,
Agebota,
Ojo,
Farseeka,
Ojo,
Okabame,
Farlooma,
Agonieka,
Daloquar,
Farjoba,
Obesar,
Fardomor,
Yebarsa,
Charbeye,
Ahtindah,
Ahkannee,
Ahkoroo,
Larborday,
Dowoo,
Dahdah,
Farcobah,
Ahwoo,
Oliesee,
Alasee,
Dowoo,
Dasaya,
Ahfouedee,
Maryara,
Yageedee,
Ahjie,
Ageromba,
Olarmeto,
Bancolu,
Ieku,
Oluborkor,
Charson,
Olukota,
Fenda,
Ochoodonsee,
Farmosoola,
Ochofoka,
Criblysa,
Basimawar,
Isuefirstday,
Ienah,
Bamecafar,
Dacemee,
Fardologo,
Ayaparlar,
Fartonaka,
Achaee,
Dakaya,
Ochoolar,
Farbameroo,
Asarmenor,
Aborda,
Farchaou,
Fartoobeyara,
Beorlarninba,
Ahlarsoda,
Artapalar,
Marjarakou,
Marjobordah,
Marjaraba,
Ahmatame,
Afootatar,
Ahlabada,
Ahjie,
Narchawar,
Secorlar,
Ahbagee,
Fartouka,
Olufenda,
Daborlu,
Ahjimmor,
Atefarmar,
Leesarsayee,
Aneronka,
Ahlortan,
Onekapah,
Larchawar,
Ahchorfonka,
Ofoortoo,
Fiyea,
Ogoamewar,
Lardepoh,
Fartakoo,
Ahwojarbee,
Farlaroo,
Farloopah,
Jenah,
Ahyamoneja,
Moyenlar,
Moloree,
Onewoora,
Iarloomabee,
Ochoo,
Jenah,
Osoon,
Farbamero,
Ahgebeeya,
Iarlarmoba,
Adoo,
Larbentar,
Achoakar,
Achoakar,
Olaryame,
Olutan,
Ojobon,
Ahdasee,
Ogooyemeka,
Mamoye,
Chargoyame,
Bimwarday,
Charfame,
Marjarba,
Ahjie,
Enorpoh,
Orjar,
Belie,
Ogotela,
Ayefome,
Largarne,
Jemka,
Ochum,
Jabeka,
Farleka,
Obeneka,
Owosee,
Ogoojorbee,
Mardoroo,
Laryame,
Jebar,
Farfameka,
Larchawo,
Ahmotake,
Durotee,
Oreesarneka,
Bejorwee,
Odo,
Farsenema,
Belowarda,
Larfemwar,
Margeorlar,
Eway,
Omojulu,
Omosabar,
Ordaneka,
Barocha,
Fayorbee,
Bearlar,
Chabeye,
Farlimda,
Afodaga,
Farsola,
Yarkarme,
Farjaba,
Olesartooka,
Marchoko,
Beyame,
Ahkeahday,
Ayekarlar,
Adabee,
Moriesar,
Ahjie,
Ahkelarnar,
Ahchobame,
Ado,
Ahjie,
Adaoya,
Ojo,
Bennaga,
Oboluogu,
Larsarday,
Leyomlor,
Ayobarda,
Faryoba,
Ogotolu,
Ocho,
Molarjar,
Farcolejor,
Faryemanor,
Farkeya,
Arwoodarlar,
Ahgeyar,
Daworlu,
Farsoo,
Sarlare,
Narbargo,
Ienah,
Olusie,
Farbame,
Farmoye,
Artara,
Lubarda,
Opaku,
Dahdah,
Olewoda,
Olarmagome,
Elamo,
Ohe,
Mogearba,
Edowoo,
Lewootewah,
Obada,
Farbong,
Oduchorlar,
Falorcha,
Olarluwoya,
Adpo,
Bambaya,
Oulonne,
Oknorda,
Banjoko,
Fiyomeno,
Dapabar,
Farmonewla,
Doorojia,
Ienah,
Carlajie,
Ogobida,
Ogoobasa,
Ogoyabee,
Orumorja,
Warlee,
Ajorne,
Ahdajubarba,
Ogootocasee,
Ogometar,
Farkakoon,
Offendeer,
Olesarfateme,
Olucobome,
Ogotosa,
Dahdah,
Ahmogerga,
Fartosee,
Orotome,
Ahwoolor,
Mahdousar,
Ahsoular,
Farbame,
Ogootepa,
Farketabee,
Fartobaree,
Ahbiyome,
Kelambe,
Fardiera,
Daboror,
Degbarmeya,
Ahkimwarda,
Barbarbome,
Menarsarar,
Ahdabar,
Opotenu,
Ogodoye,
Dahdah,
Iegrow,
Mahmah,
Ahparme,
Ahmoyor,
Darcoro,
Ahdarro,
Dahdah,
Ahchoo,
Yearbee,
Ahcholarday,
Olesarday,
Eguae,
Farlooku,
Radeba,
Ahdo,
Fardopah,
Ecarlo,
Warladay,
Barbarla,
Basarkarra,
Dahdah,
Orartaru,
Ahdagee,
Ahopa,
Oresartorlar,
Ojar,
Asang,
Ogotamo,
Ietonda,
Barmosanda,
Ahforrah,
Lardee,
Farsormenor,
Dabarrogou,
Aducaro,
Olucorlar,
Barmarekanu,
Ojo,
Bonya,
Awoosee,
Dahdah,
Ahtarpahlar,
Ahjie,
Oluseeta,
Beyarnu,
Orodartaw,
Sarlubee,
Ogofarmeka,
Oyarakofa,
Onetame,
Osargabee,
Marjorlaba,
Bamcarla,
Ogoowa,
Owanwarlah,
Sarroo,
Ahsobome,
Ahsotoka,
Faesoko,
Aroobarka,
Ogutan,
Farkarema,
Farkaya,
Dahdah,
Kosoloka,
Sartokasee,
Bankolar,
Osonteyar,
Omomokoo,
Ieloyou,
Ahso,
Farfameka,
Ahtapala,
Ahdabomeka,
Conowoo,
Ahdesome,
Farbaebo,
Osarlome,
Omahsar,
Ahlosonda,
Marjarlarbe,
Barloo,
Efieya,
Ragoging,
Aroy,
Marbarday,
Garrbar,
Edonggo,
Marnar,
Morwhowar,
Soboze,
Ejondo,
Egooyah,
Marmbah,
Peeto,
Mardongo,
Arjurah,
Mechelemue,
Eseyeh,
Bearnah,
Echego,
Akgoola,
Ekarqua,
Eboular,
Akegar,
Artambo,
Ekejarsee,
Eseer,
Arvah,
Chedenah,
Yartee,
Marjoco,
Gerbah,
Goye,
Engoy,
Ekarvee,
Morkombar,
Omondo,
Ekekar,
Dabombah,
Momboh,
Fullah,
Karbah,
Marpengar,
Lonah,
Engoy,
Marsambo,
Bango,
Mesupar,
Epoomah,
Norgah,
Akadah,
Markaloo,
Bombah,
Ogoomah,
Ezara,
Marbooka,
Ebombah,
Owargar,
Ezenk,
Morquangar,
Ebongay,
Ebenboo,
Londo,
Mardongoo,
Ejearba,
Erongeh,
Ewang,
Echombah,
Badoon,
Eracongo,
Pongay,
Bobar,
Simbor,
Londo,
Gaymah,
Bolongo,
Lombo,
Argoogo,
Bodonu,
Londoar,
Mooelleh,
Mobandah,
Guanaygundah,
Ejorgoo,
Bongoh,
Martimbah,
Banjoo,
Longarlarsea,
Egoolah,
Amaryamewar,
Moocarna,
Engoy,
Muelleh,
Colacola,
Bongoh,
Engoy,
Laboto,
Muelleh,
Ogulah,
Averengo,
Marloca,
Loanger,
Mocambay,
Yorvor,
Scuaroka,
Aronda,
Luquangar,
Omparsah,
Sorsernabah,
Wendeck,
Kongwar,
Dearnga,
Marama,
Barlonguaca,
Larsongar,
Endolo,
Edorkey,
Engonor,
Coatagambah,
Combah,
Bearngaa,
Ecomor,
Aryengra,
Enyerra,
Marconda,
Dabong,
Eyangay,
Marangay,
Footoo,
Beerbeerbuyoh,
Boangar,
Arjoqua,
Marcolamah,
Marleah,
Yarquangara,
Yangay,
Barlarneweh,
Marbonday,
Yongee,
Gear,
Langomah,
Norgoeconday,
Karbauma,
Armbor,
Engunor,
Engunor,
Mocassa,
Enkangay,
Yangay,
Arcabah,
Mindonu,
Ernbolah,
Enchaga,
Yangay,
Embanee,
Engonu,
Mangah,
Maryala,
Engono,
Toh,
Enguerreah,
Engormah,
Emmarnu,
Dabong,
Entorgoh,
Embarnee,
Solesar,
Markaco,
Bonga,
Ejombo,
Ponga,
Ebomba,
Muelleh,
Combah,
Muelleh,
Ebonga,
Bobah,
Molopay,
Engoy,
Bakay,
Cotobomaweh,
Engarday,
Angelah,
Arkowar,
Anargo,
Marwarla,
Engoy,
Comengar,
Jambay,
Ateegar,
Bocarca,
Ecombay,
Yoomeh,
Eylaengo,
Engoy,
Engoy,
Muelleh,
Pongah,
Botonee,
Marteh,
Broorah,
Endongo,
Engoy,
Kekarmah,
Amboudua,
Engoy,
Equabot,
Ombeck,
Engolo,
Bongoto,
Artorme,
Endombah,
Enquang,
Ogendar,
Osasae,
Gengay,
Ezengeh,
Mayombeh,
Ogangar,
Kanar,
Bongoh,
Endongo,
Kanda,
Ocobear,
Marbarday,
Ogoolah,
Marlongo,
Ecolo,
Fenambera,
Marbarca,
Bokeweh,
Ebongor,
Orando,
Bombah,
Yoongah,
Yangay,
Engellah,
Engamah,
Engaree,
Enguargar,
Epongee,
Eboyae,
Ieneo,
Aryorangar,
Bando,
Mornar,
Yarmagai,
Mosingah,
Arzemegara,
Arromanee,
Larrenae,
Embamdar,
Monosega,
Engondo,
Ebuyoo,
Sabagannay,
Ebarnee,
Ebanegar,
Alorco,
Yangah,
Mocanda,
Mardaqua,
Omanda,
Eyarlah,
Mocasa,
Ongandae,
Pacar,
Futoo,
Arkelah,
Buanga,
Tombeh,
Kenga,
Pota,
Mondor,
Songa,
Arrarvanee,
Arfooca,
Oruwanda,
Domanoweh,
Joarwoo,
Sorgesee,
Marpooyah,
Maryendoo,
Muzacala,
Domandary,
Pamah,
Dongolah,
Harbose,
Domandowanday,
Jamba,
Harquanapolo,
Singarjamba,
Martalah,
Zuza,
Arjungo,
Engorgo,
Ioakey,
Armoota,
Embanday,
Koolongo,
Vonday,
Moingo,
Yangadala,
Zamba,
Asarco,
Engelah,
Ensorno,
Mochawota,
Sorwarpee,
Pongoo,
Karcheba,
Entombo,
Sonteck,
Zoan,
Londo,
Antonia,
Seehoo,
Nondah,
Carlanga,
Gardo,
Karbarnda,
Shacoo,
Tarlah,
Kardow,
Darmacola,
Encongofuanee,
Sebastian,
Martana,
Markeloo,
Panjoo,
Martomonee,
Sarlazowar,
Maroosee,
Montoantonie,
Mayena,
Iuondoo,
Pansu,
Katah,
Foote,
Mogoonday,
Engalay,
Mokango,
Mecongo,
Yorke,
Dondara,
Parkar,
Pansoo,
Mayesar,
Kesasu,
Palankee,
Nengoya,
Karlonga,
Kargonda,
Engarga,
Mesenemino,
Lonjuah,
Martase,
Mochosu,
Mart,
Carbansoo,
Sansarlar,
Parwol,
Francisco,
Antonie,
Domegal,
Mulandu,
Francisco,
Marbaluqua,
Tombarsee,
Lozoar,
Garmasee,
Monuparso,
Longarlarse,
Pambolo,
Pansoo,
Domingo,
Mojokee,
Marlonto,
Marlonday,
Pansoo,
Secoo,
Boweh,
Petera,
Dembo,
Engon,
Bucane,
Secoo,
Carbonca,
Eparzar,
Domingo,
Domingo,
Dosuel,
Sosuna,
Carbase,
Ezamba,
Ezoy,
Carbay,
Pargar,
Parsuvamma,
Efutee,
Kangar,
Tando,
Panjo,
Quazamba,
Varbat,
Antonie,
Vongar,
Domingo,
Jaisie,
Carbinda,
Parzar,
Esemoto,
Carthrana,
Cangar,
Zuza,
Nangay,
Domey,
Foramango,
Empargar,
Dearo,
Christania,
Zuana,
Madea,
Joanah,
Luiza,
Joanah,
Carbonto,
Seacar,
Meheboo,
Luiza,
Judana,
Madea,
Efungee,
Eguadee,
Etombah,
Karcola,
Madea,
Efungee,
Armenanah,
Cartelinah,
Agambah,
Zuar,
Vondee,
Macangoo,
Amacongo,
Masambo,
Meseek,
Heboo,
Kesango,
Kearsarna,
Karcoloo,
Sambah,
Combah,
Seeker,
Catnee,
Mokar,
Seeker,
Losa,
Jenga,
Marea,
Sambah,
Sambah,
Masambah,
Yamgas,
Morcarmoo,
Cartelinah,
Zarkena,
Marfuta,
Vince,
Masoala,
Juana,
Yangola,
Mariana,
Mariana,
Jingar,
Mariana,
Fusee,
Sevalah,
Yarna,
Mareta,
Domindo,
Kelamba,
Maymba,
Monarquimba,
Vindo,
Mariana,
Difiama,
Martambo,
Carbelah,
Antonie,
Armejuce,
Joaque,
Manuel,
Fomesea,
Antonie,
Loamba,
Sambay,
Antonie,
Freseanu,
Manuel,
Antonie,
Antonie,
Cathria,
Zoan,
Zuza,
Cabenda,
Bentoo,
Zuam,
Freetona,
Pansu,
Heboo,
Basu,
Voombee,
Zuao,
Tumas,
Mongarbella,
Domingo,
Antonie,
Bortee,
Lanjoo,
Leah,
Antonio,
Mulanga,
Meheboo,
Tobela,
Zoar,
Manuel,
Amesoa,
Manuel,
Marena,
Deakor,
Yencar,
Joaque,
Kelambah,
Zoar,
Seecoo,
Enguadee,
Ladesor,
Encoco,
Enketo,
Martase,
Antonio,
Mardondo,
Onday,
Kartano,
Enzaro,
Kaozo,
Engooanjee,
Zoan,
Manano,
Antonie,
Benda,
Manuel,
Antonie,
Martombah,
Zuza,
Manuel,
Antonie,
Megal,
Manuel,
Engonga,
Tomas,
Antonie,
Animia,
Esunda,
Joar,
Farcomba,
Emparkar,
Encongo,
Tornee,
Enguarda,
Antonie,
Manuel,
Manuel,
Sarbee,
Yorkor,
Kenjula,
Marlangua,
Epanza,
Catalia,
Zoar,
Cathana,
Mushi,
Embiamba,
Epanga,
Mingola,
Quanga,
Secoo,
Sarbay,
Quaquinda,
Muela,
Panza,
Meheboo,
Dembo,
Carlungo,
Cartrana,
Domingo,
Mengal,
Encoze,
Canza,
Emetom,
Bobee,
Lamba,
Garsola,
Andonia,
Antonie,
Quamalo,
Zoang,
Patee,
Boomba,
Zamba,
Corsee,
Maala,
Vemba,
Secoo,
Martase,
Secoo,
Zamba,
Antonie,
Encongo,
Powden,
Tamba,
Vatah,
Emazoa,
Bemboo,
Memoto,
Cartula,
Antonie,
Nemie,
Nanbo,
Carsanda,
Martase,
Patee,
Zoan,
Manuel,
Asnoshe,
Zoan,
Embooco,
Catharania,
Enguangar,
Madea,
Lomba,
Domina,
Wangeba,
Rosusana,
Pambo,
Karnee,
Candona,
Locana,
Juana,
Christina,
Kansara,
Madeana,
Marea,
Bimbee,
Kesamba,
Manda,
Ecamee,
Edembo,
Karbondo,
Montanda,
Suliana,
Lomiva,
Lomiva,
Sesango,
Cataka,
Samba,
Madea,
Garlars,
Carsulee,
Entomba,
Tonio,
Dacongo,
Cannoga,
Meyangay,
Enzumba,
Camasa,
Cartrina,
Suparlars,
Leman,
Armina,
Karpoca,
Madea,
Tempo,
Tempo,
Carlunga,
Solunga,
Parlanga,
Samba,
Sokee,
Larfuta,
Evunga,
Solondo,
Marta,
Mongee,
Macarda,
Orwarnu,
Ganger,
Yaray,
Bongoh,
Combah,
Mucassah,
Benny,
Markeetah,
Barquangar,
Yongor,
Ogandagger,
Coomba,
Yangee,
Mucassa,
Doloo,
Coomer,
Buanger,
Baudnee,
Marlangay,
Marpanjar,
Venegar,
Goy,
Magee,
Beyombo,
Muelleh,
Bongoh,
Angarcoo,
Karnah,
Loandoo,
Mugarnah,
Combay,
Goloo,
Charkee,
Pongee,
Ortah,
Maryombeh,
Mubetteh,
Robert,
Mugangee,
Bongoh,
Bangoh,
Bongoh,
Weyjain,
Doloo,
Boyoe,
Buangah,
Bandoh,
Dolow,
Bangah,
Bandoo,
Buanger,
Yambah,
Pangee,
Minjar,
Epanjar,
Nejor,
Ojoe,
Tywor,
Duparday,
Larlowye,
Arowbhoke,
Arubhorlah,
Fahkoonday,
Bozuqueh,
Dayjumawhya,
Ojoe,
Martallah,
Allahday,
Larchowee,
Archoo,
Sasakoo,
Ochor,
Ahwotah,
Farshong,
Daree,
Dowoo,
Akallow,
Larjumarkeh,
Ogootoka,
Carbintoh,
Dajarboloo,
Ogoobahday,
Sarbaybha,
Woboh,
Achoo,
Arkeyomee,
Ordeh,
Arkebee,
Ojoe,
Ekooborae,
Fahsollah,
Ojoe,
Ogoosequeh,
Arsallah,
Thenlah,
Sobhah,
Allahday,
Ohootoloo,
Lahlayah,
Adefahlee,
Olumeday,
Oyanday,
Odugar,
Omuralay,
Ahwososoo,
Arkebarme,
Ojoe,
Fahdaye,
Fahlarday,
Fahdarloo,
Ogoobayme,
Ardayelle,
Fahmoretee,
Fahly,
Dahdah,
Mowogoodey,
Samwayla,
Fahjamelah,
Ogoolahlar,
Ochoe,
Okooyorme,
Fahyodah,
Akooves,
Fahdaqueh,
Ochosoryah,
Janah,
Arcookay,
Arbodah,
Armatarah,
Oquoncar,
Ajah,
Amotee,
Mamah,
Ogoonesee,
Dielow,
Ahdaseenah,
Edah,
Dahdah,
Ahruseesee,
Warkayeh,
Aketolah,
Marlayeh,
Mardaqueh,
Bolotor,
Larmee,
Arjie,
Basinlor,
Ogoodalah,
Adaquaju,
Ajehbeh,
Omorlowor,
Ahyamee,
Cowojueh,
Aroomakeh,
Ogoojubbee,
Obebome,
Ahdalame,
Iannah,
Maroekar,
Yanorme,
Osaye,
Onekaye,
Tywo,
Osarwombee,
Dahdah,
Ahdayomee,
Ahdapaju,
Ahjie,
Ahdamenu,
Fahkoola,
Larsenday,
Orasor,
Locoonday,
Fartoomeseh,
Jemelokoo,
Finikeh,
Aquyor,
Adapaya,
Adajoh,
Ahyabah,
Kumawaro,
Fahme,
Osasawoo,
Dafahlaloo,
Ahyakoolahlar,
Ahquahda,
Martinkah,
Jarrange,
Fahlabeh,
Fartokeh,
Barwokoo,
Arsartoo,
Olomeda,
Odalarme,
Dayae,
Barmeooo,
Argootor,
Argeedamekoo,
Asartookeh,
Odofunkeh,
Faryamee,
Dahdah,
Ahwoo,
Ahmartinwey,
Ahdalay,
Tywo,
Ogoondalo,
Koosee,
Martinweh,
Argeebe,
Jebarsoo,
Olapalah,
Oloowooday,
Ienah,
Lamaja,
Ogooday,
Ogegetah,
Alay,
Aracome,
Kalaba,
Jemy,
Larsenday,
Farkarjor,
Okooyor,
Ogoondarlay,
Ojoe,
Farmenuor,
Jimokoo,
Farsada,
Jannah,
Amookey,
Arshakaba,
Aquatoo,
Ogoasha,
Yarlah,
Ahdaga,
Dayahlor,
Ahdakarya,
Kenahwar,
Farkaloo,
Olooseelay,
Odeh,
Ahgeah,
Otehgoya,
Farotor,
Ogoollah,
Odabee,
Amordoo,
Omashar,
Ojoe,
Jannah,
Aryacornoo,
Larsoro,
Ahjarlar,
Ojoe,
Ojoe,
Fahdaqueh,
Sartoosee,
Shalloo,
Marooryah,
Shabarja,
Markoo,
Ogootallar,
Farkoloo,
Shatoome,
Ojoe,
Ogooqueh,
Ahjarlar,
Eteh,
Ogootolah,
Ogooyecar,
Fardarahroo,
Farrosee,
Farsoeton,
Armonee,
Onee,
Ahkoahjoe,
Anuwar,
Alahday,
Aroneyee,
Oroengecoo,
Adowee,
Orealla,
Ogoorome,
Osabambee,
Asartoo,
Ajie,
Sackokai,
Doosame,
Ogoyemee,
Ahdagekeh,
Odoolamee,
Fahsalar,
Ahtibah,
Satabalee,
Aworokor,
Fatakoobor,
Ahtollar,
Dowoh,
Fiabayqueh,
Asafumakeh,
Farfalua,
Assor,
Farcololur,
Quomalah,
Ardamogoo,
Falameyor,
Jannah,
Achoambe,
Ogootoo,
Osoosalar,
Taneyamee,
Osobomee,
Afocobee,
Ayahloo,
Hyenah,
Mationa,
Empo,
Yarnga,
Zambee,
Gooangee,
Kanga,
Bartomahoalh,
Embarm,
Embimbee,
Kimpanzo,
Evinjama,
Kinsardid,
Kaije,
Farsoala,
Tamga,
Deesoo,
Imgomah,
Kapeos,
Civindah,
Embombah,
Gooloo,
Foote,
Bambalah,
Lootata,
Chifeemoo,
Longoo,
Larcaké,
Cardenah,
Morngee,
Imsarnah,
Vinengas,
Boombah,
Jimbarnee,
Kinpartie,
Monarcha,
Seeko,
Manarkar,
Marzaba,
Larndoo,
Boomgo,
Ezuzee,
Beeyar,
Fooree,
Cheekoo,
Maryarnah,
Gomah,
Gomah,
Martonah,
Evolap,
Longal,
Cogee,
Machomgo,
Markeeonah,
Barkar,
Ezonta,
Armakeeoko,
Markinda,
Sula,
Poongoo,
Veta,
Nangah,
Landoo,
Deepanga,
Kanza,
Marzardia,
Bongee,
Kinzarbongo,
Marsoondah,
Mouzorlah,
Imfombata,
Moncarkar,
Moonteochar,
Marrandah,
Cahkarlah,
Bimbee,
Mutartoo,
Sarlarmartoo,
Sizarwoo,
Marsoongar,
Embellah,
Seelala,
Monsonah,
Imfearmah,
Sarkarlah,
Lutata,
Sarkarlah,
Karzee,
Luambah,
Engoomah,
Evembah,
Engoomah,
Peizo,
Gormah,
Endalos,
Soonee,
Marvoongoo,
Egormah,
Parmboo,
Marzah,
Meahlah,
Deemah,
Ensickamny,
Biendah,
Ezeetah,
Warlendoo,
Imbelah,
Marlazamah,
Inkaya,
Gumba,
Marvuzee,
Karnza,
Vulah,
Lumbokafa,
Boombah,
Gimbozar,
Imbanzar,
Marsoondah,
Zarnah,
Lutata,
Marsoondah,
Farkar,
Selahmah,
Insolo,
Zookee,
Mardearlah,
Suvoogo,
Marvoogoo,
Inkoosoo,
Lutata,
Ezeetah,
Esarkalah,
Sarlahmesow,
Charbee,
Simbah,
Egilah,
Embangalah,
Luangoo,
Kindee,
Marvinga,
Garnpekar,
Markelafoomoo,
Foomanba,
Deacolata,
Zolarnee,
Tembah,
Moontearkoo,
Boyah,
Boanka,
Boodokar,
Ekoondee,
Goomboo,
Sooahmee,
Moosekando,
Parsee,
Martombah,
Wombah,
Marbondo,
Boombah,
Moonayarwoo,
Kinggomba,
Sangar,
Enoangar,
Lendoo,
Marbondo,
Loandah,
Sokee,
Boenda,
Sokee,
Mikayah,
Keelowoo,
Injewzoo,
Wombah,
Kango,
Kebiah,
Bolah,
Zambah,
Pomboo,
Kembah,
Wombah,
Engolah,
Gooangoo,
Chimbah,
Marmboo,
Zejine,
Boyah,
Boombah,
Barmonah,
Boondoo,
Marsokee,
Sokee,
Doombah,
Coombah,
Imzeebo,
Imgoda,
Bombah,
Imbootee,
Maryenkah,
Marvoombah,
Impembah,
Enjewembah,
Enjozee,
Zombar,
Mardeerlar,
Kembah,
Pemba,
Marzaboo,
Mencheer,
Sickisee,
Barmbee,
Benzah,
Sovensah,
Gooalah,
Vangah,
Mooandah,
Egormah,
Sucarmah,
Ensolah,
Ezowoo,
Meangah,
Mahyambah,
Gouralah,
Gormah,
Gormah,
Zingah,
Ezitah,
Mannongah,
Sambah,
Barkar,
Poomzie,
Chierminah,
Cjoombah,
Ezeelah,
Marnewkah,
Koonkoo,
Sarnoonah,
Darngee,
Engoyee,
Garmah,
Imbookah,
Somboo,
Imveindah,
Mooandah,
Monteochar,
Mootata,
Farkar,
Esiahlah,
Vangoo,
Kormah,
Boryah,
Fookah,
Parker,
Cancota,
Moonchar,
Mannanga,
Toda,
Jinguata,
Maryarlar,
Gormah,
Gormah,
Saka,
Gourlah,
Toma,
Maryarlar,
Kenda,
Intock,
Zingar,
Monarka,
Soendee,
Marwanga,
Darva,
Marbeerla,
Saka,
Sewanee,
Keyah,
Longo,
Sendah,
Engoolu,
Parkar,
Cheekoo,
Zambeza,
Bongoo,
Kebah,
Markinga,
Zarcarla,
Qumboo,
Marlanda,
Chumboo,
Sardeluwar,
Yangar,
Lumboo,
Parmbo,
Marpoyar,
Epobar,
Marhogo,
Kesanga,
Engoomba,
Kakowamah,
Parkar,
Yampenda,
Nemboarkee,
Quardee,
Lemfo,
Forfeetar,
Chombenzo,
Zanzeeta,
Seesar,
Kingsoon,
Kondee,
Simba,
Lookoomba,
Tartee,
Dimbomookoo,
Ebookoo,
Sekeki,
Barkarsunbah,
Manabongo,
Endembo,
Kinpocatah,
Kingolah,
Kebah,
Marsavoo,
Imvangee,
Polah,
Enjewenkoo,
Insaenda,
Tembah,
Boyemwar,
Fembar,
Mooclar,
Booanger,
Zingar,
Bowar,
Larwoo,
Koendee,
Ezarnah,
Barmonah,
Yahwo,
Wooso,
Cofee,
Ahkorlor,
Krochey,
Darkah,
Yow,
Borday,
Kojoe,
Barsevey,
Egah,
Kojoe,
Wooso,
Ekor,
Cormenah,
Esseh,
Iye,
Egomatah,
Fory,
Fory,
Diye,
Marto,
Tehteh,
Barmoy,
Ide,
Quarkoo,
Quasy,
Itay,
Yarkah,
Chiquehne,
Mensah,
Quarshy,
Yarwo,
Tehteh,
Quarminy,
Quarminy,
Karchiday,
Akoochey,
Tyno,
Edome,
Cofee,
Tehteh,
Cyteh,
Corjoe,
Cornu,
Tehteh,
Quarshy,
Alyoho,
Croseh,
Corminah,
Yarwo,
Dobeh,
Corjo,
Qarho,
Tiko,
Quashie,
Aquarshie,
Yarho,
Cofee,
Quarmi,
Maso,
Cruseh,
Dahwar,
Foresah,
Fatay,
Ahbhabian,
Conubhay,
Gedeh,
Abasin,
Korjo,
Akroo,
Acheh,
Korjor,
Corjoe,
Solamar,
Corjoe,
Bearnu,
Marmah,
Ojoe,
Iyedo,
Atoobaday,
Atoallow,
Achor,
Docoo,
Yarme,
Corminah,
Anchoo,
Inzee,
Iegah,
Quashie,
Akoye,
Tya,
Quorkoo,
Dagee,
Quarmine,
Corjoe,
Quashie,
Mortah,
Corjoe,
Fearfunu,
Abho,
Asibah,
Corminah,
Akro,
Quarmin,
Arquanu,
Jojoe,
Corminah,
Ado,
Coffe,
Coffe,
Ophoko,
Artam,
Degueh,
Onte,
Jesse,
Yamfor,
Forie,
Ghusawar,
Sarso,
Ahjie,
Ardoon,
Forie,
Numarpoo,
Parwinday,
Eday,
Coffe,
Crusa,
Bargee,
Ecoro,
Forie,
Arbouyah,
Earwo,
Forie,
Corminah,
Marquahja,
Morteh,
Quarmin,
Defan,
Quarkoo,
Ebre,
Quarkoo,
Okoloo,
Sapon,
Arjava,
Akoroo,
Tehteh,
Cofesey,
Patasey,
Asey,
Quashie,
Quashie,
Akoroo,
Asey,
Quarnu,
Morteh,
Abevo,
Coffe,
Cotokoo,
Noae,
Quarkoo,
Corjoe,
Morteh,
Quarmin,
Asanna,
Mammer,
Mammer,
Yarwo,
Ahjie,
Corjoe,
Adatornu,
Quashie,
Avo,
Asamershie,
Allibo,
Yarbah,
Torshu,
Asuchodoo,
Bromurton,
Affium,
Akroo,
Yamyee,
Syboo,
Quashie,
Quarkoo,
Corjoe,
Krooche,
Atojoro,
Corjoe,
Area,
Sacka,
Abho,
Coffe,
Ocotoe,
Brimar,
Tranu,
Agur,
Marmoda,
Quarmina,
Dearboo,
Yawo,
Sundalacoffe,
Mose,
Akroo,
Asoo,
Akar,
Mosee,
Corjoe,
Corjoe,
Quashie,
Corjoe,
Boyeva,
Abrawar,
Sarwose,
Kooarmenu,
Korcur,
Affia,
Gensy,
Affia,
Bortor,
Ahjuar,
Adamar,
Yartorsada,
Weahtar,
Dargerawar,
Ibah,
Deymanaqueh,
Ahjubah,
Osome,
Anamuah,
Torwaday,
Arubar,
Dahdah,
Fatmer,
Alay,
Ahdeyba,
Moraro,
Ahjie,
Abaleh,
Abeatar,
Ajuah,
Adoe,
Acorouba,
Ariovo,
Corkor,
Deyda,
Olaybar,
Arfibar,
Senermeh,
Corkor,
Toro,
Toro,
Doahpa,
Akado,
Yarquah,
Lamala,
Deyda,
Yarsana,
Cosee,
Ajubah,
Appala,
Asar,
Yarwabha,
Yargah,
Abbra,
Abrawar,
Quorsebah,
Abranee,
Domulor,
Alleka,
Marjasee,
Odenta,
Semermeh,
Domingo,
Domingo,
Quashie,
Tateah,
Beawoo,
Bocor,
Achar,
Colebo,
Abachuro,
Awosu,
Asey,
Dorteh,
Quarkoo,
Beccor,
Padrew,
Carlaw,
Zebele,
Quashie,
Ojoe,
Kumarbhy,
Iamakoo,
Agay,
Shador,
Yarmeh,
Sarpeh,
Akroo,
Adava,
Koobe,
Kamayah,
Koomorge,
Megave,
Assue,
Folie,
Sesseh,
Gargay,
Dekay,
Sessey,
Attah,
Adama,
Quarmie,
Asantay,
Quashie,
Olo,
Dobhor,
Mensah,
Joe,
Akroo,
Edowo,
Arbeartar,
Marwose,
Dabe,
Arpamar,
Phisiana,
Moeday,
Amar,
Arquiabah,
Niequah,
Iubah,
Iagar,
Egboah,
Arjubah,
Duway,
Chomase,
Aquar,
Ohoopondoo,
Ogoomocoo,
Hyena,
Arboyece,
Sesargemee,
Omonua,
Farginar,
Tio,
Odesinna,
Aga,
Archo,
Honjanukong,
Ardodara,
Anre,
Ogonya,
Banbara,
Matinaway,
Farsola,
Owogaya,
Orusepo,
Marneyapa,
Oyayame,
Daju,
Farame,
Bola,
Farmolote,
Ardajorka,
Ebajar,
Ahyamoda,
Ahyearlah,
Odoocoyar,
Couton,
Farmaikoo,
Bomolahla,
Akelapah,
Ogobameloo,
Ogoparrane,
Agolalue,
Farparlar,
Goboson,
Deriquez,
Hander,
Soanger,
Marl,
Quinuey,
Carcinder,
Mornah,
Cabonda,
Macome,
Ioye,
Catombe,
Gombah,
Gongah,
Carbonda,
Bombah,
Bombah,
Carhomba,
Captanga,
Kardongah,
Sequeh,
Mondah,
Nondah,
Narmarah,
Moysawah,
Gangee,
Kangah,
Gongah,
Carmocomee,
Carwosee,
Carvera,
Olarke,
Tomandara,
Mahonga,
Domingo,
Yarmacarte,
Pongere,
Brobarde,
Iambah,
Antonie,
Secoo,
Separdonga,
Endarke,
Pranga,
Yarmahonde,
Cartoe,
Quarjomah,
Sovaro,
Keoanga,
Kepary,
Horsa,
Terana,
Kesanga,
Tomase,
Catombah,
Kende,
Iambah,
Carfugeh,
Deraqueh,
Bange,
Manoel,
Carvembeh,
Cartombah,
Carvemdah,
Iango,
Carmorango,
Bange,
Carrah,
Tarbah,
Iowah,
Sesanga,
Cartavah,
Domingo,
Dalah,
Serralon,
Quillibangah,
Carlonga,
Marluke,
Zindah,
Celombo,
Karhanga,
Darlo,
Chedombo,
Iambah,
Dodowarlo,
Warmbo,
Cargombah,
Cargroun,
Joaque,
Gando,
Segamomah,
Juan,
Kapanda,
Momah,
Kelombo,
Oyanga,
Waylania,
Etombah,
Chekah,
Kepoh,
Engoleh,
Sangalah,
Joaque,
Marler,
Gayeh,
Nanah,
Carsangeh,
Kelombo,
Kanga,
Noombah,
Kalombo,
Carbonda,
Zingar,
Antonie,
Weboh,
Cartombo,
Nolent,
Gayeh,
Bimbee,
Warah,
Sartee,
Louisa,
Barjah,
Karbonda,
Antonie,
Sambah,
Vonsee,
Luander,
Pingah,
Dayah,
Karcinda,
Toocoolo,
Capatango,
Sambah,
Loangah,
Mabebee,
Carbonda,
Narnah,
Macongah,
Narmooche,
Driver,
Namborah,
Deyhembah,
Kongah,
Carbondah,
Sangarah,
Kandalah,
Carpartoe,
Gaveh,
Kesendeh,
Gaveh,
Selombo,
Yarmodarah,
Antoma,
Moneyeh,
Cartombeh,
Kango,
Chenah,
Kepenga,
Kandear,
Karpolah,
Marluke,
Karbonda,
Kajarlah,
Jumbah,
Kelombah,
Maryonga,
Naracooyeh,
Yarbah,
Kesarko,
Kesanga,
Selombo,
Karbonda,
Gaveh,
Chelemba,
Maryuke,
Chearpah,
Kelombo,
Doveh,
Trirah,
Iambah,
Bonge,
Karhogo,
Quazar,
Fombah,
Bimmee,
Cartone,
Marlondah,
Chebondah,
Marmoteh,
Kepoh,
Kesongo,
Carfogah,
Kango,
Jarlah,
Corombeh,
Cartombeh,
Kanga,
Vongee,
Moana,
Bombah,
Dobonga,
Gongah,
Eboner,
Carnonga,
Seeca,
Catomba,
Gongah,
Catombee,
Calombe,
Marsonda,
Gardar,
Carhomba,
Golah,
Chebandah,
Monda,
Carpoee,
Gongah,
Pochoe,
Carlanga,
Chegaway,
Benche,
Arsoe,
Kabonda,
Gongah,
Borteh,
Gongah,
Gongah,
Gonbah,
Sartombah,
Manoel,
Darlah,
Kehanda,
Gengeh,
Carcombah,
Carbenda,
Karbase,
Carjogah,
Pongah,
Catombah,
Bango,
Bango,
Dranbah,
Dongah,
Bango,
Karbonda,
Sufundar,
Darlah,
Oangah,
Carbondah,
Carchelah,
Ocair,
Chambah,
Chependo,
Carsinda,
Engolah,
Carsambah,
Carpango,
Bongo,
Cartamba,
Moinar,
Seawar,
Chebonda,
Carsingah,
Chebonda,
Carbombah,
Gongee,
Marbonda,
Cartambah,
Kelonsaz,
Catombah,
Cartomblah,
Ketoco,
Cartaro,
Kepopee,
Eharyee,
Benzah,
Marea,
Zambah,
Yarah,
Carchea,
Dobindah,
Carsombah,
Carbendo,
Cana,
Pembah,
Carsombah,
Carlonga,
Poreveh,
Belinga,
Wembo,
Bombah,
Carsanah,
Jumbah,
Bonda,
Carsonda,
Carmea,
Cartomba,
Barkar,
Karmarne,
Keseh,
Dembah,
Chenongo,
Narcongo,
Angola,
Gotah,
Carmoyanda,
Mehanzar,
Moyeh,
Carpesinge,
Mahonga,
Cargon,
Carhombah,
Caryenge,
Marea,
Cartombah,
Cartombah,
Marsanga,
Carterina,
Cheroe,
Carbenda,
Corjar,
Zambah,
Carnimbo,
Mesar,
Geveh,
Cevelah,
Stoker,
Carte,
Choana,
Jumbah,
Chavanga,
Chevenah,
Carben,
Dombah,
Boanga,
Ketak,
Maryoar,
Tombah,
Bimbee,
Marsonga,
Marmbah,
Yarnah,
Marhambah,
Engoe,
Chekola,
Mardona,
Tarpe,
Osingar,
Tariar,
Touar,
Taiour,
Dembah,
Karfah,
Combah,
Kilombo,
Masanga,
Dociar,
Chenargan,
Karolenar,
Ketolar,
Bolar,
Peter Blanco,
Genar,
Tuahjim,
Fah,
Joe,
Tuah,
Tom,
Condoe,
Yorfonee,
Gapar,
Paryangah,
Kalarwee,
Debrah,
Jango,
Parhorpa,
Nomar,
Myar,
Jarwoojar,
Fardoobar,
Myar,
Gaibor,
Carmena,
Mendama,
Mendama,
Sarbah,
Gayoe,
Seree,
Besamar,
Tambah,
Farsonah,
Far,
Kendah,
Rubee,
Bulama,
Zoloo,
Bargua,
Farwarsar,
Myar,
Marboah,
Garwo,
Far,
Joe,
Benna,
Bondoe,
Fang,
Doolar,
Charmea,
Mangro,
Awoodar,
Combah,
Goarjar,
Moangoe,
Dorhoowor,
Carwooleh,
Yogang,
Coyandae,
Doagenar,
Gooragae,
Gooago,
Tanyanqua,
Carnary,
Myar,
Bandabo,
Pandeh,
Corree,
Wooago,
Pardeh,
Alubah,
Carbejar,
Caooloe,
Pandeh,
Myar,
Goboa,
Condomor,
Iangar,
Narpee,
Farkamar,
Varmah,
Barco,
William,
Gawar,
Bannah,
Tarbah,
Temoe,
Gobie,
Jara,
Jemou,
Barrar,
Bannah,
Hye,
Cobeh,
Goangeh,
Babereh,
Mamodoo,
Fang,
Kanray,
Bocaree,
Mojangar,
Soweh,
Goang,
Fang,
Gawar,
Coyanda,
Sesae,
Jarbow,
Barlah,
John,
Jarah,
Belowin,
I angah,
Yanbawar,
Salo,
Marmar,
Cai,
Sarge,
Dowjar,
Die,
Kore,
Nombeh,
Payweh,
Kisomah,
Gawah,
Bacorah,
Bannah,
Zowoo,
Kie,
Tofee,
Valee,
Gawah,
Samo,
Samo,
Condiera,
Bar,
Morebar,
Bannah,
Sarke,
Warne,
Coree,
Karjon,
Coree,
Yarne,
Gabah,
Carbah,
Quarmah,
Pawah,
Coyandah,
Biemah,
Joe,
Bangah,
Goreh,
Tarow,
Lendeh,
Carsambah,
Marwolee,
Tambor,
Kafaw,
Kafaw,
Carfoe,
Farmomyar,
Panjar,
Sartia,
Goomah,
Baryiar,
Bango,
Banjar,
Lengeh,
Garleu,
Chedar,
Cafeh,
Buoy,
Charmalu,
Negar,
Zoe,
Cafaw,
Negar,
Goy,
Garlow,
Lefere,
Volemar,
Buoy,
Farqueh,
Lefere,
Quayar,
Bayear,
Gangoe,
Nancy,
Tarlo,
Dama,
Poparta,
Parminar,
Buoy,
Sarte,
Gomah,
Gomah,
Sartier,
Pindah,
Fartah,
Gorah,
Yebeh,
Buoy,
Sogonah,
Falah,
Bongoh,
Farbar,
Quaguay,
Garmar,
Marjemor,
Gawar,
Woneo,
Garlah,
Joe,
Gearwar,
Borea,
Corree,
Dorboh,
Bondinar,
Bannah,
Seree,
Coree,
Bolah,
Conocai,
Coree,
Salo,
Sornee,
Coree,
Barlah,
Tearmar,
Conear,
Sesa,
Sarlo,
Sornee,
Carwarnee,
Fang,
Coorya,
Carnoameh,
Marchea,
Palar,
Sabae,
Kisamoe,
Wobangar,
Kie,
Farkar,
Manarne,
Kikie,
Correcaryee,
Camae,
Tomboe,
Careonday,
Gawar,
Sar,
Fodangar,
Suarwar,
Dorbor,
Barp,
Fabae,
Fabae,
Bear,
Myar,
Myar,
Corbee,
Tambah,
Buoue,
Buoue,
Zolue,
Yarbay,
Kie,
Convay,
Sarrow,
Darpee,
Myar,
Candah,
Bangay,
Farlar,
Kandeh,
Borbor,
Borbor,
Carwomee,
Formah,
Parwoloo,
Corneh,
Gawar,
Barsie,
Joe,
Fameah,
Cormah,
Barge,
Cormah,
Bangah,
Joe,
Pateh,
Gabah,
Jah,
Cheroe,
Fangie,
Coree,
Bareh,
Mort,
Gawah,
Genah,
Tiwor,
Panjar,
Mandabeh,
Buoy,
Lumbeh,
Solo,
Bondo,
Joe,
Negar,
Sando,
Gawar,
Marpalah,
Comah,
Jungar,
Teh,
Buoy,
Joe,
Cornah,
Martelo,
Charsa,
Sorn,
Cornayar,
Marteh,
Doao,
Zoe,
Yamah,
Marjalow,
Buoy,
Markjar,
Cornah,
Markne,
Tiwor,
Yarvar,
Marwolo,
Yemah,
Yancoe,
Buoy,
Buoyeton,
Mangobah,
Myar,
Coree,
Gorah,
Sarte,
Olebarday,
Olumaryae,
Ageh,
Alalookeh,
Awotulae,
Tuvoe,
Normiloa,
Boludae,
Ochoe,
Tomewar,
Arotome,
Farrer,
Arwoduloo,
Chorbee,
Ajaie,
Achoe,
Akenee,
Egay,
Olucardae,
Dardar,
Ocuardae,
Arkeneseh,
Oyarkarby,
Sedee,
Mayewobay,
Kearbeh,
Velarkedae,
Hoosue,
Oyadamee,
Omortah,
Ochar,
Charnebee,
Aryanna,
Ibah,
Agurabor,
Ecumapollee,
Fardasokey,
Marharsagamor,
Olupeday,
Ocuofoo,
Kelepor,
Eyamro,
Ojoe,
Okay,
Ogularday,
Ojedakim,
Ocookar,
Ogooninee,
Ogooleyee,
Ogoomarkee,
Ateparlar,
Farlarbocoo,
Onee,
Cfartoolar,
Tiwoe,
Choroor,
Odendae,
Ojoe,
Oche,
Samootoo,
Arkelarloo,
Ardadagee,
Hyena,
Dardar,
Ogooenar,
Arbarsomaye,
Obshu,
Ardabar,
Dowoo,
Dardar,
Armoone,
Arshorfumeyae,
Aredae,
Owotah,
Martinuroeh,
Olarcayeh,
Charbucolar,
Olucobay,
Yelorborlah,
Adaseyar,
Fookar,
Ogooweh,
Yeyah,
Achucarmee,
Ramatoo,
Moleyapae,
Marcheyee,
Rgeronekeh,
Alay,
Damsocoo,
Charsamee,
Aromeheh,
Osuweday,
Moneyapay,
Farbamero,
Suwehmee,
Oyes,
Adanular,
Marlartotoh,
Adoe,
Hyena,
Osoo,
Arlubarkar,
Ojoe,
Sumarnoo,
Agearh,
Fardareh,
Iegay,
Arjie,
Ogoofatee,
Fardarper,
Oyadalay,
Numerio,
Amorea,
Dahdu,
Barkar,
Farlorpeh,
Oepoe,
Ogoo,
Farloosah,
Akelarday,
Dangana,
Osarmenooa,
Bambar,
Adadarbah,
Gambarlsee,
Arsarusee,
Ogoofatemee,
Omolordoo,
Furlupor,
Danganor,
Warmartah,
Oshadarae,
Serekey,
Orayee,
Arbamoitee,
Ardubee,
Larlaryae,
Acooco,
Fargoorae,
Shodendue,
Ochoo,
Argeur,
Omorgedee,
Oyaryebee,
Fardoraee,
Fargolubae,
Arberar,
Doreea,
Bolartewar,
Bayaehomor,
Arbor,
Esoo,
Afootuca,
Arteboro,
Parlotar,
Farguadad,
Margualae,
Arjai,
Arjai,
Ogoomdue,
Fartonerae,
Adeorepeh,
Farmoryee,
Ayalurbae,
Oreetiedia,
Farkolajew,
Adamorae,
Aryagolo,
Olumoyee,
Margolubar,
Awooree,
Armemar,
Cuchoroe,
Argereneca,
Ogutorlar,
Farkearsee,
Moocamby,
Loando,
Rondor,
Jorbangamby,
Jarree,
Byarlor,
Pengeh,
Mocassao,
Lebarsar,
Coombah,
Marbarkar,
Mosungoo,
Yangee,
Boangar,
Barbayee,
Epehbeer,
Bongoh,
Semor,
Emandar,
Moleek,
Bondeh,
Sammo,
Kindarbemley,
Coloe,
Enongoryor,
Wellece,
Engoy,
Jambeh,
Chamebee,
Jargo,
Moelleh,
Bagarroge,
Jambee,
Bongoh,
Bombah,
Engelleh,
Bongoh,
Mosalah,
Balah,
Bellah,
Bongoh,
Marsanday,
Marsangah,
Bongohyee,
Commor,
Dombay,
Pootar,
Sambah,
Yangeh,
Beamarelah,
Aworae,
Kengeh,
Ocoar,
Meesee,
Arsarbombay,
Odando,
Boangar,
Mondah,
Conguay,
Engoy,
Kebeh,
Yongoh,
Mahibee,
Epoomah,
Moogengey,
Pombeh,
Marpoomeh,
Okarlang,
Sambah,
Sarra Kisea,
Sarboo,
Yanah,
Mormordoo,
Mormodoo,
Samtah,
Anjumah,
Balah,
Bekar,
Sarah,
Mormodoo,
Farrah,
Sambah,
Yallah,
Callifah,
Mangah,
Saremah,
Amonoh,
Marmoodo,
Raurah,
Joaree,
Ansumana,
Ballah,
Kesseh,
Bocary,
Jimona,
Lahaie,
Bramah,
Farrah,
Armaree,
Mesah,
Sorie,
Amarah,
Tumarne,
Jegabar,
Moror,
Soboar,
Jadee,
Jar,
Balah,
Coree,
Seerae,
Warah,
Bremah,
Jedee,
Mosah,
Peway,
Mosah,
Jemah,
Barlah,
Subah,
Coree,
Seere,
Forie,
Bartah,
Jean,
Bowolar,
Tobah,
Fabah,
Pebah,
Fabagah,
Cocoe,
Morebah,
Sarah,
Mosah,
Sambah,
Sarrah,
Coree,
Chacolah,
Yarbah,
Morebah,
Jomeree,
Soso,
Bellah,
Califah,
Saboar,
Jarrah,
Marmodoo,
Marmodoo,
Margan,
Sarrah,
Yarro,
Barcaree,
Barcaree,
Tambah,
Sarrah,
Farbocaree,
Barlah,
Marmodoo,
Sambarjumar,
Marmodoo,
Barlah,
Sanee,
Antonie,
Farfue,
Nongah,
Partee,
Mosah,
Farmoru,
Sarrah,
Varsallee,
Seware,
Surrah,
Tumarne,
Bandah,
Carsadee,
Jarrah,
Barrah,
Barrah,
Barrah,
Coloe,
Sara,
Coroe,
Bouya,
Sara,
Sarboo,
Tambah,
Forie,
Corree,
Lambeh,
Marlagah,
Chena,
Harmadee,
Sarrah,
Tambah,
Gevalah,
Gomorah,
Barrah,
Chena,
Massah,
Corree,
Pabeh,
Barlawarnay,
Farsenah,
Eray,
Barrah,
Farbah,
Sambeh,
Sorie,
Lancor,
Corree,
Tambah,
Casadee,
Catah,
Casadee,
Kacodar,
Barguan,
Tamarne,
Marmodoo,
Marmajar,
Barworou,
Weyeh,
Sedegee,
Tubah,
Kacotah,
Corree,
Tumarne,
Yerah,
Saboar,
Tam,
Tambar,
Bocar,
Marmodoo,
Marmodoo,
Sarabone,
Saboar,
Marmodoo,
Tarlah,
Marmodoo,
Sulamane,
Narfar,
Mosah,
Amarah,
Armade,
Mosah,
Corrifah,
Santame,
Bocarree,
Bocarree,
Sarrah,
Saboar,
Corree,
Barlah,
Sulamane,
Dantuma,
Jardah,
Corree,
Sorie,
Mosah,
Bocarre,
Sallah,
Kemeh,
Kemeh,
Yeneh,
Fartumah,
Fartumah,
Fartah,
Keneh,
Jumeh,
Fartumah,
Karneh,
Karneh,
Sera,
Sera,
Carneesa,
Carnesa,
Allemar,
Carmesa,
Nutenna,
Hour,
Kemeh,
Pendeh,
Kemeh,
Fartah,
Hour,
Fartah,
Fartah,
Fartah,
Kemeh,
Sera,
Sera,
Combah,
Mary,
Sala,
Ardamar,
Narmina,
Tener,
Yumar,
Combah,
Temeh,
Fartah,
Malaga,
Fartah,
Fartah,
Barraumar,
Nutenah,
Conoda,
Combah,
Carnee,
Dubiar,
Benee,
Sarrah,
Sarrah,
Ardamar,
Marlada,
Ludiar,
Sallah,
Judelder,
Combah,
Conardey,
Sarrah,
Arsar,
Arlemar,
Fartamar,
Carnay,
Array,
Jenny,
Hour,
Fartah,
Combah,
Fartamar,
Sarwo,
Sarrah,
Pendeh,
Fartah,
Cotah,
Antonie,
Wellinton,
Amonor,
Farbour,
Barlah,
Mosah,
Barlah,
Bramah,
Saboar,
Sude,
Sanulu,
Sorie,
Sedey,
Sedey,
Marmodoo,
Mosah,
Cunsofah,
Sedey,
Tambah,
Jumbah,
Catokar,
Bocarree,
Saboar,
Jansarnee,
Mosah,
Tumarne,
Sarah,
Sarah,
Tambah,
Serah,
Barlah,
Marjain,
Sambah,
Sedeh,
Corie,
Yarrow,
Jartah,
Tumarne,
Farsadee,
Armarah,
Mosah,
Jardah,
Consarvar,
Marmodoo,
Fodeh,
Yarrow,
Sedey,
Darmarnee,
Barlah,
Tumarnee,
Bramar,
Fodey,
Marcam,
Armodoo,
Tumarnee,
Marmodoo,
Fodey,
Coree,
Sedey,
Sera,
Jadasor,
Farbour,
Sedey,
Sambah,
Sondey,
Barlah,
Sarah,
Sambah,
Bocarree,
Cacotah,
Sedeh,
Sedeh,
Mosah,
Marrah,
Sammo,
Sedeh,
Sadoo,
Sarrah,
Jardah,
Sorie,
Lahie,
Saboar,
Califah,
Fodah,
Sambah,
Numareh,
Sedeh,
Sedeh,
Saboar,
Tumarne,
Farteh,
Cambae,
Tambah,
Tambah,
Sarrah,
Mosah,
Semetee,
Combah,
Karmesa,
Numoso,
Fartah,
Senah,
Fartah,
Miyarmo,
Teneh,
Pendeh,
Fodear,
Lesarna,
Fartamah,
Marramar,
Fendeh,
Combah,
Carla,
Fartumatah,
Marfar,
Numosa,
Yenema,
Allemar,
Fartumatar,
Marlador,
Jeanson,
Sera,
Combah,
Fartamar,
Teneh,
Marramar,
Teneh,
Teneh,
Fartah,
Consoufar,
Fartah,
Karney,
Argobler,
Ajai,
Homorway,
Cojoe,
Arquamedae,
Coffee,
Ebor,
Cosuway,
Adep,
Acortomah,
Sarchee,
Acroo,
Seurbo,
Foley,
Larso,
Yarwo,
Jehar,
Cormarlar,
Cormarlar,
Jusee,
Yarkar,
Corsee,
Arbasee,
Ohadovo,
Sessee,
Cocodoco,
Tordorsoo,
Torpordacoo,
Arleh,
Arsunoo,
Carpo,
Dowoo,
Cormma,
Arcuman,
Morteh,
Arcorlee,
Meteway,
Senoo,
Harboe,
Adatee,
Jardae,
Folee,
Ardoo,
Yarwo,
Acroo,
Foe,
Arbokey,
Quashie,
Sarsoo,
Coffee,
Quarmee,
Corjoe,
Woloo,
Corsee,
Quarsee,
Quamu,
Yawoo,
Barporya,
Archar,
Bearwo,
Arparkee,
Torsoo,
Jardae,
Bearcoo,
Sarlee,
Ocro,
Normoryae,
Carpo,
Ateh,
Corjoe,
Arbeanoo,
Aboutee,
Arjarbotemeh,
Folee,
Charwo,
Arboo,
Morvor,
Torhasoo,
Sorehoo,
Feamo,
Sopo,
Arbartanoo,
Arbarloo,
Coffee,
Jarwo,
Janah,
Benoo,
Allee,
Ovar,
Arsar,
Marmar,
Tetevee,
Bargarnar,
Alep,
Arfoe,
Coocoe,
Woloo,
Tatae,
Carwareh,
Carbara,
Bocarie,
Olocutar,
Alastor,
Blewo,
Darpo,
Farvee,
Bocor,
Ardartor,
Dosu,
Bosue,
Bosu,
Aledawoo,
Sar,
Sawee,
Sorsu,
Carpo,
Hoosoo,
Hoodomubo,
Woosu,
Adomu,
Jelocarsee,
Teteh,
Ochupor,
Omardayee,
Hermeh,
Feday,
Sucortor,
Manuel,
Dosarvee,
Ardarnee,
Asumanee,
Marpleh,
Morlao,
Arlomasor,
Arsorbar,
Woloo,
Arbadayee,
Ogordorlar,
Ojoe,
Morboloo,
Sarcodear,
Ocho,
Morloo,
Barbalesar,
Dangamor,
Dowoo,
Aryor,
Oyawor,
Farbaday,
Abemee,
Ocha,
Ogosolor,
Ojoe,
Sarbee,
Aslarsarlee,
Yorkor,
Ilar,
Gooyeear,
Tarparlar,
Omapeh,
Marsor,
Arsumanee,
Barmarlee,
Arjibarwo,
Amuloo,
Cortor,
Archor,
Arjai,
Bargeedee,
Olubalo,
Ojoe,
Lojai,
Amusee,
Marmar,
Quarmin,
Carlordoo,
Kelardor,
Chena,
Chema,
Marmar,
Arreo,
Grumar,
Ardolame,
Argear,
Beawor,
Kelanga,
Kanee,
Jeyha,
Owooso,
Arfenar,
Acheu,
Arjua,
Wejinee,
Corcor,
Arcorsubar,
Ablor,
Chusulobar,
Yarbar,
Arjuar,
Arcubar,
Arblarwar,
Barsar,
Jarfar,
Arcubar,
Yabar,
Arloo,
Barya,
Arharjee,
Coquay,
Oboevee,
Arcor,
Arjuar,
Arboyar,
Bosu,
Otemee,
Calabay,
Dosuna,
Coffee,
Ogubarlae,
Chamber,
Wolu,
Coffee,
Poryorhoo,
Cocodoco,
Ogumee,
Arvocu,
Jecotar,
Artarpar,
Dasu,
Temularcu,
Carpo,
Kroo,
Wolu,
Coffee,
Chorlae,
Jambar,
Ojoe,
Dapor,
Heglo,
Boco,
Dosu,
Dosu,
Corsee,
Tercar,
Corjoe,
Ocudae,
Alealeh,
Denu,
Metapar,
Heglo,
Pordawo,
Dusu,
Bojelenu,
Yemarsu,
Aryenamor,
Harlee,
Arpo,
Bocor,
Aryordae,
Dedoto,
Metafeh,
Apae,
Wosu,
Teteh,
Cacalae,
Arboodoo,
Torbujie,
Heglo,
Lobeyee,
Ojoe,
Daryarmee,
Quarcoo,
Hyena,
Sarvee,
Soryorvee,
Solorjee,
Comue,
Wolu,
Detarmar,
Taryewo,
Cumornu,
Megar,
Mordayor,
Arboroo,
Ardar,
Arsumar,
Bocon,
Karpo,
Hoosee,
Fardea,
Catorsu,
Boevee,
Argoryee,
Dadudu,
Teneh,
Bejorwar,
Boavee,
Sarnu,
Boevee,
Arcuwar,
Howadee,
Day,
Arbarleh,
Separ,
Ardajie,
Auvarbar,
Seguayor,
Darbolar,
Fargee,
Orgarday,
Lusanoo,
Cubay,
Farcarbee,
Gooday,
Olufaway,
Ojoe,
Arkanee,
Farlue,
Motarday,
Rousee,
Ogulumee,
Marma,
Farbuloo,
Ocutar,
Tousha,
Ojoe,
Obodoo,
Marma,
Farsae,
Ojoe,
Arsarla,
Agubalar,
Arkealae,
Alee,
Arbeboo,
Farsoror,
Farbeamee,
Seabar,
Chalotah,
Ladumugee,
Osotoya,
Arbassa,
Dowoo,
Owoneye,
Ardamar,
Arkeseday,
Danganor,
Lobo,
Arbokar,
Osu,
Farboru,
Malaolu,
Osudapeh,
Obabae,
Oyefe,
Farsenar,
Akeyemee,
Dowoo,
Lorie,
Asor,
Arobar,
Marmar,
Ojoe,
Ogufotee,
Larselor,
Odoo,
Farbom,
Farmedae,
Latelor,
Gubie,
Ardubeta,
Adaloju,
Akebalar,
Ojoe,
Osie,
Farcheu,
Farlae,
Arlasee,
Awoshane,
Ogueday,
Arlotee,
Cushee,
Sholuloo,
Adoloju,
Ojoe,
Arusonee,
Arjawee,
Ojoe,
Adaolor,
Gujorbee,
Ocolo,
Dowoo,
Arjai,
Abogunoo,
Okufuo,
Taiwo,
Aworo,
Arlayea,
Toromor,
Mayalae,
Achelor,
Otremee,
Worlar,
Ojoe,
Molarjah,
Oguyee,
Arjar,
Oparlosae,
Ojoe,
Abeboo,
John Baker,
Barrecoo,
Odarlor,
Egaucoo,
Hyena,
Aijai,
Hyena,
Adeloolar,
Aichia,
Tubarday,
Ardahibar,
Alsumekae,
Loreorgea,
Adolomar,
Doiamoitugor,
Marbaronetar,
Osuhae,
Ambouree,
Hyena,
Adoe,
Olesarbee,
Oluketee,
Cheeloa,
Adewardoo,
Alumhee,
Marmer,
Ohai,
Sporbar,
Ojolocoo,
Asang,
Ojorbee,
Arjain,
Ogubanca,
Alamucha,
Beyea,
Archofunca,
Alatoo,
Iyapoluca,
Owoya,
Yapor,
Afuro,
Bamafoo,
Olujubee,
Ochu,
Hyena,
Oyagaday,
Majolabay,
Iyalorla,
Hyena,
Arjesolar,
Lorwor,
Ogubamca,
Famosula,
Amoree,
Aai,
Omoneche,
Ochuwedar,
Olargacoo,
Ochufower,
Hyena,
Olarsamejee,
Hyena,
Jordar,
Onarsada,
Sharfee,
Faboome,
Ketah,
Farcomee,
Charbumolar,
Ajae,
Amajuleh,
Molocoo,
Tiwo,
Farcome,
Edowoo,
Fardorca,
Laurie,
Aruowar,
Omoluta,
Milolaca,
Sargo,
Moyelee,
Morbea,
Ilarbay,
Fartubor,
Farmoloo,
Fartubala,
Fartor,
Hyena,
Ajae,
Adolayae,
Fardorae,
Ochu,
Folarwe,
Farwemor,
Ogubalar,
Olamalar,
Ogutusee,
Fueyolee,
Ocujorca,
Eboloya,
Hyena,
Olufoeaye,
Teneh,
Adaluba,
Ochufumca,
Sharbusolar,
Olarbemeta,
Ochu,
Arera,
Secaleya,
Arsomor,
Olarumeba,
Ocubajo,
Abamenar,
Darcosa,
Arsatoo,
Farjemeca,
Basumowar,
Hyena,
Fartuca,
Conebarba,
Fartuca,
Fartuca,
Farsoya,
Ajorca,
Mugo,
Anamagee,
Apocor,
Maise,
Farcore,
Olomeday,
Adoca,
Dardar,
Dardar,
Aryalannee,
Burojurgoo,
Aieoogee,
Morleka,
Atorpu,
Acherferneka,
Aijai,
Logumar,
Dosumoo,
Ojoe,
Ayonda,
Achosonu,
Faryormee,
Faro,
Marrow,
Marmote,
Morteo,
Fanday,
Ogucayoda,
Arcome,
Cunoo,
Ayelar,
Ochor,
Ochabume,
Afuyoju,
Bayormee,
Camebarwo,
Onee,
Ojoe,
Olesecar,
Iyeday,
Alowoofay,
Olocopor,
Garnee,
Fartugee,
Sargo,
Arnemo,
Farmeratee,
Argeeculoo,
Ogusenar,
Yarlasame,
Micabar,
Palar,
Omorkee,
Farnero,
Danganor,
Ojoe,
Fartusa,
Otor,
Ogudepar,
Ocheyormee,
Farmewoo,
Farwolae,
Ilar,
Sartubae,
Ojoe,
Comornyae,
Obabae,
Ogudae,
Atapalar,
Abagudae,
Barbar,
Tufasha,
Olelortar,
Arketudae,
Fartabae,
Marsaloo,
Barlundo,
Idowoo,
Fartorbee,
Farlanor,
Farsaya,
Alardoi,
Ilalu,
Farnaro,
Agaya,
Ogubamee,
Dumeoya,
Aijai,
Ogubeya,
Omerchao,
Jarmeyor,
Ogoo,
Aijai,
Ederaloo,
Argea,
Alher,
Adowoo,
Macholoe,
Luborbor,
Oluborparpa,
Vochusu,
Alaryeca,
Fartolu,
Molomor,
Odobola,
Fargebe,
Kejorma,
Abesumba,
Ayacumba,
Agumbaembe,
Agumbala,
Lesarbela,
Mololee,
Osafunca,
Fardonca,
Ardaunca,
Arlupoachee,
Ogunciaday,
Arbecola,
Jaryolar,
Allubarba,
Obebe,
Arla,
Yarbe,
Arsubarmeda,
Jowene,
Ajolu,
Tino,
Sango,
Ajaba,
Osumbomee,
Armoyolee,
Farsome,
Alaymbee,
Tino,
Armulala,
Dolalee,
Aneta,
Agungabee,
Cosheba,
Damalanu,
Fartuncha,
Telombee,
Farbomea,
Yarfamee,
Marjarba,
Agunditer,
Dobandomee,
Fartooma,
Mornoro,
Farsola,
Barjormoy,
Abarlee,
Opartomee,
Alisaboo,
Asofumcar,
Arwona,
Argeearbe,
Hesa,
Farnunba,
Adeyeja,
Marbarupa,
Lamee,
Ajaie,
Ariau,
Arocalu,
Fartubalai,
Aijar,
Adyoen,
Aijunmee,
Bambu,
Ogutumbor,
Aroubemee,
Ayajormee,
Ayuyebee,
Afabemee,
Alaga,
Jamesoyee,
Torbormai,
Otatoo,
Tetarloo,
Dardan,
Doranea,
Agayomee,
Caré,
Vetée,
Nialla,
Secuó,
Dobó,
Llabá,
Guengue,
Maquení,
Mano,
Douia,
Faguana,
Batoro,
Ciaca,
Corico,
Condó,
Quallabol,
Faguana,
Gregó,
Faira,
Falondó,
Mazaré,
Batoro,
Quendé,
Care,
Grebó,
Mayá,
Bombó Coré,
Luama,
Boyó,
Baná,
Chandé,
Cambá,
Bana,
Quebé,
Famguó,
Guablé,
Iué,
Gamaúro,
Quambeli,
Famba,
Pindé,
Duaro,
Dambí,
Soró,
Qüeje,
Yebé,
Masabá,
Goñá,
Yongó,
Dí,
Manyá,
Chamanga,
Manguía,
Guayeró,
Manyá,
Sóu,
Nau,
Guima,
Manyá,
Romey,
Cható,
Fáfue,
Guañá,
Yigüere,
Fuangué,
Manyá,
Ñarengá,
Canda,
Mari,
Fimá,
Beli,
Macá,
Febá,
Yabá,
Findá,
Gusá,
Morró,
Fámba,
Bamanyá,
Ñaré,
Faró,
Ñambe-maré,
Ñaré,
Faregando,
Bamá,
Ningá,
Fimó,
Farú,
Guaná,
Maduá,
Bese,
Yaní,
Güerengue,
Sando,
Fangué,
Fan,
Daduá,
Bombó,
Gapású,
Yongorá,
Yziná,
Coro,
Sadiá,
Zumbi,
Guarí,
Sando,
Mary,
Quéfue,
Fan,
Sobe,
Güey,
Duaru,
Seri,
Carea,
Grony,
Ñangá,
Doré,
Core,
Domá,
Durú,
Sery,
Buimy,
Fuara,
Fadá,
Bandá,
Cuary,
Anajá,
Moliá,
Bayá,
Yúa,
Siniguí,
Sesé,
Sesé,
Fara,
Beán,
Baldé,
Pero,
Bosa,
Guary,
Rufá,
Oaní,
Batoro,
Ñacué,
Guegüa,
Bobó,
Cuari,
Megué,
Masá,
Megre,
Guelé,
Bordó,
Bará,
Masá,
Simo,
Siná,
Ñacué,
Tarofué,
Guey,
Caisó,
Caizué,
See,
Bozo,
Esin,
Sesú,
Unsá,
Geví,
Boñó,
Tozú,
Colló,
Bocó,
Apondé,
Bosabi,
Bocó,
Mamá,
Emilé,
Bare,
Magizi,
Boyá,
Dé,
Bosebí,
Boibi,
Boyabé,
Guesé,
Boibí,
Boibí,
Agoibó,
Boibí,
Coibí,
Menazú,
Humé,
Bogueví,
Bollabe,
Ñocué,
Boibí,
Abaré,
Bocosí,
Ajamí,
Boibí,
Allabum,
Doguaré,
Ñogeguí,
Aladasi,
Deé,
Millanana,
Sedomó,
Menoguíre,
Agoibí,
Boibí,
Collabi,
Decé,
Tunsí,
Moyá,
Abare,
Seencó,
Boyabí,
Sein,
Boibí,
Seyá,
Bosabi,
Boguebi,
Musabe,
Bosabí,
Ayé,
Boibí,
Boguebi,
Aniché,
Cumuleo,
Aucú,
Fausí,
Comiri,
Cuasí,
Baqué,
Mafue,
Copué,
Dedé,
Yuale,
Agúfué,
Hablabá,
Boduse,
Adobá,
Hablaba,
Abdú,
Aldulage,
Gaurí,
Argél,
Guarí,
Aisiatú,
Atendá,
Iquilla,
Quimbilé,
Amalá,
Allelocú,
Atió,
Allicobí,
Olló,
Llaú,
Ollecan,
Ochó,
Aquino,
Malalú,
Amuchan,
Aquiodé,
Odulere,
Meton,
Acaní,
Aromacurú,
Olucobi,
Edon,
Allaí,
Cucudi,
Olleumí,
Comaquí,
Ogrobí,
Ogubí,
Allegusí,
Laboló,
Ladin,
Aquenú,
Olloronla,
Otondei,
Fabló,
Gourú,
Getú,
Edon,
Adió,
Edon,
Lamuní,
Olló,
Ochodeque,
Olomo,
Olubo,
Ubadi,
Hogá,
Olubasú,
Cupaquí,
Ologué,
Choruqué,
Lugulé,
Loquití,
Olló,
Aboin,
Seú,
Ochó,
Audufi,
Olló,
Odubambi,
Allaná,
Dipué,
Olló,
Ollo,
Allibiqué,
Luabi,
Odaque,
Aquincho,
Laconu,
Oqueví,
Añana,
Saní,
Dadá,
Obadina,
Fugodí,
Alliboná,
Piledá,
Allugolé,
Tinomi,
Allemó,
Edon,
Eforniquén,
Allaí,
Igué,
Oruquesi,
Adegogú,
Adesúim,
Doú,
Bambí,
Momó,
Llibau,
Segundo,
Bellé,
Foré,
Coré,
Ullá,
Llengá,
Serí,
Dobó,
Llerí,
Lobó,
Nabué,
Cundó,
Dangé,
Fumbé,
Peé,
Farú,
Llaesá,
Llamá,
Boey,
Llongó,
Quebé,
Lombé,
Comé,
Quené,
Corí,
Lluá,
Goré,
Peé,
Boá,
Mayá,
Basi,
Péé,
Llacuá,
Sió,
Samá,
Ñanguá,
Praprá,
Guea,
Lucuá,
Baque,
Coré,
Boqué,
Sísí,
Mabrengo,
Doló,
Bombé,
Coro,
Crituá,
Coró,
Beré,
Quei,
Mala,
Gueguó,
Sengúe,
Fuá,
Lomvá,
Dicua,
Monjé,
Efien,
Ocone,
Elen,
Oló,
Ngó,
Morecá,
Dicongó,
Gó,
Namanguo,
Obasí,
Ecuó,
Ecande,
Ecoy,
Asía,
Guotén,
Atan,
Atan,
Atam,
Atam,
Cunécuné,
Carabá,
Atam,
Carabá,
Ocó,
Ecandel,
Piñan,
Aban,
Urafia,
Uró,
Nangruma,
Apan,
Apavio,
Homó,
Yumá,
Basé,
Ventá,
Ecander,
Ebeca,
Ocua,
Ebó,
Abasé,
Eñon,
Asarí,
Abasé,
Sixe,
Hepí,
Sata,
Atan,
Atan,
Oton,
Báa,
Otaco,
Mollongo,
Guá,
Juané,
Izanquin,
Bané,
Icuerí,
Edin,
Mosquete,
Güeregüé,
Ecotó,
Sané,
Ecoby,
Tába ,
Becan,
Bebé,
Manbé,
Ebandé,
Epandé,
Etán,
Mocobá,
Moreca,
Yáe,
Ycaá,
Yaá,
Pacó,
Mobon,
Don,
Yam,
Guangué,
Neyázar,
Iyó,
Iace,
Gafó,
Bayon,
Ngüí,
Iyó,
Debató,
Mozangó,
Mongó,
Sondó,
Quindane,
Litamfé,
Ayaá,
Ayaá,
Benuá,
Moton,
Opencó,
Yifó,
Gualé,
Dafon,
Difon,
Vaúá,
Difon,
Difon,
Isíllí,
Colé,
Basánga,
Nango,
Difon,
Pancho,
Guanambó,
Gabesé,
Yeé,
Efon,
Deo,
Yacumbo,
Bí,
Banco,
Megú,
Quisongi,
Mozabála,
Bó,
Bábe,
Onuá,
Acuá,
Yará,
Ocon,
Difon,
Ifó,
Difon,
Icon,
Isaá,
Yancon,
Silbá,
Papá,
Baca,
Juánla,
Egutín,
Ñau,
Comelon,
Ñié,
Ñau,
Muno,
Guanbé,
Canagarra,
Den,
Benem,
Atam,
Alem,
Atan,
Nam,
Dapá,
Gobé,
Gonllá,
Bomgó,
Sobé,
Queyá,
Bongo,
Guanfó,
Macá,
Muenga,
Pongó,
Saganá,
Dumacoco,
Lenda,
Huará,
Nojó,
Hebuen,
Fuá,
Yára,
Guancó,
Goble,
Ecueso,
Anchacué,
Oguifer,
Cáfa,
Ñamó,
Croncó,
Cuancó,
Ecuesí,
Ousurí,
Neve,
Aguasí,
Olí,
Equé,
Uriaca,
Llimas,
Fate,
Fuanbó,
Ebetená,
Ugú,
Yeyé,
Ory,
Guadá,
Amiromó,
Anesia,
Pequé,
Guá,
Oguene,
Ofá,
Oguene,
Ojuá,
Ocó,
Meten,
Epó,
Ilen,
Moajama,
Ecosonu,
Mofibí,
Sailimibi,
Olugagué,
Allaí,
Cobolo,
Ebuecumlé,
Echonyú,
Eguebó,
Adella,
Oliboco,
Biocha,
Modele,
Sagunque,
Asetonyé,
Adeaya,
Quequelen,
Euló,
Chaquellú,
Baná,
Fechique,
Ñau,
Uoí,
Tebé,
Ató,
Ollagualé,
Asonlé,
Ebanillocó,
Añana,
Cucoyé,
Olubi,
Ullabi,
Machomo,
Ochó,
Adeta,
Chubuloco,
Alatimica,
Diené,
Oninamo,
Adepolo,
Ochó,
Abione,
Aboni,
Añaná,
Cuedeisí,
Achade,
Sasalid,
Choripe,
Olubadé,
Saloyé,
Fonlá,
Sesimi,
Losumá,
Subaqué,
Cauyé,
Coale,
Alincá,
Ochomodé,
Oechile,
Ayná,
Ogueminí,
Uluquebó,
Jucán,
Cuchamó,
Alade,
Otola,
Atemi,
Pamú,
Abita,
Oruculan,
Alechipé,
Masau,
Oluyán,
Andé,
Arilló,
Lubena,
Abidegu,
Olló,
Seyuba,
Aladé,
Oluami,
Ouló,
Acaré,
Eluolá,
Ladá,
Llocá,
Chugue,
Amuló,
Curoró,
Tetú,
Ololú,
Ouecú,
Olló,
Olló,
Ocobe,
Chotalle,
Deu,
Elló,
Edelam,
Olechú,
Beguí,
Laguí,
Ocho,
Allade,
Oladé,
Ailá,
Abaipé,
Maren,
Ollede,
Odení,
Balade,
Fachina,
Aderey,
Adiró,
Ocumi,
Banula,
Olló,
Olomande,
Dobulú,
Feu,
Chabí,
Olló,
Bambera,
Ollolé,
Alladó,
Allabé,
Ailá,
Usallimi,
Allaní,
Moturí,
Lazamu,
Lubelle,
Doú,
Cocheco,
Ololó,
Donbacú,
Dogo,
Bancolé,
Ochoba,
Abaticú,
Iloau,
Ocubí,
Fabó,
Saló,
Lialoó,
Eguyobi,
Sangodeí,
Eguljobia,
Aquibolú,
Lucabí,
Aquiboy,
Uzuremi,
Abocú,
Aquilade,
Mazacú,
Aballomí,
Odelami,
Adiró,
Fadicué,
Eden,
Allimodu,
Mamé,
Lozumú,
Emayelú,
Aquino,
Nicú,
Abadú,
Echadaré,
Facobí,
Acremú,
Obé,
Ochilé,
Fabí,
Oduguelé,
Alladú,
Econlá,
Adiló,
Lucuyó,
Oso,
Cheilú,
Allaí,
Ainá,
Aurú,
Ololó,
Allaí,
Ulusollí,
Adeoloa,
Aladé,
Aquiguadé,
Adú,
Adetolú,
Volú,
Abubolí,
Chobolue,
Fumebú,
Abá,
Sesú,
Echocó,
Lachulu,
Aquichou,
Chilaba,
Guarurí,
Quensi,
Allobá,
Ochó,
Ocholalé,
Esum,
Aibó,
Jusum,
Loco,
Taní,
Illí,
Folí,
Coneché,
Cofí,
Cofí,
Comi,
Cheche,
Comená,
Edó,
Feté,
Colló,
Edó,
Cofí,
Folí,
Lechá,
Folí,
Sagüé,
Colló,
Mema,
Muaté,
Comi,
Comi,
Lláo,
Banisá,
Epón,
Enaní,
Cuma,
Faqüamañá,
Llalli,
Cofí,
Dubajá,
Fipí,
Dée,
Apeno,
Minaré,
Collé,
Bamé,
Fetí,
Ayeté,
Ñagué,
Amon,
Feté,
Chemó,
Amefó,
Apetí,
Cóu,
Ecrú,
Yáo,
Sese,
Sequá,
Acá,
Cata,
Amechí,
Umaquaquá,
Garí,
Motesé,
Gaté,
Aracon,
Cumuayí,
Colló,
Yoyó,
Bosocú,
Yaja,
Amuyé,
Noche,
Edú,
Cofí,
Seqüé,
Apeñá,
Deboeche,
Eoví,
Apémandá,
Achú,
Cufé,
Lleja,
Batiano,
Yungüe,
Cofí,
Cocu,
Adú,
Teté,
Maté,
Docú,
Forí,
Uayafó,
Manu,
Amobó,
Cosí,
Lláó,
Lláo,
Dén,
Odú,
Llamá,
Feté,
Ayové,
Lláo,
Edú,
Lumó,
Cofí,
Dama,
Meté,
Ableú,
Peté,
Dedé,
Mondolli,
Codocú,
Maosí,
Bueú,
Agüeú,
Yoconu,
Cuyá,
Dolé,
Bó,
Yavá,
Yory,
Aquó,
Llupé,
Pepe,
Unsibi,
Dedé,
Blinoé,
Ñagalle,
Dopé,
Metau,
Cungameno,
Lleranú,
Dedé,
Colló Láon,
Quocumensa,
Cuamefuché,
Colló Prá,
Cufieson,
Cuame uná,
Cuanme esare,
Collosa,
Cuame aponsú,
Cüenu,
Cobrán,
Saon,
Acuama,
Menisan,
Cuasiacum,
Qüeqú,
Cuasí,
Cuame,
Cuenu,
Cobrán,
Cufí,
Cueteacú,
Cuelló sán,
Amuesi,
Afó,
Adobo,
Encansa,
Fabí,
Lláo,
Asendi,
Cuame,
Sechi,
Cofí,
Quagú,
Oforí,
No expreso,
Lláo,
Cuasí,
Amangüá,
Qüeqú,
Sao,
Jure,
Qüesí,
Cuame,
Quapená,
Quapená,
Apú,
Allei,
Qüoqú,
Cufí,
Quayó,
Apeá,
Cofi,
Oorá,
Yáo,
Quaqú,
Ocheré,
Quayó,
Cobrán,
Obén,
Quayó,
Quame,
Apeá,
Cofí,
Alú,
Cuame,
Ocól,
Cuasí,
Cufí,
Cobrán,
Cuanza,
Cuame,
Quayó,
Lláo,
Amuayé,
Quame,
Ollamé,
Ocá,
Lladón,
Apeá,
Cüaó,
Cufi,
Ollamé,
Cobrán,
Llorén,
Feté,
Fori,
Feté,
Aesoru,
Cofí,
Cüalló,
Cufí,
Qüesí,
Cobran,
Cofi,
Fei,
Yao,
Fabrán,
Colló,
Osafo,
Qüeqú,
Bandú,
Odún,
Cüalló,
Coame,
Qüésí,
Qüeqú,
Cuaesón,
Cofí,
Cuáo,
Cobrán,
Quajó,
Cobrán,
Yáo,
Cuanza,
Quayó,
Quayó,
Quao,
Llane,
Benuye,
Cobrán,
Apeá,
Cobrán,
Aduenú,
Cofí,
Llane,
Quayó,
Aboqui,
Qüesí,
Cofí,
Cuame,
Llamuá,
Fachí,
Onipá,
Ocheré,
Qüesi,
Oporí,
Cofí,
Aprá,
Éson,
Maensa,
Cuaó,
Qüaqú,
Cuayó,
Qüesí,
Cobrán,
Quayó,
Apeá,
Quayó,
Qüeqú,
Apeá,
Queyó,
Amate,
Esón,
Llane,
Qüeqú,
Alley,
Oboson,
Quasí,
Cuolló,
Ando,
Cobrán,
Cobrán,
Aínfí,
Cueú,
Qüeqú,
Mintá,
Ainfí,
Marinía,
Qüaqú,
Atán,
Cuame,
Cufí,
Quesí,
Cuame,
Achampol,
Llamuá,
Acumeni,
Quayó,
Qüeqú,
Amasú,
Alenza,
Colló,
Aucamá,
Qüesi,
Colló,
Cobrán,
Aní,
Colló,
Qüesí,
Cuáo,
Cufí,
Quesí,
Cufí,
Ambá,
Atomó,
Atá,
Amba,
Avenagua,
Oesáá,
Amba,
Amba,
Aframa,
Agoá,
Acúa,
Acosuá,
Abragua,
Abragua,
Aesí,
Eqúa,
Ayuá,
Ayuá,
Ayuá,
Efuá,
Ayúa,
Amba,
Aqúa,
Amba,
Afuá,
Aqúa,
Amba,
Llagua,
Aba,
Ayúa,
Afuá,
Ayuá,
Afuá,
Ayuá,
Acosuá,
Acosuá,
Acosuá,
Amba,
Acúa,
Abráóá,
Acúa,
Abráá,
Amba,
Llagua,
Quaqúa,
Bóú,
Atá,
Ecuruma,
Abráá,
Acúa,
Amba,
Amba,
Acúa,
Efuá,
Acúa,
Acosuá,
Acosuá,
Amba,
Anchúá,
Amba,
Ayúá,
Acosuá,
Ayuá,
Ayai,
Aqúa,
Ayúa,
Eqúá,
Cualló,
Cofí,
Cuame,
Cuame,
Oyamé,
Cofí,
Cofí,
Cofí,
Cuasí,
Ocócó,
Cofí,
Donu,
Unyay,
Boyá,
Cosí,
Boyó,
Bricó,
Qüenu,
Obasu,
Usú,
Pono,
Alubá,
Bollovi,
Noí,
Ume,
Cojué,
Mariré,
Aibafá,
Esiqüe,
Ojundé,
Ylanú,
Anicoy,
Dasana,
Dabasabaú,
Cofí,
Majisní,
Arresuma,
Chan,
Bucáe,
Porana,
Goze,
Majame,
Maúo,
Damaúo,
Obobocá,
Chengui,
Maú,
Meneserá,
Galva,
Daburú,
Mama,
Alacerqui,
Abarca,
Delacu,
Abí,
Blaú,
Amosá,
Adelogú,
Labá,
Ataquá,
Bocarre,
Llaú,
Afó,
Mema,
Acono,
Chende,
Agrogú,
Choró,
Bura,
Vangaría,
Lloró,
Abollí,
Llau,
Sama,
Abaló,
Biau,
Banná,
Biau,
Ñóó,
Asama,
Cocó,
Seté,
Asima,
Chedelí,
Chedelí,
Felio,
Sando,
Samba,
Juanchu,
Sandó,
Aqúe,
Achuá,
Baná,
Ñongo,
Isiama,
Ijúbe,
Umpago,
Obo,
Óu,
Apugo,
Ibo,
Igite,
Nibo,
Obajá,
Lopa,
Isíaco,
Oró,
Ugú,
Osó,
Ufumé,
Noqua,
Hujuma,
Haro,
Ogugú,
Agua,
Uqué,
Achená,
Oró,
Achene,
Achaza,
Obo,
Umaura,
Ogá,
Ugrú,
Amare,
Amacoje,
Uso,
Oso,
Ugri,
Humoqüona,
Atá,
Isú,
Ojófó,
Ojojó,
Esique,
Curazo,
Aballá,
Abof,
Amandú,
Unbiri,
Afiála,
Umoso,
Ungru,
Guquá,
Umunanes,
Aballá,
Umudini,
Omunó,
Omóóbe,
Amigüo,
Amibo,
Aballá,
Olé,
Amandube,
Acabo,
Isieca,
Oquá,
Uqüere,
Umuná,
Umudidi,
Umuqüona,
Amandube,
Isíeque,
Amocha,
Apala,
Omoro,
Humoso,
Usaba,
Alique,
Ugua,
Usaba,
Ucume,
Apane,
Águala,
Utrú,
Ojófe,
Ojofia,
Amaba,
Abán,
Amudi,
Undoque,
Haro,
Ungüa,
Ogüó,
Ubele,
Utru,
Acha,
Uguaco,
Abrebá,
Isúlu,
Opí,
Acabé,
Ogue,
Ogue,
Acabe,
Nique,
Uncaloje,
Isiago,
Umujumu,
Isú,
Acabe,
Omochese,
Ótan,
Illilaga,
Otán,
Llócó,
Otán,
Otán,
Otán,
Uró,
Uró,
Uró,
Atin,
Apáse,
Eturó,
Ecion,
Iñán,
Ariáá,
Humó,
Ungüe,
Ariáá,
Iñán,
Ariáá,
Anambe,
Undoque,
Abó,
Abó,
Huesoque,
Onojó,
Libo,
Eque,
Gitoval,
Ocá,
Osoqüó,
Acoijo,
Acó,
Amandua,
Ijube,
Ijara,
Iñi,
Usama,
Libo,
Homogo,
Igioma,
Haro,
Humgunú,
Umuaco,
Ododá,
Amucú,
Amüiche,
Nogo,
Ibubú,
Unquó,
Orodú,
Oból,
Bón,
Adaci,
Abacha,
Abo,
Ache,
Socuó,
Adaci,
Nero,
Muleje,
Ocá,
Amiche,
Úngodo,
Isiaquo,
Muleje,
Obo,
Amiche,
Ugüeme,
Noqua,
Ibo,
Mudoca,
Umauzo,
Ocüo,
Bala,
Amanduzu,
Ungüe,
Isiaco,
Isiaco,
Lofullá,
Cuqué,
Homóbo,
Humbón,
Ocá,
Ibo,
Igiára,
Ugoba,
Unona,
Olloroto,
Aballa,
Umoña,
Oto,
Isopo,
Úbaja,
Usaába,
Acó,
Elugüeque,
Unona,
Líbo,
Ocollá,
Ache,
Noqüa,
Ache,
Nojia,
Isióche,
Oba,
Agua,
Ijube,
Oyóroto,
Oyóroto,
Osará,
Limo,
Amodá,
Iñi,
Acó,
Isiaco,
Acúgo,
Oto,
Libo,
Iñi,
Upo,
Obedo,
Libo,
Aqüo,
Isiaco,
Aqüo,
Lofullá,
Ache,
Oje,
No expresó,
Humogimá,
Llaba,
Humogimá,
Ocudó,
Inceréu,
Mugumá,
Epima,
Oso,
Ocudó,
Humudí,
Crollí,
Mubele,
Mugimá,
Ipén,
Humogara,
Ecuri,
Oso,
Homocabe,
Ocú,
Hunqueré,
Amoso,
Ugri,
Umoqüora,
Umocrá,
Umuago,
Achare,
Unsó,
Humunía,
Esudó,
Agiana,
Obama,
Oquá,
Hunucesala,
Amoso,
Obiojono,
Humocabe,
Agüo,
Eqüe,
Ubofia,
Amotó,
Húmúnóno,
Eqüe,
Humumá,
Amucí,
Homomá,
Umoco,
Amaraco,
Unsuadia,
Obogia,
Amoguáco,
Ecumazo,
Oso,
Aguo,
Umudin,
Obogo,
Muésal,
Amollibo,
Abof,
Ubane,
Amimo,
Afalla,
Udó,
Eciála,
Eqüe,
Aballá,
Eqüe,
Agüo,
Oqüe,
Amibo,
Acuete,
Humbáma,
Oso,
Oso,
Varén,
Umbiezi,
Oso,
Moti,
Amimo,
Obou,
Incerén,
Incerén,
Eqüe,
Ojojó,
Oqüe,
Agüo,
Agüo,
Umobón,
Umobón,
Aballá,
Unserén,
Ezumaso,
Ecunaso,
Umoque,
Afáe,
Umulolo,
Umobón,
Umoje,
Isú,
Abofe,
Aballá,
Orodó,
Humomá,
Eqüe,
Eque,
Ugrí,
Aballá,
Atá,
Ipén,
Amorá,
Angana,
Eqüele,
Umololo,
Umudimi,
Orodu,
Atá,
Onochá,
Ogüere,
Ojó,
Muesál,
Oqüe,
Ocudó,
Aballá,
Aqüo,
Atá,
Amade,
Iqüere,
Aloá,
Aguaxa,
Mundele,
Umaqüo,
Orota,
Orota,
Orota,
Omoma,
Oso,
Oroto,
Urata,
Oroto,
Umunéle,
Onguá,
Ungua,
Ungua,
Utru,
Obogo,
Mulecu,
Unguá,
Undoque,
Vendo,
Unguá,
Ungua,
Iten,
Haro,
Haro,
Utru,
Utrú,
Amaba,
Unpró,
Vende,
Iten,
Ajafia,
Ojofi,
Ojofi,
Ungua,
Itén,
Noña,
Iseque,
Tafia,
Ojofe,
Idá,
Acone,
Vende,
Vendo,
Undoque,
Obedó,
Otui,
Abán,
Humane,
Igite,
Vena,
Ibéc,
Ojójó,
Guacole,
Aban,
Azumini,
Haro,
Ibeco,
Unporo,
Amueque,
Ugüa,
Ugüeque,
Vendo,
Dabeú,
Egara,
Lengue,
Lique,
Boca,
Azá,
Isiaco,
Onochá,
Onochá,
Obedo,
Omochá,
Equede,
Negüe,
Lude,
Oje,
Oquato,
Ogo,
Oje,
Afá,
Apugo,
Negüe,
Amágo,
Afa,
Ubru,
Aballá,
Isiaco,
Ogo,
Úáca,
Aballa,
Isiaqo,
Umududu,
Obunofia,
Aballa,
Oquete,
Aquere,
Isú,
Aballá,
Otán,
Otán,
Llilaga,
Otán,
Otán,
Otan,
Otan,
Eté,
Quecande,
Udó,
Apán,
Uró,
Pabio,
Inán,
Umore,
Umó,
Apane,
Apane,
Ubón,
Efá,
Uróipo,
Iqüe,
Abón,
Itiat,
Umón,
Apane,
Créche,
Uró,
Uró,
Afion,
Apane,
Ecione,
Ecione,
Apan,
Iñán,
Irén,
Ecande,
Uró,
Ipónón,
Uró,
Apane,
Apavio,
Icrase,
Ariáá,
Apavio,
Ariáá,
Eció,
Unuía,
Ariaá,
Apán,
Ocrecá,
Calo,
Salofu,
Cabele,
Sallo,
Simini,
Uli,
Dulla,
Bone,
Qulle,
Tone,
Simini,
Mamaro,
Llere,
Sama,
Musa,
Vile,
Mamara,
Sabo,
Chico,
Similí,
Satá,
Llegá,
Qulle,
Mariatu,
Adamá,
Nanlla,
Sirá,
Lluma,
Fenda,
Fatuma,
Mamalisamba,
Ira,
Sara,
Llira,
Llira,
Llira,
Llira,
Sara,
Suri,
Quecuna,
Fabu,
Sabullima,
Quecura,
Boy,
Famoru,
Face,
Cala,
Bilali,
Musa,
Fambá,
Quilá,
Canubaja,
Marbá,
Musa,
Seteguña,
Sara,
Llague,
Guacare,
Llacro,
Codá,
Binario,
Foré,
Fará,
Alalemogolle,
Musa,
Buacare,
Llira,
Mande Paná,
Mamuro,
Bará,
Siriquí,
Moru,
Bande,
Docoú,
Barrá,
Fadua,
Diná,
Mamuso,
Caba,
Beá,
Namogoru,
Foquá,
Llué,
Dacuana,
Cide,
Foquá,
Lluá,
Nagurí,
Nadona,
Sandi,
Sará,
Simini,
Culo,
Llan,
Sabo,
Llangó,
Musá,
Sara,
Cebó,
Lleire,
Sara,
Colla,
Sire,
Nacamá,
Faturmá,
Llumá,
Queme,
Cangó,
Qunbá,
Quemá,
Donafla,
Matí,
Fata,
Ceá,
Malado,
Fene,
Ramata,
Será,
Llató,
No expreso,
Mamaro,
Sibuñuma,
Foré,
Sará,
Bure,
Llan,
Capra,
Llorró,
Pia,
Setqui,
Colí,
Bulla,
Quichi,
Sachian,
Sira,
Ballará,
Bellé,
Nobó,
Mayá,
Guaná,
Venu,
Coli,
Ñengue,
Fore,
Cheví,
Quiaco,
Maya,
Dubagüa,
Bamá,
Basín,
Masá,
Bellé,
Belle,
Cundo,
Goni,
Bá,
Saqüé,
Saca,
Fáu,
Mopli,
Masá,
Megre,
Llama,
Pangue,
Quende,
Siá,
Cabanguei,
Paná,
Alvé,
Já,
Janimé,
Serí,
Fangüó,
Bacú,
Coñamo,
Ba,
Sana,
Dualu,
Ba,
Boa,
Siaca,
Laqüé,
Tomá,
Cobre,
Guebé,
Bombó,
Dama,
Llaúma,
Bony,
Cuci,
Dualu,
Doboul,
Bá,
Cangoni,
Fangagúa,
Capuini,
Landa,
Folú,
Cariguene,
Batro,
Batro,
Llambóa,
Dole,
Sandí,
Duá,
Undó,
Ungoni,
Magona,
Muchá,
Faná,
Faguaná,
Foní,
Fangandaufri,
Fan,
Llanguaguá,
Guañabiri,
Botoá,
Llonu,
Duá,
Fá,
Momozo,
Cogüí,
Quaqúo,
Lluima,
Fón,
Cundó,
Faté,
Miná,
Fá,
Bá,
Vapó,
Baún,
Cotú,
Lloru,
Tomu,
Llalondo,
Giteu,
Famba,
Vandore,
Fole,
Fagrié,
Masá,
Maqué,
Llará,
Fon,
Goni,
Sesé,
Paña,
Sesé,
Frá,
Tamba,
Bain,
Camanllama,
Giteu,
Bombó,
Llará,
Llini,
Sesé,
Llangue,
Llañó,
Mató,
Sadrá,
Fobé,
Belle,
Nenqué,
Mata,
Ioqué,
Llongo,
Fida,
Cumba,
Maquini,
Sadiá,
Guengue,
Llombó,
Quiñé,
Langó,
Quéfué,
Manicá,
Jota,
Fui,
Queñe,
Llopí,
Ñagua,
Belle,
Maba,
Llebe,
Jotá,
Luña,
Mató,
Gulé,
Yo,
Moré,
Sanimené,
Boy,
Llebé,
Llama,
Comusu,
Guengue,
Cuná,
Bé,
Guengue,
Queñe,
Geni,
Cá,
Batro,
Brobondo,
Fiquó,
Fogera,
Quéfué,
Mangoní,
Pombó,
Boya,
Maú,
Fimá,
Faó,
Zumbá,
Calaba,
Queñe,
Yro,
Legui,
Chome,
Gumá,
Llagué,
Yombá,
Queñé,
Findá,
Maeli,
Lliná,
Fimá,
Fumá,
Cañé,
Yú,
Llaré,
Bie,
Bango,
Bandiá,
Ocoloba,
Ocolobá,
Doqué,
Doqué,
Ogú,
Abó,
Amogue,
Ebelebe,
Aballá,
Aballá,
Aballá,
Aballá,
Omoba,
Isiaco,
Ogue,
Otán,
Hijube,
Ibó,
Agro,
Aballe,
Igité,
Aballe,
Ache,
Godo,
Egueme,
Uquaco,
Soco,
Umochi,
Obu,
Ufome,
Obá,
Umola,
Umuaga,
Obodabo,
Aballá,
Achena,
Achena,
Libo,
Alique,
Agró,
Aballá,
Agro,
Mauro,
Ojocú,
Humufo,
Mauro,
Amibo,
Omocuara,
Ibo,
Achará,
Obú,
Acuogo,
Umbosy,
Ibo,
Alocha,
Umusa,
Acún,
Legue,
Achena,
Uncuere,
Umobon,
Umogima,
Ocrumurí,
Uncuere,
Osó,
Osó,
Ocué,
Umolobo,
Umoguá,
Lanca,
Amiguo,
Umuese,
Oso,
Aguó,
Aballá,
Iby,
Yfumá,
Muerdó,
Ocue,
Amibue,
Omoba,
Omoso,
Ifele,
Aballá,
Ocua,
Omobá,
Omonobo,
Obou,
Iñeque,
Aguó,
Osu,
Obou,
Amoso,
Osú,
Allara,
Osu,
Agada,
Atá,
Osu,
Aballá,
Umaguo,
Unfuma,
Onochá,
Huguiry,
Adan,
Omoma,
Obidiaca,
Echeto,
Eché,
Orata,
Buoda,
Otru,
Aban,
Hungua,
Abán,
Abán,
Ocolobá,
Ungua,
Ogoné,
Ocua,
Abán,
Ibecu,
Ungua,
Ibec,
Ibec,
Amui,
Benda,
Eben,
Abán,
Ibeque,
Ofafia,
Ungua,
Vende,
Jafia,
Ungurú,
Ungua,
Ofró,
Venda,
Abam,
Aballa,
Achara,
Otán,
Apá,
Otan,
Obale,
Obane,
Carabay,
Indogue,
Ebema,
Bom,
Aba,
Ubane,
Amoso,
Amuamaraco,
Obama,
Oso,
Umalan,
Ecunaso,
Aguó,
Usa,
Amacoge,
Mumopo,
Osu,
Aballa,
Apá,
Otán,
Otán,
Apá,
Apá,
Apá,
Apá,
Apá,
Apá,
Ubane,
Aparabó,
Apán,
Humó,
Uró,
Udó,
Uró,
Iñán,
Udó,
Udó,
Udó,
Apán,
Eché,
Udó,
Udó,
Udó,
Humó,
Udó,
Udó,
Udó,
Humode,
Eche,
Riá,
Riá,
Huá,
Humó,
Riá,
Riá,
Humá,
Riá,
Riá,
Huá,
Ariá,
Hungua,
No expreso,
Toroun,
Agosu,
Fanguelli,
Achigue,
Abipa,
Esi,
Usa,
Oya,
Yasu,
Dello,
Nagono,
Surubi,
Apose,
Comabi,
Oca,
Ysi,
Boco,
Cacubi,
Dosabi,
Foreñó,
Esi,
Oua,
Ume,
Cosaibi,
Bosebi,
Doboy,
Boibi,
Quento,
Boyabe,
Menetema,
Fase,
Bueibi,
Queno,
Llassú,
Cobrán,
Yá en Cuó,
Casú,
Tequi,
Carabatuntum,
Beté,
Adoló,
Acoté,
Avecí,
Tecué,
Osú,
Cosi,
Acama,
Quembi,
Sandó,
Deboche,
Saby,
Eché,
Amagan,
Dubá,
Amacuó,
Teté,
Baume,
Acuey,
Coní,
Ñirú,
Clopá,
Edá,
Forý,
Crucé,
Foe,
Hechy,
Llogomí,
Bopo,
Cofí,
Romachy,
Tosá,
Comy,
Quenú,
Drache,
Llaja,
Llé,
Comená,
Acú,
Llajá,
Llau,
Acú,
Daqué,
Mesá,
Comicuena,
Acu,
Aechá,
Quenu,
Eda,
Beto,
Batafo,
Uncasa,
Ocuoju,
Cocu,
Cumesi,
Llao,
Cheche,
Cla,
Cosi,
Aeote,
Docu,
Amatonu,
Bisabu,
Cayo,
Fete,
Llao,
Capo,
Oclu,
Abeun,
Surmane,
Yao,
Quao,
Collofi,
Cofi,
Cobran,
Coyo,
Lechu,
Monote,
Govia,
Yoro,
Quesi,
Ba,
Yela,
Face muche,
Ysa,
Afo,
Sabu,
Fete,
Acosiba,
Acuesi,
Coco,
Sari,
Acua,
Ayao,
Obacua,
Llachucle,
Duey,
Do,
Fequere,
Equo,
Efe,
Cosi,
Dede,
Vale,
Belioa,
Yagua,
Agesi,
Ayua,
Cosi,
Moyoare,
Afrae,
Abra,
Mambli,
Faba,
Abra,
Llipina,
Yauga,
Oguse,
Eticu,
Yaba,
Ebo,
Yanga,
Ayan,
Sica,
Braso,
Metau,
Ebo,
Mole,
Acorigua,
Afeña,
Fepesi,
Llangabi,
Cuñigua,
Abran,
Afia,
Dode,
Amba,
Amba,
Acosé,
Ayua,
Acua,
Amba,
Afia,
Fabia,
Bodó,
Mosí,
Asuma,
Cupulu,
Acao,
Ayalucu,
Lagí,
Babadu,
Ocho,
Eyorema,
Paniana,
Asumani,
Yaca,
Abi,
Same,
Sacha,
Sayogode,
Guele,
Arabaraca,
Alimuche,
Cocoroco,
Yuru,
Chau,
Arocua,
Llere,
Yoro,
Ayoroba,
Siñogua,
Sando,
Sando,
Cambe,
Sami,
Chama,
Aqueu,
Ñoa,
Sanfa,
Mandarega,
Sandu,
Dede,
Nangore,
Nasara,
Ayan,
Coco,
Yañe,
Atobrau,
Coaini,
Aufi,
Ausi,
Yao,
Cuame,
Aseale,
Coasi,
Cayo,
Comaná,
Ñacu,
Comana,
Cuesi,
Coasi,
Cobran,
Comana,
Coasi,
Famon,
Llaó,
Mesa,
Sacun,
Ubiereru,
Cuocu,
Obré,
Cao,
Comana,
Comana,
Goate,
Asare,
Cosi,
Comi,
Coyo,
Coayo,
Cofí,
Comana,
Coasi,
Comana,
Cofi,
Coyo,
Coasi,
Quocu,
Cofi,
Aru,
Apia,
Acu,
Coame,
Coyo,
Coame,
Coame,
Coame,
Alemá,
Coame,
Ñame,
Coacu,
Megue,
Coyo,
Cocu,
Fete,
Andu,
Coame,
Sare,
Ocama,
Cosi,
Banti,
Ata,
Collo,
Comaná,
Adú,
Fabia,
Ocu,
Cosi,
Bema,
Entie,
Sicana,
Cousi,
Quocu,
Cocu,
Yao,
Cofi,
Coame,
Cobran,
Coame,
Acua,
Didi,
Ayua,
Ayua,
Peniana,
Yaba,
Beleye,
Sara,
Ayno,
Alloque,
Oqui,
Oyedijé,
Sinani,
Oyo,
Aibimi,
Loa,
Mancole,
Oyo,
Cofi,
Bacumede,
Asuma,
Eguebigue,
Ecuerí,
Ugú,
Odomá,
Ogoné,
Amanambó,
Ugú,
Ocoguese,
Oúnchecué,
Uregue,
Osisí,
Irancé,
Umuná,
Oguechian,
Crigue,
Mesemoné,
Simoferia,
Ocrafó,
Nono,
Ballanó,
Anagodon,
Anando,
Ollamá,
Guaguefí,
Mebro,
Guañochá,
Ajucué,
Oviañoma,
Chigere,
Ambogó,
Asiono,
Obiañogua,
Atocú,
Guangu,
Chicun,
Añadigue,
Endesá,
Udé,
Achosé,
Ibó,
Unchacu,
Oguedí,
Anocá,
Guañuma,
Iregua,
Echoné,
Acochimba,
Amay,
Umachí,
Guacaco,
Bonio,
Vensucú,
Morifella,
Asameré,
Unpavú,
Oñaca,
Ecuenná,
Osú,
Ocró,
Abalobo,
Uguacá,
Ulaco,
Amajundi,
Ibemeaca,
Llamaró,
Ada,
Choguá,
Oñucue,
Guobiera,
Llocu,
Inchetá,
Ancuó,
Enunua,
Ogoró,
Llegué,
Michi,
Chatón,
Mapua,
Dangrá,
Alle,
Dome,
Duno,
Fanene,
Ubé,
Abocá,
Sebama,
Afá,
Afá,
Afá,
Afán,
Afá,
Afá,
Ofrú,
Mamá,
Itiobí,
Afá,
Begue,
Begue,
Buchí,
Buchí,
Inchada,
Iboba,
Mebaga,
Ocacamá,
Ebé,
Acué,
Anomari,
Mabro,
Oriza,
Ecuechí,
Igabó,
Gabó,
Gabó,
Apane,
Ecuí,
Egabó,
Cabá,
Gabán,
Ogú,
Gabó,
Uchoma,
Olá,
Ogrioma,
Oñuguaña,
Acama,
Acolloajo,
Beloan,
Diribogue,
Nellidó,
Amumama,
Cutara,
Obise,
Echepí,
Anagua,
Ebosí,
Itebu,
Ocá,
Bom,
Igrua,
Nalla,
Vancuá,
Abracachobé,
Acué,
Ecuadocú,
Maroru,
Ecabó,
Osumá,
Llala,
Mamo,
Dacogui,
Lule,
Alallí,
Lamy,
Lady,
Muriamo,
Sacué,
Ecué,
Probó,
Fana,
Atelú,
Lafea,
Esim,
Guranuca,
Ocachicú,
Anica,
Lamy,
Agua,
Lollu,
Opán,
Agua,
Lulú,
Mallebi,
Lubandé,
Afité,
Avichen,
Fanabó,
Fetebé,
Fallí,
Idú,
Alipó,
Orcuán,
Emiení,
Latelú,
Dapá,
Emé,
Áño,
Imogo,
Ojucu,
Egaba,
Omadá,
Ollome,
Guenna,
Abogu,
Onose,
Anamoneche,
Cirigue,
Guadico,
Omadá,
Uguene,
Guallerí,
Abó,
Ocoso,
Nogidí,
Muegre,
Guamaco,
Asimone,
Eneboaí,
Frimé,
Chomá,
Oguedenachí,
Gomechiono,
Gomichiono,
Emeja,
Oñata,
Agrichí,
Guañaré,
Acodró,
Aguo,
Aguó,
Guanmachama,
Amorí,
Unemebró,
Ogré,
Ojotó,
Ocán,
Adán,
Adan,
Yjugua,
Yjugua,
Ebem,
Ugú,
Ofá,
Iguló,
Dogó,
Aché,
Uguta,
Uguta,
Ocume,
Oguenumará,
Ocué,
Farcó,
Undoboco,
Onaná,
Acó,
Amusengua,
Oledemá,
Omeaso,
Ingra,
Afá,
Cumebu,
Itó,
Ebilá,
Batá,
Mayogua,
Añibu,
Esigaña,
Lluma,
Dama,
Ñocó,
Lallí,
Dangana,
Malliba,
Mañida,
Urum,
Bamá,
Apá,
Apá,
Apá,
Apá,
Apá,
Apá,
Apá,
Apá,
Apá,
Apá,
No expreso,
Apá,
Apá,
Apá,
Apá,
Álloma,
Ferifé,
Carate,
Bugaganana,
Alalana,
Abubaca,
Majama,
Isenqui,
Quiñumba,
Malungo,
Muele,
Samba,
Balla,
Bueya,
Muamba,
Goma,
Goy,
Musuco,
Mallengue,
Mencico,
Muele,
Ucumo,
Mutunvi,
Goma,
Mocasa,
Bungu,
Diman,
Fita,
Iuga,
Icuanga,
Pene,
Maviala,
Goma,
Pele,
Muanda,
Macaya,
Iceque,
Macaya,
Funvi,
Munguengui,
Buto,
Ucasa,
Quebuisa,
Quebuisa,
Guma,
Bungo,
Goma,
Maquinde,
Maviala,
Curimba,
Goma,
Guinva,
Mota,
Mafungo,
Culungo,
Mafungo,
Tate,
Isienque,
Fane,
Mafungo,
Tate,
Macoso,
Muaye,
Tate,
Muanda,
Muela,
Muela,
Guinvi,
Hungulo,
Luende,
Quicaya,
Mafungo,
Mafungo,
Tate,
Chicaya,
Guimí,
Guiala,
Guenve,
Macoso,
Quisamba,
Baqui,
Guaca,
Chifa,
Madin,
Mabungo,
Samba,
Chicaya,
Quivu,
Macoso,
Samba,
Bumba,
Tate,
Chicaya,
Bisie,
Mafungo,
Tate,
Bucungo,
Bucungo,
Bucungo,
Gona,
Mabungo,
Ungulo,
Llionve,
Saabin,
Buangui,
Mabiala,
Chicaya,
Quenque,
Pembe,
Chinva,
Buanga,
Quichin,
Gombe,
Bembe,
Bembe,
Dombe,
Cinva,
Buanga,
Cumba,
Cundi,
Mutula,
Lombe,
Soco,
Mavicala,
Ginbacala,
Mueli,
Guimi,
Muchinga,
Quisafo,
Senqui,
Quivanga,
Chicula,
Samba,
Mabungo,
Macosa,
Gulu,
Tate,
Fana,
Goma,
Quisonsa,
Puati,
Achicay,
Muto,
Tate,
Luenva,
Mafungu,
Tate,
Malolo,
Luembe,
Sone,
Goma,
Mácoso,
Caya,
Macoso,
Tate,
Línga,
Macoso,
Tate,
Luemba,
Mafungo,
Tate,
Simbache,
Tate,
Gonde,
Mafungo,
Nimi,
Muande,
Isambo,
Quicaya,
Mutuo,
Goma,
Luembe,
Goma,
Chiluembe,
Poba,
Macoso,
Quiende,
Bache,
Goma,
Tate,
Luembe,
Tate,
Luemba,
Chicalle,
Luembe,
Mapacua,
Sone,
Boongo,
Quati,
Quimbenva,
Mambo,
Pembe,
Luembe,
Luemve,
Quisambo,
Mocose,
Fuatí,
Niando,
Tate,
Luemba,
Gofí,
Quimanbo,
Mafungo,
Sambo,
Mafungo,
Guala,
Icalla,
Luemba,
Mafungo,
Tate,
Goma,
Luemba,
Mafungo,
Pambo,
Embullo,
Bache,
Luemba,
Mafungo,
Chicalla,
Tate,
Chicaya,
Pambo,
Goma,
Mafungo,
Quivene,
Misamo,
Goma,
Pamgo,
Pambo,
Mallongo,
Mafungo,
Mafungo,
Mocoso,
Tate,
Puate,
Diele,
Tate,
Quisamba,
Tate,
Pango,
Gombe,
Bumba,
Muanda,
Denbe,
Quivinda,
Mapungo,
Masala,
Bungo,
Bana,
Machin,
Guaca,
Poa,
Machu,
Luquibu,
Gulu,
Isangu,
Gulu,
Angueli,
Bani,
Gulu,
Bani,
Luquibu,
Lanvi,
Visie,
Quifu,
Gulu,
Mucasa,
Mullon,
Gulvi,
Guanve,
Misie,
Goe,
Gulu,
Gulu,
Mise,
Cua,
Mulungo,
Guruvi,
Fula,
Misie,
Misie,
Bita,
Lequivo,
Culia,
Chiva,
Bane,
Chumbo,
Luquibu,
Ipo,
Gulo,
Fo,
Gulo,
Gulu,
Masu,
Muete,
Suhumo,
Maba,
Guaca,
Gulo,
Maba,
Gulo,
Visie,
Machu,
Engulo,
Samba,
Gamba,
Misie,
Gulo,
Chumo,
Gate,
Sanga,
Chengue,
Velo,
Mobenva,
Engulo,
Emgulo,
Samba,
Muansa,
Lundo,
Luguibu,
Chumo,
Chumo,
Magua,
Samba,
Chumo,
Gulo,
Vita,
Quisango,
Bane,
Iguara,
Luquibu,
Mocasa,
Luquibu,
Saes,
Gole,
Muay,
Mapuna,
Gulo,
Bane,
Mota,
Gone,
Guimi,
Goy,
Chiva,
Bene,
Vita,
Vicie,
Machu,
Chumo,
Engulo,
Lubale,
Cua,
Visie,
Gone,
Machu,
Machu,
Chuhumo,
Bane,
Gulo,
Muela,
Aengulo,
Luquibu,
Chufuimo,
Vita,
Gulo,
Senqui,
Yoombe,
Visie,
Muchinga,
Macaya,
Misie,
Cua,
Chema,
Bane,
Chiva,
Sae,
Luquibu,
Chiva,
Luquibu,
Puo,
Guaca,
Chiva,
Gulubi,
Bane,
Gone,
Gulo,
Ipo,
Goy,
Chiva,
Gulo,
Guni,
Samba,
Buquele,
Visie,
Machu,
Misie,
Luquibu,
Quiende,
Vita,
Luquibu,
Puo,
Luquibu,
Gulo,
Buchuca,
Cabulo,
Chuhumo,
Bane,
Puo,
Bane,
Epou,
Bungo,
Saca,
Engulo,
Gibuco,
Saya,
Buchu,
Luquibu,
Malungo,
Guimi,
Macuba,
Luquibu,
Muela,
Gulo,
Vita,
Chiva,
Guaca,
Saya,
Vita,
Guimí,
Gulo,
Gulo,
Gulo,
Lubicu,
Mucasa,
Gulo,
Mucana,
Luquibu,
Vita,
Cuba,
Ipo,
Caburi,
Isaya,
Guaca,
Ipo,
Iguaca,
Pambo,
Luquibu,
Ipo,
Ingulo,
Gulo,
Mocasa,
Guaca,
Gone,
Guaca,
Dembe,
Samba,
Luquiro,
Bane,
Guaca,
Misé,
Mucasa,
Gunlo,
Gulo,
Chumbo,
Seque,
Chuumo,
Gone,
Gulo,
Gulo,
Bani,
Gulo,
Cuba,
Bita,
Majungo,
Gulo,
Luquiri,
Gulo,
Mosao,
Llomi,
Baní,
Gambona,
Bú,
Mutula,
Cumba,
Mafica,
Guanga,
Guanga,
Cumba,
Coy,
Mahambo,
Pemba,
Quisa,
Inseri,
Buna,
Inseri,
Coy,
Inseri,
Gambe,
Mucuale,
Guanga,
Mufuemo,
Gamba,
Bembe,
Llete,
Buna,
Quivinda,
Fono,
Mone,
Buanca,
Mone,
Chimambo,
Muele,
Quiñanga,
Masanja,
Fuca,
Cuen,
Quisafo,
Cori,
Lumuena,
Core,
Buanga,
Bembe,
Pembe,
Buna,
Buna,
Dala,
Mucuala,
Gambe,
Pega,
Buna,
Buenga,
Campane,
Gomba,
Buanga,
Gombe,
Buna,
Gone,
Gone,
Cumba,
Iseri,
Buunva,
Benva,
Ñinga,
Buna,
Masala,
Benve,
Buanga,
Buanga,
Buna,
Valle,
Dala,
Masala,
Benve,
Dure,
Bembe,
Inceri,
Bombe,
Choco,
Buna,
Soca,
Buanga,
Buanga,
Sagua,
Buna,
Penve,
Dongo,
Bachuqui,
Buangua,
Ñanqui,
Choco,
Bombe,
Buna,
Penva,
Cumba,
Cumba,
Dombe,
Cori,
Buna,
Gulu,
Gonve,
Cori,
Penve,
Bona,
Bombe,
Quengue,
Denve,
Chensa,
Gili,
Soco,
Misere,
Cori,
Gonve,
Buna,
Gone,
Engulo,
Choba,
Chiva,
Goy,
Maviala,
Cua,
Chumo,
Goma,
Machu,
Hayagui,
Uruco,
Oso,
Coru,
Motalle,
Uruco,
Notuga,
Meru,
Udunogo,
Oruruci,
Lefogora,
Udocile,
Oyesen,
Chuque,
Urumanbare,
Udumuti,
Uguga,
Lequile,
Cuari,
Deselu,
Chibudo,
Ugulli,
Uduela,
Quivoy,
Bole,
Boreano,
Eguelle,
Egudero,
Samulo,
Moinaco,
Edu,
Ogulle,
Odivi,
Solegui,
Ellenya,
Orobudo,
Mama,
Hoyo,
Lenquen,
Chuericue,
Oromuru,
Ocunogo,
Lebanlo,
Lumuti,
Cole,
Muro,
Lebono,
Levito,
Chorongue,
Falano,
Ugusola,
Ulumoco,
Ububuca,
Ugudelo,
Ugulade,
Aquicho,
Ubenbuye,
Iachuto,
Adubulo,
Lusaga,
Sumate,
Llomia,
Aquinucí,
Quitondi,
Arnari,
Adeloto,
Iso,
Ibule,
Isoquili,
Uluso,
Oyo,
Oyo,
Faduque,
Amuso,
Chogovi,
Ulocho,
Oyo,
Banguisi,
Bono,
Iqui,
Usi,
Babi,
Guvi,
Momo,
Nogue,
Allonvolu,
Quilanbu,
Aquitallo,
Ocho,
Chobayo,
Logue,
Dugu,
Eno,
Mole,
Quisonde,
Quitole,
Cosu,
Iano,
Iamuri,
Burende,
Suyomi,
Ayay,
Viale,
Amodile,
Duville,
Vallelu,
Ullasi,
Lecoyu,
Lumusin,
Dobu,
Faiga,
Ullumulo,
Novia,
Aracolla,
Adulalla,
Mumucemi,
Nolla,
Urichaso,
Fasonya,
Ubunogo,
Asusama,
Udunogo,
Uluga,
Olligueso,
Oramande,
Eno,
Udufuelo,
Acala,
Ulumeo,
Falucí,
Lullano,
Ocusí,
Choria,
Cunaya,
Usín,
Bosú,
Aquojo,
Aque,
Quindó,
Ledome,
Cosú,
Guaraqüé,
Aquió,
Cholo,
Güesú,
Güisú,
Bucá,
Midé,
Chála,
Bocoia,
Dosú,
Eñamacoro,
Bosú,
Queseme,
Bucó,
Dosú,
Duca,
Busu,
Bocó,
Domusa,
Biá,
Jesú,
Cundo,
Bocó,
Quaqú,
Bocoño,
Susú,
Boqüebí,
Cocoe,
Alibó,
Dogüé,
Güevi,
Iesa,
Bal,
Sonbari,
Usomí,
Acolí,
Debué,
Oyó,
Ayémbolú,
Ayuá,
Sailú,
Olindé,
Comolú,
Bellocú,
Atiólá,
Atiliser,
Opogu,
Oyeró,
Oquerimí,
Oyó,
Guadaerú,
Cóle,
Oyó,
Dogú,
Ochó,
Ailequé,
Oyó,
Ladapó,
Ochó,
Oguró,
Orubellu,
Modi,
Olumalí,
Olucadé,
Osesú,
Obé,
Ocola,
Cuculí,
Ayévilli,
Ogullaví,
Somuti,
Odú,
Ochólleve,
Lequelle,
Ogúolú,
Oluché,
Quichóu,
Chovelle,
Pelú,
Oguélé,
Edún,
Oréboré,
Ayaí,
Dogú,
Amapé,
Cusí,
Oyó,
Paboalé,
Edúm,
Oyó,
Adeogú,
Adebo,
Desollé,
Oyó,
Igué,
Faboé,
Ochó,
Yúalé,
Aladé,
Aquiladé,
Ayalá,
Aladó,
Orunamé,
Ayavi,
Edum,
Oyeguó,
Bocú,
Edúm,
Quaburé,
Ochota,
Fondé,
Obó,
Aqueúsé,
Chocólolá,
Ochó,
Oyó,
Ochó,
Aóle,
Uquellevi,
Ayenó,
Aquisollá,
Agonó,
Oyó,
Euló,
Fachoí,
Adeví,
Lusaradá,
Agóle,
Aegolá,
Aviva,
Ayendé,
Fao,
Obayomí,
Alaya,
Bola,
Ochó,
Ayededú,
Adeqüevá,
Ayavi,
Erubilli,
Sanó,
Aquiode,
Aquiolá,
Ocudé,
Ayalá,
Ochó,
Subadé,
Ulloró,
Aýnó,
Sobo,
Igué,
Jailá,
Ogú,
Oguiémoguó,
Aquibolu,
Churumbé,
Vivicón,
Edúm,
Cumaquaí,
Acomún,
Oyololá,
Oquibolú,
Chovandé,
Aladé,
Odobú,
Oluci,
Aguacón,
Vóle,
Oluíellú,
Aladé,
Ogúlelle,
Dogú,
Bambosé,
Aquibé,
Lagudé,
Acoñu,
Llegoló,
Oyó,
Aileso,
Áyala,
Somusti,
Chogulé,
Aladó,
Aladé,
Oyá,
Egolú,
Aribitó,
Laleye,
Oyó,
Oculafú,
Laundí,
Egullovi,
Iguechú,
Olaniyonú,
Aguiadé,
Egluolá,
Alamadé,
Checú,
Cholotón,
Aquinumi,
Oyó,
Oludé,
Vitoye,
Abiono,
Bolumadé,
Ayá,
Aenó,
Ulucino,
Ochí,
Ayevorisa,
Aadé,
Odú,
Nofomo,
Oduoga,
Choyalú,
Aboisade,
Achade,
Oliqueille,
Aylá,
Oyó,
Otayomí,
Ocusono,
Ochó,
Orruton,
Bancolé,
Obayomí,
Cholá,
Ayíví,
Oyecolu,
Adió,
Aquiolú,
Aladé,
Aylá,
Aretí,
Iaví,
Onechisu,
Cunumí,
Coulú,
Odé,
Yevorisa,
Suleye,
Oyó,
Amanilla,
Abati,
Bambosé,
Lobandé,
Mama,
Oyenua,
Somadí,
Edúm,
Oduto,
Edogú,
Aribito,
Edum,
Machoqui,
Lefoteví,
Dogú,
Ogufuavi,
Olimbu,
Dadá,
Asubii,
Fabii,
Ogullenú,
Tabí,
Demagá,
Dogú,
Aenó,
Padipe,
Luche,
Egunllovi,
Ocuninde,
Horayú,
Ayno,
Ilo,
Igne,
Aynó,
Fela,
Ochó,
Ogubí,
Oyecó,
Aquídipe,
Oculí,
Aynó,
Falola,
Ogubí,
Odueicun,
Aquisolla,
Oyó,
Lanilla,
Ogunumi,
Aquiadó,
Oyó,
Aladé,
Lacorum,
Aladé,
Ocundayó,
Felá,
Ucoton,
Ogutade,
Ibodé,
Aquisé,
Ayae,
Oquolá,
Somaqui,
Oyó,
Salacó,
Ochóla,
Locodó,
Lubí,
Ogulalá,
Ochó,
Onochí,
Alecuyonú,
Dogú,
Fallolé,
Iaé,
Cuélé,
Aladé,
Ayanó,
Ique,
Adeville,
Aynó,
Adió,
Olubayí,
Dadá,
Dufora,
Cuareconú,
Alamú,
Aguía,
Aquilato,
Dadá,
Aynó,
Dadá,
Choco,
Oyó,
Oní,
Achade,
Ogudinó,
Adesolú,
Ochocó,
Ogudiqué,
Oyeró,
Ilo,
Anecollia,
Orosolla,
Adevi,
Aquibami,
Alagüé,
Agobolá,
Amorí,
Dogú,
Abiora,
Oyeró,
Cosibi,
Oguolú,
Aquibilé,
Abiodúm,
Allevorisa,
Ayaí,
Aquidé,
Agüelé,
Motún,
Lemileco,
Igné,
Enilé,
Eduvita,
Viteco,
Oduville,
Igue,
Villelú,
Aiéque,
Villango,
Oloyó,
Adegualé,
Adeguala,
Oñúcolá,
Aviola,
Uquánton,
Subladé,
Ayoade,
Yesindé,
Yelemi,
Ayenó,
Sesiló,
Dufóupé,
Odú,
Muladé,
Mulayé,
Faquelle,
Ecusumí,
Desamé,
Fáu,
Odu,
Ayaí,
Fayoqué,
Efuiyomí,
Amaque,
Odumbacú,
Efutadí,
Mafibi,
Epupáno,
Efudipe,
Igue,
Lafemiguá,
Egulloú,
Ogullí,
Avidó,
Mariundia,
Adegüemi,
Barunlá,
Oyeoguadé,
Lanilla,
Chibocú,
Ebuchitó,
Ejuyemí,
Igue,
Bangualá,
Aynó,
Eulomí,
Acono,
Odusolá,
Dadá,
Ecosumi,
Ocunumí,
Aqué,
Fidemoguá,
Ayaí,
Efuñadú,
Ariegüe,
Aquivá,
Aniólá,
Lamoné,
Efullé,
Malirigú,
Eusú,
Macallú,
Sabilli,
Lucubi,
Aysí,
Ayofecú,
Elecundí,
Orubámocó,
Ayílé,
Omiraalli,
Odureco,
Ladimú,
Baulloco,
Oyenille,
Faboqué,
Achacú,
Faro,
Fallelú,
Lagollí,
Laculé,
Eusú,
Mafullú,
Cudelli,
Ballomí,
Mataallo,
Oliquelle,
Fugüo,
Mellegué,
Baquelle,
Viade,
Aquilabi,
Odu,
Omocó,
Fisico,
Jama,
Bucari,
Gotí,
Panda,
Macane,
Mambo,
Iponcia,
Elam,
Ipogo,
Isame,
Nombo,
Eguan,
Can,
Polopo,
Iquana,
Ibom,
Sonda,
Elepi,
Isongo,
Mecancio,
Comé,
Guanví,
Buma,
Icaba,
Yun,
Difa,
Betonde,
Vera,
Ipando,
Songo,
Epanda,
Ipo,
Guan Vili,
Panda,
Eguan,
Guma,
Elupa,
Nanvacio,
Isuma,
Acoma,
Gule,
Vilimpi,
Mavie,
Ipo,
Lampa,
Isumuevo,
Ipanda,
Icuer,
Lungo,
Daba,
Ecume,
Tima,
Ipanda,
Guetendidi,
Tuque,
Lupa,
Megue,
Guanvi,
Guanvi,
Ipepe,
Guanvi,
Guaca,
Isuevo,
Isengue,
Vevi,
Ito,
Bunga,
Ipanlo,
Icango,
Acan,
Epanda,
Muela,
Gam,
Gam,
Ofu,
Llecon,
Sumaco,
Muyabe,
Millon,
Quemada,
Sombe,
Gare,
Iguan,
Cuan,
Sumantua,
Ison,
Ito,
Ebule,
Evo,
Bumen,
Difa,
Uqueli,
Uque,
Difa,
Cor,
Io,
Loqui,
Iso,
Difole,
Iguanvi,
Biloque,
Iguanvi,
Que,
Epanlo,
Manque,
Difa,
Yoka,
Ganco,
Dima,
Quanvi,
Ganco,
Mandaria,
Vende,
Guanvi,
Mona,
Afia,
Dos,
Mayolo,
Difon,
Gueme,
Llamise,
Quere,
Gare,
Ioá,
Ioá,
Ipanda,
Isa,
Seba,
Cubá,
Gule,
Ga,
Difa,
Difa,
Iguane,
Belenba,
Sombue,
Difuonza,
Isan,
Pater,
Gan,
Gan,
Mamale,
Isoma,
Hoque,
Gomo,
Toque,
Ban,
Sebe,
Congo,
Manto,
Ico,
Vele,
Masuca,
Core,
Toque,
Inga,
Yolo,
Pogo,
Ian,
Manto,
Yuyu,
Manebo,
Hoque,
Mato,
Mato,
Go,
Toque,
Mambo,
Mambo,
Llaca,
Pongo,
Maito,
Iso,
Difor,
Sae,
Dongo,
Iquan,
Ñanve,
Ñamese,
Ñamese,
Icambianve,
Guan,
Difone,
Coloó,
Ipongo,
Manda,
Mancole,
Penga,
Singua,
Pongue,
Ponto,
Londie,
Da,
Llameñene,
Lleme,
Dengon,
Sison,
Ecoso,
Apon,
Difo,
Ensan,
Diguisan,
Docuano,
Escoba,
Isobe,
Eton,
Doma,
Ecubina,
Gan,
Loque,
Bombe,
Yibi,
Sobila,
Pacate,
Naruma,
Huma,
Bla,
Gugu,
Elenju,
Mayo,
Doque,
Llaba,
Llobe,
Premeya,
Simandin,
Yeque,
Egue,
Corege,
Ecen,
Quema,
Ipongo,
Munitongo,
Endene,
Sin,
Nogomese,
Maco,
Hoque,
Isole,
Masí,
Llame-Colle,
Iguaje,
Ungomà,
Ocanlló,
Neú,
Aquegüé,
Obosaco,
Taulica,
Ayoca Culove,
Aoncilica,
Unadécia,
Echinaca,
Lemon,
Buelle,
Indocá,
Acamera,
Asacuamaro,
Ebequilia,
Güalaca,
Bà,
Güeque,
Ocolia,
Ebara,
Obrú,
Ibésin,
Oquerore,
Esinuco,
Obolli,
Alioja,
Tama,
Emage,
Emuebia,
Eúna,
Ode,
Ubí,
Ybecüé,
Creque,
Ocuará,
Greca,
Añacó,
Gungüé,
Ocolí,
Guaneque,
Ecubiri,
Opabia,
Quella,
Acando,
Acalajo,
Obilero,
Iqué,
Guambé,
Aleburó,
Ototó,
Imó,
Ocuará,
Limá,
Dovisí,
Durigue,
Elechurù,
Aluchoñe,
Icañaun,
Ocrecre,
Obedece,
Adele,
Oló,
Manechovo,
Esuedo,
Oorafó,
Guadareque,
Erina,
Unadociá,
Dicogo,
Omona,
Matempa,
Abaguí,
Asamuba,
Aumbuyà,
Enduqué,
Naga,
Ocrafo,
Ocronena,
Ococha,
Irosaca,
Ecueque,
Ugunta,
Unadocia,
Chiromá,
Oló,
Nanble,
Aniqüé,
Onuhoja,
Ocorí,
Aguedá,
Onuoge,
Obicó,
Agabito,
Isigua,
Ocorí,
Oñagase,
Olá,
Anocomima,
Ucabú,
Parotó,
Onodroco,
Acuando,
Ago,
Ocrequenta,
Nabó,
Oquene,
Oñerisa,
Oñeriá,
Ilegu,
Onoga,
Iguaya,
Ofam,
Oguele,
Ugueca,
Güacamà,
Bafá,
Isahano,
Gobo,
Ecoubo,
Acomegulosa,
Borí,
Lleviraco,
Omadó,
Outigüè,
Ecüínè,
Bequé,
Emborí,
Bequè,
Ucheuna,
Lolo,
Guañenbá,
Ongobá,
Ogò,
Boria,
Obiraco,
Obara,
Guambó,
Ellim,
Voperé,
Bafua,
Oganza,
Emequerigene,
Osa,
Acoreche,
Bocua,
Oñenaquia,
Etama,
Borí,
Ahí,
Achirina,
Eguafo,
Ucuagò,
Ucuabú,
Eletonja,
Obogo,
Moogu,
Osacamà,
Guangoro Hua,
Güevaguá,
Udé,
Ocaduco,
Otoaco,
Teremono,
Vinboro,
Onacaregue,
Ocuamà,
Oguajucó,
Agiocüa,
Ogamana,
Bocuam,
Güatá,
Cuchecoroma,
Adá,
Beque,
Odomá,
Ocüaco,
Onuyé,
Beque,
Bocua,
Dovisí,
Onguidí,
Ocheunda,
Opabia,
Oboché,
Ebí,
Aleví,
Vogo,
Dagàn,
Dangana,
Vdó Cuó,
Apago,
Apán,
Vdó,
Apàn,
Apan,
Vló,
Mòre,
Apan,
Esié,
Vló,
Vló,
More,
Dofán,
Vló,
Vmo,
Quesum,
Atú,
Vló,
Cantá,
Vmó,
Vló,
Vló,
Apán,
Vmoré,
Ichí,
Vló,
Acaca,
Canta,
Apan,
Vlo,
Apán,
Irío,
Vló,
Apan,
Apan,
Vmore,
Vtim,
Vló,
Emió,
Vló,
Apavio,
Omore,
Ecando,
Apan,
Apan,
Sigua,
Epeño,
Isi,
Apan,
Apan,
Iñauro,
Atip,
Apan,
More,
Oculó,
Paliagà,
Lofia,
Apanachucó,
Apanamaná,
Iñà,
Vló,
Fañà,
Iñà,
Vló,
Apan,
Vló,
Apan,
Apan,
Vdó,
Vdó,
Omovino,
Iña,
Apan,
Vdó,
Vmarà,
Illamade,
Vró,
Apán,
Vro,
Apan,
Apan,
Apan,
Cabio,
Apan,
Muivà,
Apan,
Vpé,
Masabo,
Vdó,
Vmó,
Vló,
Vdó,
Apàn,
Antó,
Omó,
Eché,
Isiundo,
Acuele,
Esiú,
Humó,
Negué,
Và,
Aicien,
Carací,
Engüa,
Aliagà,
Aliaja,
Và,
Iñà,
Ituguípa,
Abó,
Imagué,
Ayelecú,
Ayubelé,
Anyá,
Dale,
Palú,
Agueson,
Apaida,
Futí,
Avití,
Adogà,
Llem Yaca,
Hora,
Osagara,
Ibere,
Allebuchú,
Abayomí,
Llayum,
Elullerí,
Amara,
Oré,
Oneca,
Allena,
Dou,
Vsidí,
Defoibí,
Alim,
Ulló,
Gubí,
Echumadé,
Achindí,
Ebeché,
Allala,
Egullaví,
Guarè,
Maticú,
Alayodí,
Oyó,
Abirucú,
Lasodé,
Pelú,
Oqué,
Donbocú,
Felá,
Allenà,
Ucubí,
Facú,
Laufí,
Adadé,
Allahí,
Lucí,
Gullaví,
Oladé,
Lucilé,
Macolé,
Allahí,
Llaví,
Feripé,
Faú,
Adeolé,
Eluchae,
Abayobé,
Bangarí,
Aquiòdí,
Cutano,
Sepó,
Allecam,
Adá,
Ocolú,
Adió,
Ollú,
Oguru,
Guacaí,
Bola,
Bangolí,
Brusí,
Abiogo,
Aquiyolé,
Allelalá,
Aladí,
Nofi,
Aquibilé,
Ellegudí,
Avirogu,
Ochuro,
Aquibó,
Ainá,
Ollé,
Doo,
Fafú,
Echim,
Fau,
Pauchá,
Chota,
Eguledí,
Eluiellé,
Maladí,
Ericharope,
Ió,
Aquintá,
Cumbalá,
Adadeyú,
Acauntá,
Obularo,
Adeyalú,
Arreú,
Chanú,
Lubacá,
Charé,
Adeolí,
Maidé,
Olló,
Amadú,
Lacili,
Ató,
Yegú,
Maye,
Bancolí,
Acunó,
Changobií,
Adelletá,
Ocá,
Adeyobí,
Allagué,
Achunulay,
Fayú,
Acué,
Allahí,
Allechim,
Bedó,
Gueguelare,
Uchalumucó,
Adubudé,
Egué,
Ellú,
Egué,
Oyó,
Loabí,
Illenecú,
Aqueleú,
Ogunella,
Ayalá,
Abirugo,
Dio,
Dorochin,
Omoniqué,
Malará,
Fabé,
Mofuí,
Olló,
Ollá,
Otuyá,
Chaya,
Ailé,
Desuví,
Aquiapo,
Cuayumí,
Atinalá,
Abagá,
Dadá,
Oeyelé,
Ochotá,
Novilú,
Felá,
Olló,
Duú,
Abé,
Adio,
Odugá,
Onofuabí,
Atialá,
Aquisón,
Mado,
Ollecá,
Lacendí,
Adigú,
Mofalaco,
Aquibelé,
Ocunú,
Odunamí,
Adelacú,
Llodá,
Patina,
Bodea,
Aquimadé,
Oluisí,
Cupolillí,
Aladé,
Aladé,
Eló,
Aduname,
Allaí,
Oribeye,
Brinde,
Abiohí,
Duú,
Aebola,
Obé,
Luebú,
Aquiolá,
Dotimí,
Aladé,
Aquiadé,
Aquisande,
Ainá,
Locudú,
Olló,
Aínó,
Lellecú,
Ulupede,
Allecandá,
Arogué,
Cualá,
Oculó,
Bancolí,
Seudú,
Adezoyé,
Macuai,
Adebulú,
Acaró,
Aqueadé,
Achiloye,
Chooó,
Odellí,
Aquileó,
Cupalú,
Olló,
Chumefú,
Ollé,
Laguayá,
Avicolu,
Ollé,
Ugovi,
Lubaiví,
Ochoso,
Aremú,
Cochea,
Adinallé,
Aqùisanyá,
Olló,
Adechiló,
Lobó,
Mayobe,
Macú,
Alí,
Colé,
Duú,
Aquiolé,
Oyineca,
Ocubabí,
Baniyó,
Olló,
Alí,
Ladé,
Aquinulú,
Colé,
Oyó,
Aquinomí,
Quendé,
Anecú,
Ucuole,
Agullemí,
Adillelí,
Polona,
Salacó,
Fabulú,
Oduta,
Yaó,
Aquiboladé,
Omoladé,
Allahí,
Seedú,
Duù,
Cugúdió,
Maronya,
Ogudió,
Fullavi,
Abilugú,
Olailó,
Odunamí,
Ochoyomí,
Oyó,
Olude,
Bancolé,
Acundaro,
Edú,
Omoché,
Abucuní,
Eselugó,
Allahí,
Oguadé,
Olloya,
Oloculé,
Bancolé,
Allasá,
Yagú,
Nabobuyé,
Nicú,
Fulala,
Oyó,
Ochó,
Lohuocú,
Ocho,
Oqué,
Dogú,
Aconí,
Olubadé,
Adecuné,
Oyó,
Ocho,
Aquiamí,
Aquichiló,
Allíbudo,
Ochola,
Aibisu,
Fabó,
Cuato,
Gutuí,
Oludé,
Ocho,
Bancolé,
Aculasí,
Obuchí,
Llafú,
Bola,
Ocallebó,
Allahí,
Ailá,
Oguolú,
Culimsá,
Ollé,
Fabú,
Oyecambí,
Ladé,
Edú,
Ochocule,
Leedo,
Ocunguí,
Arebeca,
Fangua,
Ollechile,
Uguremí,
Yondá,
Oyó,
Chooco,
Odumelo,
Cubanlló,
Aquiladé,
Grumbí,
Màcu,
Ochó,
Ollerindé,
Aviví,
Olló,
Odeví,
Olañuró,
Olledilla,
Ocolana,
Odutoyo,
Aquiumí,
Ochimande,
Fayomí,
Acholeca,
Bambopà,
Oyó,
Palipe,
Garuba,
Gana,
Adeimica,
Agué,
Cuchoó,
Aviodó,
Condovó,
Aladé,
Amodu,
Aquichumí,
Ideú,
Aquivadé,
Sumefú,
Ladepó,
Dadá,
Ainá,
Igué,
Omocué,
Mamó,
Madaíco,
Otó,
Aquide,
Bambola,
Dadá,
Bamboché,
Ologuocú,
Oyo,
Macú,
Fadeí,
Adechiló,
Fatiumbú,
Odó,
Abiluú,
Ocumumí,
Elufabí,
Adó,
Oyó,
Falloví,
Abiceco,
Bambopá,
Oluqueé,
Aladé,
Aquilulú,
Ochó,
Aladé,
Cellamí,
Aquivaní,
Oyamí,
Aquivamí,
Oguchú,
Ululó,
Aquivú,
Ochadulucú,
Ainó,
Oludé,
Olló,
Olosoutú,
Monudia,
Fenoalá,
Feyolú,
Egú,
Fabolé,
Yesomú,
Ollicolecú,
Ainó,
Lacuá,
Furíadé,
Laleva,
Llellé,
Aniguaco,
Malolá,
Ainà,
Defolu,
Eulomí,
Apuchetó,
Llahí,
Ainó,
Ahofonchequé,
Materizá,
Efuledé,
Abaré,
Madiabé,
Ainó,
Deumique,
Ololló,
Adebegú,
Llimotu,
Allinó,
Caleyaé,
Cumí,
Fazá,
Lachigué,
Vallemí,
Laniyorú,
Ainó,
Machiáve,
Orefumé,
Ainó,
Feneolá,
Onofumí,
Fachina,
Odunamí,
Lleyé,
Edoú,
Efutuono,
Mafí,
Oputopé,
Cuyonú,
Abayomi,
Dadá,
Ambigú,
Afuelú,
Macoyolá,
Amachitó,
Ainó,
Laitó,
Dadá,
Oyubamví,
Lucha,
Alubé,
Miñoa,
Fosú,
Feté,
Ningá,
Meza,
Chañó,
Gumá,
Bé,
Tanguó,
Ñafe,
Temó,
Mayá,
Chelí,
Mamá,
Duaro,
Jaú,
Duaro,
Bougaña,
Baudi,
Socá,
Visamá,
Chuá,
Subó,
Cali,
Guacaré,
Bindi,
Masá,
Bengue,
Caná,
Llará,
Cundó,
Macha,
Ganyua,
Maudequé,
Bulé,
Brá,
Famá,
Jaqua,
Domingo,
Torú,
Siaca,
Lloguo,
Llovuó,
Bacaí,
Faquaná,
You,
Faquaná,
Cori,
Cuara,
Mazá,
Fajá,
Corí,
Sisi,
Camó,
Duolí,
Balá,
Guebó,
Pastel,
Sando,
Cuabé,
Fore,
Dají,
Coné,
Coñó,
Guisí,
Gubé,
Bamá,
Babre,
Fón,
Poni,
Goní,
Baula,
Luaché,
Cogué,
Fama,
Viá,
Falla,
Luambá,
Langó,
Chimbo,
Cuma,
Guengue,
Maudeque,
Ñengüé,
Tafe,
Cholo,
Chaudo,
Gumá,
Bélle,
Fobé,
Taró,
Mauyó,
Ningá,
Fue,
Coná,
Chaba,
Feli,
Feli,
Llevé,
Guengue,
Madeu,
Guibú,
Mauyá,
Llombó,
Qüé,
Gumbá,
Saba,
Bombo,
Majú,
Pocoró,
Sóu,
Bamá,
Queñe,
Cumba,
Mauú,
Guaña,
Llopó,
Lliva,
Pamani,
Ningá,
Llivisa,
Guri,
Chavá,
Fatre,
Ualle,
Vavañá,
Masá,
Ñangae,
Bullimi,
Bató,
Ñangá,
Moro,
Uré,
Mato,
Fima,
Quagina,
Bambá,
Cundó,
Culamá,
Manyó,
Sará,
Temó,
Cundé,
Fandó,
Llombó,
Chaño,
Gumba,
Beló,
Mafi,
Mañe,
Mafe,
Finda,
Llagri,
Ylo,
Mañé,
Chú,
Sulo,
Sul,
Cagui,
Guoni,
Calí,
Duó,
Guiego,
Ullá,
Balá,
Alúsá,
Ocafá,
Paní,
Taté,
Falolá,
Callodé,
Cuduró,
Adiolá,
Lafá,
Vnó,
Abiché,
Aquiloyú,
Ollí,
Vancolé,
Máma,
Defua,
Ailá,
Vellocú,
Abiel,
Ochonuce,
Mobé,
Vlleneca,
Odellimé,
Amaní,
Olichalí,
Olachadé,
Abudo,
Allahí,
Olló,
Adí,
Edú,
Adechitó,
Edú,
Edú,
Achadé,
Ubeillí,
Ochomoyé,
Allibogú,
Adeno,
Olellé,
Cubilé,
Doú,
Adudú,
Lalá,
Dare,
Adota,
Ochó,
Aquibesá,
Adeo,
Llendá,
Vnuyó,
Changuví,
Aquinsí,
Ygned,
Noocú,
Buca,
Adimllí,
Aduname,
Olailó,
Aquimitó,
Afunchó,
Vdochina,
Ocueví,
Ala,
Ochó,
Moniá,
Vonvoché,
Aolé,
Alabí,
Abayomí,
Elucusó,
Edeyó,
Olló,
Ochó,
Faletí,
Osocó,
Atizá,
Aquiamí,
Abeola,
Abó,
Macú,
Acondí,
Anoví,
Fachina,
Cole,
Adeguí,
Ñadá,
Aladé,
Ydoú,
Edú,
Aquichamó,
Vlecá,
Choladé,
Oqué,
Adelligué,
Abrugú,
Quequiré,
Vanguilí,
Olayé,
Abinó,
Odé,
Ogucholú,
Edú,
Adoulí,
Edú,
Aquibei,
Ainó,
Edó,
Olló,
Echade,
Amaino,
Colú,
Aela,
Alade,
Vqué,
Vancolé,
Adisá,
Vlufemí,
Achade,
Fanomgüi,
Ochaví,
Aquiolé,
Doú,
Ainó,
Ayasá,
Aquiolú,
Godovoro,
Vancole,
Adenó,
Adecolá,
Aquiuné,
Oyó,
Ainó,
Ainó,
Echuví,
Aquitó,
Olubavé,
Odichié,
Adunfá,
Ainó,
Allahí,
Olachiví,
Ochó,
Aqueloni,
Fechuví,
Adellamí,
Abinchí,
Ogubí,
Edú,
Etaví,
Falleú,
Allahí,
Atebodé,
Villocú,
Canquí,
Olalú,
Adunta,
Adecuygo,
Iabó,
Adicombí,
Doú,
Adeo,
Allahí,
Oculí,
Oconu,
Aelabí,
Allahí,
Ollo,
Olichayomí,
Oichaví,
Alayomí,
Olledilla,
Olucuedé,
Venu,
Allahi,
Ochaquellé,
Ochaquellé,
Ladequé,
Feichique,
Lapaé,
Acomí,
Famí,
Vdeocú,
Euló,
Odofá,
Ainó,
Ocholemé,
Eulomí,
Allioecú,
Alliví,
Edú,
Ainó,
Defefué,
Aino,
Oqué,
Allepolá,
Aichemí,
Tacó,
Abale,
Anonca,
Allenubí,
Ainó,
Alletovi,
Ochondelo,
Faquellé,
Yéseñó,
Monioqüé,
Latundé,
Omodé,
Moleguá,
Mamefuló,
Alleque,
Aibó,
Otí,
Ocuabodé,
Auví,
Codú,
Biosí,
Lanumí,
Yesende,
Alabá,
Dadá,
Coborolá,
Ainó,
Aguiní,
Ebulé,
Ocumú,
Yenumí,
Modelé,
Amopé,
Ecundayó,
Guayumi,
Veruné,
Cuchesí,
Ainó,
Afuni,
Aicá,
Chamoye,
Ygue,
Efiomi,
Pelù,
Ioriacheo,
Ainó,
Cucolui,
Yferunque,
Allahí,
Amoqué,
Cubolayé,
Echagueno,
Amoqué,
Leyonocú,
Jaminó,
Yacó,
Lardigué,
Dadá,
Acola,
Amachá,
Pelú,
Mayabé,
Oreví,
Echaqueyé,
Aradoyó,
Laucí,
Olleneví,
Dobé,
Tamomó,
Bayomí,
Amoleco,
Omacheví,
Ause,
Eclimé,
Adeyoqué,
Binotomé,
Dadá,
Allahí,
Debecho,
Omobú,
Abedí,
Achacù,
Chaendeve,
Euló,
Dadá,
Malleodumí,
Vnconé,
Aruna,
Elú,
Joseví,
Buyo,
Agüea,
Dosaví,
Soni,
Goma,
Bungu,
Goma,
Goma,
Guaso,
Quínci,
Matumona,
Bele,
Bensa,
Bitasanvi,
Fumonve,
Munché,
Guancay,
Chiva,
Mués,
Fuanche,
Llénda,
Lufuma,
Samba,
Mafungo,
Dulendo,
Quinquela,
Blenfo,
Dibongóma,
Menta,
Sansúnsu,
Pansu,
Mata,
Baya,
Sita,
Singa,
Bitasánvi,
Canga,
Maluáva,
Pansu,
Mampoyá,
Muansa,
Landu,
Sita,
Senga,
Chendá,
Gomá,
Mabungo,
Quiánfu,
Sita,
Muacasi,
Puguta,
Mabumbu,
Donve,
Mabungo,
Guinve,
Quinpucuta,
Banvi,
Quibango,
Fuianvele,
Mabungo,
Mabinga,
Babu,
Mabungo,
Campo,
Malundemá,
Guayeré,
Singa,
Panvu,
Quibango,
Mabinga,
Nangá,
Sagu,
Fuanvá,
Fuanvele,
Fumuanva,
Ycuté,
Mindere,
Fongo,
Sita,
Quióngo,
Singa,
Gomá,
Chasa,
Gonve,
Fumuánvi,
Queriáco,
Chí,
Luinvá,
Bongá,
Sangú,
Sunda,
Chundu,
Goma,
Buya,
Llala,
Muácasa,
Fumuanvé,
Guala,
Mayala,
Benva,
Idinbuque,
Fuanvi,
Fumanvi,
Fumanvi,
Segue,
Fuánda,
Míni,
Tóto,
Pansu,
Paca,
Puguta,
Matári,
Quivaya,
Nimí,
Goma,
Mabinga,
Danva,
Cosó,
Landu,
Sequé,
Guavita,
Pobandonve,
Ibuánvu,
Fuevá,
Manuána,
Iséque,
Benva,
Goma,
Canga,
Sitú,
Mangúlu,
Búcu,
Fumeánve,
Mabungo,
Menogóma,
Mabungo,
Mayala,
Mayolonco,
Gadé,
Gunvá,
Maviála,
Fumuánve,
Nimi,
Maviála,
Pasi,
Manímafíta,
Manchínga,
Uqueúque,
Goma,
Malanda,
Cabango,
Goma,
Impuabú,
Quiála,
Paca,
Socolólo,
Singa,
Mábutimoma,
Benva,
Sita,
Foquiangoro,
Pansu,
Quivá,
Changuende,
Goma,
Icunlondá,
Mayala,
Lenfo,
Químpeni,
Léleca,
Cameza,
Invenza,
Goy,
Goma,
Ilongo,
Isuámi,
Goma,
Insuiquí,
Mafuá,
Moanda,
Maviára,
Isieré,
Inchunvo,
Iuchasa,
Goma,
Guinve,
Benva,
Fusolaná,
Musitebadá,
Sita,
Cóndere,
Musi,
Culumpási,
Danva,
Calámeno,
Goma,
Butí,
Fumba,
Drigonde,
Selo,
Canga,
Mala,
Mucula,
Viá,
Nimó,
Balá,
Abalá,
Sirguí,
Formú,
Bagó,
Mamodo,
Bián,
Caculá,
Güiá,
Chabú,
Quenié,
Fatá,
Tomá,
Lobá,
Fode,
Majá,
Bocay,
Laay,
Chará,
Burama,
Mamodo,
Guana,
Fode,
Donge,
Llatá,
Mamodo,
Yumá,
Chimbe,
Chalufú,
Buyame,
Chará,
Tambá,
Yondia,
Yatí,
Tamba,
Fode,
Damajáu,
Fode,
Chayo,
Yango,
Baná,
Falá,
Boga,
Quelefá,
Sagá,
Bochá,
Tambá,
Lay,
Querombé,
Dánda,
Chara,
Como,
Yatá,
Queté,
Danbory,
Quelefá,
Condó,
Pebí,
Congora,
Lazó,
Poré,
Manyé,
Can,
Cabá,
Querengué,
Masú,
Numó,
Tamba,
Chara,
Majá,
Siré,
Balá,
Satané,
Tambá,
Momóre,
Lledufila,
Cabá,
Cerefú,
Fode,
Chaca,
Cade,
Simá,
Quelefá,
Davi,
Camá,
Guaná,
Lugú,
Cube,
Menquí,
Sará,
Sire,
Fode,
Toláma,
Tubayáve,
Buchu,
Bana,
Bongui,
Moré,
Llamba,
Músa,
Yemí,
Chiú,
Músa,
Písi,
Guaná,
Chayo,
Fode,
Tambá,
Sogo,
Guráme,
Mamodo,
Cabá,
Chío,
Báte,
Quegüila,
Tumane,
Fudí,
Congui,
Yoay,
Mamáro,
Chabo,
Foré,
Sisí,
Búcar,
Jare,
Fode,
Maro,
Godá,
Chiré,
Pay,
Canlú,
Gamóro,
Moviá,
Sabú,
Ulá,
Anemamis,
Sivirí,
Yemí,
Numú,
Famá,
Faguí,
Mamatí,
Gore,
Baycó,
Sumbé,
Yafrá,
Sese,
Guelú,
Fatumá,
Gobó,
Cutú,
Faní,
Sabá,
Tirá,
Gumá,
Bangres,
Comane,
Yagüéy,
Yelí,
Bantú,
Mentú,
Vindá,
Fabá,
Vale,
Camisá,
Buendí,
Tirá,
Dará,
Simbó,
Sirá,
Yelí,
Bariñáma,
Cumba,
Yelí,
Lubá,
Durá,
Satá,
Judis,
Yelí,
Buey,
Puyé,
Boey,
Culipá,
Fatá,
Fuá,
Foró,
Lonemá,
Llombó,
Corá,
Cueyá,
Baindú,
Yelé,
Fné,
Cuñá,
Meneidena,
Finguilé,
Chambá,
Yení,
Bareñuiná,
Sirá,
Fábá,
Yelí,
Sayó,
Gubé,
Yembé,
Gaya,
Dubá,
Liquá,
Gué,
Quenviá,
Mariá,
Simití,
Cumbá,
Güendi,
Yalle,
Cai,
Sayó,
Buey,
Yelí,
Lubá,
Chatá,
Cai,
Mariá,
Fatá,
Yembá,
Cai,
Consó,
Simbéri,
Musúcu,
Safo,
Sengui,
Québi,
Singa,
Ñonsa,
Ñanga,
Collo,
Macanga,
Cumba,
Goy,
Macanga,
Cumbu,
Michoco,
Sengue,
Langui,
Pambo,
Malundu,
Lundu,
Chinganí,
Luenva,
Macanda,
Londa,
Mulundu,
Lianvonéne,
Blondo,
Samba,
Buíle,
Muéle,
Lundu,
Chelendo,
Chovinda,
Malundu,
Fúla,
Balenda,
Melémbe,
Iónse,
Pango,
Quiéngue,
Quinvónca,
Ñanñe,
Cumba,
Cumba,
Luanga,
Pongui,
Gúlu,
Muéle,
Madungo,
Londe,
Dundu,
Musucu,
Sanga,
Gúlu,
Goy,
Muice,
Mosongue,
Macuanga,
Beca,
Goma,
Maconva,
Senga,
Chomba,
Llende,
Quela,
Buca,
Chicalo,
Belo,
Chambu,
Cócolo,
Lundu,
Samono,
Muanci,
Muánci,
Masimbe,
Llengue,
Masíla,
Casa,
Sási,
Pemba,
Chinganá,
Cumba,
Muchedi,
Gombe,
Bongo,
Malungo,
Mandolo,
Sima,
Cala,
Goy,
Mañanga,
Dina,
Llengue,
Monse,
Macay,
Petro,
Mapulla,
[sic] Manuel,
Duce,
Machuela,
Macone Manqu,
Mabiarra,
Guesa,
Panzo,
Oyaba,
Quingano,
Canga,
Maraquí,
Maconda,
Encita,
Matá,
Isico,
Losangabunvo,
Encita,
Lonvasi,
Leforcadi,
Acaya,
Goma,
Macamba,
Mesa,
Encita,
Lanlele,
Sequé,
Paca,
Chuca,
Mavíngue,
Mocoló,
Lelo,
Sumbila,
Masara,
Chuela,
Chusa,
Goracasí,
Masara,
Combo,
Nancasa,
Polo,
Buniba,
Quiangara,
Quionga,
Baca,
Mabanvo,
Miara,
Masanga,
Suasa,
Muaco,
Soa,
Beco,
Bemba,
Cambo,
Selotú,
Dibuire,
Petro,
Sabí,
Gomí,
Mabonogo,
Bondo,
Quinsangala,
Lubela,
Bengue,
Moadí,
Nutete,
Petro,
Lutete,
Bensa,
Nesamo,
Capitán,
Bola,
Seque,
Icita,
Diambo,
Pambo,
Leca,
Pene,
Mabuire,
Malfunda,
Maviala,
Lembe,
Canga,
Sacala,
Mavinga,
Pombo,
Dulo,
Dilo,
Mabiana,
Simba,
Conde,
Bemba,
Manyole,
Buú,
Quíoina,
Singa,
Nemo,
Quengue,
Boanga,
Pola,
Bamba,
Baca,
Lufmigo,
Tiemputo,
Baca,
Sita,
Sabíno,
Mambuco,
Canga,
Mafuane,
Dembe,
Bacula,
Lubongo,
Tone,
Guanemora,
Maleso,
Quila,
Duandra,
Cambuera,
Engú,
Paca,
Canga,
Meguesú,
Endo,
Macaco,
Muá,
Mayala,
Canga,
Endo,
Endo,
Cafriama,
Laso,
Créso,
Quevulla,
Goma,
Bese,
Lando,
Cumba,
Isungo,
Pungui,
Nesana,
Moanga,
Guiry,
Lelo,
Canga,
Guangala,
Gongo Juane,
Mangana,
Lomore,
Macanzo,
Buco,
Bongue,
Bame,
Diaca,
Guaquí,
Móanda,
Pungo,
Chiba,
Goma,
Quengue,
Goma,
Cafale,
Guimbí,
Gueta,
Cayra,
Dica,
Peso,
Mayala,
Lutete,
Funsí,
Goma,
Goma,
Tone,
Mula,
Nimi,
Yamba,
Mafuca,
Boanquí,
Mondongo,
Gomá,
Guidi,
Soque,
Lusala,
Mabiana,
Mona,
Mavinga,
Mavinga,
Tate,
Polo,
Juba,
Bango,
Paca,
Masuca,
Lufuma,
Lunguo,
Seque,
Buanga,
Llampanguila,
Mabaca,
Buco,
Lembe,
Mayada,
Ganecha,
Tila,
Fambo,
Cobe,
Suana,
Bemba,
Maquina,
Tunmambé,
Bemba,
Goma,
Silamputu,
Maleso,
Doque,
Mayano,
Benza,
Benza,
Sumo,
Quianfu,
Chita,
Sumba,
Bugo,
Gombe,
Ensusa,
Mayomba,
Busa,
Lelo,
Vcuá,
Cungui,
Longo,
Cunguí,
Soquí,
Mangana,
Safo,
Quibo,
Fula,
Ninga,
Pemba,
Temfi,
Loguele,
Bombo,
Simba,
Gombo,
Cona,
Chuca,
Mansanga,
Lasa,
Fumi,
Locala,
Cadiamo,
Chimba,
Futí,
Ecundayo,
Dadá,
Oní,
Aliolá,
Coalí,
Manícepuí,
Amoatá,
Malu,
Becoli,
Llemonyé,
Chasabú,
Adufé,
Obaniqué,
Abayomí,
Gambi,
Ochaví,
Ainá,
Lilíoson,
Oduseña,
Onibío,
Dadá,
Abú,
Osuairé,
Ainá,
Idogú,
Oni,
Mayagüí,
Ecudebé,
Llelle,
Ballocó,
Mesetube,
Ochotuqué,
Bambuchi,
Dumaolé,
Bangüí,
Equilé,
Ocotoibó,
Otombís,
Llecú,
Odú,
Marigüó,
Bangüoquá,
Gambi,
Manioqüé,
Ainá,
Sano,
Allagú,
Arecré,
Iafonqué,
Oposeví,
Tayeú,
Darí,
Manyoco,
Llebodé,
Ladiqüí,
Fadubí,
Obaniqué,
Epibodú,
Efú,
Allaí,
Filogu,
Latoné,
Tayú,
Igué,
Billemi,
Bolonguá,
Alaba,
Ayodé,
Ayais,
Fucuyaví,
Achibulú,
Layeví,
Ainá,
Abaqué,
Efuqué,
Ayemuá,
Lacheta,
Abayomi,
Ayequé,
Ainá,
Banquelú,
Nañá,
Allivié,
Maníequé,
Ainá,
Llaní,
Adieyú,
Diodó,
Lagüíñá,
Odeyobi,
Cholique,
Caví,
Fuchebú,
Fabí,
Aíbiví,
Odó,
Adecó,
Aladé,
Mama,
Odó,
Aisá,
Conebábuí,
Aquivichó,
Ochogó,
Bofalá,
Aconú,
Cumaquaí,
Ainá,
Ogundeí,
Oluyamí,
Ochatelú,
Coniqüe,
Abuédíé,
Cumaquai,
Idoú,
Edó,
Molodó,
Chagúlola,
Ayaí,
Ubébé,
Ñadá,
Chadú,
Aedó,
Laquamí,
Ayaís,
Dogú,
Odó,
Alubaricá,
Adelí,
Idogú,
Viana,
Aliú,
Viocú,
Abiodó,
Abayomí,
Ayevís,
Fáchon,
Igue,
Oguchiná,
Olucaisí,
Famí,
Lanegüe,
Jayaí,
Olucodú,
Aladé,
Olufó,
Adicobí,
Aditona,
Ailecú,
Ochafi,
Qüeí,
Oguremi,
Culí,
Ayaí,
Omodu,
Oconubi,
Aeli,
Odú,
Fabú,
Oyó,
Igue,
Abidogú,
Oludiemí,
Oyó,
Ochó,
Famuadú,
Oyó,
Madelí,
Aladé,
Oyo,
Aluci,
Edó,
Oye,
Labí,
Chadarí,
Guolá,
Adiú,
Aquilotá,
Iquelú,
Idogú,
Aladé,
Oyecú,
Ayai,
Chadari,
Ogá,
Oyó,
Oyo,
Conibagüí,
Ocusedé,
Adierí,
Babá,
Oyó,
Odeú,
Bocumi,
Oyó,
Ochó,
Igué,
Ayaí,
Adechima,
Changotoibó,
Odé,
Adisá,
Adió,
Changuladí,
Abayomí,
Madé,
Lasedí,
Adebuelá,
Güíneguené,
Aladé,
Macú,
Ayaí,
Odó,
Odó,
Falleve,
Adegüegá,
Oluce,
Idogú,
Olucucú,
Ogumballa,
Edó,
Lasendí,
Malolú,
Fadeí,
Oyó,
Adeví,
Ladiqüo,
Ogodó,
Oyó,
Acagüé,
Ayaní,
Aladé,
Oqueille,
Mololá,
Aquiolá,
Oye,
Idogú,
Omuadé,
No dijo su n,
Jabim,
Mama,
Oyó,
Ogudechi,
Oqué,
Idogú,
Agüizo,
Adevís,
Fachioná,
Llegulú,
Deseolú,
Aquiemí,
Lafenvúa,
Fanyé,
Fadilló,
Agüetí,
Ochombí,
Adeyemí,
Bancoli,
Acacó,
Boyó,
Amesoqui,
Aribó,
Dubó,
Bena,
Boifi,
Senome,
Chandú,
Cugüe,
Desé,
Boifi,
Otan,
Avale,
Osá,
Loco,
Agosú,
Adú,
Cosú,
Boyofí,
Fileño,
Quebó,
Cosú,
Celodé,
Gurá,
Bollón,
Ocandi,
Meretañi,
Bocó,
Ocrú,
Bá,
Bocó,
Dúndeché,
Saboto,
Padono,
Coria,
Següe,
Cosú,
Dadogú,
Aquete,
Gusú,
Lláu,
Qüevi,
Bocó,
Sisó,
Sagüí,
Belasa,
Medena,
Capo,
Fachi,
Coyafi,
Degüero,
Ñajue,
Acosu,
Bucó,
Oboya,
Bosafi,
Boyofí,
Obueñia,
Beñó,
Cuto,
Cosú,
Lutome,
Bosu,
Musu,
Qüereu,
Dosú,
Capo,
Aví,
Oqué,
Dosú,
Bucó,
Doñosa,
Sisú,
Musú,
Boya,
Ivdonú,
Chasu,
Oñeduloguá,
Oñellologüá,
Oñeduñachi,
Ellofo,
Unduqüé,
Guangüo,
Mocochá,
Oniá,
Gollo,
Esendo,
Ocafó,
Ofiamba,
Ocore,
Echugú,
Lloco,
Lloco,
Lloco,
Iqüique,
Esiricá,
Chinclú,
Adá,
Obiano,
Gumali,
Enaneli,
Adan,
Acubu,
Echin,
Guachicú,
Oguñilevá,
Anoquá,
Equé,
Amaliqüe,
Ugüechíqué,
Emeleñou,
Aguemo,
Uguna,
Equé,
Adeosin,
Ocole,
Coúma,
Aquen,
Iquebreon,
Chiducá,
Oñeneqüé,
Oquechicú,
Ideni,
Anoché,
Amacri,
Esala,
Oñevinguibia,
Ycarra,
Enechi,
Ananese,
Otelo,
Ojanalla,
Ibo,
Omoiqué,
Iboqüé,
Obiaca,
Sicoa,
Muócoli,
Anugu,
Machecú,
Ocolo,
Muoqueque,
Enelemaridi,
Chileque,
Mucuclo,
Oñecole,
Alugu,
Omefuzi,
Boina,
Uliemenomó,
Adá,
Adá,
Abomuchi,
Ifédogá,
Moachi,
Ocurá,
Amoyá,
Ubele,
Bafo,
Juatá,
Adivo,
Eguama,
Boli,
Crabo,
Ugu,
Oniá,
Odé,
Oñecamá,
Undubisi,
Bonia,
Ola,
Nenna,
Chita,
Abó,
Bole,
Evé,
Odo,
Bole,
Lolo,
Oí,
Orí,
Ibeque,
Enise,
Obochá,
Oché,
Egó,
Usomá,
Avonta,
Abiqüé,
Boco,
Bafó,
Ebeque,
Ogo,
Ebeque,
Iguama,
Uli,
Ogo,
Afinca,
Unbeque,
Abó,
Uquaía,
Unbepa,
Unbuere,
Emboria,
Edim,
Oclavo,
Ocolo,
Gualó,
Abaco,
Erumí,
Cutí,
Moramo,
Anacá,
Errican,
Abé,
Llelé,
Llucú,
Aluyeré,
Aculé,
Aseye,
Aguandá,
Aibelé,
Eboyé,
Eboyé,
Acucú,
Asimú,
Alaoví,
Llirí,
Alemo,
Alecu,
Adie,
Anocá,
Orrán,
Siguile,
Cele,
Ecusá,
Cachinse,
Alachere,
Apandá,
Balo,
Aumega,
Abuco,
Cocolo,
Ientú,
Ecubilóne,
Maua,
Oqueisí,
Ochoñe,
Ocole,
Nesí,
Ocole,
Guauqüo,
Ocole,
Nemaña,
Clecle,
Amateí,
Adema,
Abrá,
Güoná,
Osondo,
Unduqüé,
Honora,
Ugu,
Guanaisí,
Ilebu,
Madellulibe,
Endechi,
Camalu,
Cunó,
Chatito,
Ogüanaco,
Odeque,
Ese,
Ocreque,
Mocabo,
Úmene,
Ocrafo,
Ibe,
Aboa,
Edún,
Otolegú,
Ocolugo,
Eguama,
Iqué,
Chegu,
Nadeisí,
Echimobó,
Ibeqüé,
Elegua,
Chicú,
Juanqüó,
Dique,
Chiqüequé,
Meme,
Ibauachó,
Ijueve,
Juanqüó,
Ocrabo,
Ocloqüo,
Choque,
Ocreque,
Chicú,
Eté,
Ocrofo,
Ocrofo,
Gorima,
Echogó,
Amadó,
Edé,
Udon,
Odeque,
Machicú,
Ocleque,
Ogánga,
Undoqué,
Anego,
Adú,
Emé,
Equá,
Odeca,
Ucáfo,
Lloquen,
Undubisi,
Juangüo,
Agu,
Ude,
Atumogó,
Qualebó,
Oguidi,
Utó,
Juanquó,
Humaná,
Ulou,
Isí,
Eñan,
Opala,
Eñan,
Etú,
Omú,
Opasi,
Esí,
Opalá,
Opalá,
Omodé,
Udon,
Opalá,
Omó,
Omoye,
Opalá,
Opala,
Opalá,
Uloche,
Udó,
Udó,
Maden,
Ulofiá,
Omó,
Opame,
Opá,
Omó,
Tifia,
Opague,
Madi,
Isié,
Udó,
Icando,
Uló,
Mendo,
Echín,
Apane,
Bapavolo,
Obachi,
Mauó,
Iñá,
Opalá,
Uró,
Umó,
Urofiá,
Etibocora,
Uró,
Acámeto,
Esaí,
Iren,
Iñan,
Iñan,
Incha,
Apaviu,
Umón,
Iñan,
Ariaga,
Apaviú,
Uretun,
Ecrú,
Ojalé,
Ijube,
Ugá,
Ojauó,
Obaca,
Odume,
Udé,
Allí,
Ocreque,
Iquen,
Evi,
Camá,
Avocracrá,
Ecorá,
No espresso,
Ayó,
Oga,
Crique,
Erico,
Acú,
Otú,
Efericüo,
Ocüó,
Sidú,
Paramboma,
Pasí,
Infuca,
Chímanamono,
Moño,
Cosé,
Matundo,
Pambó,
Miála,
Bemba,
Suaca,
Uncuá,
Muele,
Mayombe,
Buití,
Quíbango,
Gomá,
Quísama,
Munsangi,
Maviala,
Guamba,
Musie,
Mabungo,
Mabaco,
Moanda,
Lando,
Vnguidí,
Mísu,
Bonga,
Bañe,
Vngua,
Mocambí,
Gulú,
Macaya,
Gulú,
Guele,
Macoso,
Goné,
Gulú,
Musíta,
Fampé,
Quiasáuca,
Quíbango,
Somoño,
Dabango,
Moanda,
Quimbungo,
Macansó,
Bolá,
Bane,
Bambí,
Malangui,
Gulú,
Unguá,
Misié,
Gatáli,
Matoco,
Ensay,
Munchego,
Munchego,
Isango,
Misié,
Sungú,
Ensímba,
Bita,
Gomá,
Quianglá,
Suadí,
Ensúsi,
Maviala,
Umba,
Gomá,
Bama,
Mucási,
Lugú,
Songuá,
Gomá,
Say,
Malumbo,
Mamonumuá,
Ensiva,
Puó,
Gulú,
Bitumbi,
Machú,
Gulú,
Gabe,
Enchiva,
Gulú,
Panzo,
Umpuá,
Maviala,
Bucongo,
Mujingo,
Moño,
Mudemba,
Ocuá,
Mugurú,
Moanda,
Guala,
Enchiva,
Bungo,
Ensambi,
Denve,
Maguioná,
Enchiva,
Umpúo,
Gulú,
Bula,
Enchiva,
Dequive,
Gulú,
Gimuelle,
Fumbi,
Mampullá,
Siambica,
Divenga,
Peso,
Insuavi,
Lufunguti,
Quietóco,
Guangua,
Guáno,
Diquive,
Puambí,
Bañi,
Muaya,
Masingu,
Bungú,
Dequivi,
Bani,
Ibango,
Pungú,
Moanda,
Ibango,
Gone,
Gone,
Mueñú,
Gulú,
Musié,
Lutete,
Ensama,
Canga,
Macóso,
Isísa,
Mabumba,
Oquele,
Muntuá,
Llóre,
Cafungu,
Quiudilá,
Osalesáco,
Locána,
Misimóñi,
Quitádi,
Guímbi,
Fanvómbo,
Ensúngu,
Fuani,
Ensumo,
Gomá,
Langa,
Banda,
Onsamo,
Muagása,
Vita,
Llama,
Maviába,
Damba,
Muquilú,
Mabungu,
Mabengo,
Say,
Masú,
Ebango,
Canga,
Demba,
Umpó,
Quisango,
Guvilé,
Isuáme,
Maviála,
Bodo,
Gone,
Maviála,
Luquibu,
Gónu,
Encíva,
Goy,
Beñí,
Diá,
Chibuómga,
Manóansa,
Súmo,
Ensíva,
Gulú,
Macóso,
Musié,
Davi,
Lundú,
Qualangodé,
Macáya,
Bañí,
Ensengui,
Iñáte,
Gone,
Muntú,
Bañe,
Macuála,
Guáca,
Cuánga,
Dínga,
Goma,
Peteló,
Muti,
Masáqui,
Ensévo,
Banda,
Vica,
Guánca,
Gulú,
Luquibú,
Insúmo,
Bucóy,
Gulú,
Gulú,
Muvamba,
Mobelá,
Bañe,
Bungu,
Luchivo,
Mocondo,
Mutélalo,
Muntú,
Malibato,
Gulú,
Undiéle,
Itánda,
Sundi,
Moalú,
Macongo,
Sácala,
Lumilicó,
Ensaco,
Fumuvanvi,
Mufuáta,
Matenda,
Luquíbu,
Mayú,
Macáya,
Bánsu,
Goy,
Chínda,
Quivango,
Sanvísella,
Ensáti,
Manchú,
Ialá,
Sumba,
Dongó,
Sita,
Unsenga,
Pemba,
Visisungua,
Linculá,
Masalú,
Dulú,
Búnva,
Pemba,
Quibúla,
Senga,
Sinva,
Gombe,
Gona,
Encása,
Sumba,
Muindo,
Lumbú,
Buna,
Gombí,
Cádi,
Sita,
Umbá,
Funá,
Mansuéle,
Súta,
Ensáca,
Bunsila,
Lucébo,
Quilondá,
Quífuáni,
Lembe,
Enselé,
Culámba,
Dulú,
Gundú,
Iangui,
Selé,
Quifilú,
Masánga,
Pemba,
Malondá,
Macánga,
Umba,
Buanga,
Pemba,
Buna,
Sumba,
Cumba,
Bonso,
Gombe,
Ifúmba,
Quiádi,
Selé,
Gole,
Quilolo,
Buna,
Cambáni,
Batá,
Iñángui,
Junda,
Delo,
Pombo,
Selé,
Enséle,
Quiri,
Mesa,
Aladé,
Ladé,
Oqui,
Aeviñé,
Oyó,
Dugú,
Dugú,
Olicuadé,
Chatugué,
Acála,
Loguá,
Aquí,
Oluchellé,
Oyacomé,
Lacallé,
Bamboavá,
Acayi,
Oyatú,
Olanguyí,
Ecemolá,
Ochotá,
Coniguagüé,
Aynó,
Aquiolá,
Acamú,
Aquidé,
Oqui,
Aditode,
Ocuadí,
Adiní,
Oyó,
Aquilotoa,
Oyenucu,
Oyó,
Ocholú,
Mofalá,
Anicuá,
Agüé,
Lidé,
Banú,
Bancoli,
Oyegüelé,
Emutoqui,
Aquidé,
Demande,
Odumbacú,
Aquivami,
Vancoli,
Dugú,
Dadà,
Ñodá,
Oyagüé,
Adiví,
Faminé,
Ayagüí,
Ové,
Eyolé,
Olé,
Onochidé,
Ogulane,
Aquiolá,
Oyó,
Vamivayi,
Jalí,
Otuolá,
Aladé,
Oyecó,
Aquindé,
Agüé,
Oyó,
Odichino,
Oyó,
Faquí,
Afacú,
Avivó,
Tayebú,
Aquivo,
Yeru,
Onadé,
Dugú,
Tumbi,
Ñodá,
Ocón,
Odúname,
Atondá,
Idoú,
Igué,
Folanú,
Salú,
Oyeéco,
Colé,
Agüelé,
Isendé,
Aynó,
Aveví,
Igúi,
Adichumi,
Aquiyolupé,
Cosuluqué,
Ayaí,
Liquecú,
Bosomí,
Ayufemí,
Acuoto,
Dileye,
Ayebó,
Agüelú,
Achatú,
Iqué,
Avayomí,
Conuvagüí,
Egúsi,
Chanú,
Daledé,
Tamolú,
Violunvi,
Moniyecué,
Ayaí,
Dadá,
Olaqué,
Ayinó,
Ayilé,
Janicué,
Achifadequé,
Jolicú,
Jolicú,
Vimimi,
Orichavi,
Cuye,
Falaví,
Adeocú,
Loguó,
Cumí,
Oliquayó,
Moloró,
Efulavú,
Ocualemí,
Bobú,
Mongó,
Vinoyó,
Asinvarú,
Aleja,
Sogaví,
Tuanó,
Legüí,
Aladé,
Illiolá,
Olundé,
Momó,
Aylagüé,
Guaneguá,
Lady,
Lamí,
Omiyamí,
Ayaí,
Acanó,
Oguyé,
Aechemi,
Oyú,
Ayonó,
Ayóse,
Oyihualé,
Edim,
Oyaguadé,
Ochó,
Cosívi,
Mavocayé,
Ainó,
Ayaí,
Ochogualú,
Dadá,
Ochodicui,
Ladiyu,
Falolá,
Oyecumlé,
Ayaí,
Ocotó,
Avinó,
Olalluma,
Amodó,
Ochó,
Oyo,
Layomí,
Aynó,
Güidé,
Cupaqui,
Odunitun,
Aditimpi,
Ochoví,
Dugú,
Aridegüé,
Igué,
Eniolá,
Mafayí,
Cubulayé,
Veconú,
Luequeyé,
Bamibala,
Faviyi,
Aynó,
Oluvadé,
Fuyumoqué,
Ocupatú,
Boroi,
Chongulolá,
Ovaqueye,
Aynó,
Inó,
Aynó,
Faequo,
Lemicuin,
Seú,
Andero,
Lumaya,
Ochiderru,
Ucunuse,
Ochi,
Tusallé,
Odulalú,
Ocusí,
Ogávi,
Ainá,
Aifé,
Ocusica,
Arego,
Cuemú,
Adelesí,
Lafayá,
Oyecú,
Ocumica,
Oyetuca,
Chovi,
Masayino,
Ochomoso,
Ochóoyoco,
Nobambrú,
Odúuse,
Ochí,
Gubito,
Mocuyadé,
Oyemama,
Adevié,
Efumu,
Efuciyi,
Moláachi,
Oyegó,
Eniadé,
Olusiadé,
Efuloqui,
Oyaví,
Ayaí,
Achémoto,
Macuilú,
Odulamú,
Orébesa,
Adechovó,
Ochelaru,
Efuvadeu,
Ochuyimí,
Eñadé,
Mayafí,
Moyere,
Savaú,
Ojegüí,
Bocosí,
Torome,
Dose,
Clapá,
Buefiví,
Pindó,
Bocósi,
Cueví,
Micosi,
Mayá,
Ofió,
Bocósi,
Lleyé,
Llá,
Dé,
Víve,
Fune,
Dupaqué,
Maselé,
Evú,
Clipué,
Osevi,
Tabalú,
Bué,
Dagüemó,
Dosú,
Bocósa,
Pesá,
Jeví,
Faví,
Sí,
Esí,
Boví,
Ocuendé,
Joronú,
Bocó,
Jocún,
Bosú,
Llillí,
Sedocú,
Basá,
Agusá,
Musuquetén,
Sesú,
Dinayó,
Jasundé,
Dusú,
Adún,
Caclo,
Seño,
Cuyejué,
Miyayó,
Fantá,
Dedé,
Anamú,
Ocudoló,
Olaví,
Vavá,
Talaví,
Ogaví,
Madarico,
Adiocú,
Orona,
Llamóco,
Dugú,
Acucú,
Dugú,
Alayco,
Achadi,
Adicuó,
Ayose,
Agufulami,
Amoso,
Asumá,
Aquiochu,
Vancolí,
Odú,
Ayaí,
Aynó,
Adisuba,
Oladubó,
Oguyé,
Ayaí,
Ovacheise,
Oyeguá,
Agüedei,
Iboú,
Oluveví,
Gerugá,
Egivochá,
Cupamitó,
Ocuegüemi,
Ayai,
Olayoví,
Iviolá,
Ayinó,
Aguyé,
Motaayo,
Giviotón,
Iapó,
Ayimeví,
Lavá,
Givitón,
Cunumi,
Ayaguó,
Evó,
Anicú,
Aguerá,
Ocusón,
Ocoró,
Aticuá,
Ochulú,
Cupoluci,
Faquitiví,
Acalá,
Ogá,
Aynó,
Nilotú,
Dadí,
Dosú,
Dadá,
Aquei,
Clú,
Cocú,
Comaná,
Chofaná,
Mama,
Goma,
Puamba,
Badiambo,
Situtella,
Maramo,
Misungo,
Quismanga,
Lutatama,
Gidde,
Bambe,
Liango,
Mayala,
Kaya,
Layango,
Loyo,
Mavingo,
Suta,
Massala,
Baya,
Mesongo,
Risutas,
Kuti Quenda,
Entoby,
Beonda,
Lumbo,
Mgambella,
Mubealla,
Deabaka,
Quoiako,
Luambo,
Antony,
Masamba,
Malambo,
Mampoya,
Joca,
Dada,
Goma,
Dombag,
Masabla,
Punge,
Miamba,
Buondu,
Sawa,
Buon,
Kilamba,
Qunmobe,
Tofongu,
Tambuy,
Gama,
Makullerra,
Kabudi,
Quamba,
Kifulongo,
Myala,
Goma,
Goma,
Sumbo,
Biramo,
Bela,
Sarwa,
Luomba,
Sakai,
Bungo,
Lusalla,
Tunamba,
Ballacanda,
Luongea,
Lorbo,
Goombia,
Zeala,
Pedco,
Mavandes,
Salaraco,
Zalaboomba,
Gosalembemba,
Enza,
Encoa,
Sambo,
Bokear,
Gamba,
Boya,
Cootee,
Ememalonga,
Macanaronie,
Chemba,
Mosala,
Cuango,
Bongo,
Maansa,
Macuala,
Kiee,
Batta,
Goma,
Mansa,
Deabango,
Lameve,
Sumto,
Matta,
Matta,
Zeeta,
Usicana,
Banda,
Geeta,
Jona,
Cuya,
Simba,
Deambo,
Kinvambo,
Longo,
Manfutin Zad,
Simba,
Kembu,
Paulo,
Lamba,
Goma,
Daidee,
Manda,
Dandee,
Kua,
Longo,
Kimbota,
Dangee,
Bumbaro,
Mavusi,
Goma,
Sequando,
Lando,
Chumbo,
Awar,
Cibba,
Zalambo,
Kindu,
Combo,
Jonna,
Goma,
Labonga,
Lita,
Teetaka,
Wakeli,
Malawa,
Jullee,
Kakolo,
Mango,
Gosé,
Lando,
Rando,
Tamba,
Manga,
Matumba,
Maza,
Wadele,
Dulu,
Suadi,
Samba,
Wombra,
Louisa,
Guna,
Inece,
Paulla,
Junia,
Ambocisa,
Kamba,
Nearuge,
Kikonna,
Ukemba,
Kemba,
Lemba,
Kange,
Pemba,
Kaimbee,
Chona,
Pombo,
Zuri,
Simba,
Polla,
Pansee,
Kabinda,
Dumba,
Kancumba,
Sonce,
Bumba,
Wonga,
Busy,
Ensala,
Mango,
Densó,
Pezó,
Bucatá,
Butadi,
Fudí,
Monomba,
Cita,
Manué,
Maviada,
Guada,
Machévecha,
Canquela,
Bocú,
Menene,
Buambá,
Banchagá,
Buanda,
Musungo,
Balá,
Macuyá,
Juananboa,
Machoví,
Chando,
Banga,
Faté,
Sindí,
Baguaná,
Gombe,
Muevé,
Utéto,
Ensala,
Tápo,
Chinta,
Ganvaca,
Guandasunve,
Guanvá,
Guanvá,
Chilá,
Cúco,
Pézo,
Guaqui,
Cuñimbá,
Frerecha,
Casí,
Cuba,
Cavera,
Mafuango,
Cusiñero,
Quimquelá,
Cusala,
Joló,
Pamelo,
Juambé,
Jacale,
Chumbo,
Enguela,
Notefie,
Fuménve,
Mavialá,
Baca,
Guaca,
Olamba,
Seque,
Guanchi,
Checha,
Chasí,
Fuambé,
Etegonve,
Buanchú,
Manguín,
Emba,
Cúzo,
Poni,
Sácala,
Gampion,
Moquino,
Gubola,
Iomgo,
Iongo,
Luquió,
Gomba,
Ubela,
Benva,
Upála,
Luis,
Juanda,
Benchá,
Gacheva,
Güindo,
Chúcu,
Maquenva,
Chanchi,
Quimbungo,
Macabú,
Matari,
Sita,
Unená,
Mafuya,
Singa,
Lumbú,
Uquá,
Poló,
Luquié,
Vufiri,
Pancho,
Viví,
Búra,
Puanvi,
Vucuá,
Vucuá,
Vutórra,
Eniána,
Unquére,
Púqui,
Uncólo,
Vuchéle,
Cáñe,
Iaguá,
Vucurrú,
Sambú,
Unfiri,
Otórra,
Unquéle,
Ganfrá,
Pencho,
Ichirí,
Tanda,
Forradecho,
Pancho,
Gomá,
Gomá,
Bacú,
Enyuaná,
Manvualá,
Encole,
Enchíla,
Chagualá,
Pinchí,
Daguací,
Batufuéra,
Bonapúmba,
Macuénde,
Pancho,
Malálo,
Cabuílo,
Unbáca,
Ruambá,
Dómbo,
Baca,
Queviri,
Mabungo,
Gomá,
Pampé,
Fumuánva,
Landá,
Lélo,
Tonche,
Chúmbu,
Buanvu,
Landú,
Sita,
Toná,
Banchi,
Singa,
Dubongo,
Lime,
Singa,
Toní,
Fuáde,
Gringóyo,
Fuanvé,
Tamba,
Gomá,
Chimbó,
Búri,
Chonó,
Mavialá,
Congue,
Fumanvi,
Fuanvá,
Dombó,
Singa,
Uluba,
Salu,
Muláza,
Mavinga,
Sabóna,
Muanda,
Sucánda,
Chico,
Dulú,
Fuquimana,
Bialú,
Vungá,
Sita,
Sita,
Gomá,
Fuanvé,
Mangá,
Fucú,
Gomá,
Fuambé,
Mavinga,
Maculá,
Choní,
Casinde,
Landa,
Singa,
Puya,
Puriciá,
Sangrá,
Sita,
Simbo,
Bunvá,
Fuandá,
Bele,
Pasi,
Maséque,
Pandá,
Sita,
Ruambó,
Vandá,
Futí,
Fuaciá,
Muanve,
Singue,
Filuembe,
Mangue,
Fudí,
Canga,
Malanda,
Quivalu,
Pancho,
Quivalú,
Llulambá,
Bencha,
Fumo,
Quembo,
Gomá,
Songó,
Gumbé,
Mabungo,
Bayá,
Fuanvé,
Changú,
Singa,
Eyú,
Úa,
Fuche,
Bacú,
Ayémba,
Cála,
Venga,
Lubúme,
Fuanda,
Lobe,
Tanda,
Bambá,
Dofúzu,
Moné,
Siguá,
Chambo,
Luámbo,
Bimda,
Bémbe,
Loque,
Duri,
Chambí,
Bemba,
Cufuá,
Puncha,
Casiguá,
Banqui,
Seque,
Tondo,
Cambo,
Tuna,
Bundo,
Gonda,
Dundú,
Jangu,
Mampuyá,
Chimba,
Cambo,
Guido,
Chembo,
Chimba,
Mayalá,
Nanga,
Pézua,
Bancha,
Bancha,
Mayalé,
Dobunga,
Lombé,
Gándira,
Siro,
Funda,
Távere,
Suasá,
Bumbá,
Chilá,
Songa,
Iongó,
Chánra,
Gomá,
Masanga,
Iacalé,
Chumbo,
Buco,
Abácara,
Masa,
Luangui,
Vila,
Madana,
Boque,
Muané,
Doma,
Ruambá,
Quitone,
Gomá,
Dobása,
Bambú,
Bucia,
Sunda,
Mucinva,
Sucamá,
Gomá,
Iuáne,
Pancho,
Chabe,
Combo,
Conda,
Cuta,
Ganché,
Concó,
Cancha,
Congo,
Tundo,
Canga,
Butelande,
Cay,
Egüilo,
Bundunvú,
Cumbá,
Senque,
Unvialu,
Dambá,
Tubi,
Bueye,
Canga,
Fuengue,
Pombo,
Sindilá,
Cumí,
Bungá,
Gomá,
Bangui,
Dobucú,
Difuá,
Pemba,
Tumba,
Ote,
Palumbo,
Dubé,
Buci,
Chindi,
Choná,
Llila,
Desongo,
Ludá,
Icume,
Cuté,
Dade,
Suami,
Quiuma,
Penqui,
Pemba,
Mafuasi,
Soqui,
Dembo,
Chaú,
Umbu,
Cafú,
Quibelo,
Umba,
Chario,
Masinca,
Duru,
Manfulá,
Choba,
Quéte,
Ñangue,
Umba,
Bindá,
Quengue,
Umba,
Michilá,
Yaliví,
Irorobú,
Iibó,
Femba,
Machenda,
Fuáncama,
Masála,
Ucúmo,
Iguana,
Macurí,
Epanda,
Samangó,
Elómo,
Epamdai,
Ecóso,
Isengin,
Ecumá,
Musanvo,
Ellongó,
Dijón,
Ucombá,
Gán,
Gucú,
Dubí,
Simore,
Evén,
Isié,
Bomá,
Dibuma,
Epandá,
Epóme,
Esó,
Ipanga,
Ba,
Eguán,
Isamo,
Tubá,
Eguána,
Ecanda,
Osíve,
Eguán,
Evín,
Pinda,
Etuqué,
Esongüe,
Sáma,
Eguán,
Ecóun,
Ñabutá,
Nala,
Llama,
Pilló,
Montera,
Sico,
Eguán,
Múcu,
Inllí,
Gan,
Eguanyá,
Ion,
Ñamesé,
Ñó,
Sique,
Ugná,
Boma,
Cuevo,
Iguán,
Insá,
Bisón,
Bombarizo,
Luí,
Difón,
Gan,
Difón,
Acuén,
Difón,
Econga,
Loqué,
Có,
Gomé,
Inguá,
Canhí,
Denvenpo,
Ñamesé,
Ñamesé,
Quisón,
Dadiáquecí,
Gare,
Inllí,
Infón,
Eguán,
Jomoqué,
Difón,
Comová,
Sóma,
Undocabo,
Songó,
Ion,
Ban,
Cor,
Difón,
Ñapá,
Efuláve,
Ñamesé,
Ion,
Ion,
Ñango,
Vilá,
Cameté,
Enina,
Ecanvío,
Epandá,
Ion,
Dí,
Sanqué,
Dí,
Masí,
Ñamesé,
Chomlo,
Dí,
Abón,
Sona,
Ñamesé,
Epeve,
Gancó,
Gare,
Llave,
Andí,
Chiva,
Dí,
Dí,
Ñamesé,
Ñamesé,
Ñamesé,
Ñamesé,
Momdá,
Uafón,
Dí,
Eyoqué,
Andì,
Ñamesé,
Difón,
Dí,
Difón,
Guaque,
Mufá,
Dí,
Esongá,
Ñamesé,
Gá,
Difón,
Somé,
Ñamesé,
Yap,
Ñamesé,
Insana,
Eguán,
Difón,
Nacori,
Ecón,
Eúba,
Dí,
Eguá,
Ñamesé,
Chumú,
Eguán,
Ñamesé,
Evoré,
Dí,
Divungue,
Don,
Dí,
Dí,
Difón,
Unfón,
Matingue,
Dí,
Ñamesé,
Decutú,
Guí,
Ñamesé,
Dí,
Gáre,
Ñamesé,
Difón,
Garé,
Dí,
Llap,
Sona,
Baqué,
Ñá,
Dí,
Esinga,
Bonacú,
Dí,
Dí,
Macongó,
Moco,
Dí,
Yare,
Gare,
Eguán,
Divin,
Tú,
Levé,
Encámo,
Naseu,
Di,
Di,
Ocase,
Difón,
Engí,
Ñamesé,
Dí,
Beloqui,
Ñamesé,
Dí,
Sase,
Equangue,
Gáre,
Dí,
Búa,
Ñamesé,
Ensá,
Lap,
Dí,
Ená,
Gúma,
Cap,
Eponví,
Dí,
Dí,
Dí,
Yumás,
Dí,
Dí,
Doná,
Eguán,
Gan,
Dí,
Laquitaqué,
Dí,
Difón,
Difón,
Ión,
Dí,
Macón,
Dí,
Mucurí,
Eguán,
Ganyó,
Dí,
Dí,
Dí,
Véra,
Unsú,
Maloqui,
Leví,
Eguán,
Dí,
Ñamesé,
Eguán,
Ionga,
Inaiá,
Caesé,
Gonga,
Ená,
Difón,
Dí,
Dí,
Ñamesé,
Mocorí,
Ecolipá,
Guí,
Tangóo,
Gá,
Ecosó,
Dí,
Difón,
Gá,
Ecú,
Ñamesé,
Dí,
Górre,
Difón,
Evuelecón,
Yongó,
Dí,
Gane,
Cán,
Difon,
Ion,
Ñamesé,
Fonquí,
Epú,
Etacon,
Yango,
Eguán,
Ñamesé,
Dí,
Llap,
Dí,
Nene,
Dí,
Difón,
Ecón,
Ñamesé,
Beque,
Mué,
Eguamí,
Mecato,
Dí,
Dí,
Dí,
Muengue,
Ecumé,
Semá,
Muangón,
Ñacá,
Pongo,
Moyongué,
Iucú,
Manvó,
Muangon,
Toco,
Esín,
Visí,
Mangon,
Umique,
Muángon,
Unpongo,
Ema,
Upongo,
Tángose,
Muángo,
Muángo,
Etóqui,
Manvol,
Pongo,
Unpongo,
Lende,
Eyóne,
Joninu,
Tóroco,
Esaco,
Sene,
Macáco,
Matesá,
Dolo,
Mení,
Llusú,
Monyo,
Muángon,
Dutú,
Yusú,
Mococó,
Pongo,
Muángo,
Yusú,
Pongo,
Bango,
Bango,
Encoó,
Muengue,
Muongo,
Yolé,
Venanvé,
Máuguon,
Uncol,
Muangón,
Muangón,
Pongo,
Muató,
Emórre,
Juanque,
Llengue,
Muángon,
Ié,
Muángon,
Muángon,
Etoque,
Yusú,
Muángon,
Etóque,
Muángon,
Etóque,
Muángon,
Pongo,
Ñanquese,
Etocue,
Nene,
Moyóngue,
Emá,
Muángon,
Muángon,
Sengue,
Mediá,
Muángo,
Fúli,
Potí,
Ñama,
Eguán,
Mueque,
Jamba,
Sàra,
Manya,
Mamoto,
Sàra,
Chitafá,
Facíre,
Vitóre,
Ñimabué,
Samba,
Faba,
Sabo,
Ira,
Tumáni,
Mamóri,
Sára,
Cáuco,
Cábi,
Fata,
Catabá,
Sabo,
Llarellón,
Vdáli,
Buráma,
Piter,
Cabá,
Sora,
Bambó,
Samba,
Llude,
Tambo,
Guba,
Idá,
Sambo,
Cabá,
Yata,
Gurí,
Trú,
Llíva,
Samba,
Congó,
Sáye,
Sára,
Sorí,
Fambo,
Corí,
Balé,
Tambo,
Moro,
Sirgué,
Pána,
Morivá,
Sóri,
Fana,
Amadubule,
Cali,
Corí,
Fodé,
Cabele,
Bará,
Focuá,
Morevá,
Tamba,
Quelefá,
Facére,
Moru,
Samba,
Lluma,
Lléro,
Brama,
Baqui,
Mauro,
Samagóli,
Guguró,
Moruvá,
Corí,
Bocáre,
Maláve,
Sedu,
Maca,
Bocóre,
Tacóre,
Mandi,
Orí,
Euséva,
Mambro,
Damína,
Rábina,
Saidú,
Asumándi,
Sára,
Musa,
Momadu,
Fére,
Fére,
Ilimodo,
Sesé,
Mamóto,
Irá,
Guinví,
Bandá,
Cori,
Lay,
Ñuma,
Fumani,
Calefú,
Camá,
Bará,
Bayón,
Mamoto,
Déonba,
Brama,
Fóde,
Iúma,
Dácama,
Musa,
Momoto,
Momini,
Cuéca,
Moró,
Fová,
Quiá,
Güeguo,
Tumáne,
Bala,
Siguirí,
Sabo,
Sáti,
Guirá,
Iramó,
Balé,
Calefá,
Surí,
Güenvo,
Gueyá,
Dogo,
Irá,
Cauro,
Masido,
Fabána,
Chase,
Biári,
Sara,
Sirí,
Colé,
Yimbambó,
Daguá,
Lleví,
Biari,
Malí,
Masé,
Menguí,
Simini,
Fodé,
Sabo,
Saliú,
Cúla,
Trinca,
Uri,
Salafo,
Sénva,
Mamodo,
Iara,
Selí,
Sara,
Fañumá,
Sére,
Guri,
Mamódo,
Buende,
Loqui,
Míni,
Con,
Quiné,
Fano,
Cáti,
Sorí,
Tinga,
Fodé,
Ió,
Banda,
Nafa,
Simíni,
Llave,
Llombo,
Calefá,
Sire,
Manzó,
Mamlogo,
Fodé,
Tambo,
Ió,
Llíma,
Llave,
Fantománo,
Táre,
Sábu,
Tuangui,
Manyú,
Sámu,
Paná,
Llimé,
Chíne,
Fúri,
Sesé,
Sire,
Llóni,
Quesére,
Fumáne,
Séri,
Tamba,
Fodé,
Síve,
Músa,
Tamba,
Quisnina,
Quequí,
Llopó,
Guirá,
Guásin,
Simá,
Sívi,
Alexander,
Sico,
Soma,
Curumbó,
Camésa,
Camésa,
Fófo,
Pata,
Cáma,
Cudea,
Sáta,
Llelí,
Maponga,
Dubá,
Demá,
Fangüí,
Ana,
Magia,
Séra,
Máter,
Voy,
Beti,
Sáta,
Ñumá,
Piná,
Bete,
Fenguére,
Lléne,
Báte,
Bále,
Llelí,
Denué,
Coya,
Béti,
Quisú,
Binda,
Folofí,
Naforí,
Fatúma,
Dúra,
Demó,
Demó,
Cué,
Dúcua,
Anádi,
María,
Voy,
Satía,
Fotumá,
Binto,
Fatima,
Lléni,
Musa,
Lléni,
Musú,
Binda,
Vete,
Músu,
Ñerevá,
Moricá,
Majá,
Llele,
Beti,
Binga,
Mále,
Sári,
Fóde,
Mocó,
Ñatiu,
Cosuá,
Buyaví,
Sumacurá,
Docuí,
Aguále,
Lenchá,
Degüé,
Carosí,
Coyú,
Tobueyí,
Degué,
Teté,
Chulú,
Yajá,
Aquí,
Sigüé,
Eté,
Curá,
Cuataví,
Lláo,
Cosí,
Calopé,
Alepí,
Aí,
Bandú,
Mó,
Teté,
Cacuo,
Macú,
Aquidé,
Ainá,
Lachemí,
Ogulá,
Dogú,
Oróco,
Aelá,
Lusumadé,
Oquelaó,
Banvuvá,
Allivuá,
Oyó,
Dári,
Oyeló,
Ecuyaví,
Chudi,
Dogú,
Oyó,
Cupamitó,
Alaró,
Lamicí,
Insiva,
Isioyé,
Otu,
Aquino,
Dogú,
Aquilacú,
Cúti,
Sanlúcu,
Fachuoslé,
Oyó,
Dogú,
Llivolú,
Ovó,
Ochó,
Aynó,
Dogú,
Ochoda,
Baucolé,
Mosu,
Aronvó,
Oduchucé,
Oyó,
Aynó,
Aquilalao,
Edú,
Cubayé,
Pago,
Achadi,
Lechocó,
Cunviye,
Aynó,
Pecála,
Gumino,
Oyefó,
Veví,
Ochunbamecú,
Ayaí,
Oquina,
Vilugo,
Aynó,
Lacunlé,
Aveví,
Maniepí,
Olicuyo,
Chagovi,
Lefurá,
Llegualí,
Aniquilé,
Aynó,
Lasendé,
Oyololá,
Llolá,
Pinocú,
Guoloma,
Adiguité,
Iesendé,
Aynó,
Achaqué,
Avále,
Adecholó,
Osú,
Coniguavi,
Iqué,
Sangulú,
Abigú,
Aseví,
Omachemí,
Cabulayé,
Alabá,
Ayaí,
Asatú,
Oguncoyé,
Molíto,
Vedoné,
Ovaví,
Odubachá,
Mayeombó,
Faví,
Fágu,
Acuále,
Bofí,
Pelú,
Asatú,
Alabá,
Motavé,
Abale,
Aynó,
Efubumí,
Allivitú,
Codemtá,
Fafidipe,
Dadá,
Cuchí,
Bosaví,
Bueví,
Boyó,
Bucueví,
Bocoú,
Bocueví,
Bueví,
Bueví,
Senendí,
Satumí,
Aguale,
Buseví,
Davué,
Buseví,
Lomavó,
Bueví,
Faví,
Evaré,
Buseví,
Mesonbué,
Buseví,
Comaye,
Canuaguí,
Buseví,
Buyoví,
Sigüi,
Buseví,
Ebáre,
Bocuévi,
Deceve,
Sebuendí,
Maucí,
Efiguá,
Buesí,
Dedé,
Demánu,
Lamici,
Mafatá,
Cogón,
Bora,
Musú,
Elúe,
Quebanda,
Antonio,
Mundu,
Mabungo,
Monogosonco,
Unuguasanche,
Bugurusancha,
Gola,
Sucé,
Ignacio,
Gola,
Francisco,
Fernando,
Andres,
José,
Mauricio,
Ogonga,
Sebastian,
Sebastian,
Sebastian,
Mundala,
Ipanuel,
Anafe,
Juan,
José,
Elungo,
Luiz,
Anastacio,
Geronimo,
Macacula,
Capitanyo,
Munchuame,
Mocose,
Tafo,
Muyín,
Miguel,
Gaybungo,
Mabungo,
Vugo,
Manucanda,
Pétero,
Matamba,
Suguinená,
Dicáco,
Talunga,
Coci,
Pinde,
Muséce,
Mulese,
Buconda,
Mutanchi,
Ñimi,
Malíci,
Monotono,
Basambula,
Cansanse,
Candandongo,
Anasancha,
Pancho,
Antonio,
Baca,
Muchancho,
Baca,
Mondongo,
Baca,
Benche,
Mondongo,
Baca,
Unanton,
Baca,
Baca,
Umbaca,
Ofúcumbaca,
Ufuambás,
Umbaca,
Musamba,
Baca,
Ebaca,
Mufucumbaca,
Umbaca,
Cámbanca,
Unanyula,
Iao,
Ambaca,
Bancho,
Matíafu,
Bucacango,
Bungomayinga,
Unambancha,
Bucongo,
Unacomba,
Boncolo,
Mazo,
Tirariancua,
Bote,
Baca,
Baqui,
Baqui,
Góme,
Baca,
Ionó,
Bucocongo,
Mucuocóngo,
Mucuocóngo,
Quiangála,
Mucuocongo,
Umbaca,
Iblánquimi,
Ayúca,
Guarigá,
Mufúca,
Mutamba,
Mafúngo,
Bungo,
Bende,
Góme,
Bóme,
Mutanche,
Quebinda,
Quibongo,
Mutanda,
Idumba,
Quibala,
Baqui,
Bata,
Munguá,
Ufucumbaca,
Mafungo,
Macuá,
Quelónde,
Gunya,
Barocho,
Góme,
Cacunga,
Maleche,
Bangue,
Macáca,
Macóngo,
Ugongo,
Masambe,
Lecacáta,
Baque,
Queyinga,
Cúso,
Sómbe,
Efongo,
Malamba,
Ucuanche,
Malenga,
Funche,
Banche,
Banche,
Lindici,
Cranche,
Quelenga,
Monoquivato,
Llavela,
Munalago,
Gomucanche,
Quibende,
Mafuta,
Quengue,
Muchinchi,
Banche,
Mandín,
Mandín,
Chamba,
Ñangue,
Quibende,
Utumba,
Dominga,
Mucasambe,
Quén,
Quimanga,
Badilá,
Mucolo,
Golo,
Ieli,
Cumba,
Sengui Mariá,
Mulici,
Quilandi,
Madianga,
Gonfunche,
Mucunda,
Magembe,
María,
Bunche,
Quilongo,
Muinga,
Bési,
Musumbe,
Demba,
Lúla,
Llombe,
Musambí,
Merisela,
Quillinga,
Menchanve,
Quilonda,
Cañínga,
Sembe,
Madiá,
Madiá,
Musonde,
Unlúci,
Ibenche,
Búcu,
Mádi,
Pemba,
Chamba,
Quebanda,
Quiam,
Quibondo,
Fefe,
Luquila,
Bucu,
Lleré,
Quesári,
Llembe,
Ióne,
Bési,
Mucáma,
Majebe,
Muchi,
Quimbamba,
Musacilembe,
Mutumba,
Guéme,
Liquíri,
Guéme,
Lúcha,
Quilambe,
Iuave,
Llíla,
Musamba,
Mamacance,
Delé,
Ñanga,
Quimene,
Cása,
Chenga,
Berí,
Locho,
Llembe,
Mullinga,
Macaya,
Muinga,
Gola,
Gumba,
Dembe,
Minsa,
Cádi,
Quengue,
Misámi,
Jean Jones,
Esaibas,
Joaquin Tere,
Murgele,
Domingo,
Bansah,
Cutaino,
Laufulai,
Labo,
Camboulai,
Cadeefah,
Cadeefah,
Feelinfah,
Barrasai,
Maumoad,
Lanloe,
Cairulay,
Quaquah,
Iaiguaí,
Corlai,
Iabon,
Lamko,
Barrai,
Lagon,
Quaih,
Tonsua,
Dó,
Mayal,
Mahonmoad,
Barrah,
Tantonesa,
Lámai,
Niaquai,
Bebafua,
Lambah,
Mesalai,
Samba,
Potase,
Maumond,
Nonsah,
Azonmah,
Lonmah,
Iarrah,
Monza,
Coelai,
Branfo,
Sanai,
Ieso,
Atoa,
Coelai,
Tambah,
Fambah,
Era,
Nirya,
Lamor,
Lambo,
Buzah,
Sarrabah,
Lamba,
Laine,
Quesarai,
Lara,
Lonqua,
Ballah,
Boroconnah,
Leede,
Barrah,
Bromah,
Lanma,
Marai,
Masonbah,
Senah,
Nonngen,
Coolie,
Barah,
Lonenie,
Iarrah,
Serai,
Saucamasa,
Arifans,
Quiasáa,
Lonsua,
Louma,
Coneli,
Dorinimai,
Aponlonso,
Damba,
Sambah,
Marailah,
Lamainai,
Guai,
Ivallai,
Mellalie,
Coton,
Labot,
Connedia,
Tambah,
Memonideu,
Casiffe,
Anante,
Collai,
Laon,
Nenfa,
Lambah,
Simile,
Todaicuba,
Serai,
Tambah,
Massa,
Era,
Tamonrah,
Garraparre,
Conita,
Fatah,
Caterina,
Anselica,
Juliana,
Coomba,
Maria,
Moyia,
Jenai,
Cattee,
Sairah,
Chah,
Nempona,
Enounemai,
Alhons,
Tanai,
Mameny,
Nempona,
Fatah,
Reamai,
Mamma,
Senai,
Lazah,
Caterine,
Liza,
Coombah,
Senaizia,
Lazah,
Fatah,
Fenda,
Conta,
Daniel,
No tiene,
No tiene,
Unfaldí,
Beré,
Allaí,
Olló,
Inimonió,
Terumí,
Antoní,
Dogú,
Oyó,
Lacono,
Maduecuyo,
Ayuá,
Cuchi,
Dogú,
Aquenó,
Aladé,
Bantefa,
Oladaquo,
Alloví,
Irem,
Fabuadé,
Atandá,
Udichina,
Joalloví,
Olló,
Zumala,
Dogú,
Aquizo,
Ochó,
Oderecú,
Aladé,
Uguburí,
Tamichiné,
Eyegiyó,
Ayereyé,
Safoú,
Abatayo,
Oguincolú,
Ochílé,
Ayaé,
Atebàgá,
Dogú,
Ubullaé,
Fabumy,
Ocué,
Zuquelú,
Urú,
Otó,
Ulutono,
Eribolá,
Mahoma,
Bará,
Ucudilé,
Güerí,
Ochó,
Uluchuvú,
Lidí,
Aremú,
Aderumalé,
Esechlumi,
Mubuguyé,
Aduyemí,
Igué,
Idogú,
Acodeyí,
Uguby,
Aquíseleé,
Faloni,
Ayaní,
Olecumbí,
Odemdý,
Ocusolá,
Cuehí,
Ugubillí,
Ainó,
Babanló,
Bambae,
Odedeí,
Ochó,
Jáyobabé,
Arason,
Murú,
Anubó,
Olló,
Afanemoní,
Aladé,
Ognullama,
Uyuisino,
Oguychuche,
Olochinucé,
Allání,
Valudí,
Ulumalí,
Aquimiti,
Decue,
Ochó,
Ugüeco,
Jelí,
Bará,
Oruyomé,
Agutoré,
Olló,
Lade,
Aynó,
Odú,
Molequí,
Susane,
Iede,
Ieubulellá,
Noní,
Serafina,
Ayaé,
Coty,
Omoré,
Egú,
Allaé,
Elotocú,
Egumumi,
Adefolabí,
Ollotondí,
Fruren,
Ocuyanigó,
Ilorí,
Amodelé,
Llogüa,
Lalitó,
Ató,
Amarú,
Osurbumy,
Efuialeque,
Ozuobuimbo,
Eburalaia,
Fatayó,
Ayenumuní,
Zagubalá,
Ayuó,
Achiniqué,
Jatumqué,
Olomucú,
Ailabe,
Erufá,
Sengamió,
Amapué,
Allicubí,
Efuyumicá,
Ulagüe,
Ochubumy,
Oebé,
Monogüe,
Aynó,
Arogumusy,
Bándulo,
Abayomí,
Ollololá,
Obabí,
Allaí,
Talaví,
Ifaremý,
Epumiayú,
Ambunú,
Anyebe,
Uton,
Iába,
Allaé,
Aroye,
Odeví,
Landeqüe,
Igüande,
Moláre,
Insí,
Igue,
Ulibí Joré,
Lely,
Fosé,
Doy,
Cuabé,
Bá,
Bená,
Bá,
Cosongré,
Saro,
Guebó,
Bá,
Pau,
Guma,
Tangaquá,
Só,
Duarí,
Quindi,
Momo,
Quemo,
Canillá,
Momó,
Bongó,
Cori,
Gau,
Grabao,
Daarú,
Bá,
Cosiá,
Bongó,
Jille,
Guemá,
Guebó,
Curamá,
Guinga,
Canguó,
Gombá,
Faque,
Bundé,
Jille,
Saro,
Cobou,
Suá,
Pau,
Conocae,
Guebó,
Caniyá,
Cobre,
Cangoné,
Huete,
Janu,
Lloma,
Bá,
Jallé,
Fatoma,
Seó,
Gondi,
Bongó,
Sandó,
Iaco,
Momuso,
Iabué,
Caicai,
Bondoá,
Saro,
Camá,
Famá,
Buangó,
Guebuá,
Buillé,
Ñangari,
Tamia,
Llana,
Guebo,
Cumé,
Coguá,
Móru,
Cotú,
Colli,
Sua,
Bongó,
Só,
Moró,
Collí,
Velle,
Cay,
Zopá,
Fuulbuté,
Bongoro,
Bongo,
Canque,
Colloma,
Coli,
Gusó,
Chó,
Guenda,
Cacuindí,
Elina,
Duarú,
Sesé,
Cotú,
Ila,
Golá,
Chará,
Sesé,
Seí,
Chó,
Sesé,
Soó,
Queacai,
Fama,
Pau,
Bene,
Cutaura,
Ioo,
Dueuró,
Foré,
Falé,
Sesé,
Iangüei,
Momó,
Fosé,
Cangoné,
Saá,
Canúndí,
Sanó,
Cobre,
Cotuú,
Bulé,
Bombó,
Goó,
Beló,
Famá,
Canlé,
Fama,
Cosi,
Patacú,
Balle,
Masa,
Quefe,
Mató,
Bamanllá,
Maiera,
Mamboá,
Fematá,
Sulu,
Mambara,
Cumbá,
Llarí,
Bonó,
Mafoma,
Mafé,
Manguein,
Manguein,
Maria,
Guenbé,
Alaya,
Fobé,
Mallimbá,
Queñe,
Cheguá,
Cone,
Guenque,
Boyá,
Coná,
Chogó,
Baó,
Lobó,
Moferi,
Boé,
Chamo,
Majú,
Iaqüé,
Golé,
Chaó,
Mafé,
Bamó,
Maplá,
Sandó,
Tambre,
Ioubá,
Manyá,
Manu,
Velle,
Samó,
Boí,
Caimba,
Manguei,
Será,
Velle,
Dorá,
Bamó,
Maquini,
Cumbá,
Velle,
Duá,
Otá,
Maqueni,
Manguini,
Cona,
Manené,
Gindillu,
Laac,
Cone,
Cumba,
Mani,
Maqué,
Manyá,
Maplá,
Bue,
Sera,
Bue,
Neba,
Majú,
Bué,
Fito,
Mapla,
Cumba,
Boé,
Manya,
Boe,
Iacaye,
Finda,
Bellú,
Guengue,
Boi,
Gué,
Guindulu,
Cañá,
Sera,
Maotá,
Mayara,
Velle,
Vié,
Iopó,
Sámba,
Fregó,
Andí,
Serigué,
Mamadu,
Coli,
Farán,
Chiriqui,
Tocuá,
Supoya,
Chiriguí,
Buacari,
Cumbá,
Fata,
Tená,
Talá,
Dába,
Antono,
Carifala,
Iúma,
Musá,
Musa,
Bócáre,
Saba,
Sara,
Tamba,
Lafá,
Sabré,
Fatá,
Sori,
Sará,
Simbó,
Fodé,
Darey,
Lafay,
Quelefa,
Masá,
Sánga,
Poré,
Pita,
Momoro,
Lió,
Are,
Baná,
Buya,
Sacá,
Sisé,
Chirigui,
Maliqui,
Furí,
Sorí,
Sisé,
Boté,
Baná,
Semá,
Pité,
Baná,
Mangui,
Laminá,
Fore,
Cari,
Iemí,
Musa,
Saga,
Moribá,
Tantu,
Quelefá,
Eon,
Lay,
Banan,
Quia,
Musa,
Foré,
Fuantí,
Misatiom,
Furi,
Jema,
Pantey,
Culé,
Benimandan,
Cala,
Cabá,
Furé,
Bosima,
Sabo,
Tingú,
Chiu,
Lumbi,
Siá,
Yemí,
Yemí,
Fama,
Jemí,
Lébara,
Faló,
Samo,
Gobé,
Só,
Lloura,
Ugó,
Satam,
Demoa,
Maria,
Dumalá,
Demó,
Bangú,
Cai,
Caguci,
Ucó,
Soanti,
Iabá,
Tombo,
Demó,
Muanda,
Cumare,
Maria,
Santi,
Chandé,
Bilerucó,
Durá,
Linquiní,
Chiriga,
Mamadú,
Bala,
Bassa,
Sorí,
Nanfá,
Culacó,
Dusú,
Dusú,
Cutá,
Fata,
Melí,
Balá,
Sara,
Moribá,
Quirá,
Saró,
Tomoí,
Llemi,
Davili,
Lay,
Sara,
Banyuga,
Masó,
Falál,
Cabá,
Iombó,
Boi,
Famore,
Famore,
Sará,
Cedu,
Quesele,
Coly,
Cotier,
Chiré,
Iará,
Mansá,
Colí,
Sebu,
Chíre,
Collí,
Samá,
Moribá,
Béla,
Mogón,
Bob,
Ioche,
Jom,
Aana,
Maria,
Baré,
Baré,
Muru,
Buacare,
Moro,
Sará,
Sambá,
Sara,
Sambá,
Iisí,
Sirá,
Juri,
Amineta,
Sipó,
Cancuey,
Quenue,
Argó,
Mansó,
Quimá,
Corrá,
Sucurú,
Bogá,
Baguí,
Quelé,
Cugó,
Sabo,
Guaní,
Catue,
Musa,
Camo,
So,
Chori,
Gocó,
Bundubari,
Pité,
Soní,
Tima,
Cálito,
Sabo,
Finga,
Sori,
Sumana,
Fácolí,
Sapa,
Sadaá,
Maria,
Cati,
Santo,
Maquilí,
Circa,
Singri,
Dubá,
Duba,
Jaba,
Valé,
Sapa,
Gae,
Sando,
Valé,
Bohon,
Duba,
Boy,
Balé,
Catí,
Iequi,
Ibulí,
Cabá,
Iavi,
Lléma,
Gaimó,
Duma,
Fengué,
Tamo,
Vider,
Tam,
Coli,
Soré,
Anchumani,
Tongó,
Elan,
Lisi,
Sale,
Momodo,
Tóloma,
Iombó,
Iomi,
Samba,
Barca,
Anchumani,
Samá,
Mamadu,
Nigué,
Folé,
Fran,
Guacari,
Cabá,
Bala,
María,
Cumbá,
Cumbá,
Dema,
Sata,
Fudia,
Duba,
María,
Barimbá,
Mauró,
Ducou,
Daura,
Daychay,
Charkoo,
Yealoo,
Ahgoomayjai,
Ahtackarrah,
Degbay,
Neejaigah,
Mahjaigah,
Komahsoo,
Governor,
Ogah,
Maddee,
Foreso,
Forree,
Bahcoo,
Hossee,
Tachkey,
Cuffee,
Yammee,
Hossee,
Indie,
Okorro,
Quamin,
Ahbokey,
Cudjoe,
Soojah,
Cuffee,
Quamin,
Woe,
Iyeabay,
Ingittah,
Quamin,
Tettay,
Dyeyourway,
Fenny,
Okolloo,
Governor,
Ewaydoh,
Neetah,
Neeree,
Amfah,
Ahtomee,
Toofay,
Prowwoo,
Aboo,
Krowsoo,
Pursoh,
Sauce,
Lahquay,
Doo,
Kackah,
Governor,
Ahwokoo,
Cuffee,
Faffoo,
Allah,
Hammah,
Dohsoo,
Charchah,
Laytay,
Koogee,
Chaychay,
Ahsoo,
Chaychay,
Darkkay,
Awahtoo,
Dayway,
Narhmee,
Cudjoe,
Day,
Dooboo,
Quahsoo,
Ahteebah,
Yaw,
Ahtway,
Ahtway,
Ojoe,
Pogboo,
Nahkoo,
Faydomee,
Nahkoo,
Tonggoh,
Boojoh,
Koodahmo,
Jahsoo,
Ahgiddy,
Chaychay,
Quamin,
Lessah,
Seelenggah,
Jahhah,
Koodohme,
Barroo,
Nahvogay,
Attah,
Bahkyewah,
Chabaymoh,
Koroavay,
Loopay,
Scharsoo,
Ahbochey,
Julloo,
Adee,
Quamin,
Maysai,
Bahqueyah,
Quamin,
Quashey,
Ammah,
Keybay,
Tettay,
Jayhah,
Cuffee,
Cuffee,
Samnahfoo,
Nammee,
Iyee,
Yaw,
Flemmesoo,
Dohsoo,
Krew,
Ahkoobeyah,
Cudjoe,
Bayloo,
Konnoo,
Jayhah,
Quashey,
Degbay,
Dohsay,
Davayvee,
Ahmahvee,
Honey,
Awookoo,
Kossey,
Korway,
Chaw,
Loochah,
Jammahwoo,
Imbonnah,
Poehaysee,
Mammetoboh,
Ahpenno,
Ahvemmayyee,
Haggee,
August,
Baysennoo,
Ankoobah,
Yahbayshe,
Yahbayshe,
Ahbrawah,
Ahpallah,
Yahwah,
Ahpallah,
Coco,
Yahwah,
Mahwosee,
Ambah,
Koogee,
Ahwah,
Joebesee,
Sah,
Kallahsee,
Ahbaypay,
Ahfallah,
Doe,
Nangerjai,
Ahkossebah,
Ambah,
Embay,
Taffesee,
Pogee,
Dogway,
Anguash,
Ammah,
Yahwah,
Kossebay,
Waysah,
Mamayno,
Eyonnenoo,
Ambah,
Amba's child,
Nahdoo,
Tallahmee,
Tallahmee's child,
Guay,
Yahwah,
Kosee,
Ahqwah,
Tongoh,
Tarparrah,
Egballay,
Ahfooah,
Dayday,
Coco,
Pawpaw,
Nahhannah,
Ambah,
Ahfewah,
Ahcoah,
Yahwah,
Ahbayshe,
Taysee,
Lahjoiee,
Lahtaste,
Kuttoh,
Koquay,
Ahpallah,
Kambey,
Boway,
Hahquay,
Koquay,
Ahkossebah,
Bammayme,
Dayday,
Ahwaysee,
Dayday,
Ahfaysee,
Ahyendo,
Nowahdoh,
Ahyosay,
Sah,
Ahsopay,
Kassee,
Ahjewah,
Dayquah,
Ahkowah,
Kosee,
Kensey,
Ezzickay,
Urob,
