name,Unnamed: 1
Bora,
Flam,
Dee,
Pao,
Mufa,
Latty,
So,
Trua,
Tou,
Quaco,
Teagu,
May,
By,
Fugra,
Haso,
Currasa,
Cochair,
Darcaue,
Quarko,
Arge,
Comme,
Osay,
Barquar,
Carpine,
Soconey,
Flawe,
Gebunger,
Care,
Jeer,
Dar,
Tooar,
Namwick,
Monar,
Whar,
Whay,
Currier,
Maphy,
Ghar,
Saliar,
Pay,
Dayhoo,
Jutar,
Scurrasay,
Marnar,
Comar,
Tofar,
Ba,
Guyfor,
Tanna,
Brogoo,
Guy,
Juar,
Buy,
Garrar,
Fy,
Sue,
Qingee,
Bar,
Surar,
Boway,
Day,
Frar,
Humom,
Woyho,
Podar,
Nausey,
Bleak,
Sam,
Truar,
Maddie,
Quagmar,
Gibbar,
Guguy,
Gettoo,
Bendoo,
Tattio,
Gucour,
Sowar,
Whoyo,
Bassdey,
Guray,
Tendy,
Gotasay,
Yaffee,
Gundo,
Bohardy,
Mumboo,
Cannonbora,
Bongar,
Basammer,
Quackey,
Bear,
Sambe,
Tombar,
Garmo,
Sacay,
Jingo,
Tommyer,
Yer,
Sambar,
Yondear,
Zoole,
Foobunger,
Dorray,
Bromnia,
Tambar,
Gowar,
Congue,
Yagway,
Bongo,
Quarnice,
Whyne,
Gogo,
Jewler,
Myer,
Cy,
Combar,
Saysa,
Furrar,
Congo,
Bassammar,
Tombo,
Econner,
Turrar,
Candee,
Yarcoo,
Sundo,
Jarvay,
Parmer,
Martaigo,
Goma,
Tarbonde,
Quayay,
Warmay,
Fanna,
Sar,
Dolley,
Quarary,
Warboway,
Quargay,
Quariery,
Barye,
Doony,
Cundoo,
Doomar,
Mambarrer,
Femar,
Marry,
Quanger,
Tombassy,
Quassy,
Yarrawquar,
Garno,
Gingada,
Yaingo,
Dungo,
Boy,
Dogway,
Tangway,
Satide,
Yaddy,
Bono,
Conger,
Condee,
Secar,
Whingar,
Gungar,
Quanar,
Findar,
Feewar,
Sandio,
Teemar,
Monyer,
Quarney,
Jiller,
Narquar,
Marnmar,
Marner,
Canna,
Conner,
Marnmon,
Marngeer,
Ferry,
Martor,
Comnio,
Marsoo,
Marfay,
Conna,
Yarboy,
Farro,
Farfarbinjer,
Wanger,
Sumay,
Surrar,
Bocarry,
Yardoy,
Marmardoo,
Harsanna,
Sarrar,
Gurar,
Humour,
Sumbar,
Beebo,
Suregee,
Barray,
Whygar,
Boguar,
Suretree,
Barrar,
Dolloo,
Jimbee,
Jaiguay,
Minney,
Yugway,
Barley,
Tewar,
Yarmoo,
Carquar,
Yararr,
Yeo,
Fumarney,
Sallar,
Malagar,
Marsar,
Gillar,
Marmode,
Jack,
Jim,
Hummodore,
Surry,
Morrerow,
Yallow,
Yarbub,
Farmoro,
Cartoolar,
Alleme,
Tarmole,
Warsar,
Yar,
Surboo,
Sarlar,
Commeear,
Narfacoo,
Warday,
Brimar,
Tunnar,
Suvanna,
Farcar,
Cardee,
Darvar,
Coombar,
Larmenar,
Bannar,
Norcar,
Sange,
Quirecar,
Barra,
Becho,
Qui,
Quackky,
Yeoar,
Sammar,
Whecar,
Tarfar,
Hurry,
Bubby,
Buqwar,
Frankway,
Jesso,
Qippoo,
Parr,
Boyroo,
Guntar,
Trinnar,
Sugrar,
Mongue,
Sinnar,
Susee,
Suar,
Geear,
Say,
Yam,
Tecar,
Simwar,
Cherry,
Bassoo,
Narshwar,
Whydoo,
Quay,
Sugoo,
Quar,
Sayroo,
Kiabree,
Shoestray,
Buyroo,
Sugar,
Jibbar,
Barr,
Qibbar,
Pyhoo,
Congoo,
Cutto,
Sannar,
Quannar,
Dear,
Quirrar,
Quy,
Paymar,
Marday,
Monday,
Marpoo,
Jakar,
Kung,
Why,
Greddy,
Commarch,
Goway,
Quarpay,
Gay,
Suartoo,
Songea,
Ki Bungee,
Galee,
Musa,
Nacquay,
Bajar,
Mayo,
Bayna,
Fama,
Fendoo,
Tomba,
Tomade,
Top Caree,
Fingee,
Faimy,
Fona,
Mane,
Merbo,
Moudy,
Kong,
Domano,
Mabundo,
Beroo,
Jewah,
Jongo,
Fabanna,
Weioh,
Bengee,
Melwah,
Nannyweeah,
Corry,
Gongobeeah,
Samina,
Suseeh,
Moah,
Bahloo,
Quameh,
Bab,
Buahloo,
Besseh,
Jalla,
Seeseh,
Nahyure,
Graybean,
Massa,
Naquay,
Patton,
Burrah,
Cunnah,
Tongenah,
Seesole,
Toura,
Curry,
Whywoh,
Tongoh,
Tarramole,
Seesah,
Maquay,
Tarsole,
Bonnaseeah,
Joe,
Callamoah,
Nouerq,
Noyquerry,
Tinwarrole,
Nayquay,
Nongah,
Uwag,
Quei,
Wowah,
Geei,
Jonney,
Wagenna,
Wogue,
Colluey,
Tumah,
Colluo,
Yehley,
Collue,
Yeowah,
Gulling,
Seeahia,
Woow,
Wow,
Loeabaloh,
Acquan,
Wangoma,
Eckong,
Hannoo,
Hosoana,
Weheacke,
Ahoungoday,
Ohadquoy,
Hewoo,
Amackawodee,
Nyahmoley,
Watchakoe,
Mafekolay,
Goensee,
Acquanooah,
Eneya,
Ennookan,
Oamau,
Acquachi,
Hoorah,
Oamarken,
Acquan Oamau,
Enyah,
Atop,
Ecannah,
Oadam,
Oolaha,
Ahbukroky,
Oodumba,
Chamdah,
Edallah,
Yaumah,
Moollamamah,
Alamuhee,
Wokuady,
Accessey,
Hoga,
Comay,
Oobah,
Oaaka,
Onubo,
Otchuboo,
Annalaylen,
Baakea,
Anaquah,
Mamma,
Assimilah,
Ochappo,
Cootsai,
Heboo,
Marcantum,
Hodio,
Hequiker,
Hanoser,
Hendarfogam,
Manmoque,
Mafocha,
Harcoo,
Wanhoo,
Hobear,
Hoar,
Honui,
Hattomy,
Habochar,
Menach,
Hanora,
Homur,
Hibunah,
Achu,
Hicattoramia,
Komulue,
Armatta,
Buchy,
Kacanon,
Alaboo,
Gouchy,
Urooh,
Kutchikoo,
Chibo,
Incaboo,
Boucoo,
Auklolky,
Appa,
Ireman,
Uduissa,
Comalee,
Alloukah,
Aucko,
Oukwalla,
Pourah,
Happian,
Uricko,
Enapa,
Ecahako,
Housau,
Hapah,
Gudou,
Wibe,
Apa,
Cantah,
Ohuassu,
Oboucoo,
Ingove,
Joek,
Afrokoe,
Lageanna,
Okearfoe,
Omeek,
Orenfah,
Ugbatt,
Omuk,
Hejbo,
Wijuatcho,
Wibuatcha,
Hepyth,
Esalamy,
Oliak,
Edwado,
Adialah,
Acanfoh,
Babash,
Akwolly,
Egabaa,
Alozue,
Messoue,
Ouckre,
Acanda,
Emawhow,
Eboguay,
Micatcha,
Acanfa,
Cannob,
Hoghee,
Houday,
Amonaillo,
Anohah,
Acquahah,
Amnohah,
Ahlam,
Eatsou,
Ogoh,
Olofiah,
Inyah,
Ochiah,
Pabia,
Afoonabah,
Edefong,
Ahborbah,
Ahkoemy,
Ahsiquashy,
Parlo,
Obary,
Olieree,
Ahbah,
Engbang,
Mowh,
Jackoh,
Anemogo,
Engdong,
Ohdmgmio,
Quomah,
Abassa,
Butamir,
Yaho,
Haser,
Hochu,
Hyducan,
Unknown,
Hoolayboo,
Comba,
Samba,
Manda,
Bye,
Fagu,
Lally,
Oudam,
Haga,
Horam,
Okawho,
Hoodan,
Amana,
Acquan Monki,
Acladock,
Sumah,
Adfudola,
Sandah,
Suffdah,
Candiho,
Alayala,
Hocha,
Ekajoy,
Accouualah,
Harloo,
Oomanah,
Emaliko,
Acamolay,
Acappa,
Okarroo,
Anilah,
Ewoolah,
Okara,
Odamah,
Ohalee,
Obee,
Gidap,
Okatchee,
Eshee,
Jidoo,
Adjio,
Wango,
Eboquay,
Okranko,
Houtcha,
Anguagh,
Anaghha,
Ohayley,
Wakaykay,
Osasu,
Wisiacre,
Ogahakee,
Farquah,
Enan,
Moonah,
Essalah,
Okala,
Peddy,
Ohdah,
Okhagungro,
Ohnodah,
Gallah,
Oloberaa,
Owarah,
Gomera,
Affenda,
Warah,
Bullah,
Hispoo,
Bah,
Affah,
Appindah,
Bullahah,
Equah,
Maggo,
Emapo,
Efunuma,
Efumma,
Bager,
Gumar,
Goffrar,
Loquay,
Alalack,
Hugo,
Pattamore,
Mogaguer,
Waam,
Momo,
Chador,
Norquay,
Bacca,
Hidooaurbo,
Hocconoma,
Humbara,
Coocoo,
Mogo,
Hamaman,
Hocher,
Huar,
Egum,
Usaro,
Wadah,
Mocamba,
Izouk,
Whafa,
Ophonka,
Mouri,
Enumah,
Audah,
Calouas,
Alinda,
Ouwago,
Eboura,
Eguagh,
Ogho,
Wahimia,
Mairboo,
Bicca,
Adda,
Ejako,
Canama,
Baocoo,
Ehirmica,
Magina,
Ahoua,
Acritha,
Bombafo,
Oganola,
Dilechacho,
Kinakee,
Jinclado,
Wamboaka,
Acadenoma,
Adonimona,
Acamala,
Afun,
Acabatha,
Gakacha,
Auanacha,
Assaghas,
Oninah,
Ara,
Ahkeyah,
Ahdah,
Ohgolohoy,
Wohahna,
Giffrar,
Bendos,
Gugey,
Whogs,
Corner,
Ougo,
Elletelham,
Edea,
Oudaka,
Alamu,
Oleac,
Ocazima,
Wojo,
Ajogola,
Aduzee,
Aguaca,
Agamauga,
Ojah,
Wharfo,
Aguam,
Ella,
Oilla,
Elima,
Acima,
Auremiria,
Eka,
Ecala,
Ebinka,
Adjuma,
Agio,
Indoapa,
Bouagoa,
Oudouna,
Acanesia,
Islago,
Audouana,
Aloogo,
Ecca,
Ellamanga,
Wahkaye,
Ahlaranuah,
Luhuahay,
Deahiah,
Ohguah,
Nahbaye,
Daamba,
Ahkanulah,
Ahhame,
Henia,
Mang,
Damboo,
Deba,
Mamong,
Oba,
Efong,
Arnataug,
Anna,
Oitah,
Nihnah,
Hindoh,
Ohlassee,
Muniquah,
Oucan,
Oudah,
Oomogo,
Imbaucoo,
Halem,
Hurrah,
Houway,
Elawhow,
Hanyah,
Heybah,
Hebake,
Ganjan,
Abahma,
Jeydoo,
Abbah,
Ahsam,
Dandokna,
Ungoma,
Owoola,
Obura,
Norquor,
Aquajohn,
Asomassa,
Amoloco,
Uwau,
Whadatow,
Honoche,
Archeone,
Halimon,
Awacorr,
Holoo,
Aggar,
Hanuro,
Menack,
Harbuccoo,
Hinor,
Hakoy,
Yaygor,
Yucklong,
Name,
Naham,
Hasema,
Hocone,
Accuah,
Huguama,
Contuurtum,
Arromer,
Hoomquah,
Hogoleak,
Humbar,
Huback,
Coratt,
Nolianga,
Huackio,
Workar,
Houa,
Gallachar,
Cando,
Ardaguem,
Hockerjack,
Guarmer,
Barroola,
Lome,
Normack,
Narlaye,
Accacoon,
Atteo,
Assa,
Alen,
Accan,
Eacarr,
Heammy,
Yamba,
Huchim,
Aquarry,
Mamody,
Bemar,
Acquor,
Mango,
Wolar,
Hisane,
Gone,
Attar,
Bambay,
Potee,
Accor,
Hugooke,
Daquah,
Hofong,
Ocmottoy,
John,
Hosa,
Hegah,
Hebee,
Hubar,
Aeyum,
Acom,
Abomamy,
Humo,
Hobae,
Myhoo,
Ansoong,
Abassee,
Accindum,
Cordinum,
Apee,
Quadoh,
Hehung,
Hemdokoh,
Henyah,
Humkrar,
Coffa,
Hocuntah,
Ocol,
Ofam,
Abasee,
Antio,
Anaimo,
Echo,
Hena,
Hokee,
Benoekoer,
Himboo,
Chaur,
Afonchue,
Ioffan,
Hogum,
Hutung,
Hochue,
Sambo,
Danba,
Danny,
Prasna,
Egboockboo,
Fuma,
A Team,
Adong,
Furong,
Condo,
Ahay,
Haca,
Humbea,
Ounknou,
Yeah,
Hufong,
Bon,
Acharlen,
Hogo,
Bore,
Himona,
Barrowfa,
Boree,
Domane,
Bocey,
Hussy,
Enegba,
Ogbah,
Hegepah,
Gondam,
Bertather,
Beneyah,
Yaroah,
Macia,
Martah,
Enyeh,
Oloy,
Cocessa,
Atotu,
Ingua,
Cumacah,
Maoh,
Aduah,
Bukway,
Hack,
Adai,
Tooquah,
Hacommer,
Nofau,
Aguoy,
Henyadt,
Answer,
Romir,
Himbo,
Hogua,
Nigdee,
Gimmy,
Imboakky,
Habbar,
Hangonna,
Bacray,
Hononquay,
Barcey,
Ohaloo,
Allah,
Guychu,
Attah,
Anatah,
Cutsha,
Acquanna,
Quittee,
Omoh,
Marker,
Ucbea,
Cunescue,
Hodue,
Sanker,
Laiaoh,
Madame,
Boochar,
Gadao,
Bucharry,
Hycholar,
Lah,
Barrorah,
Hodoo,
Hooh,
Adang,
Adojah,
Harsarsay,
Andidie,
Adam,
Doe,
Adou,
Acarhulah,
Soopah,
Sodoh,
Tamboi,
Achavock,
Achow,
Honodu,
Chinahee,
Inoh,
Turrioh,
Housah,
Monoboo,
Hodashie,
Hago,
Copoo,
Nasarrah,
Maddu,
Hogah,
Aderachm,
Barhoo,
Adoode,
Momnah,
Sidoo,
Cudoo,
Mamnah,
Niem,
Dunoh,
Loochaheth,
Sooncho,
Die,
Alafee,
Cunatee,
Marsordehee,
Midoo,
Akooloo,
Handue,
Cocooe,
Atalooh,
Heseloh,
Achartokee,
Huna,
Lamdoh,
Fudoomah,
Gohana,
Flodoo,
Salanguo,
Samdah,
Tudoomah,
Gaboorea,
Silodee,
Nekoy,
Akami,
Asana,
Lagafie,
Saffa,
Jantaur,
Assomby,
Aciley,
Acebo,
Omby,
Marmoo,
Bearry,
Ocasso,
Agabie,
Gapu,
Pellu,
Billaso,
Tilly,
Esalie,
Mamo,
Adomy,
Ambicloy,
Aonia,
Singa,
Noividay,
Senga,
OWodon,
Orega,
Aiely,
Tabili,
Amodoa,
Sido,
Ego,
Bohimmy,
Mamu,
Acob,
Adsoma,
Finkong,
Minassa,
Oga,
Laidy,
Bogoo,
Auco,
Assebee,
Sanoo,
Coopassa,
Huno,
Lamdah,
Gaboora,
Filodaa,
Salargue,
Coopassee,
Lookalah,
Soola,
Doosamo,
Tibterah,
Muchadoo,
Beck,
Ogolah,
Amodoe,
Husah,
Looklakme,
Haribook,
Loewarthoo,
Igee,
Dahdoh,
Ocosah,
Appassa,
Alapi,
Dotta,
Callalow,
Hutan,
Ogabee,
Allu,
Aklooden,
Adsay,
Listo,
Nicobee,
Momodeo,
Lawoepan,
Dabewee,
Heeno,
Adocha,
Boyher,
Ochoe,
Cochonesey,
Abiggy,
Holofanny,
Abissalah,
Houhah,
Cussie,
Houssa,
Morooh,
Dobay,
Adessah,
Habie,
Aibul,
Mamonee,
Acobe,
Ogassobee,
Olacen,
Averdou,
Adogo,
Colay,
Osia,
Abauki,
Tilmi,
Sappa,
Agbassai,
Imbossa,
Asama,
Alimbaga,
Alissa,
Alima,
Alaaba,
Alubessey,
Timmy,
Cassa,
Acodie,
Guissoee,
Canosah,
Lattotie,
Abagui,
Alagui,
Dehoy,
Hinhobah,
Agamohie,
Acknambar,
Ladoche,
Coromante,
Henonsey,
Henomache,
Manqua,
Hoche,
Echainka,
Echrochon,
Goforah,
Tsee,
Hobesukah,
Goteh,
Eblisa,
Handgoomah,
Hochro,
Hechoso,
Como,
Chilla,
Hillatacho,
Lenesee,
Equa,
Lewies,
Whyerah,
Homoqua,
Achrah,
Lachoche,
Henacha,
Hichnoma,
Chekakoo,
Monqua,
Enegrah,
Hannow,
Hannoh,
Ochoree,
Nemogee,
Hochonah,
Nargosay,
Hotochone,
Jahwah,
Hobee,
Hodefah,
Hocho,
Horah,
Heson,
Aquam,
Horso,
Hochanba,
Homarah,
Aquon,
Whaqua,
Harnee,
Machom,
Homo,
Madeque,
Whockdu,
Acolen,
Agho,
Acoco,
Acan,
Edoco,
Younks,
Wanoka,
Usbabe,
Wonhan,
Adhal,
Apha,
Urong,
Gumcumna,
Urang,
Apan,
Honache,
Honabache,
Hecomwah,
Huchonepe,
Egoma,
Hockanabe,
Horaboy,
Hiachrah,
Hoahona,
Marpho,
Adah,
Honah,
Henonah,
Mosna,
Chachah,
Hochnar,
Barfew,
Homerah,
Narmarah,
Heggoree,
Hookaboo,
Honyah,
Whaborah,
Honymah,
Udeage,
Aloohara,
Euecolon,
Farank,
Cotuma,
Dahedamar,
Hestah,
Embora,
Ahconer,
Enigbar,
Bohboo,
Aigbar,
Achie,
Cower,
Shakboo,
Canana,
Gondeh,
Damagah,
Uchah,
Aqudo,
Armah,
Camiwha,
Erakah,
Whabajah,
Acona,
Camaroon,
Coleash,
Woongarah,
Ham,
Hebachee,
Aquan,
Aquandrah,
Aquajee,
Honaboo,
Hewahmah,
Moco,
Hogoo,
Quahanong,
Gam,
Habasee,
Hojoto,
Hessome,
Hochanam,
Hochopar,
Hebasong,
Chucona,
Goche,
Jaba,
Apakee,
Anowaine,
Cacochu,
Doudokba,
Achako,
Emanho,
Ahanko,
Wakatcha,
Namege,
Hobo,
Butah,
Okrah,
Ameh,
Amoukah,
Acrou,
Wokah,
Onokra,
Ohro,
Notawega,
Mutabou,
Akbour,
Elam,
Apunlee,
Apun,
Yengah,
Onkoy,
Ehlam,
Katoubun,
Wonkam,
Akbun,
Apim,
Opallah,
Ukbak,
Yamasa,
Arbade,
Akho,
Valei,
Akoy,
Atong,
Eyab,
Akbo,
Ekba,
Sabenha,
Hokab,
Atewah,
Ohgorah,
Bakah,
Amashong,
Pontuka,
Acoonowha,
Whala,
Barah,
Aquah,
Bochnar,
Grass,
Chewhobak,
Cotarsch,
Acoomcah,
Marway,
Guinah,
Momah,
Umbodah,
Janamah,
Metchkoh,
Grash,
Mowah,
Onfach,
Womah,
Whararh,
Sarvenha,
Butak,
Rawe,
Abassey,
Imbaa,
Isuar,
Ofee,
Rodeefeer,
Incama,
Narah,
Akoo,
Hefoo,
Asaeo,
Battie,
Banna,
Gua,
Hembaa,
Gea,
Assong,
Calahon,
Worr,
Figara,
Luciou,
Acon,
Enoh,
Bry,
Inbeng,
Lamar,
Deking,
Cabassey,
Bricamb,
Amaloape,
Anuaw,
Adaer,
Learcaa,
Gonevaa,
Hosaar,
Hegoo,
Awaa,
Wontaa,
Accomba,
Song,
Assonkay,
Econg,
Cobeekenana,
Etanie,
Ocos,
Gomay,
Oko,
Finque,
Breken,
Quana,
Tom,
Yabba,
Bocary,
Masa,
Farie,
Moosa,
Siacha,
Will,
Yarra,
Lahia,
Wamacha,
Barie,
Tomma,
Buakak,
Dubak,
Brimak,
Sarree,
Farsanee,
Kalee,
Laruba,
Farsalee,
Yamuise,
Souliniana,
Aasomanee,
Allhose,
Mando,
Balamangar,
Balamaugas,
Juma,
Maroo,
Bengay,
Bougar,
Mordoo,
Tackori,
Laraa,
Tarballa,
Laugar,
Fatimata,
Yandora,
Irminee,
Dora,
Sera,
Yalie,
Maria,
MaSheree,
Siraa,
Brudoo,
Borta,
Carriba,
Thomas,
Francisco,
Sentalia,
Antonio,
Manoel,
Usar,
Estaio,
Ambrose,
Domingo,
Burroh,
Ecamee,
Gigeh,
Ewagah,
Toak,
Tremah,
Cassauh,
Bucary,
Bulleah,
Pedro,
Usah,
Porter,
Fesuma,
Barrah,
Bemamee,
Silly,
Tomiba,
Dossery,
Tamba,
Mamodu,
Cambally,
Canima,
Managarcio,
Lama,
Paro,
Munyaco,
Egho,
Momodoo,
Saraa,
Priva,
Nafah,
Sardoo,
Kente,
Marmadoo,
Moroo,
Ausonanee,
Cordi,
Erah,
Punkie,
Anapor,
Samoo,
John Tom,
Uhah,
Patrony,
Caremo,
Mounsaidy,
Farrar,
Whalee,
Sarrah,
Pasgual,
Adeah,
Manyaboys,
Macaramy,
Narloo,
Dick,
Sahdo,
Sokey,
Oramue,
Oscrenla,
Tamila,
Alass,
Sarraa,
Bugoree,
Toukaree,
Calefar,
Jack Ross,
Harry,
Sadie,
Caliphar,
Jana,
Numburah,
Junianah,
Amonio,
Fendah,
Tarah,
Mania,
Caugee,
Fatima,
Belinda,
Kennia,
Cama,
Naiguo,
Tayaho,
Sonfee,
Toonyarah,
Yarrow,
Wolama,
Chache,
Chega,
Saloopo,
Booray,
Senea,
Kilenda,
Conde,
Mi Boa,
Carch,
Tadey,
Anawarlie,
Annah,
Cumbah,
Sambok,
Chack,
Matau,
Crosie,
Coomba,
Sally,
Gilbamah,
Timbah,
Carkemah,
Coutah,
Narbie,
Morass,
Cuta,
Yalee,
Tenada,
Bassa,
Marian,
Sarah,
Ningyeb,
Siesah,
Teresa,
Cumba,
Saville,
Sinalee,
Carleo,
Caitarno,
Jose,
Moses,
Yangar,
Lallea,
Limba,
Marna,
Tamborah,
Onoo,
Amoney,
Ober,
Aacholoo,
Ebouk,
Lubbomee,
Refuney,
Adumee,
Okwar,
Acobinee,
Goosie,
Lagee,
Robin,
Armom,
Lobeo,
Dyabee,
Ansoolom,
Woodala,
Euban,
Anoo,
Arboongo,
Quebo,
Chosa,
Laquoa,
Farlimi,
Codlarusi,
Aartooli,
Woogobi,
Koolami,
Labando,
Boogarbi,
Adow,
Mamoo,
Mama,
Atoolee,
Marooloo,
Cambaree,
Acootoloo,
Googobee,
Dinigana,
Amoroo,
Aba,
Adee,
Agoo,
Debee,
Agosoo,
Acoomodoo,
Warlee,
Tock,
Hasma,
Awan,
Echoco,
Dadalli,
Aboquo,
Mogui,
Ocon,
Asula,
Jeeara,
Ega,
Barbanna,
Tabalee,
Adada,
Ayara,
Wobaga,
Tama,
Forgo,
Eli,
Agay,
Nooguoy,
Namoo,
Joy,
Caboda,
Logoloo,
Jobooco,
Lettilocho,
Lasandy,
Alley,
Bambanna,
Yetsa,
Silla,
Mesono,
Satche,
Bomnanee,
Tanda,
Fatigaa,
Bocoo,
Edisoh,
Lasoroh,
Cambee,
Eydo,
Yama,
Luan,
Lattie,
Enaboo,
Laban,
Kinekenny,
Yakaa,
Yorna,
Pollac,
Madiack,
Marimee,
Adooyun,
Pattuchba,
Housa,
Abotock,
Acca,
Rofor,
Naguon,
Laboy,
Jock,
Altom,
Luady,
Lubow,
Ana,
Laqua,
Docko,
Tenay,
Ladaa,
Landa,
Enna,
Gendy,
Acong,
Ecoati,
Sanjoh,
Acomgey,
Asaladah,
Liybah,
Fanee,
Teewasah,
Sowah,
Kawark,
Flowhoo,
Doorachra,
Beadro,
Quee,
Minia,
Yerah,
Buggy,
Kimgy,
Pieuro,
Quama,
Wesong,
Meeong,
Bardy,
Soorah,
Kay,
Tah,
Goodah,
Tagoo,
Quitee,
Loo,
Commah,
Parjoo,
Mardaa,
Gwabannah,
Gwabana,
Abannah,
Abana,
Harfh,
Abony,
Coffee,
Abanna,
Ammah,
Ecog,
Amanar,
Ujugo,
Ibegnacoa,
Udor,
Yerrabar,
Barco,
Menasarer,
Binny,
Geboo,
Ajoulocong,
Arsosou,
Acondyole,
Aloopardy,
Ajoy,
Ayparmy,
Lombarry,
Anikee,
Caute,
Canoe,
Hiena,
Owywoe,
Ojoe,
Ogdlarmay,
Osallattar,
Onadoo,
Bosoo,
Hyillar,
Archollombe,
Tagonsay,
Cocabberry,
Argeboul,
Ardo,
Coolarmy,
Acollar,
Ocononay,
Ajor,
Agombaby,
Labordy,
Allardy,
Ardejon,
Oloome,
Ollodayar,
Bussuijgee,
Ebo,
Aideyon,
Ajoe,
Amdoo,
Ansallargay,
Yeggeo,
Arwoodoo,
Sellifarroo,
Epperrerwee,
Worofeen,
Assabee,
Occoomb,
Acbo,
Aborwo,
Arbo,
Candareen,
Ocoree,
Duwanya,
Annyassee,
Manway,
Eromay,
Frederico,
Japay,
Dafong,
Umanachee,
Jassam,
Jeru,
Assam,
Adju,
Mossieh,
Byarmee,
Korbajay,
Hahgimah,
Moconano,
Dadee,
Dunkarem,
Momokollo,
Mambah,
Hagy,
Alimo,
Mockbarra,
Amelica,
Equabellah,
Ochornina,
Onojah,
Kurketchin,
Ecocooho,
Naigh,
Dryockek,
Urrah,
Quamo,
Marraly,
Guddug,
Ebanu,
Enjay,
Zumuxah,
Allowsee,
Johaunah,
Coolatra,
Ohager,
Boonay,
Okoy,
Onakia,
Hona,
Asubia,
Yanoboo,
Hobeth,
Okoobey,
Avigacha,
Hoodaloo,
Agagoo,
Igabonah,
Opakoo,
Iyaloo,
Timdah,
Chatasoo,
Jatanoo,
Hyhoner,
Abbgree,
Addebassa,
Awaway,
Fiey,
Kemfoo,
Mamoona,
Hyenah,
Ogoonallah,
Kossnekker,
Aloonekah,
Conallie,
Addoo,
Allibo,
Ordeyon,
Amadoo,
Majaybah,
Adday,
Hadong,
Labyang,
Hoona,
Eboo,
Etoo,
Armasong,
Hyena,
Mahomet,
Offoh,
Abbitto,
Morden,
Sodah,
Lawgay,
Obarrah,
Smaw,
Labambe,
Okenbush,
Addoe,
Oddoh,
Kraff,
Carrumquah,
Ogbey,
Onnebah,
Uggah,
Uccko,
Mawogoo,
Jackow,
Okkon,
Bottah,
Seria,
Ogoney,
Ejah,
Ocoo,
Okonjie,
Wang,
Chiacho,
Addah,
Edam,
Appah,
Hammunah,
Ekezia,
Mawondie,
Hoomananimah,
Akccomah,
Amonicha,
Addemakkay,
Okkamah,
Aggonie,
Ocombicha,
Natchea,
Baffoy,
Manoh,
Bowdie,
Mogagbay,
Degborah,
Alugbay,
Arkellardy,
Loowargadayar,
Serrea,
Schely,
Busungay,
Amnosa,
Jenmyaccam,
Tomoso,
Ongardo,
Ammer,
Eben nando,
Egermoro,
Ejaro,
Opurro,
Osao,
Alando,
Droobo,
Apaber,
Madegway,
Arboa,
Ansorr,
Abahoa,
Analcom,
Brahmau,
Eqwaq,
Ocorofer,
Yabbo,
Abbatah,
Ameloqua,
Onoohaw,
Dooweeka,
Agernaba,
Ayrundra,
Appan,
Tippery,
Ardy,
Acban,
Owan,
Asareo,
Ohboo,
Lahwah,
Ahkobah,
Lolah,
Ahbolokay,
Ewanhegom,
Wanaka,
Onunanong,
Zunia,
Sarco,
Onah,
Orgo,
Honon,
Addam,
Ejurnah,
Ederebucha,
Obarloo,
Annoque,
Quabong,
Amasara,
Okoon,
Addan,
Ecudia,
Anolee,
Asoomer,
Closohbeker,
Bokwan,
Onogo,
Adelamah,
Enang,
Ohfeong,
Nohannah,
Ocanaffoh,
Engoyeboohoo,
Aboynah,
Okarakah,
Acbaw,
Narco,
Moparrah,
Eglangly,
Ohgaawah,
Engbangah,
Ohiagwah,
Ahamwanoray,
Ohgomah,
Egway,
Ahkakanano,
Nonah,
Egbolay,
Eddea,
Olee,
Okargoo,
Akeky,
Lanum,
Workee,
Labalum,
Odge,
Nearweekee,
Neardecume,
Emelica,
Onnew,
Oeda,
Ecocha,
Oconee,
Ocuro,
Yamo,
Enquor,
Ockanda,
Dunnumer,
Ogaroo,
Dorgwan,
Oroom,
Arrogui,
Anyarto,
Lucy,
Wolgo,
Wootcha,
Onaby,
Backa,
Bado,
Nabalaco,
Chues,
Toguoonter,
Ejargo,
Ecomen,
Odomen,
Akemmen,
Ecoba,
Allegullaka,
Onzanoo,
Annogue,
Marny,
Obenny,
Duessee,
Akeado,
Ajury,
Parliss,
Onor,
Ozarma,
Marduco,
Ottowam,
Etty,
Omarr,
Feder,
Onoor,
Wonaboke,
Charangong,
Montea,
Polong,
Danby,
Kerjukay,
Goban,
Barka,
Enquon,
Onnocher,
Adjito,
Cheedlaker,
Margoog,
Odoomer,
Warka,
Ejunnah,
Worlor,
Onormah,
Addo,
Jarkeny,
Ademecan,
Ladissar,
Dosomore,
Amjano,
Ighay,
Buckabeg,
Mucfanno,
Lashelo,
Jabbee,
Cooyah,
Oncooyemee,
Ojo,
Heycon,
Ohlashehaday,
Ouponnee,
Debecnee,
Islela,
Odjoe,
Fadamsee,
Edhon,
Olutotary,
Olouiadon,
Fabausee,
Ayeenah,
Nannah,
Onnce,
Oboacondee,
Sangolala,
Onahaye,
Doyoo,
Madee,
Abofin,
Lushennon,
Olugabee,
Odoolamee,
Ahibabee,
Ohjoe,
Fakooa,
Ogoobee,
Ocushady,
Isakaa,
Lamelay,
Ohdashenow,
Ocashang,
Ohyefenah,
Ewathee,
Nagoo,
Omilakee,
Addehone,
Loodahow,
Odeon,
Ahditta,
Odenday,
Ahkro,
Ebeelee,
Omayalee,
Obeeyada,
Ahahudila,
Sholunkay,
Aboushadey,
Ohbounabee,
Aidin,
Igagee,
Bryamon,
Ohdaday,
Ahdahoo,
Faruwah,
Mabetah,
Beoqua,
Ohdemme,
Nosam,
Ahgombee,
Lodi,
Arbelike,
Arbelido,
Farshata,
Oderva,
Larbolong,
Arjoebee,
Odadee,
Odamro,
Oledarue,
Marina,
Tarhbi,
Ojoomee,
Ocassee,
Osadardy,
Bitati,
Osharlemo,
Onekar,
Aboobar,
Adeefartar,
Oboshee,
Maysibi,
Adelarmo,
Auckar,
Lamesar,
Calobee,
Osoobee,
Ogardimede,
Ogarjiba,
Euoboka,
Marwarye,
Fardekdi,
Iggy ,
Loosontee,
Iggay,
Libipo,
Ogisiali,
Larmodeali,
Qurtartemo,
Ohonedobo,
Laffemo,
Odanese,
Oloobardi,
Joadar,
Osharlooni,
Kilstai,
Osharmdoso,
Odong,
Boaharoo,
Lareeta,
Abeloh,
Sarebo,
Ogoonti,
Ogo,
Tarmoom,
Filate,
Dardte,
Tarmomo,
Arkeokee,
Fartokee,
Arkarpo,
Bigtarney,
Marma,
Tapan,
Arboo,
Margana,
Thope,
Adeebee,
Awooradsa,
Kiwee,
Labo,
Lekosbobi,
Olooabee,
Otarsheco,
Fieta,
Atarkabee,
Agojobee,
Oneako,
Otalo,
Ohwo,
Osakadei,
Goombi,
Adoo,
Adekwe,
Fitobego,
Aebakar,
Bosar,
Amoobie,
Obadee,
Adoom,
Oloobee,
Ouree,
Sekaloo,
Alsonhar,
Esar,
Elia,
Bubarbo,
Baruda,
Akiu,
Ogodea,
Barupully,
Oggooupaime,
Lartunde,
Ogar,
Moombo,
Gosoono,
Abarenoo,
Abookar,
Agoomdia,
Akeeodi,
Ageeobaise,
Joze,
Abiome,
Wooswaarman,
Farbouze,
Abootarm,
Aduco,
Alarshee,
Zadika,
Ogoo,
Bissoyo,
Atcho,
Gootaloo,
Bossoo,
Bosso,
Cussomino,
Ogimai,
Goobaboo,
Lobo,
Boibe,
Majago,
Fallamee,
Butineo,
Adomi,
Fatoofa,
Allocoo,
Anincoo,
Yatooka,
Macefee,
Fatooka,
Narbalo,
Olooshante,
Two,
Farsoom,
Dooi,
Alisko,
Agela,
Ogeka,
Oshoolio,
Ogarsee,
Tenadlee,
Shambololar,
Daday,
Figobi,
Bidloo,
Timoo,
Obioni,
Ajoobe,
Arwom,
Oslwow,
Igi,
Takar,
Ohattam,
Bosee,
Dooe,
Larmoota,
Matardoo,
Marbularho,
Shonogola,
Leom,
Alarke,
Smarbo,
Marueto,
Apippi,
Asat,
Fardeloke,
Qudame,
Oidle,
Ofordle,
Tlyeioale,
Armolong,
Farano,
Jama,
Abiddo,
Ademar,
Odosar,
Adeda,
Tlyena,
Ogittomo,
Osoula,
Yarwosa,
Narmola,
Obeta,
Ahagobee,
Asbabe,
Arwa,
Sarboo,
Samada,
Franco,
Morfue,
Bassoy,
Bissay,
Foe,
Tossey,
Boise,
Queroher,
Saboo,
Abee,
Oboychatabar,
Boosnahar,
Karingji,
Bootary,
Kessemar,
Guabana,
Harf,
Booura,
Ebale,
Goodie,
Sage,
Abashie,
Nan,
Nyany,
Egabetto,
Lacle,
Elebola,
Oleada,
Baki,
Boby,
Weahy,
Molando,
Alla,
Allowany,
Unrargar,
Chuccoo,
Unbabi,
Argo,
Cloofootar,
Manelate,
Amnodiar,
Clooluncar,
Egozeko,
Gerbo,
Amsaurali,
Akaraka,
Adoolale,
Ahsarclear,
Womarung,
Ekerlu,
Hamonra,
Ereur,
Mayayo qua,
Wosea,
Unasward,
Occonakuame,
Nargee,
Obelrakho,
Ozee,
Amey,
Ohaboo,
Okella,
Okorwiton,
Ojerraanali,
Occarranco,
Oyagoo,
Auaboo,
Narkee,
Aijemoko,
Okegee,
Obemarko,
Occorrakai,
Unjar,
Olookar,
Aury,
Ojomonuali,
Adeagoo,
Solamar,
Wazar,
Orkarka,
Warconunenah,
Ogoubar,
Accaroer,
Hollaka,
Okar,
Aboolee,
Narwomall,
Eworkan,
Ewannall,
Achewoor,
Aucako,
Attersia,
Esluearinea,
Okanco,
Odali,
Akerdea,
Atarshea,
Adargar,
Maddy,
Beefufar,
Tudockar,
Agercea,
Abeeran,
Adowashe,
Ogenobee,
Awarrewnay,
Auricco,
Woodmall,
Ocolly,
Trisbee,
Estheavouli,
Warloboo,
Oyang,
Anaboa,
Awany,
Warbacco,
Adducco,
Arnillaha,
Eworang,
Oboo,
Okarba,
Eberbuall,
Eganny,
Ogouze,
Edeli,
Aguim,
Tudocco,
Ocago,
Okarombo,
Yawoka,
Euobracke,
Degdige,
Aluwaka,
Edeurasa,
Abeanor,
Abang,
Tuckarfor,
Oron,
Bafar,
Mary,
Barly,
Abany,
Aguan,
Oroo,
Aboo,
Mlroo,
Abarsyumore,
Amnell,
Neelor,
Merekeyany,
Norvang,
Aloah,
Manrah,
Asee,
Garlah,
Pleeleebo,
Anquamy,
Alo,
Anowa,
Asoosa,
Edoqua,
Alleeka,
Agua,
Worzo,
Afobaka,
Allam,
Occaraka,
Acguam,
Aurah,
Ouro,
Tugang,
Tyabee,
Beebee,
Agar,
Addy,
Ody,
Seedy,
Yanzell,
Agemmah,
Ourer,
Mendy,
Burrnam,
Whygor,
Saffoo,
Pongoo,
Damo,
Boroho,
Dohole,
Yagbo,
Bagba,
Toka,
Yachra,
Yondoo,
Potras,
Pan,
Darwaggar,
Cessac,
Yasdoo,
Fagba,
Moman,
Barwhee,
Goohoo,
Kickreegee,
Fanhan,
Sangiva,
Mandar,
Logah,
Cangah,
Diguay,
Mannah,
Quddie,
Bunnah,
Massah,
Monjonah,
Mooah,
Goombao,
Yandoo,
Bonggammo,
Barrnah,
Fromboo,
Quanee,
Cocao,
Rogger,
Seerah,
Parnah,
Wonnee,
Toorah,
Feefee,
Feerah,
Iogboa,
Bondak,
Fetan,
Teeppee,
Roe,
Teboh,
Gallak,
Bollak,
Yallah,
Boolak,
Toofee,
Bungoo,
Bondosh,
Tombah,
Allbohah,
Bomboo,
Tongaree,
Miah,
Saw,
Tarmoo,
Timboa,
Wiwah,
Porley,
Baymah,
Tinnah,
Jug,
Coree,
Farmah,
Galloy,
Boolay,
Goobay,
Goomay,
Serri,
Gooddaro,
Ovar,
Stambar,
Macull,
Banaw,
Peerie,
Moussa,
Parrie,
Marsuduma,
Maduoma,
Dollay,
Kersie,
Dowro,
Changway,
Mambar,
Pannie,
Kiwool,
Koonar,
Kenya,
Mangroo,
Awee,
Bombo,
Barbong,
Toofa,
Matoo,
Torgoo,
Buoy,
Marmegah,
Corfee,
Satter,
Longoo,
Wonga,
Toobay,
Coopalunnny,
Maniach,
Torfee,
Yuppoh,
Tobboy,
Yangoo,
Mongoo,
Ganhole,
Yorfole,
Yagwah,
Yaghe,
Hoonah,
Hengee,
Oomah,
Dumbar,
Yarmo,
Hoobar,
Marshday,
Jumbo,
Mayay,
Mandega,
Bajee,
Mangdo,
Badoua,
Bay,
Magera,
Konrah,
Marcoo,
Woongar,
Stallo,
Wangay,
Marron,
Coonah,
Bisee,
Wongay,
Oomba,
Mangou,
Bio,
Wargella,
Warrya,
Carssa,
Marruda,
Muigar,
Wongu,
Mangah,
Barbenar,
Bundoo,
Imbarr,
Joaõ,
Ewong,
Indootuo,
Awar,
Yantee,
Allenar,
Doughar,
Nenn,
Enen,
Behind,
Paupau,
Songo,
Esau,
Famcong,
Engar,
Awang,
Unsur,
Bekunday,
Ener,
Baudamour,
Joe Bissaõ,
Inbecker,
Mambau,
Pander,
Fourfar,
Bee,
Eden,
Enshar,
Benjaw,
Menen,
Gambià,
Samar,
Yatam,
Banar,
Mannar,
Embaw,
Enjarrar,
Antonn,
Kindar,
Abba,
Warmer,
Edee,
Enjo,
Yaomar,
Pomer,
Eggar,
Enar,
Enerr,
Apaupau,
Berrycong,
Semour,
Ingòthé,
Emour,
Enana,
Elue,
Nintoko,
Mangrove,
Decater,
Unen,
Indem,
Emeom,
Monen,
Meneen,
Monem,
Menom,
Moare,
Yunbersar,
Moyoung,
Enene,
Epongo,
Enjoule,
Sabber,
Nacker,
Cumbarr,
Dyerara,
Jubange,
Ponger,
Encaulay,
Mangau,
Dundie,
Ohetale,
Injusue,
Gunjane,
Benin,
Benen,
Askua,
Askua's Infant,
Ponger's Infant,
Gandabinda,
Doubar,
Momem,
Imgumbar,
Indearay,
Gunfansau,
Yomengman,
Waybella,
Ingawbander,
Momen,
Ioenen,
Echo !,
Cain,
Eoshowmer,
Moner,
Bennen,
Warmena,
Dogpaw,
Intiekaba,
Indawpay,
Intoobar,
Gombasser,
Musar,
Gontivo,
Yankantucker,
Gonkicker,
Auwful,
Esaw,
Ahoon,
Muser,
Along,
Enjoe,
Comanner,
Manescrivah,
Nasannoh,
Manesenah,
Andie,
Mamodee,
Oseerauney,
Bombouberry,
Cappoh,
Patta,
Sassawolla,
Adellamia,
Hesah,
Enoo,
Oloocuter,
Fadder,
Dahoo,
Fagbabee,
Tallefar,
Toko,
Obodgoo,
Hausaney,
Adjoe,
Ageedea,
Mondu,
Amodo,
Odoo,
Audo,
Ahhoo,
Matcolla,
Ocoolu,
Allahole,
Always,
Allacka,
Bydoo,
Sesanamo,
Lamodureh,
Egallee,
Alluneme,
Boodeley,
Fategoes,
Allegoe,
Aloozerbee,
Alkmecaulay,
Fafanajai,
Agoolome,
Ajai,
Sharboo,
Amallee,
Yambee,
Dolla,
Adieu,
Adebellee,
Agojoy,
Bywhy,
Adabanoo,
Gootee,
Atihoe,
Gongagee,
Agololee,
Adogana,
Bochalanar,
Manmah,
Ajodah,
Amaney,
Akimboh,
Namakatah,
Ademee,
Kojubee,
Assah,
Joadah,
Boncholah,
Adale,
Adesokom,
Akubah,
Adekah,
Akeah,
Akombah,
Ajoah,
Adonge,
Agebokah,
Aderah,
Jonecho,
Mosah,
Banjolah,
Cacholah,
Mannrah,
Sabbah,
Marcholah,
Allarsoo,
Jarboo,
Ochambee,
Nolehale,
Fartanba,
Siasse,
Abudula,
Chinbucha,
Ahbatter,
Siaboe,
Allabacka,
Morrah,
Allokere,
Jyeanoer,
Kalladay,
Acomme,
Ajibba,
Ademecau,
Agababe,
Ayeacawal,
Ideacan,
Agoodee,
Abeator,
Aninchue,
Sinchin,
Abellatoe,
Killantoe,
Bookee,
Adakembe,
Alucattan,
Mafalla,
Dosema,
Gulliver,
Sallan,
Inkattar,
Saboe,
Attaboka,
Mamuca,
Bawoe,
Jeeboe,
Jabba,
Messar,
Agobabba,
Aculla,
Aluffee,
Mochichi,
Yonkay,
Chabbay,
Baronde,
Bucher,
Mowager,
Tubola,
Ajebah,
Ajeabuller,
Adenajoe,
Amino,
Anecho,
Abababee,
Abbee,
Angobee,
Bargarry,
Farmonee,
Bagnee,
Toocao,
Immamaba,
Lamqua,
Lammee,
Jackue,
Ijoe,
Faffer,
Jhenie,
Asweada,
Azubalalar,
Isay,
Popper,
Asemma,
Asemma's child,
Janar,
Janar's child,
Ayaguana,
Jano,
Amaqueday,
Laque,
Laque's child,
Ishatoo,
Ishucaloe,
Isatoo,
Innaque,
Aquepadoe,
Aquepadoe's child,
Addaroe,
Addular,
Labber,
Molarel,
Chuwish,
Jenor,
Arbuman,
Dabber,
Assar,
Allamarthee,
Queraber,
Mejenson,
Arjarry,
Janor,
Mofallar,
Showme,
Awolabar,
Afeemar,
Ajagba,
Killamba,
Jyeanor,
Boatswain,
Achabee,
Adeuzar,
Ashuttoe,
Ajarry,
Aramatta,
Ajirmar,
Adearsoe,
Lawoe,
Asebia,
Arsoon,
Goono,
Tarso,
Sami,
Lanima,
Farnah,
Laliba,
Zuma,
Azatoo,
Awuy,
Molako,
Ouzatoo,
Tani,
Larah,
Arbaka,
Chindez,
Yenida,
Ibeta,
Ihana,
Belladoe,
Alooba,
Facoola,
Abada,
Mijudama,
Sabboo,
Tomm,
Chuber,
Ingam,
Antigoo,
Ingally,
Massoa,
Ezeal,
Dorzee,
Barrezatoo,
Sobin,
Broose,
Ricong,
John Aqua,
Inteppa,
Locia,
Jack Eumca,
Umuray,
Massailey,
Kummer,
Ansumro,
Sukey,
Dandiko,
Eshayko,
Nugocomba,
Jepsay,
Sonno,
Aguaassa,
Sarnoch,
Amadah,
Bulah,
Acajooh,
Azabookah,
Sargonalah,
Alongday,
Loboah,
Ajudah,
Cologah,
Buhooah,
Shadoo,
Lallahoo,
Holeachom,
Adesoho,
Olloda,
Labokoo,
Carsom,
Ockormodae,
Ajena,
Cirunday,
Ajay,
Lussagoo,
Abehonoh,
Minnuar,
Obolonslea,
Allohoo,
Adramnoo,
Adiana,
Bafoo,
Bedadoomo,
Majijurrah,
Cassue,
Aguhah,
Abooby,
Toobee,
Achimahee,
Hrarfoom,
Cooferiequer,
Ritumore,
Aloogoo,
Honoko,
Sadoo,
Landelah,
Abashe,
Endishaw,
Matoom,
Monor,
Bahoo,
Ajarrah,
Akay,
Azedyua,
Bardonah,
Abassay,
Indessah,
Aladdy,
Moocoloo,
Mosolah,
Mannach,
Olisshame,
Olooknab,
Acossee,
Mangahcoo,
Betardy,
Betardy's child,
Iyaenor,
Icoolah,
Adingah,
Adingah's child,
Moojah,
Agahwee,
Iyoanah,
Tittyolah,
Adeakor,
Ammofilleco,
Arsubee,
Armenah,
Tallowah,
Wandoo,
Molacateer,
Sharloo,
Inowzah,
Allahmingo,
Assannah,
Papay,
Lenass,
Pittor,
Assoo,
Ahivor,
Pampaw,
Saugau,
Mongan,
Yeam,
Esambey,
Esongoh,
Engleome,
Abarssah,
Apoh,
Apohey,
Nam,
Empabom,
Engoh,
Lambah,
Aseye,
Engdefong,
Yamber,
Bissão Hambay,
Isiah,
Nomer,
Ducherthing,
Pindar,
Namsay,
Abompee,
Abenny,
Matear,
Aqually,
Matooka,
Epan,
Aparker,
Engaunyer,
Entanker,
O'Barr,
Basherlakay,
Enong,
Bardoombar,
Agander,
Somer,
Mambor,
Alanguay,
Yagboo,
Morraw,
Boarlon,
Dugger,
Bonar,
Ejar,
Mattilley,
Arcarney,
Ocusshuer,
Endoon,
Empanger,
Acoang,
Fanchong,
Mocober,
Abombo,
Adebar,
Encham,
Inguay,
Charko,
Ingang,
Indece,
Handah,
Calababo,
Dondoh,
Macumba,
Ahcaba,
Telleboo,
Nanafoo,
Namatoo,
Anguin,
Ambo,
Amayou,
Inquay,
Gebon,
Sengey,
Ambay,
Aballica,
Ingarda,
Sauoo,
Busung,
Accang,
Lobolong,
Inlabah,
Imbanga,
Andaca,
Ingnah,
Allochah,
Quange,
Terrahka,
Bellona,
Dogalla,
Ballaka,
Otondo,
Egongey,
Asick,
Edwock,
Foley,
Emambe,
Egan,
Sammah,
Pongo,
Esomp,
Nahmoh,
Engbine,
Inglenor,
Ingleotoy,
Engmorgo,
Ingorbenor,
Inbonock,
Incorabay,
Ingbanah,
Ohtachen,
Etorhey,
Ingorgoh,
Worgah,
Jando,
Mancha,
Nany,
Mahamoney,
Nemin,
Kekong,
Kellop,
Kumicia,
Kusea,
Kemedie,
Kesock,
Kingar,
Cheacheba,
Agombah,
Juah,
Bambakoh,
Kongo,
Tugor,
Teah! Teah,
Quabeda,
Kemoshe,
Baddeba,
Eben,
Raybaund,
Raybaund's Infant,
Enjier,
Kobanu,
Succumar,
Fareme,
Agood,
Massahpear,
Kambong,
Yankey,
Seam,
Keakeaear,
San,
Perryfellow,
Kebbytong,
Pricker,
Kootong,
Margane,
Mannygone!,
Enguatay,
Enquatar,
Donjong,
Denee,
Tambay,
Jambay,
Entoobar,
Kawbay,
Gorloff,
Endeamar,
Marrymar,
Maybember,
Enquanner,
Tarquay,
Bonger,
Enkay,
Emcome,
Keng Ben,
Mishe,
Umgarga,
Nimba,
Munganra,
Lamba,
Afoley,
Cheteah,
Awolla,
Commo,
Inhayboon,
Ajaffee,
Dorkings,
Bingo,
Seckay,
Moytong,
Demmugan,
Kingay,
Tongobay,
Chater,
Motong,
Marbarnyay,
Akenoy,
Ningotong,
Tenesah,
Dieseaarry,
Jakimbay,
Araws,
Ingarbey,
Sangar,
Noiler,
Amadoe,
Bambar,
Sirrahcong,
Tarfong,
Unnanah,
Heaga,
Nasaina,
Adearko,
Hawodoo,
Subee,
Hilbabel,
Lameo,
Barhakee,
Legbail,
Ohgba,
Allunda,
Gonalar,
Ocondee,
Owondle,
Holliday,
Abaram,
Orhow,
Oleforeg,
Geranbee,
Ocolo,
Manno,
Malabar,
Acadand,
Lakogee,
Comakee,
Bollobor,
Orogay,
Sabane,
Olobaslere,
Olookoo,
Okeebodee,
Soako,
Halley,
Geamer,
Allbacall,
Opebodee,
Ologedee,
S. donoko,
Malkee,
Doroo ,
Larakee,
Eagerio,
Hano,
Adducun,
Harnly,
Aberlomer,
Cumbay,
Ofukume,
Aboyome,
Ogoogbee,
Querhee,
Shagslay,
Ayanah,
Ago,
Yallaloo,
Alloo,
Yattoo,
doroanner,
Mame,
Tabee,
Ogoe,
Cudusee,
Ornobye,
Leroo,
Manna,
Ball,
Manasah,
Andee,
Manasarah,
Gegrey,
Obody,
Howusa,
Ayabonny,
Semonny,
Hessey,
Okirree,
Orukume,
Maddee,
Naura,
Egobogobee,
Acaothe,
Acushoo,
Cushedie,
Abelled,
Amuntoo,
Anybody,
Sigmar,
Alomcod,
Akessojee,
Conee,
Alanoota,
Abyemer,
Moram,
Maman,
Logona,
Busalolo,
Osabomay,
Ogaraby,
Olumnama,
Lanbushey,
Colar,
Mojoby,
Arka,
Mangoby,
Sallakoo,
Onbukoo,
Amira,
Demala,
Amura,
Oblee,
Ayena,
Sumolo,
Marlow,
Acanny,
Dorakooro,
Ajo,
Akerloo,
Alice,
Tosoonler,
Moddee,
Akumbody,
Malla,
Rushee,
Yebellow,
Sabby,
Ploobody,
Mammo,
Adeemo,
Kakensuna,
Arjai,
Aulee,
Sherow,
Merr,
Mamam,
Lenie,
Loginside,
Addeley,
Agebadee,
Armonder,
Adayme,
Yammerroo,
Majoe,
Yegbenno,
Saddo,
Oloobedee,
Agae,
Ucambee,
Jocon,
Odondee,
Ashoon,
Meperah,
Admeg,
Yecunoo,
Araroo,
Decoo,
Ologer,
Orodoo,
Ajie,
Afurered,
Okoo,
Allytoona,
Omun,
Momma,
Adjioo,
Mamar,
Sallawko,
Ayabee,
Ademaner,
Kossee,
Mordee,
Chawpee,
Mawmaw,
Yocomaw,
Assoolee,
Angbay,
Quie,
Yannea,
Lueyloo,
Afeely,
Uressee,
Leonear,
Yanny,
Yumarlee,
Osomewar,
Ahagoo,
Leargoo,
Mattegee,
Hyenna,
Osoo,
Haddoo,
Noisover,
Lanny,
Onee,
Balloo,
Yettee,
Amaree,
Woyun,
Yannee,
Eferono,
Hyenelow,
Araytor,
Marogee,
Ummo,
Agoyarme,
Ewollabee,
Nakodge,
Lamee,
Loombar,
Dalloomer,
Hyma ,
Crowdalle,
Macgoobalee,
Yesterday,
Lava,
Konomuk,
Igeema,
Manhee,
Essay,
Addebuko,
Osher,
Sadar,
Hyma,
Olaofajoy,
Oyeboto,
Ayovayer,
Agooree,
Agooebo,
Harrah,
Accassabees,
Ackar,
Marie,
Comloo,
Firaka,
Edenah,
Adoconla,
Bigoola,
Keekra,
Agodee,
Beyonny,
Ayeousne,
Whysonohee,
Acousoulee,
Killopee,
Coosoney,
Danoo,
Cgoodyee,
Cyoozena,
Omoonie,
Osooneywar,
Farekoo,
Moodie,
Cooseyna,
Becok,
Aoole,
Afoozongo,
Adooyer,
Dosonow,
Onjoe,
Alonoka,
Oydema,
Oeenaloo,
Mambousha,
Honodoo,
Shellaleh,
Heydoo,
Boysee,
Askelonomy,
Adoola,
Oneshado,
Ooomeloo,
Okimbaloo,
Wanee,
Awlutsallah,
Oyozee,
Soybangee,
Nansee,
Ocownee,
Abootoo,
Aloossee,
Dido,
Noyar,
Hayena,
Ogoosee,
Osooforkee,
Ocoololoo,
Matome,
Dano,
Boyba,
Coolala,
Mombonglong,
Ahjarry,
Mejinson,
Tombay,
Urebeey,
Bobloh,
Queenco,
Umbiah,
Jagbah,
Mamah,
Sunaotah,
Onnoha,
Quomaker,
Ollatim,
Allasheka,
Aubauh,
Layhoo,
Adafairty,
Amosbah,
Nobarjard,
Arroajabiah,
Onaroodoo,
Ordaddah,
Issaya,
Moncoboc,
Buccatome,
Chibsober,
Omoggah,
Tonokah,
Ichokka,
Aboarmah,
Abeddamy,
Oddome,
Bergay,
Aeboo,
Sigardah,
Oaeonnah,
Oacopah,
Agarway,
Chrrabah,
Hochar,
Bardutah,
Abettam,
Lamoochie,
Onairnee,
Assaweh,
Ahtah,
Adizzy,
Eshaloo,
Ohangbay,
Moccorroo,
Barjicarka,
Raddepah,
Fabbay,
Otooday,
Okennay,
Oraebar,
Marfom,
Sagbay,
Ahcurray,
Ammasay,
Esarquaray,
Osoeday,
Argoodee,
Ahdomekay,
Obardoo,
Ahbug,
Dahfugoahmee,
Sarrone,
Kosukee,
Snoway,
Korabay,
Digbay,
Margumabay,
Obinnay,
Oldmashy,
Oshatoo,
Ophabsheka,
Mannamay,
Psanerme,
Morroo,
Nequitto,
Ollooka,
Packmorlay,
Ahjarr,
Owardie,
Ackay,
Mosai,
Aya,
Diswah,
Ahduna,
Monusa,
Noday,
Ezenas,
Larmay,
Oddah,
Achombia,
Morsay,
Enneby,
Onselai,
Tarjay,
Lafatooloo,
Arjah,
Sumigee,
Binnee,
Ahoobellah,
Ahmarmehony,
Basammo,
Togomah,
Ahmadomo,
Amasa,
Guallay,
Debohra,
Addibosah,
Awoodoly,
Bolarjey,
Woluddy,
Satully,
Eggeli,
Eddoh,
Lacello,
Aboodo,
Eugobey,
Agundee,
Lavacoo,
Ahmirah,
Oyelodday,
Adjeo,
Belloo,
Agossoo,
Puitto,
Dally,
Dassuny,
Iggie,
Agelarbugee,
Oneirdie,
Janai,
Chaibee,
Achelookoo,
Auchau,
Chokailoo,
Barbarogah,
Abbochah,
Dukulm,
Tirarmor,
Bubikah,
Koodibarkie,
Monamarootoo,
Kootie,
Auchaw,
Dussomor,
Neorgum,
Odelarde,
ORichee,
Amoosoo,
Ansasunkia,
Allaboomy,
Anassa,
Achadie,
Aggai,
Zebree,
Yeolah,
Ogodenoh,
Pow,
Comcoo,
Gebby,
Oshona,
Yagga,
Yaw Joe,
Odolu,
Lebbokou,
Accooley,
Larneahboley,
Oneakoh,
Ocatty,
Maccoo,
Ojutty,
Odacome,
Lebeffo,
Acguan,
Mattardoo,
Osoom,
Alattoo,
Aucorbah,
Allerday,
Odowo,
Bocah,
Opatty,
Catujou,
Cojoe,
Maddegoma,
OSursday,
Janner,
Adany,
Obunguh,
OLiearlue,
Denjargee,
Bowkeekey,
Wolow,
Comego,
Auderly,
Garsawlee,
Taybaa,
Ogoodobee,
Labodue,
Sallah,
Sobah,
Osharmisto,
Cochermelato,
Oshaw,
Bouri,
Shaddo,
Daymes,
Fassoley,
Mochen,
Shotolo,
Andolue,
Dawsalue,
Amjekerme,
Onubede,
Olubayla,
Bowlamo,
Luoco,
Aubesha,
Lawcalpo,
Jarfoe,
Ragu,
Soboa,
Tackorbee,
Aggah,
Abbobocah,
Marleke,
Attanda,
Quarroo,
Tabbee,
Sydoe,
Audee,
Bessauloh,
Thayoo,
Germay,
Muma,
Teeby,
Hotchae,
Lasam,
Ajebeckoe,
Akorela,
Shotway,
Mabarkay,
Doss,
Ogojobee,
Lahalo,
Hotchoe,
Matacoe,
Sobater,
Jabodo,
Obeodoo,
Dalily,
Acavoo,
Labello,
Jimocko,
Oday,
Washaroo,
Obejoe,
Faboom,
Bollo,
Davas,
Olabbee,
Ogoojobee,
Dalookoo,
Coottee,
Auebko,
Gudge,
Mauchai,
Dizartoo,
Gagau,
Misabee,
Ashatokah,
H'abee,
Larmie,
Aubojau,
Tuau,
Cudjaloe,
Porweigh,
Tannee,
Carmanky,
Ornkay,
Ollumike,
Hymobarjee,
Olagarbie,
Ojourcee,
Adjinnah,
Idao,
Yabaradoo,
Congway,
Fatouma,
Esseday,
Laboobee,
Betanlah,
Lagudie,
Awardarre,
Aminah,
Vordumah,
Arrow,
Cordaloo,
Dejah,
Conoko,
Ogunlay,
Aggee,
Akiduna,
Aubaggee,
Lyplee,
Iggee,
Ackilledo,
Tuah,
Pardombie,
Abocootie,
Ludge,
Kiddedoo,
Aboodoo,
Jaddoo,
Adelookoo,
Adya,
Koofonda,
Doie,
Ducher,
Okartoo,
Conbellayee,
Dachee,
Aboshaddee,
Akarudo,
Agorbee,
Oloofoo,
Waysoo,
Tudollo,
Odooto,
Carree,
Accomodo,
Ackillo,
Akkibelay,
Ihena,
Dowoo,
Ahloree,
Odabbee,
Beeoh,
Bowso,
Alumko,
Kenmaka,
Iggai,
Aggaloo,
Obellgagie,
Amchoo,
Fallecah,
Epecacah,
Ebeladilah,
Alletoobah,
Aboon,
Quochia,
Oclika,
Anninke,
Onguamadu,
Olgojoubie,
Abindala,
Dangarliah,
Oaswardie,
Woardrony,
Chilhaloo,
Olliboli,
Ollokong,
Worroo,
Allaya,
Ojebydoo,
Chokoola,
Ahgarree,
Oojoy,
Ogjoo,
Omnee,
Looporka,
Orcha,
Bagarge,
Agonbide,
Monogoogee,
Fabbee,
Oldarow,
Aniday,
Tamanoo,
Marquidee,
Adito,
Abochee,
Gomi,
Bossu,
Hagouse,
Koolagie,
Occoolomo,
Seelarmani,
Noogagle,
Dabarkai,
Addai,
Addeo,
Iddo,
Daya,
Ogaya,
Oorgle,
Allado,
Masso,
Anai,
Komirdoo,
Oello,
Lokai,
Magualloo,
Oquiloo,
Ochaw,
Channoo,
Chihealoo,
Koolarga,
Dawallue,
Adachaula,
Dippee,
Igday,
Cluclui,
Pah,
Oshow,
Tenewah,
Adapoh,
Chogobee,
Ahkee,
Ologee,
Omogoh,
Ahlarmah,
Ashow,
Choromee,
Anegoday,
Ihenah,
Ohewow,
Dekalse,
Mameah,
Esah,
Daneguah,
Kosharme,
Porsharbee,
Elazoo,
Ahyanoo,
Oloobah,
Alusannah,
Ahbourbah,
Adopalah,
Sanarah,
Hareanoh,
Ahjigbottah,
Osambee,
Abecombah,
Okoukay,
Oloomoo,
Ogah,
Odotam,
Oloocoo,
Darinkay,
Damokay,
Sarbie,
Sarnas,
Sardaypo,
Mayja,
Manmoh,
Okanloo,
Jordah,
Maymonah,
Ahgaya,
Sarsongah,
Warlobba,
Malloo,
Jasalloo,
Odomady,
Lishiloo,
Ahmawee,
Chelahday,
Okonsholo,
Oshayboo,
Ahyonka,
Edowah,
Odje,
Kahsomah,
Bambokay,
Ayeakome,
Aydamone,
Sabbobamoloy,
Eggay,
Boosa,
Ochar,
Treshekony,
Marshaloo,
Manmoo,
Mammah,
Agebarchory,
Ajarree,
Ayana,
Meneserreh,
Mamadoo,
Odainaday,
Chechu,
Ilah,
Indolloo,
Ahninko,
Auchumbie,
Abbechroner,
Jellolah,
Hyanna,
Duennee,
Morbochau,
Katay,
Barlookoo,
Naggoodie,
Hyomah,
Yeomonah,
Hyyonah,
Ohshimmalo,
Olookbaydee,
Hyyenor,
Taynee,
Cabarlar,
Hallam,
Harbeonah,
Billookar,
Ashanmoo,
Hahbig,
Larbeang,
Daybolue,
Maladkay,
Haydoo,
Hargibbee,
Shallabay,
Talloo,
Isattoo,
Harworro,
Isattoe,
Tagbar,
Aginnato,
Maytayshaw,
Taymee,
Lardoo,
Lahmay,
Mayoong,
Yammo,
Locando,
Case,
Addagonie,
Kayworbee,
Hyjarbee,
Matarbee,
Loebusay,
Agbah,
Ikay,
Otommy,
Yoko,
Dada,
Portom,
Mesobbo,
Otyoh,
Onekayo,
Ilagba,
Ogonnekay,
Ochaddenah,
Anahbar,
Ahboy,
Kyoday,
Omyoh,
Otidday,
Dadda,
Fartarr,
Larrokee,
Hiddang,
Ohjibba,
Aljimmah,
Largee,
Diggeboo,
Ozommakay,
Obidday,
Ahkomlay,
Mahbollaka,
Daggee,
Abarray Ombay,
Kallabar,
Ochoggee,
Obammee,
Obottobay,
Omborloo,
Odrayday,
Odrayday ,
Ahwarr,
Ahwarr ,
Arrahcholo,
Arrahcholo ,
Arrayboo,
Arrayboo ,
Onekay,
Onekay ,
Bochee,
Barlay,
Haydon,
Ahfooshowme,
Allaloogoo,
Alajjee,
Moochie,
Addalee,
Addeeboido,
Nammeo,
Inah,
Ochau,
Ollaiokoo,
Chikailoo,
Obassah,
Landoo,
Lureker,
Abadallay,
Lendee,
Jayboloo,
Addigoo,
Ouchabee,
Lakabody,
Bagbay,
Obeela,
Cardelloe,
Wahloo,
Ahloo,
Tagbah,
Mahmor,
Mahgoo,
Orgeegoola,
Coogoreetee,
Olloohanee,
Ogoombie,
Ahdoo,
Phailoo,
Alookoo,
Laing,
Odday,
Lawsoo,
Jalarkoo,
Jibochallie,
Lookah,
Deah,
Egbah,
Ourdooh,
Dookah,
Ocondooloo,
Adookah,
Blowoo,
Chaubie,
Ahteemie,
Mojearbie,
Parkie,
Hyana,
Samookoo,
Abeobollah,
Aminnatoo,
Tooryshabbaloo,
Harooishah,
Haddam,
Hyephomee,
Tennay,
Hysatrie,
Allesookoo,
Gibearkoo,
Tyseen,
Hygayah,
Fabooloo,
Akinnong,
Illoo,
Manlelloo,
Ebbesarloo,
Eague,
Aggishomah,
Bacchie,
Cooperlaine,
Malloochan,
Hyabardie,
Allama,
Assiboonkay,
Malloka,
Tacoochan,
Ollookacay,
Ammodo,
Guyyar,
Obokay,
Ahjibborey,
Adoy,
Oladday,
Farsolay,
Jinackar,
Sargolah,
Orloo,
Lyenosogood,
Larfanguoh,
Ahdaykoh,
Ochome,
Ahwolley,
Panilah,
Ahkittybah,
Lossah,
Ahkaddoo,
Ahbabbee,
Fattee,
Grotefah,
Ahjuwah,
Ahgrubedo,
Lahkonbah,
Ahsorrane,
Achaw,
Olookpay,
Osoobome,
Ahjai,
Annday,
Isaymee,
Osoeahlay,
Odosiddy,
Marmah,
Bollahsay,
Marjahbay,
Olookay,
Ahdogbalah,
Lahsamjoe,
Ahkomalay,
Namonay,
Digbarloo,
Allool-ah,
Ahdigbarmee,
Chammakoh,
Ogottoo,
Ahgah,
Ahbeordo,
Jaybee,
Ochokoh,
Allahboolah,
Daybartah,
Oyanday,
Ahkollaydo,
Bunyah,
Iyombo,
Billerlah,
Ogollahso,
Ahkollah,
Sinnerday,
Ogoomawah,
Ahdeo,
Fatterday,
Adootah,
Ahjibbay,
Oloowarry,
Aloosay,
Aloofaysay,
Agoodojah,
Aguahjay,
Digbah,
Ahboykee,
Yeesah,
Oloonogoh,
Ahbassah,
Tenarlah,
Ahsomah,
Ahdinnekah,
Ahjarlay,
Narparme,
Ogee,
Allahday,
Ogoomi,
Ackealoo,
Ullemarlah,
Kokoo,
Affyjeeko,
Okkry,
Koohelah,
Chorme,
Lolarrec,
Daysomah,
Guahree,
Allemarlah,
Odokkeshaw,
Lusaymo,
Ahcham,
Bechar,
Lobbah,
Ahtonkah,
Parloome,
Ahbahjah,
Ahkillaloo,
Mohjohdome,
Tagbooray,
Ochan,
Deossmee,
Mahmah,
Colah,
Ahkillayloo,
Ahjah,
Horoyedo,
Ahkey,
Dasoo,
Dagbaydoh,
Malachow,
Amacow,
Awookoo,
Murow,
Awarroh,
Surrah,
Mammadoo,
Sanewah,
Kokoh,
Insaymah,
Okattah,
Jayes,
Oleeome,
Ofattefah,
Olijar,
Tyeo,
Jolofollowo,
Akromebodo,
Bankollay,
Farjam,
Kooshee,
Ahyeorree,
Narbalkoo,
Chokay,
Loffoojae,
Chacha,
Ogollojae,
Akillahody,
Ahwonne,
Adollayjai,
Onaygoo,
Ahkibbayday,
Oguallay,
Awayger,
Ogollerlay,
Wollaykah,
Ocholattee,
Oyeabim,
Joefolleewah,
Tyeorkoo,
Odooday,
Ahgosah,
Koomoyee,
Killahtah,
Daysolah,
Oddeesah,
Odesannah,
Jofollaywah,
Lokittee,
Joesong,
Okillsellah,
Onaybee,
Obeordoo,
Olooshantee,
Funguaday,
Boyjay,
Labbayjay,
Efarquay,
Ogoomokoo,
Yambie,
Awarandee,
Tatteebah,
Ogrambee,
Odaykambee,
Ogromohdoo,
Ahsolah,
Ahdellekah,
Ahdaylah,
Egga,
Egga's infant ,
Olukaye,
Olukaye's infant ,
Tyumkoo,
Samlukee,
Adjee,
Sabambie,
Addoagam,
Amulakoo,
Amonee,
Dayalla,
Alambadar,
Ahoolee,
Amway,
Adjume,
Salamg,
Pangoko ,
Abookoo,
Ubellimar,
Ioah,
Taloombee,
Abeejokoobee,
Ahowseebee,
Eyowbee,
Ayeneka,
Farsenah,
Irealah,
Honey,
Akosome,
Eddoo,
Fornilubay,
Yayboyday,
Saddepah,
Toyesah,
Isahtoo,
Okekillo,
Guanah,
Laddayjoblee,
Tallaybay,
Yayday,
Tahjimah,
Tyyoo,
Ohgoh,
Olawollah,
Aye,
Yaya,
Ochufallaka,
Addaybah,
Ayaminelay,
Saddee,
Iguallah,
Mossah,
Ofrugoo,
Awosee,
Abokoo,
Ashowmee,
Fartoombee,
Afarsah,
Afunnay,
Olunnee,
Lowolloboo,
Losummo,
Laddamoh,
Lowagwo,
Ofallakoh,
Ahfinjaydah,
Molackay,
Moleebee,
Ahdagoo,
Howesah,
Afachower,
Atidday,
Bullycamp,
Mohlay,
Daddah,
Turwaymay,
Afunyankah,
Sallaydah,
Adomkome,
Ajumbee,
Awuschee,
Molume,
Achumachay,
Daywoo,
Ourdoo,
Chackee,
Abarmee,
Loochue,
Ochadabee,
Ogbay,
Kardayah,
Chabee,
Ochanharday,
Yanga,
Okardahbee,
Moneyakah,
Bammayako,
Farselah,
Olookorome,
Ballakoo,
Largedo,
Omodoe,
Ogosasee,
Iyenyookoo,
Looarko,
Ahjuro,
Chachbahjoe,
Ahjidaypay,
Jabbay,
Ocawho,
Ahjattaloo,
Daycolah,
Elleyhay,
Lomerday,
Oyarrah,
Adillahmo,
Adaypoque,
Chilayday,
Gittah,
Chodollah,
Otittie,
Oladoe,
Oddain,
Odeadymoo,
Cudjoe,
Olloojah,
Layozoolah,
Oddoe,
Ahdoebee,
Donahkah,
Chonnee,
Ahgoodjoebah,
Ahboggee,
Chaugboa,
Tikkahloo,
Oloolgah,
Ahdajinner,
Ahdassah,
Eggah,
Narsah,
Amochah,
Moocarday,
Occoo,
Barcannoo,
Addalah,
Ladie,
Allakoodie,
Allichino,
Addamoo,
Allookardie,
Ackarlah,
Oggoogardie,
Laphedonnoo,
Aecoojarbee,
Amardoo,
Ayarbarday,
Ackarlatu,
Donsah,
Bocor,
Dosoo,
Oquiellee,
Bovia,
Highyee,
Essayr,
Hagoror,
Lushah,
Doahvia,
Addee,
Ahkidday,
Agoh,
Bocoh,
Ahgusso,
Tonkah,
Quequenday,
Bokohsah,
Achawboolakar,
Ajiahlah,
Achunikah,
Ahfiarday,
Ahluckay,
Allookarday,
Maicho,
Akillah,
Lamieah,
Ahgamah,
Barkennoo,
Ahhushubee,
Addaddah,
Ahjiei,
Barkallah,
Ahshibbee,
Ahjibolah,
Ahdennequay,
Afordallah,
Abbijomah,
Moyellalah,
Ayannok,
Aggooday pah,
Ashamobah,
Fartoolay,
Taylei,
Ackoon,
Attimah,
Nokarsee,
Ayenah,
Ajaiay,
Ajaiay's infant ,
Alooday,
Archunawar,
Ahmasahtoo,
Lahdie,
Balba,
Ajokay,
Ahmilletie,
Ayeokay,
Ahbahyomee,
Ahjoojorkay,
Allaytaywah,
Ahjaygidday,
Moseybee,
Chobolahme,
Nahiyomy,
Ashattokah,
Allsochaniee,
Allocharme,
Eleeacho,
Adaywolloo,
Dahojoe,
Lahyormb,
Malleycapao,
Ahshomsah,
Alloyea,
Ahdeeyou,
Infillahmo,
Jahsinee,
Bandah,
Tarboeloo,
Karbanday,
Banber,
Bannah,
Doeambah,
Kombah,
Zolah,
Indorray,
Wyewah,
Backah,
Kamboh,
Dooalloo,
Zoah,
Guarrah,
Koley,
Wonney,
Yaryah,
Mommadoe,
Laybombah,
Faer,
Barbanyah,
Garbay,
Indrayaye,
Trunkaytay,
Tarmeah,
Daedoe,
Warbelly,
Yahfee,
Barbah,
Ingregi,
Daywallo,
Bag bah,
Par Bannah,
Guando,
Sanjoe,
Dahyah,
Korway,
Poojay,
Vamoah,
Ballah,
Kaymangay,
Mahgonnah,
Byegay,
Torray,
Kantay,
Korree,
Mahjoe,
Seacca,
Tahbanday,
Ibah,
Mandoay,
Suday,
Doearroh,
Injaywah,
Fungaymah,
Furray,
Bangah,
Gaysowah,
Bandayah,
Cow,
Tahbonday,
Kangwanny,
Kanwargar,
Lango,
Lamming,
Jim Macaulay,
Tongo,
Imyongah,
Biahbah,
Bongbah,
Yellondoh,
Kronoh,
Narwowah,
Lander,
Jackoo,
Kanu,
Baijar,
Neartor,
Jarkoh,
Nanayforrah,
Yuabanguewar,
Gewar,
Narnangnewar,
Baia,
Tanguay,
Yarkuee,
Odjee,
Chedue,
Bonday,
Perry,
Lussey,
Ybarr,
Wigoe,
Amja,
Allakon,
Komah,
Dewargen,
Kargun,
Allobay,
Geebar,
Furley,
Folley,
Phongoah,
Yarrah,
Kimmodooh,
Yanday,
Golah,
Tooday,
Frorigin,
Kallafur,
Kangah,
Amirah,
Onena,
Kokey,
Adando,
Bayah,
Todday,
Parrah,
Okey,
Jaywah,
Layhigh,
Figh,
Jahfow,
Horree,
Manday,
Mandayquay,
Hero,
Doejay,
Goddy,
Doody,
Koyjay,
Yokee,
Tattah,
Ingattah,
Battoo,
Ingagbow,
Corday,
Baray,
Kaybay,
Fuckebee,
Hannah,
Tarloo,
Sattiah,
Garugee,
Tarrahmou,
Grarwoe,
Gambee,
Tarroo,
Kay fog,
Fobay,
Gahfay,
Teemah,
Abong,
Free,
Ningah,
Dangoo,
Mowboh,
Joan,
Kayfay,
Tarfay,
Iginbirth,
Nambay,
Tallah,
Munjay,
Jollah,
Kenjay,
Janah,
Manyay,
Marwoo,
Mangue,
Bambahyuah,
Byeyah,
Mangway,
Sauddo,
Nahwah,
Sammongo,
Injaypoo,
Kaytay,
Boyday,
Labbah,
Bundah,
Kye,
Mahfuldoh,
Taywah,
Myewoo,
Guah,
Kowarree,
Bowel,
Dayeyah,
Kohroo,
Samboo,
Kanyay,
Jag bay,
Munjar,
Ranyay,
Boah,
Mahboo,
Nahboy,
Bayyay,
Yomboo,
Nahyoh,
Foyee,
Byemah,
Mattoo,
Yumboo,
Jinyah,
Koinnah,
Twowah,
Mahtooquay,
Gumboi,
Jiggay,
Jumah,
Fangah,
Agonjobey,
Degbootoo,
Jaybong,
Roboodee,
Gahabah,
Sootong,
Ogoobah,
Ochebah,
Odowahmee,
Doosoomah,
Kohgee,
Ogoodaree,
Moodashee,
Omsohjoh,
Agbay,
Myohree,
Sallahday,
Konnohboh,
Bommohday,
Okokohbarry,
Yammohday,
Onnakayee,
Fammenah,
Okahree,
Ammadoo,
Cusseeslah,
Okoolah,
Ahgahlee,
Abulloo,
O'Cudjoe,
Emchamkay,
Faggam,
Ahjassah,
Ahlag,
Beealoo,
Mokeoh,
Manny bokoh,
Bankay lay,
How lay,
Juggahday,
Ogrombee,
Ahjarree,
Ahnissah,
Kommokoo,
Ahkahbee,
Ohgah,
Booqeey,
Roojai,
Ogodlahday,
Howjoe,
Joodooquay,
Dazahlooo,
Okillahtah,
Ajalloo,
Ahdig bay,
Tallahyae,
Ladday,
Ogombay,
Ahdoolahme,
Pillayjoy,
Opaygoo,
Okoonkay,
Koobahroh,
Kolly foome,
Beesallah,
Soday,
Sofoollay,
Edoo,
Ohchillah,
Adaykoolloo,
Ahkillah,
Onshillah,
Okokroh,
Passay day,
Ogoshaw Sah,
Ahgittahgo,
Choobee,
Ororee,
Oloojuekoo,
Ollee,
Ogolookay,
Ahjoco,
Lammooroo,
Ahjohree,
Latterday,
Mammonee,
Ahkimboh,
Edow,
Ollepayday,
Hoahkroo,
Guire,
Ogollahlah,
Howlay,
Ahballahkong,
Bankolee,
Olookeny,
Saddekay,
Ahkamby,
Ahjibboogo,
Ojillah,
Abokee,
Sayloo,
Ohaekoo,
Debarnah,
Sobeesee,
Alardige,
Ajarmo,
Susongah,
Olarsondee,
Alloobarme,
Forjardekoo,
Olarbomger,
Farfame,
Fonsyetong,
Diepay,
Lobuitong,
Warloo,
Shubay,
Ogoolargah,
Okoonyabee,
Marguarby,
Defooly,
Alluloo,
Laddahbah,
Ahlabbah,
Oyeatoobee,
Fattemah,
Kabbray,
Ahjarme,
Ahjarme's child,
Ahkenjaybay,
Ahkenhaybay's child,
Ahdogray,
Ego's child ,
Awoo,
Awoo's child ,
Lahkoosee,
Arrahdoojo,
Mallahkoo,
Lanneah,
Jullahsee,
Sardina,
Aquahlee,
Asaytoo,
Narduaquar,
Eayjoo,
Sangoobee,
Sugbemah,
Aberdoo,
Oloobushee,
Amoosholala,
Parsadoo,
Onaroo,
Onatarwoolah,
Agooamee,
Odeloh,
Amarquer,
Odippoh,
Shakeba,
Ashimee,
Looforquay,
Aweegay,
Fageeokay,
Namah,
Bushetah ,
Ujimagoo,
Diaorlah,
Namigee,
Oyellala,
Tinnay,
Afooshondah,
Bijarlah,
Barnkeew,
Olalottee,
Abittaloo,
Bomardie,
Ojuackoo,
Loackoo,
Lafoura,
Galargoo,
Latoolawar,
Esseekah,
Gajonquer,
Ossakong,
Moyardee,
Adooloo,
Orgoonamo ,
Barsah,
Osalloo,
Akootoloo,
Shunmorkoo,
Oloojoo,
Shuperboo,
Omorrabarkah,
Daykoo,
Larbah,
Ajuay,
Alubee,
Askumbalah,
Sajen,
Dissafoo,
Grafah,
Pollukoo,
Ottubalee,
Defurgenoh,
Abejargo,
Ahbabee,
Marnyoopoe,
Bumbarsee,
Oyooloopay,
Oyoolalah,
Marleque ,
Aejay,
Fosenbah,
Ashokney,
Layamoo,
Ufarkarah,
Bamjeeakoo,
Afujumoo,
Uporday,
Ollujoo,
Demakay,
Oddoo,
Aiarwoo,
Iyoyemme,
Sugarday,
Omockoh,
Farchay,
Iquegah,
Ahkimmetoh,
Ahquannayjai,
Farbamee,
Oquosandee,
Ahquabee,
Lammoloh,
Worreyquco,
Famruttee,
Ogodepoh,
Danckkey,
Ibyeomee,
Sargee,
Ashillay,
Allahsoo,
Baytoo,
Ahkayloo,
Efillah,
Kahballah,
Shaddee,
Mockoo,
Loobennay,
Ogootallah,
Ogushshee,
Daydeekay,
Ogooyockoo,
Kojokoo,
Olollay,
Debookoo,
Daddee,
Edowoo,
Sojobee,
Tarjorrah,
Lookoo,
Sodeekay,
Mohbojai,
Ahbonnahjai,
Laddokay,
Ahdaggee,
Ahkronahnee,
Ahbockay,
Indollah,
Ogunbardee,
Ahdenno,
Ahjickkobee,
Ahkonnay,
Worrue,
Ahshoworkoo,
Ahkorree,
Tombelah,
Kyedee,
Sokello,
Ahdeepoh,
Koddeboo,
Ahdeggee,
Shollahday,
Alladay,
Gullah,
Sarsingah,
Kannakay,
Ogumbyebee,
Bankolay,
Salloo,
Ahkenno,
Lackorree,
Oguosandee,
Quackkey,
Ahkeeboh,
Syebee,
Scharkohrah,
Scharchrorah,
Jibbeetee,
Scharbayloo,
Dayjokoo,
Daylookoo,
Belarlah,
Yarshingee,
Day kenno,
Egbaroo,
Yourday,
Ayouse,
Farnay day,
O'Bootomboo,
Elyeah,
Bahjayboh,
Mahworree,
Ahkiddeyah,
Koojoh,
Goosharlah,
Atooloo,
Payworree,
Tyegomahday,
Ahkoosee,
Molackah,
Bankoley,
Kosendy,
Onebokoo,
Womledoo,
Eggai,
Delay,
Ahshamee,
Lanley,
Eddow,
Schonday,
Ahjallah,
Dinnerwahkoo,
Chomoh,
Koodoraw,
Fahyemmee,
Daylonkoo,
Paymonnee,
Ahoossee,
Yellehtoh,
Gyeolah,
Ogai,
Iyeabee,
Onekaypoh,
Omelarrah,
Eyemow,
Ahpottoo,
Sofunkye,
Mallahboo,
Ahgillay,
Ofullahkoo,
Barfolloo,
Saddytoo,
Ahdonnakay,
Sahno,
Ahkrobee,
Jinjye,
Okillye,
Ahjarrahkoo,
Nyeper,
Quoharree,
Ahdenkai,
Oguallah,
Sangooday,
Koopolee,
Iyolee,
Awosoo,
Ahjinlahkah,
Aragoo,
Goobarkay,
Scharno,
Ankeen,
Olookye,
Akittay,
Ahgiddos,
Alleybaylay,
Olookerday,
Ahdagee,
Addefamewah,
Looahjoe,
Goombahlarjay,
Assoomah,
Alassah,
Ochow,
Mahhammo,
Ommoodoo,
Maymoo,
Beejaybay,
Magbahbay,
Maddaylay,
Fattahsoo,
O'Farry,
Ogoobay,
Odootah,
Bankooney,
Mundoo,
Fasshay,
Moomananay,
Cuttay,
Ajigkonday,
Delley kany,
Olleylah,
Olleyquabey,
Daybollay,
Ahquejarry,
Howoway,
Lackahporr,
Oyonywah,
Ogottahday,
Laddyjoybee,
Ackahmoo,
Bestkay,
Owollay,
Jibbahjai,
Schokoo,
Obloymay,
Shofullay,
Oquahday,
Loomahlao,
Loobay,
Showarroo,
Laddyjah,
Ahkennakoa,
Mabbehsah,
Sayjoo,
Ochickoloo,
Kommahpye,
Maymaysootah,
Ogoodagry,
Falleyquah,
Oddohtoo,
Ochawpoo,
Hallayday,
Okillahday,
Daykahkoo,
Addear,
Sallayday,
Fasshayroo,
Ochunegah,
Asia,
Itellah,
Songkay,
Fagbong,
Lallahtong,
Ahkingboh,
Manney,
Ahkillahtoo,
Faddequay,
Oddepay,
Fahforray,
Gueaquay,
Deebookah,
Dugpahmoo,
Olookokoo,
Lootah,
Sooloowah,
Toppayjue,
Ommoosoo,
Lolloogah,
Mallahloo,
Loogbaylay,
Goobayloo,
Barpahkoo,
Ommoshaw,
Magbally,
Ahkittay,
Morrkay,
Kattay,
Ahdanlay,
Oddyjobbee,
Ahqueoday,
Ahjabbay,
Egaygay,
Akombolor,
Ackinnahsah,
Bekaykoo,
Dayshepay,
Oshoobay,
Lallahtah,
Daykombey,
Ogoobahday,
Kooshannoo,
Mammaniyae,
Shookondoo,
Boogarree,
Okronnay,
Dagbaggah,
Daymahmee,
Donnahpay,
Foggahday,
Joobottokong,
Shonnakay,
Choolong,
Leekoolah,
Omloogo,
Mommogo,
Shobayjob,
Fahkayyah,
Ahkaysho,
Chobah,
Millahyoh,
Koddahley,
Orambee,
Orreeboo,
Adaygoo,
Kooojee,
Jibbahday,
Faggooah,
Ahkeeballah,
Ahdannaykoo,
Chofullay,
Okonkay,
Ogodeyaw,
Dyeday,
Orrobo,
Oboojobee,
Bahdeenah,
Ahdaykah,
Olookooteh,
Odosinnah,
Mohorittee,
Okondaybee,
Magbay,
Chonneeloo,
Koomaypye,
Oyeaworroo,
Mazzahque,
Tapwah,
Tankey,
Ogusshawloh,
Ojucco,
Shogbarroh,
Ogobaylay,
Orimmahkoo,
Guerday,
Ogokorrah,
Oloogbarrah,
Daychakoo,
Gueahlay,
Beesahloo,
Obattahray,
Ahjessah,
Mahgoombay,
Abasshay,
Ahkobarmee,
Logutto,
Loosiah,
Bannedee,
Sooby,
Otoosee,
Allahbay,
Ojulollee,
Ogoleelah,
Odeejah,
Olizzewahko,
Mgnneolah,
Ipolah,
Ahdeelahme,
Ahbeeyee,
Elorree,
Loobeelah,
Ahdayroo,
Lyetah,
Mollohlah,
Ahdaycholah,
Okoochayloo,
Ahmarree,
Ahjigbah,
Ahjoloo,
Ahbeejoe,
Achekay,
Okottoloo,
Ofulloo,
Odosahday,
Farmorgay,
Omollah,
Ojukallayko,
Changahday,
Alowadah,
Kallaytoo,
Iyahwoo,
Daygayloo,
Olooloo,
Maddah,
Ahsofahday,
Awoochee,
Tassah,
Wherry,
Flow,
Seerayteah,
Kyemore,
Sumpoh,
Warraguer,
Geray,
Zablue,
Guay,
Fye,
Bangee,
Bookang,
Dagbowwah,
Worrahjue,
Karri,
Lodday,
Lodday's child ,
Woddee,
Gong,
Cicori,
Kongbah,
Sorray,
Guebah,
Jarryboo,
Saysoo,
Wangah,
Growhy,
Guerdah,
Mepahnoo,
Mahpoor,
Guebeh,
Garmissah,
Dumguor,
Meindem,
Allowoo,
Whytah,
Ittobah,
Kettay,
Yokoo,
Uarnie,
Omniah,
Orsonkay,
Occarn,
Adinnah,
Aquallie,
Ohlah,
Changsoo,
Osimbay,
Hai,
Ohtar,
Sommingee,
Wong,
Wonah,
Kissark,
Onong,
Nomonnah,
Mon,
Nong,
Concooleah,
Malbassah,
Yamocko,
Eppar,
Emfor,
Mettah,
Oneesack,
Jar,
Wan,
Jattoar,
Modoobar,
Garbar,
Gar,
Mandamme,
Mardeebar,
Toobah,
Coolah,
Sammacole,
Yammah,
Bansah,
Barhallee,
Loompah,
Caboodie,
Deenah,
Manquay,
Agoon,
Tekalie,
Nocco,
Indee,
Amiyankee,
Sona,
Deongah,
Lafee,
Yapomah,
Moducka,
Tabassa,
Ackallea,
Dah,
Assimona,
Eya,
Kissay,
Mounokong,
Ockoo,
Wambee,
Melock,
Bapah,
Locobapah,
Maqualay,
Ollock,
Mandoo,
Mamdoo,
Soalee,
Mackannar,
Maccumnah,
Ottomo,
Nattitah,
Taywarnah,
Attoobah,
Billah,
Goo,
Fara,
Abbiliekah,
Donnomah,
Monnanee,
Yor,
Toofockah,
Winsah,
Akoomah,
Sungah,
Ben,
Yongobona,
Namomree,
Ammoomoo,
Mangah's infant,
Torquoo,
Onsorlay,
Landor,
Olloa,
Deong,
Gorssapah,
Bassah,
Darlay,
Gorbassah,
Gomminah,
Mangoonah,
Gontah,
Guorkay,
Maindoo,
Insea,
Bangoo,
Ingbongy,
Cotah,
Bonjoe,
Myelah,
Noahvar,
Indusoo,
Laddahmoo,
Musaykoo,
Oddom,
Queahjoe,
Quano,
Tettay,
Saphire,
Bokoh,
Kodonnaybo,
Monneysah,
Kitter,
Achai,
Loodogood,
Dongoung,
Kappo,
Oldway,
Pokey,
Coperal,
Kossay,
Chalom,
Gofay,
Indye,
Denniyo,
Injaillah,
Demmay Good,
Mungo,
Sarquay,
Doyore,
Bosah,
Noco,
Loco,
Mosoo,
Bowyah,
Haywah,
Boocarr,
Boosooaltay,
Boohoee,
Daygo,
Ahkayboh,
Ahbyeomee,
Ankollah,
Chymoh,
Gonjobee,
Kyeohday,
Lyeenno,
Lallahyea,
Ahsowerdo,
Mahjahbay,
Mangayray,
Pambay,
Lallahahai,
Benny-your,
Ahkeyahkah,
Kasseyday,
Ojuddoo,
Ahpattai,
Oncoo,
Loobarday,
Fagbah,
Kaseebee,
Lahkonna,
Ankollay,
Ahdeeoh,
Ogoddypay,
Ahkobbeday,
Lamegah,
Daywallay,
Olommahlah,
Sahyah,
Ocholaysee,
Tacchee,
Eddong,
Oloofee,
Howerlee,
Waykallay,
Ambarkay,
Ahdayshaw,
Heeahday,
Ebow,
Ahbiddahgong,
Kopollee,
Doggo,
Ahchai,
Allahbarmee,
Faggahbee,
Morloo,
Quchoro,
Loobackah,
Cobarkee,
Harnebee,
Tofullay,
Kommahkay,
Ahtahbay,
Jehino,
Ahbeconnoh,
Fourbarnay,
Grombee,
Degbole,
Ahkibbelay,
Ahlubekrah,
Ahkayshillay,
Ahdayshillay,
Fachetah,
Saddah,
Annesay,
Decahloh,
Ogollaygo,
Obah,
Tobolay,
Arrahlanee,
Konnahmah,
Fodye,
Mahtahway,
Soolay,
Okombee,
Chollahtah,
Ahgomah,
Abbase,
Komonno,
Ahsombah,
Bosavy,
Akammah,
Hiyaye,
Booco,
Hagoro,
Doahuia,
Bayahsay,
Jahsee,
Bokahsah,
Jagah,
Wosoo,
Nahgonah,
Agaiahsah,
Ahdahjah,
Ahdongo,
Ahkoboo,
Dahfuddo,
Tohsoo,
Edoworo,
Bowdoway,
Macco,
Oyennoway,
Odoweoo,
Ahnoyamme,
Morchoh,
Ahkayborray,
Gochalah,
Oquirebee,
Yahkobah,
Odaytah,
Laycholah,
Ollahbee,
Aweego,
Byeomee,
Oyour,
Ahlowo,
Ahjagbay,
Oquatah,
Odongbahkoo,
Elyeway,
Ahkallah,
Bowsenee,
Bowsenee's child,
Pyesor,
Pyesor's child,
Jaysee,
Jaysee's child ,
Ahdonnahoe,
Andonnahoe's child ,
Nayee,
Nayee's child ,
Soingbay,
Ahmassee,
Toh,
Toh's child ,
Forsay,
Bohsay,
Nanny,
Chamanyo,
Nour,
Bojo,
Taytollay,
Golomme,
Womay,
Azee,
Noyee,
Egbellay,
Gaggezottoh,
Dahjoh,
Zavee,
Bovee,
Ahjassee,
Saywee,
Ahgoh,
Bosayvee,
Ahgohvee,
Ogussee,
Dugbay,
Gosavee,
Dojemoh,
Gosay,
Kowee,
Allahdomo,
Kosay,
Dugsay,
Challahsee,
Gagbaysee,
Ologoodah,
Boosay,
Ahgassay,
Ogassay,
Medayjai,
Bokohvee,
Narrohday,
Jai,
Kossay's child ,
Boovee,
Bokohsee,
Yonnohday,
Bovey,
Kohahwee,
Gosummay,
Kovey,
Lokossee,
Dogbay,
Daygomme,
Ajaidomme,
Larmee,
Abayronkai,
Ammoco,
Kopallahyea,
Yegbah,
Youse,
Ochombay,
Bollahday,
Ammahpay,
Ammahpay's child ,
Noyamme,
Noyamme's child ,
Yarbomme,
Yartopay,
Yartopay's child ,
Mallahkay,
Farsommah,
Farsommah's child ,
Hyenah's child ,
Zarrah,
Zarrah's child ,
Egballay,
Segbay,
Satterbay,
Saddahwombo,
Igoy,
Ackim,
Allogossee,
Babbah,
Sayoee,
Bokersar,
Pallesatto,
Noddemah,
Bokersee,
Imboo,
Kassee,
Bunday,
Yahtai,
Ingonday,
Guano,
Ahovi,
Gussai,
Mysai,
Mellahigh,
Egballa,
Yangee,
Koolong,
Soneybay,
Ahkowee,
Guzzoi,
Guammay,
Monnahday,
Morkaylo,
Ahdovay,
Vedenno,
Nofai,
Edeepay,
Wassee,
Deebassee,
Gonnahree,
Duckquay,
Ahpan,
Ahshean,
Teembo,
Ahcheah,
Beesong,
Ahkong,
Tabbay,
Ahwallay,
Ahkonwah,
Ahboh,
Entah,
Ahkennem,
Ahpen,
Moh,
Emkoum,
Awocoo,
Maddahqua,
Ewanyah,
Okoroo,
Ennquah,
Emoh,
Taybay,
Abinyea,
Esomanquah,
Ahfueam,
Emquah,
Elumpah,
Embayyah,
Aquay,
Wambelah,
Boo,
Sugnam,
Dengo,
Yong,
Kobboh,
Wattom,
Anang,
Anong,
Wannaykow,
Defong,
ChowayLabbah,
Palloo,
Bahyondo,
Akombee,
Bahlondo,
Deakkah,
Mollondo,
Mulloo,
Ahjuah,
Moge,
Annang,
Bahrondo,
Oroh,
Oboh,
Abagg,
Egang,
Mokey,
Engang,
Ahkombee,
Mahkoko,
Besong,
Obey,
Annong,
Enkellay,
Dupay,
Anchee,
Hayfin,
Ackan,
Ambonno,
Ottoo,
Ommo,
Bassee,
Infiam,
Ogboo,
Ikakey,
Inchibre,
Ickhon,
Obennah,
Taffah,
Abashee,
Ingyah,
Cabassee,
Oglah,
Tarcan,
Agboo,
Joggo,
Oglanguay,
Enno,
Ebbah,
Orong,
Addedee,
Bojoakombo,
Etabbah,
Mussembah,
Egboo,
Coffiocho,
Agboh,
Wooroh,
Omoquo,
Yamsea,
Indefoh,
Aggedee,
Pandoh,
Hencha,
Ocro,
Owoqua,
Orahtay,
Atam,
Akommah,
Akahtay,
Nanggoh,
Kahwong,
Apamoah,
Gatay,
Obassee,
Nahbankey,
Mahpeah,
Ahbassee,
Fongah,
Etah,
Zookey,
Isercally,
Bahtahtoo,
Beechay,
Ongolar,
Inyang,
Ollam,
Feaum,
Owoosammah,
Bahteam,
Molondo,
Imberrykem,
Wicurse,
Sembah,
Mahgettee,
Alango,
Feanm,
Ymbah,
Famquory,
Innequa,
Woocha,
Wogboh,
Oleeako,
Ahquah,
Ahseeboh,
Abohchoh,
Ejohmoh,
Ahbay,
Emah,
Endept,
Akong,
Morefore,
Ahwassee,
Ono,
Achewah,
Mattam,
Attam,
Olah,
Bonnay,
Kahchay,
Etong,
Narqua,
Ahoo,
Omboh,
Ahjokah,
Whyjuko,
Ehoo,
Challahbah,
Menyea,
Emaysorrah,
Worquah,
Ahtangah,
Ejelleyme,
Jibbahloo,
Kannem,
Enquamoh,
Onuzallah,
Gah,
Ahlohmo,
Whybagmah,
Ahsengah,
Ahhebor,
Bahtoo,
Bohkay,
Okoh,
Ahmembe,
Lolloh,
Logo,
Esegpay,
Imberrerkem,
Adonnay,
Borkay,
Ahgom,
Inguoh,
Kozannah,
Okoddoo,
Ejarray,
Egee,
Nearpay,
Ahpannah,
Awonnay,
Equammah,
Kambay,
Chobahday,
Ammoko,
Ahgoobee,
Loobahjoe,
Lommobo,
Kochoro,
Bordeau,
Odochinnah,
Ahkinno,
Choboloo,
Ahtoko,
Onahyo,
Dacha,
Orlomah,
Ojumah,
Chumayloo,
Kambouse,
Odomfah,
Deeforah,
Loobahbee,
Ahsahloo,
Edeemah,
Oloonough,
Fahchay,
Toomonney,
Ogobee,
Sahpayray,
Arrahmahday,
Moloo,
Loowhy,
Obahchar,
Orrokahday,
Challomallo,
Chudollo,
Mahgalle,
Chahbee,
Looktye,
Lookkoy,
Daybarree,
Olojai,
Chokayloo,
Odogaykay,
Leechi,
Tyeho,
Osahgee,
Ollorogohto,
Choquay,
Loogbahloo,
Dellay,
Konee,
Mollahsiah,
Inchoray,
Ochodoh,
Daywallah,
Kanggah,
Ewarree,
Doddah,
Efullay,
Chomahlay,
Equochah,
Kommahbashee,
Fallahko,
Eyeame,
Intelloh,
Yeabullo,
Ochogul,
Parro,
Oloo,
Agaybee,
Ocholoo,
Bebelarree,
Edahbee,
Ommaykaylo,
Guarree,
Daytah,
Adoon,
Abulloh,
Iyeame,
Koallee,
Ahkimbohday,
Ahcholah,
Ahdaybee,
Omochoko,
Kommahgye,
Adiggah,
Soahboo,
Daykallee,
Abbedokong,
Ekoko,
Kuvahdaggee,
Fahchobah,
Ohgejosee,
Okahday,
Loochepay,
Choddequay,
Kootee,
Myboo,
Ojai,
Mellegbah,
Olooboh,
Ahmanyah,
Kahmeyour,
Lallemay,
Olommoko,
Kommayeaboo,
Darrayko,
Morekee,
Ogoro,
Deepay,
Soddaykai,
Odokaykai,
Ahkilloh,
Mahkuirre,
Tachtue,
Ahdangai,
Chachanno,
Allegbay,
Chollahday,
Toohbahko,
Moseher,
Bomgulay,
Guboonah,
Odaychinnah,
Lanlooway,
Filleyjoh,
Lojah,
Tyewoe,
Warra,
Scharbambee,
Iargoo,
Morebadder,
Komarroo,
Ahgiggah,
Leebellay,
Lay chillay,
Cholloway,
Ochojuyoh,
Degboo,
Bahko,
Chahchah,
Chomohloo,
Mahbellay,
Efoquay,
Odaybee,
Lochokoo,
Joso,
Ollobattay,
Iahgo,
Olloko,
Chogahday,
Maluggo,
Ahsah,
Ahdemlay,
Kooshomo,
Agolyeroo,
Dayfahko,
Koko,
Ahgomgoh,
Ahwogoh,
Ahjibbony,
Ahganno,
Dallah,
Dofosee,
Omfohgoh,
Oloalee,
Agonnayme,
Odootochay,
Ahjibbolah,
Ahgodday,
Daykollo,
Ahkillahday,
Oshogbahbee,
Fallahlat,
Ompammaylo,
Kollahwollo,
Lahchillo,
Famlollah,
Ielay,
Owojokay,
Drequay,
Moolo,
Abahfinkay,
Ochardallay,
Oni,
Koddaysee,
Chakayloo,
Marrome,
Ochobah,
Oloomaygee,
Highlee,
Ahbeeodoo,
Cholay,
Ahkonnome,
Omarro,
Chumayloco,
Ochuckah,
Chojolo,
Mahsear,
Kotolley,
Ahdaycholoo,
Oyeapullo,
Daybo,
Hojye,
Fahsonnahday,
Mohehollah,
Jobbo,
Ahkeyfanivah,
Beepallue,
Edovoo,
Mokommahday,
Mosay,
OWojoe,
Warree,
Addekallah,
Choleage,
Yahnoo,
Obowwisday,
Ebahfay,
Okannayday,
Anetah,
Bahfemah,
Ahkealloo,
Dosommo,
Dayloung,
Dowo,
Mohcholo,
Googonah,
Bohso,
Ahboo,
Ahkombaylay,
Oyea,
Aheeome,
Okollogo,
Lanleggay,
Oloh,
Chaygayloo,
Ahgorro,
Iohgo,
Akai,
Ahveejah,
Faljaybo,
Fahgondo,
Jeeboso,
Ollojogo,
Acholah,
Ammodee,
Fahskinnah,
Ahdeeo,
Omochah,
Jahgo,
Chodeequah,
Moquannah,
Chomaybo,
Agottong,
Ogooshe,
Ochardarree,
Daygottor,
Wartussee,
Igoloo,
Loddojah,
Yahko,
Leagah,
Efohkombee,
Eye,
Dayome,
Awosay,
Daykomme,
Elayko,
Fotaykay,
Ahdaygola,
Kohye,
Payjigbay,
Ahdayjie,
Agollahlah,
Ahputto,
Iyeapayjne,
Farkam,
Farsinkay,
Ahimkay,
Mybigjai,
Orrochahtoqua,
Bochahkallay,
Aboyourye,
Ahdaygo,
Malleyea,
Ahsoonkai,
Ahkiddoh,
Ahdecobee,
Fallahkai,
Otaylukkah,
Bimbayloo,
Ahanday,
Joloo,
Tahjobee,
Mannems,
Apro,
Changgollah,
Keelambee,
Bambolah,
Arrekolah,
Fahtolloo,
Mahlamme,
Myeahday,
Akinday,
Juko,
Tobolah,
Ochume,
Ahbayro,
Enohday,
Icholah,
Dadday,
Millegbassay,
Ahdayballah,
Yourbayday,
Scharbay,
Afonkai,
Molloko,
Ahjiddo,
Edon,
Qookattah,
Ahfilchakkay,
Gogonbee,
Oddesoh,
Orgegoh,
Orchattee,
Mahbobejae,
Loomannah,
Ahrattoo,
Ahdaylakoo,
Ahpadday,
Oquttongboo,
Akayboo,
Dayfulloo,
Shaddepay,
Luddoo,
Gemjobee,
Laggee,
Lookunno,
Obeedokong,
Ahjibboloo,
Chayloo,
Ahkaylaylo,
Akunno,
Ogoombye,
Mammahko,
Worro,
Lookonday,
Olugbaylay,
Nahsammah,
Ambamkey,
Howjai,
Rahjai,
Oloohearree,
Ammochah,
Holay,
Ommojai,
Chollojue,
Waysonno,
Kommy,
Wooro,
Oqokooloo,
Ogokamber,
Odowgoh,
Fyeboo,
Chofullai,
Showbay,
Layjoh,
Okuntay,
Fuddobee,
Odummoko,
Lomah,
Ebayjoh,
Doso,
Olobagga,
Oloosuggah,
Oluschaygo,
Ahday,
Ahrayre,
Lahhomee,
Akayloo,
Kyerday,
Olojo,
Woroo,
Mentor,
Fahtulloo,
Highlah,
Chobesee,
Tohbassee,
Okonossee,
Mallewah,
Okuntoo,
Okooronkai,
Oppoh,
Kyeoday,
Ahkittonah,
Chuddepye,
Faybayne,
Ourbay koh,
Ahtecolay,
Akinbooday,
Bamhoo,
Lumday,
Ahbyeomer,
Pradome,
Cumfackman,
Yambombo,
Chahrombee,
Onnekaik,
Mahbosarjai,
Lagbayloh,
Yeayea,
Okoorailoo,
Labbahloh,
Jahyolah,
Ogojomba,
Oguolah,
Pahwahday,
Anneolah,
Ammahkai,
Achaida,
Bahsayloo,
Sammenoure,
Ammenah,
Bankailo,
Fahchekah,
Eyekutto,
Afindequa,
Finchetah,
Paykolah,
Akunneday,
Kulleykai,
Ahrooway,
Orokoh,
Mahboloo,
Lahjayloo,
Ageawoh,
Highduttie,
Toofullay,
Soolullahday,
Soolallahday's child ,
Ahbayboh,
Ahbayboh's child ,
Daykussa,
Daykussa's child,
Lahkumbee,
Ajennay,
Yeawonday,
Dannaykai,
Naykayho,
Awah,
Bambayfoo,
Lammay ,
Erayjobee,
Ahroyea,
Ahsultoo,
Fuddepay,
Farrepay,
Fahchahkah,
Ochofumbah,
Mahbojugoh,
Afudday,
Mahgilay,
Fagbotay,
Arokay,
Uhchamwahday,
Lahbulah,
Sahkoahday,
Egocoo,
Assua,
Yambomba ,
Latterago,
Omay,
Fattekong,
Arrahsarree,
Ahlackah,
Olooagbah,
Dresagree,
Bonayroomee,
Ahkahro,
Dahfeeahtoh,
Mootaytay,
Boreegoh,
Weeahtah,
Ahgra,
Okoombo,
Monalwah,
Naygahree,
Odeeboo,
Ahtonee,
Abay,
Moreseefoh,
Egpennay,
Eyebbay,
Aequay,
Oseeackah,
Adaykoo,
Ekofah,
Equajai,
Lahloosee,
Bolloo,
Woopah,
Sahwoodo,
Nahsah,
Ahfeeasmee,
Nahpockkin,
Ahlohroo,
Anim,
Ozeemaykah,
Ahbowway,
Ejayboh,
Otommoh,
Porrogoo,
Iyeabenno,
Arreveesah,
Boray,
Wayway,
Jahboo,
Ahgohdear,
Ehayjah,
Baykeebah ,
Halfaday,
Olugbah,
Mackah,
Mackah's child ,
Omaddah,
Enorsoh,
Elegbahmunday,
Loahlye,
Mahtoosay,
Bonnahfah,
Sahdugpay,
Eyahye,
Pohjayjucco,
Waydor,
Chaybaydor,
Ohegbay,
Mahchaykarrey,
Fahlinsoh,
Sagboh,
Salleybah,
Ogaybahroo,
Mahsorrah,
Ahborrah,
Ekunno,
Jaykah,
Okroo,
Crewchay,
Seeyah,
Tahkoo,
Ahchee,
Cratchchay,
Coco,
Cochee,
Governor,
Seeyaw,
Ahgammah,
Edye,
Forrey,
Ahbeay,
Cossee,
Sackkey,
Tayno,
Mayjay,
Iannahbin,
Emear,
Sawey,
Kohehue,
Mahvee,
Cavee,
Demday,
Tahjoe,
Cuffee,
Tay,
Vojugbay,
Taytay,
Jayjo,
Occo,
Yammahkrew,
Leeehah,
Osoon,
Jahhah,
Jayhah,
Jarrah,
Mojtay,
Chaychay,
Namwonah,
Quamin,
Moddoh,
Aneo,
Yahw,
Abettee,
Degbay,
Coquai,
Abblah,
Fever,
Bearsah,
Ahkahvah,
Ahkoah,
Mahosee,
Tannahvoh,
Kossevah,
Ahfraychee,
Queah,
Iesse,
Dayday,
Hossevah,
Nochay,
Ahgussee,
Ahdesah,
Momorko,
Cussebah,
Korreko,
Doyonyow,
Cossee ,
Baydayonho,
Queyah,
Ahsohyee,
Sowayah,
Ahvayway,
Allegaysee,
Ahtaysee,
Ahblaywah,
Ahbrah,
Powway,
Dohwommah ,
Dohwommah's child,
Baychayboh,
Yesterday ,
Intolloh,
Ahcoah,
Ahgooddah,
Wootonno,
Gahfoy,
Ahjugwah,
Ambah,
Yahwoah,
Chaho,
Obo,
Cossey,
Banney,
Quashie,
Nammee,
Anaw,
Cojahbah,
Ocrow,
Quaw,
Dahbah,
Forey,
Ocoroo,
Omokee,
Ezeeah,
Oeojee,
Anappay,
Nammy,
Chaykoo,
Wodano,
Ottalanenah,
Mensah,
Achuchay,
Quaccoe,
Quashee,
Osamee,
Leechah,
Olosoo,
Obonee,
Dedday,
Lahjue,
Abrabbah,
Goguay,
Jebony,
Hehemanoe,
Sedono,
Accojay,
Agballa,
Gahtobay,
Oboe,
Coday,
Tazeah,
Quavee,
Ahyalavee,
Dovee,
Ahtobilly,
Eccoah,
Adjuah,
Abiah,
Iyekah,
Kollah,
Molah,
Wokekay,
Inobalay,
Appaw,
Woorah,
Okoobah,
Warkoh,
Bosoh,
Imbah,
Wockay,
Imwaragee,
Sokody,
Ozoo,
Atonee,
Obannaky,
Workochay,
Oboneby,
Bonoby,
Obanniko,
Okalabo,
Annoh,
Eyea,
Tokey,
Eseahuah,
Woarchah,
Wombahkay,
Chekoanah,
Anemechay,
Annokah,
Imboh,
Sindo,
Haraloo,
Aban,
Hatogoh,
Woko,
Ata,
Wanday,
Haramo,
Harnay,
Toway,
Apanko,
Karo,
Okaramo,
Kannokay,
Aboh,
Wochokay,
Alay,
Norro,
Ennay,
Ennen,
Oloko,
Atah,
Akarabo,
Allahtah,
Leahgee,
Harahfoh,
Herahfoh,
Herokoh,
Hammahuo,
Alee,
Guammoh,
Iyea,
Inganay,
Gerahcho,
Easay,
Nandomah,
Olay,
Hozarko,
Ebaybay,
Ababeah,
Beahko,
Joalue,
Bibby,
Indomah,
Bibbay,
Ejahko,
Abako,
Jahrahsee,
Adochaywah,
Wannahchah,
Wogo,
Attahno,
Abachay,
Bokoo,
Ojambay,
Aneahfoo,
Adooko,
Abuachah,
Oleah,
Wahnolay,
Wannenah,
Nannoh,
Adonwah,
Afoko,
Bolee,
Nahchah,
Bakay,
Mochah,
Okapah,
Chaboh,
Cojugo,
Daggellah,
Boyei,
Akkaunouree,
Kanjahbee,
Boyoh,
Bahkolay,
Oboso,
Dosahoee,
Woro,
Beeako,
Ochoaru,
Torno,
Korso,
Mahhamma,
Maddechay,
Fayno,
Kodono,
Nokomoh,
Boyer,
Loahmee,
Jambah,
Codjoutaikey,
Feddeyoh,
Kosso,
Gusso,
Edayko,
Zahko,
Bosahvee,
Ahwejah,
Quircahtee,
Ahwo,
Sokullo,
Ahbuckey,
Yaddahkoh,
Ahjannno,
Wageee,
Lahwomee,
Ibooddo,
Bookoh,
Dahvee,
Boosoo,
Abetto,
Oluyah,
Bayyou,
Wahsabbee,
Mommoh,
Ahbombo,
Ahdallahko,
Ahjayomee,
Somah,
Edeesah,
Veeday,
Gussoo,
Woeroo,
Addammah,
Sayvee,
Booso,
Basso,
Saychey,
Samwah,
Ohollahkah,
Wookalay,
Jenno,
Bookarree,
Sah,
Mohchollo,
Oloobackey,
Ajhah,
Ahkommay,
Ojugballay,
Pardonnee,
Dohso,
Tugbag,
Ahwoko,
Roballo,
Orromoko,
Boosah,
Affabaney,
Mofullayvee,
Ollahko,
Olujohbee,
Dosahvee,
Dooso,
Saymonno,
Jahjay,
Wahso,
Nahgo,
Loulay,
Ahyawoh,
Kojeekah,
Ilyeloo,
Barremarko,
Daysah,
Nofye,
Indayo,
Doyoh,
Ahbosso,
Hahgee,
Ahgonday,
Wossoo,
Zayzo,
Dayahvee,
Ahkosso,
Saykonno,
Doosayvee,
Dojee,
Doahvee,
Boovia,
Tyesay,
Kahko,
Honor,
Ollelattah,
Iyamee,
Asong,
Gromah,
Ahdaykambee,
Darray,
Dorkong,
Ahbarreshe,
Lolleyway,
Opebbey,
Sofullayway,
Sollahday,
Allee,
Sommoh,
Ackayboo,
Waybee,
Akowlah,
Amdambarko,
Aksharko,
Sagbee,
Okonno,
Achom,
Tahbugga,
Booo,
Noobye,
Ahgamo,
Olottong,
Ozogbah,
Owahlo,
Locko,
Konno,
Ellaybackok,
Ogotallah,
Odolammee,
Hollahjah,
Ahjinbah,
Ohdonjo,
Borkoh,
Bosay,
Doquay,
Dobosay,
Coyvay,
Fahvey,
Lufah,
Brahah,
Boyvee,
Coyvee,
Monoday,
Daysavee,
Nesahsay,
Wahnembahsay,
Chalasee,
Nokakay,
Madonay,
Noneah,
Bojoe,
Maybay,
Ingossee,
Coyong,
Annesahrenah,
Bogbay,
Wahkay,
Domay,
Zolakay,
Veday,
Bahnay,
Siotay,
Lubah,
Allubah,
Bayhosay,
Bahmay,
Covahno,
Abrah,
Apay,
Bahdoo,
Mahkissee,
Bahlay,
Solebay,
Boquay,
Zekay,
Dayah,
Baylue,
Bahsee,
Hendayah,
Bojah,
Bojoh,
Bahay,
Tessee,
Unsah,
Owah,
Henday,
Guahvee,
Akoyvee,
Bojovee,
Mayno,
Cocoa,
Nuah,
Jahvosee,
Ahgohee,
Egballah,
Dolay,
Luboy,
Nokay,
Kissey,
Sekay,
Fahbee,
Lahgebay,
Lumoe,
Lassah,
Lahbolloh,
Owanue,
Deyoh,
Lahfeday,
Wakoe,
Betah,
Kissee,
Kissee Child,
Guah Child,
Bullay,
Bullay Child ,
Yahbah,
Yahbah Child,
Hussay,
Hussay Child,
Sosay,
Sosay Child ,
Varafoh,
Varafoh Child ,
Coyee,
Coyee Child ,
Ahkayee,
Ahkayee Child ,
Nayjah,
Nayjah Child ,
Acocoa,
Acocoa Child,
Jubalay,
Jubalay Child ,
Goguday,
Quahjumay,
Ahlubah,
Ahlahjay,
Lajay,
Lajay Child,
Lahbah,
Koyah,
Koyah Child ,
Ballay,
Ballay Child ,
Doe Child ,
Polowah,
Mallayah,
Cozoneekay,
Buboh,
Buboh Child ,
Malbolloh,
Eddoe,
Lahdonay,
Lahdonay Child,
Mahfeebee,
Mahfeebee Child ,
Chahtoe,
Bangolah,
Lahbee,
Yahbarray,
Bosaydee,
Bodonday,
Mahjuday,
Mahlalay,
Lahdee,
Ahdesahto,
Atayjue,
Fotoday,
Lahnee,
Ahdaykonay,
Jennay,
Moleemoh,
Ahlekalay,
Ahjewah,
Lahtay,
Ahsatoo,
Mellay bahbee,
Bahteyoh,
Monah,
Coshelahday,
Oboloh,
Yahwoh,
Yohnoh,
Hyesah,
Ahgassee,
Lahtokay,
Mahsollah,
Fahlosay,
Obolloh,
Woreyea,
Fannah,
Adesah,
Alloko,
Edowoe,
Jekay,
Edowae,
Bylolloh,
Bocassah,
Hammanday,
Farginno,
Sargerro,
Byensah,
Noahsay,
Foddayah,
Doosoo,
Miroo,
Attoo,
Don,
Ahgooba,
Baagbo,
Nono,
Polassema,
Ahsugba,
Forrongbo,
Tanyo,
Bocassa,
Mousoo,
Jusso,
Boyo,
Aggusso,
Sissoo,
Sasoo,
Arretio,
Ahgeah,
Ocha,
Boyah,
Sattague,
Zee,
Dieta,
Acharoo,
Attosoo,
Aggosavee,
Cussoo,
Chilly,
Satayou,
Aggussoo,
Addasa,
Nentong,
Yammello,
Ahligbo,
Yessoo,
Chorekay,
Chodumah,
Chodolloo,
Jammomee,
Calla,
Niyem,
Ogeebed,
Codday,
Quieto,
Davee,
Carpo,
Querrajue,
Cassah,
Damalla,
Bedtie,
Doggah,
Hottogee,
Savee,
Bokee,
Degdaroo,
Commissa,
Hodda,
Howato,
Quiahbee,
Mokossa,
Caupo,
Ahfaddah,
Podonoo,
Abalay,
Hoomasay,
Indukukay,
Lonay,
Yarkass,
Okossee,
Koyabee,
Yoabee,
Menebookoo,
Bojaw,
Doah,
Savey,
Kivey,
Nefor,
Maotequai,
Kooedy,
Oseey,
Buovey,
Zequai,
Neguve,
Devay,
Bojoi,
Sosee,
Looysee,
Yoho,
Dugbeh,
Davy,
Ocossee,
Poaemby,
Kosavy,
Koby,
Awaseba,
Kowy,
Loobey,
Edoe,
Oboocha,
Marseka,
Kodo,
Awadem,
Awiss,
Aoo,
Asor,
Baba,
Lalu,
Segnor,
Pargburnee,
Budyvee,
Lajah,
Jossee,
Baquoi,
Nimnor,
Buvoyee,
Arkedar,
Sapoor,
Bosovee,
Comee,
Dolarsee,
Salone,
Agbarry,
Dolu,
Farseelay,
Buoyvee,
Nokookay,
Lejobay,
Wocorro,
Quiday,
Agata,
Aoola,
Dacoi,
Ocoi,
Ogosavee,
Joquoi,
Odee,
Ahoboo,
Matlear,
Woisee,
Anuber,
Looi,
Agbai,
Adebo,
Aledloo,
Adasee,
Abasor,
Amomee,
Mochow,
Ocololuee,
Todamy,
Oabee,
Bosavee,
Buoyee,
Taca,
Lardepo,
Aroobar,
Asoo,
Toorit,
Abadoo,
Osoudy,
Marjodamy,
Yanna,
Alajuca,
Chatta,
Acpan,
Teachworro,
Woeko,
Apenneywah,
Neah,
Moday,
Hurroh,
Ahpenney,
Ahpenny,
Kantah,
Mahloh,
Ocquah,
Byyoarah,
Acheame,
Oco,
ENang,
Acpanney,
Ewah,
Ebayquah,
Errymough,
Ebarrey,
Okerakay,
Oguay,
Oborebah,
Wallahkah,
Olue,
Ogolaze,
Lemoh,
Woecalf,
Geogah,
Adaycheney,
Ahshonay,
Okayko,
Uzaloo,
Inguoquay,
Ohohgulleytay,
Eboko,
Injokay,
Oguahlaklish,
Okeboh,
Induossee,
Aguahbay,
Ahnay,
Okrakray,
Elwin,
Oneahwochey,
Olokazachey,
Ahgeefeokah,
Ahno,
Ojuko,
Eyahbah,
Edday,
Obaddah,
Laykroh,
Oboahgoh,
Eneahwochey,
Zomwartoh,
Ahkeeworoo,
Ollow,
Workey,
Kooray,
Okrow,
Aheahgrah,
Wahchuko,
Ahkantah,
Ollotoo,
Oguahjay,
Oworrohzoo,
Chukonderray,
Ahbahchay,
Onneah,
Ahlettgo,
Korrokoro,
Obrah,
Allaykay,
Chekayzay,
Hayjayno,
Okoray,
Oketah,
Egollemah,
Okayray,
Oguayannah,
Apenyoh,
Agedday,
Ahtamsah,
Mundai,
Mandai,
Ofannah,
Opanvay,
Oquabahcharrah,
Ollah,
Okraboh,
Okronboh,
Maddewokay,
Allazzue,
Wankah,
Ochay,
Arrahbotay,
Dinnah,
Ochaynay,
Accra,
Ahkoray,
Alleah,
Waahfoe,
Imbokah,
Cheomah,
Wahmulay,
Odonah,
Ahkaysue,
Imbaykay,
Wahkah,
Okeekay,
Herodaywefay,
Woojay,
Ahquaybom,
Ahfoh,
Agorahah,
Wannahozore,
Ennam,
Wochaygorah,
Odahokoe,
Woodaynee,
Duguyroe,
Chahgoe,
Woraymah,
Nentah,
Imborray,
Immuchay,
Wonkah,
Obray,
Mullahlelay,
Ehaydomah,
Inguahomah,
Ogalay,
Aheobay,
Inhuahkay,
Ahah,
Imbahho,
Kachee,
Imbaray,
Allahmah,
Ahkoahboe,
Alleahgah,
Wahinkah,
Ahjeahbay,
Womboh,
Imbahfoe,
Lollah,
Imbahjeahkah,
Wannay,
Aguahbemah,
Wandah,
Ebee,
Wahkam,
Baykay,
Ahtom,
Hobah,
Hebay,
Ahkallaylay,
Akebray,
Ingrass,
Ochah,
Odoe,
Ejomay,
Okarakoe,
Ahkoe,
Ahkoahko,
Bonmay,
Cheamay,
Equay,
Ahjogoe,
Boamkoe,
Imboguay,
Chemay,
Allaygahkoe,
Injomay,
Imbobassah,
Akobaray,
Imboquay,
Chekaytay,
Akomay,
Imbafoe,
Inchueamay,
Okonah,
Wahkobah,
Ahkelazay,
Inquah,
Ewahquay,
Waybay,
Maddayyea,
Boodalfay,
Booway,
Orquay,
Mohquay,
Mahquanah,
Echay,
Ahgorah,
Ahgarrah,
Odah,
Ejai,
Kahkanday,
Jahgarrah,
Egah,
Equanoh,
Ahdickey,
Occro,
Seeacoro,
Booreyokah,
Seapoh,
Ohconneynee,
Egamah,
Baybarwah,
Egannah,
Ahpah,
Isoomarboo,
Markeyshun doozooozo,
Ohkardoo,
Jagboo,
Oraiboo,
Ahdayswah,
Ojaigbay,
Erootah,
Ahbahmee,
Ahwoodo,
Aboochahgo,
Ahlaykay,
Ahkandah,
Orah,
Seechay,
Boalouse,
Pamlookoo,
Ohchokah,
Oreegai,
Kahkandah,
Mohmoh,
Footoo,
Ogooreyah,
Orboo,
Okoranko,
Okaro,
Weesee,
Abaychee,
Ayouchay,
Arreebooahko,
Arkorah,
Ahkorray,
Obinney,
Horrah,
Egboh,
Ahkooray,
Oquaray,
Innearah,
Olojoh,
Asai,
Kandah,
Akandah,
Ahkanjah,
Azoyah,
Azoyah Child ,
Ahkorrah,
Lahmee,
Abannanbay,
Adayvahyee,
Asseewater,
Naysay,
Apah,
Ahboomah,
Kayroo,
Asah,
Ahgottoo,
Wargary,
Aguamay,
Coroboe,
Aguaray,
Asang,
Aparay,
Onay,
Imaray,
Orrah,
Osogoe,
Osobecah,
Ordah,
Makatay,
Aquasay,
Ahwahbah,
Ojarray,
Ahtoe,
Ahkorvee,
Ahkahrah,
Ottoboe,
Akoray,
Asay,
Odoh,
Adokah,
Ahquajah,
Iallahbah,
Imbee,
Womaray,
Jonwah,
Komahgo,
Ahdoe,
Eneboe,
Osoe,
Ahquang,
Ague,
Ozoe,
Bosogah,
Agoe,
Ayaday,
Chabomah,
Oguray,
Ahdahkay,
Oquoray,
Malamah,
Asaygoh,
Equaray,
Occroo,
Aquarray,
Ahtong,
Oneechay,
Hanggay,
Aggobah,
Okaybee,
Obangah,
Beirco,
Ochoo,
Onimequah,
Ojelobee,
Broquessee,
Arrahchuff,
Saychee,
Wardoyqua,
Ageroo,
Oquamee,
Okarameah,
Onannado,
Osugoo,
Hamberlasey,
Barquah,
Nimmenarkah,
Dumb,
Dayboo,
Cansoh,
Eboray,
Leekay,
Abokay,
Robanchee,
Nodah,
Monnezah,
Bootokoo,
Attoh,
Ahsome,
Owobah,
Imbeer,
Serraybay,
Ahseekah,
Akang,
Korve,
Asaach,
Ahliye,
Seekay,
Abayhah,
Attay,
Attesah,
Owebay,
Mannayboo,
Teemay,
Ahkonjah,
Ohokrah,
Ankoo,
Tannahboo,
Ahquarray,
Seadoo,
Egahrah,
Kontah,
Nahkah,
Azay,
Wozokay,
Ahmowah,
Ahninnahnocom,
Owahkaditt,
Wahhahjuke,
Ahleoh,
Fodoo,
Ahdee,
Sedoe,
Afodoo,
Fotoe,
Appahlay,
Apiye,
Apallay,
Maywah,
Apallie,
Maddokah,
Debboo,
Maddachee,
Irreono,
Ahfah,
Aggublee,
Abadumee,
Jue,
Echee,
Dagunna,
Isappoo,
Ugoo,
Gammissee,
Enappierre,
Accumanee,
Garrah,
Ahibee,
Maggea,
Annickam,
Goonassee,
Wanekah,
Ammahra,
Odowhi,
Abinnee,
Passasa ,
Chattah,
Ahkomah,
Amay,
Ahbusha,
Oquah,
Wahboggoo,
Gunno,
Yahmeahhah,
Indahway,
Yahyah,
Ahtahbah,
Hahjoing,
Fannekong,
Olodomah,
Ahdayjoh,
Motoday,
Amahyea,
Emmelloe,
Ewaytan,
Alabalay,
Gallugay,
Waydoo,
Iyah,
Waynay,
Baysay,
Adallah,
Annowena,
Oursanee,
Edah,
Dongoray,
Timma,
Wahguana,
Adoriggah,
Komay,
Aporay,
Sagbah,
Kranko,
Abaydissee,
Awojamee,
Chedah,
Ahkarbanday,
Akrassah,
Obaykay,
Ahjukoo,
Okron,
Aquailly,
Ahfoddo,
Akarbo,
Ecahboo,
Tanevrah,
Aquarrey,
Wahfahkoo,
Ahquando,
Enuojerricachenera,
Ojinnenakah,
Illahdobah,
Bahfoh,
Yeggra,
Dobah,
Ollookassee,
Offoodoroo,
Equarrarreack,
Ammaday,
Wodo,
Waka,
Annapour,
Oabooah,
Amapunah,
Ogootaa,
Omea,
Ummudaa,
Annequa,
Enachay,
Ballajoe,
Aleahkah,
Nayaboe,
Ambokoe,
Owang,
Wahchuckoe,
Ahmannahboe,
Serahmokoe,
Osea,
Wahballabue,
Eagin,
Inahbah,
Kayobah,
Yaytobah,
Ahkanwah,
Abarah,
Emogally,
Annahmah,
Annahqually,
Odomoe,
Ahlopoo,
Kassemenso,
Chelaykoe,
OWonsah,
Okamach,
Amanaychee,
Allopoe,
Followang,
Waytibay,
Ahkanquay,
Ahsahmare,
Wahchukue,
Inyahdubah,
Intahbay,
Eyeyee,
Pannonebee,
Bahfoe,
Efonee,
Gullahnay,
Pogahsim,
Degmore,
Ninjam,
Nogelt,
Bahsock,
Bahtam,
Sannay,
Sammay,
Abeg,
Tanno,
Oneyah,
Duboo,
Boom,
Bellah,
Ahfaggah,
Endam,
Diggy,
Indogbo,
Nonjah,
Myyando,
Bowillay,
Intaypay,
Neanda,
Manay,
Gahday,
Okoroy,
Bang,
Mandonay,
Dobonjai,
Inbonjah,
Ahquaray,
Mahrah,
Beetonday,
Beov,
Tonday,
Myyongoo,
Gommay,
Sommelong,
Songah,
Bonay,
Chingam,
Nahbuckay,
Ettay,
Blackay,
Gahsong,
Deybarrah,
Gogronko,
Binjock,
Gambay,
Ingahray,
Mahsonay,
Manjack,
Jocko,
Tofitty,
Tetambay,
Keesack,
Minnambom,
Binnahnay,
Bahnackim,
Bitterah,
Binnahnee,
Bangbom,
Indogay,
Beekong,
Ingomah,
Okomee,
Sangoroo,
Indaymay,
Gahrah,
Bobsay,
Intappay,
Bongay,
Tobah,
Ahpannay,
Bammisoh,
Sough,
Inguaw,
Iyokee,
Inkomo,
Taymake,
Beesah,
Mahkong,
Maacke,
Bong,
Nongay,
Indong,
Esoo,
Neahmunay,
Domah,
Mornay,
Beetong,
Mahsinnay,
Songuay,
Sannahjoh,
Inloobah,
Mesonggo,
Ahwan,
Tondo,
Tamkong,
Bung,
Inyom,
Nokomout,
Soomore,
Dombay,
Bandang,
Dokah,
Sombah,
Jockdim,
Ianjoe,
Kohso,
Bony,
Kongoh,
Yango,
Mahfang,
Godway,
Sesinnee,
Neamjong,
Seekongay,
Melaykay,
Nammah,
Imbohkoh,
Guam,
Gobahsah,
Komahnack,
Jongjang,
Backeynack,
Ponjah,
Toykoy,
Iunjue,
Nahbom,
Indekay,
Nickahbay,
Kaykay,
Ombay,
Bahwonday,
Anitobay,
Nonnock,
Mahtombay,
Dandokay,
Sahworay,
Nakabuck,
Bingham,
Cumbah's Child ,
Mahpotay,
Nomeze,
Nomeze's child,
Nansonay,
Mahonjay,
Komayay,
Nahteese,
Mosame,
Demullay,
Ingarray,
Iuso,
Yeatea,
Henoe,
Bombang,
Gangay,
Kimdaray,
Kanjah,
Somtoh,
Mecorray,
Zubah,
Mejongah,
Pongah,
Dedong,
Intubah,
Pondah,
Tacquay,
Ingoe,
Mahyangah,
Mahtonyah,
Tuckway,
Beckateah,
Yocksane,
Yabang,
Malembah,
Susoo,
Basseah,
Mahally,
Jammah,
Assaine,
Inpongoh,
Yampotay,
Kakay,
Yabeyay,
Nonkay,
Nampotay,
Yammoday,
Yammosoo,
Kourahyay,
Donee,
Dolonee,
Nakabayally,
Nannemeek,
Tempoh,
Manjong,
Nantong,
Pinningbay,
Nappay,
Massemassoray,
Mandekay,
Tokay,
Nanbokay,
Angomah,
Hondoso,
Ambalay,
Imduzoo,
Nambah,
Posozay,
Gamboyong,
Induah,
Bendo,
Tellongoh,
Mahmoney,
Injuang,
Buahronday,
Gunbassah,
Gumbah,
Impongah,
Summah,
Assangah,
Menjopoe,
Nanpongah,
Indakah,
Mahbong,
Ocorday,
Okronko,
Anecy,
Indowesee,
Mahkahmah,
Ahneardoh,
Azayzay,
Azim,
Orwah,
Aharoo,
Ahlay,
Orreahko,
Dayoam,
Amberkay,
Ezuewanna,
Tasseteah,
Opahbee,
Wayzogay,
Onahgahram,
Alleytapoh,
Okontoh,
Aronta,
Ahpam,
Ahpanny,
Emore,
Esean,
Ekendem,
Okaquay,
Checo,
Wanguah,
Oneahoworro,
Immorday,
Ozaysee,
Onamadd,
Onokayray,
Oguaguay,
Oleeah,
Mookachy,
Eroo,
Haybah,
Okraig,
Ogounay,
Indowissee,
Orgoo,
Equaboo,
Ogamkah,
Wockahfoo,
Workoo,
Azeechenay,
Inpayboo,
Ebayzim,
Ingeorgay,
Okampah,
Inkraykah,
Wocharf,
Asaynee,
Krotonoo,
Esaynay,
Mayzee,
Ofayday,
Mampah,
Maddayko,
Okooray,
Ahfenny,
Hurrohfare,
Okookah,
Obaggee,
Opahroo,
Harraianna,
Ozrohomah,
Karreenoreboh,
Ommokabba,
Azai,
Okaykay,
Wokaynahgah,
Onosah,
Najowah,
Lakochee,
Obarbee,
Worah,
Innang,
Akah,
Olofah,
Akachagee,
Kallahbally,
Ahbawo,
Okraffo,
Assahkoray,
Ahbang,
Obokoe,
Hahgammee,
Ingabbo,
Okoronko,
Obozeegah,
Imbako,
Oleesah,
Ochahgo,
Ozakay,
Ohongass,
Olozoe,
Opoe,
Okraffoe,
Ahbowah,
Ahjalloh,
Onlahyah,
Ogommoh,
Ebaquah,
Injay,
Owahpoe,
Okoroe,
Okarakay,
Hegekah,
Ahzue,
Oree,
Obue,
Anacoray,
Ahkutay,
Ahbannah,
Asinn,
Ahbannee,
Obuahkoe,
Horoe,
Asennay,
Ingappoe,
Imboburg,
Ahtahsea,
Obargo,
Wanquah,
Odoanay,
Cojuquittah,
Esoe,
Chammarong,
Kammerong,
Efforah,
Onejoe,
Akalanning,
Idesnm,
Obassay,
Eboe,
Obeahtoe,
Kammaroe,
Insue,
Afody,
Ofrofay,
Ahbanny,
Appanny,
Egboe,
Intam,
Abedy,
Eforay,
Alawokay,
Abayong,
Mahhah,
Asane,
Aguaby,
Imbeahkah,
Ahkamee,
Attack,
Injoffoe,
Injee,
Ingay,
Mangoe,
Imammah,
Inkah,
Injujoe,
Labong,
Incombah,
Assoh,
Incango,
Acotay,
Banguah,
Sumlong,
Wahbillay,
Labay,
Incam,
Berricam,
Morondo,
Samninkay,
Konojay,
Bomokay,
Mandoe,
Nah,
Indefong,
Indam,
Indepayah,
Intuah,
Ahdoh,
Pahdondo,
Ahquay,
Barguay,
Bahkoray,
Karakaray,
Ejay,
Ejahoway,
Adaquay,
Atokoro,
Dekah,
Wahnah,
Injaggah,
Okechee,
Anokahbah,
Chelahlobee,
Alloloby,
Oleahbendo,
Ieabay,
Ahnoah,
Bachay,
Ananjoe,
Wahinkaray,
Chinnahquay,
Ahquahbo,
Zanwah,
Efoh,
Lalloney,
Suarbay,
Tourah,
Maroango,
Callah,
Maryombay,
Margonday,
Gunyah,
Lamarguah,
Marsengah,
Debommah,
Assesah,
Ecarlah,
Olandah,
Iabbearmah,
Pallahmango,
Pungha,
Aobongo,
Gongah,
Elondah,
Puttah,
Candah,
Iaggo,
Accojah,
Allachee,
Lalloe,
Allajabo,
Mannasorah,
Allobahmonoe,
Allamahee,
Ahoe,
Ieah,
Accodee,
Ahbomboe,
Ahtimakah,
Amochoe,
Kammerchay,
Ababee,
Shotahday,
Imyanore,
Chadolay,
Ahtonfah,
Azoe,
Adotang,
Adolay,
Lumahday,
Dagakoe,
Woloo,
Musah,
Ahdoboo,
Amahday,
Lahbolue,
Allogokay,
Kedalloo,
Oquig,
Oleeseedee,
Kaybo,
Ahjobo,
Ahbedday,
Abedowoi,
Ahmalate,
Bubah,
Yolvo,
Ahlee,
Ahway,
Ahwoo,
Indaboo,
Togahday,
Ahbedago,
Dahgeday,
Chomolloo,
Ocho,
Lukallay,
Aloh,
Allokoloo,
Akobahyah,
Ahbedokum,
Kappoe,
Ahchepallah,
Ahbiye,
Chosah,
Ahgotay,
Chokoloo,
Ahgobah,
Ahwatuloo,
Ahwaloo,
Olusomfin,
Ahsillay,
Jokoo,
Tokahyea,
Ahbeahday,
Mahjabay,
Teahfoo,
Ahbaggay,
Ahahyea,
Iabbee,
Poloo,
Iyolah,
Fasseloo,
Kamminabalee,
Koloo,
Melahkay,
Kahtoo,
Hyeloloh,
Mahsolah,
Ahkinkay,
Chojuahlay,
Lolunkah,
Sabbee,
Labahday,
Hyelolah,
Bankallay,
Ahlokulay,
Ahjokoe,
Lassakay,
Mallepay,
Ahchopaday,
Mahbolay,
Tahwo,
Ahwekalay,
Laylay,
Ahkeday,
Ahgoloo,
Ahlumah,
Adoobaloo,
Yahboo,
Ahcokoo,
Ahmagee,
Ahdonen,
Lallebah,
Falosay,
Tennee,
Lahday,
Ocoaday,
Inbahlay,
Ahmalegay,
Loachee,
Nahjoe,
Ahwosatto,
Annekay,
Mahtahwo,
Ahfalladay,
Ahfalladay Child ,
Yannoway,
Yannoway Child,
Addesay,
Addesay Child,
Allahlee,
Allahlee Child ,
Ahdonee,
Ahdonee Child,
Allahboloo,
Allahboloo Child,
Allebo,
Allebo Child,
Eloh,
Eloh Child ,
Ajobee,
Ajobee Child ,
Awosamee,
Awosamee Child,
Ahjolakay,
Ahjolakay Child,
Ahlukay,
Ahlukay Child,
Maimahro,
Maimahro Child,
Ahyahwo,
Ahwolukoo,
Kaadoo,
Choholahloo,
Mallaylee,
Alolee,
Mahmu,
Ahsulalay,
Ahkejoe,
Akaday,
Ahshow,
Ketee,
Olukayay,
Ahdedatong,
Annoray,
Shahdally,
Akanokoo,
Oshelahloh,
Shodequay,
Kohjoe,
Olufoyoh,
Koboloo,
Lyedah,
Etahbee,
Edoohoo,
Shobee,
Topahmah,
Ebay,
Shodebay,
Kakah,
Kolekah,
Ogosholoo,
Obahtoyay,
Olokoo,
Wannekay,
Iju,
Ahgobee,
Egay,
Ahkelahday,
Olubayfoe,
Ogombofoe,
Shonkah,
Odue,
Mahbogojay,
Akeyamay,
Akojokin,
Dogah,
Gosonee,
Sahjoe,
Ahgassah,
Dayoloo,
Lotusee,
Ahjubah,
Bolapay,
Ahjubaysoo,
Ahlokah,
Lokoo,
Lokonoo,
Oshahbakoo,
Abamee,
Odumakoo,
Cholahkay,
Okonoose,
Elukong,
Ochodequay,
Okoshodoo,
Wooloh,
Ojahee,
Beokoo,
Okojobee,
Oshofahloo,
Ahjee,
Lahbayah,
Adotong,
Oloshelay,
Ahbesoyah,
Ologolay,
Bofolokoo,
Fahbano,
Ahbeboo,
Ahdasonkay,
Okabayee,
Obodepay,
Oshoo,
Ageboshah,
Oloshemah,
Amahlah,
Somallah,
Okoloo,
Bakbay,
Alzueebo,
Eloo,
Ahdelayoo,
Ahdayah,
Ahwodulayah,
Alachee,
Ahkalee,
Kalohoo,
Okallay,
Oloaday,
Ogotoo,
Ogodenah,
Oshoh,
Alowah,
Luagee,
Ayojabee,
Lahsee,
Aleahkay,
Loahloo,
Okoballah,
Olubah,
Olubahjoh,
Oloonkah,
Dosumah,
Ahdasumah,
Ahsobah,
Ahjahee,
Osahdallee,
Ahtinday,
Chahdahlay,
Olochogalay,
Achahbay,
Tahoh,
Ogocholah,
Allahfoo,
Yalamee,
Ahbinbolah,
Abotallah,
Ahdaylo,
Munpay,
Ahzumee,
Defa,
Adubaylay,
Alahmontay,
Annahday,
Dekahlay,
Mallaloo,
Allahdakoo,
Chabutee,
Dayjoe,
Assahkalay,
Daysoh,
Awoosoo,
Allaloo,
Allahmetay,
Marondeah,
Oluketah,
Allegemah,
Ahbolokee,
Mallah,
Kakajay,
Allahbah,
Alloon,
Hyechamee,
Ayabah,
Luzah,
Monnah,
Mahtaysah,
Bahsay,
Amokay,
Adohomay,
Aloketah,
Sakutay,
Iasunoah,
Fahtumah,
Kannekay,
Ejosee,
Nanhoo,
Ahbejoh,
Ahlahsee,
Alajue,
Afang,
Kallejay,
Lohosee,
Lahsemee,
Afamahmeday,
Abahmaloh,
Eyaboday,
Ballabay,
Ballabay's child,
Chahbemah,
Chahbemah's child ,
Azofoukay,
Azofoukay's child ,
Kolooloo,
Banjukoo,
Banjukoo's child,
Isayto,
Isayto's child,
Kossaloo,
Kossaloo's child,
Asaijo,
Asaijo's chil,
Duballay,
Duballay's child,
Ahneekay,
Ahneekay's child ,
Ahneekai,
Ahsayloo,
Mohlayloo,
Wooloo,
Aheefay,
Ekaim,
Nahgoday,
Ahdeekayboo,
Ajeekahlayto,
Elahmee,
Mohlookoo,
Foahloo,
Chaifonkay,
Koolay,
Bahwobah,
Awooshue,
Abolleykai,
Iaimbolu,
Moplooko,
Fahtuse,
Awotilley,
Ahyahhae,
Moneychai,
Ahyegpedah,
Annekayay,
Altoo,
Amainno,
Osonneykai,
Bahdoney,
Alleyenny,
Boosey,
Anninkoh,
Annakay,
Imbayloo,
Yahcheworroh,
Kozeallah,
Ebettallah,
Ahjahbee,
Allaykai,
Aleffoday,
Yabbah,
Yatammay,
Bazennay,
Tallahbee,
Sounkaylay,
Paywasee,
Ahdaybotoo,
Yellahlah,
Abopahday,
Goodahlah,
Tackoo,
Kindah,
Adombakoo,
Ahjahjo,
Allowee,
Allahchakah,
Mahbachee,
Alayjue,
Ahzeekalay,
Ahsayto,
Mahloono,
Ahjayee,
Kozee,
Woosoo,
Jedallay,
Ahtingoe,
Iozoo,
Bahwoloo,
Bayong,
Appoe,
Nahwochee,
Ohoonoo,
Abattee,
Dahmalay,
Ahdahyah,
Ahbong,
Ahfodah,
Ahsoquah,
Sosonah,
Attoe,
Tossoo,
Adowee,
Awahtangee,
Gotammay,
Sopanway,
Deganay,
Kappoo,
Madawoo,
Ejoe,
Gocholoe,
Bokah,
Bookoo,
Ahgassanee,
Ohonah,
Ezeezoo,
Allaybah,
Enah,
Cubnah,
Dugwah,
Tayyah,
Teah,
Oboloo,
Chokolay,
Pelloo,
Wontamay,
Iteah,
Wosavee,
Esaysoo,
Dosopay,
Copay,
Kossoo,
Ahgussoo,
Goday,
Pahgeenoo,
Sahvee,
Ahdalay,
Woolahtong,
Lahbatang,
Ahdanganay,
Boday,
Agonyoo,
Losoo,
Ogonoo,
Azazoo,
Necorogay,
Ajash,
Allahsay,
Betahvee,
Ahgodamee,
Bafah,
Attackah,
Guahsoo,
Dazong,
Achoo,
Allozoo,
Tetay,
Iomowah,
Eyoboyong,
Guahoo,
Hoseevah,
Hyewoo,
Mahwoobay,
Adooahquay,
Zezah,
Coyyoo,
Badahsay,
Ahgasee,
Badassay,
Mannoway,
Nannequah,
Ahbasay,
Kosee,
Takoyoo,
Ahgokay,
Edeekah,
Ahgassee's child,
Ababee's child ,
Daday's child ,
Sassah,
Mahhesay,
Mahhesay's child ,
Ahgassay's child,
Ahdaysobee,
Ahkimfoo,
Ahkimfoo's child,
Ahsong,
Lahway,
Eyahmay,
Mahbeyay,
Avetallah,
Edonay,
Chahwoo,
Ahballay,
Lazonday,
Quaymoo,
Noquay,
Quosavee,
Dallay,
Bahwayay,
Yallayjay,
Mahesay,
Dayjee,
Koyway,
Ahgoquay,
Guassabee,
Annahgokay,
Ahjovahvee,
Sovay,
Dachey,
Modaday,
Ahbahday,
Barquay,
Barquay Child ,
Allubah Child,
Kachah,
Kachah Child ,
Dadakoo,
Indaway,
Kohosay,
Fodosee,
Fahdoway,
Neyoday,
Koyvee,
Dokosee,
Bosequay,
Daygee,
Mahsaday,
Totoe,
Ohooze,
Aballay,
Mommo,
Dajalakotoo,
Juannah,
Rosannah,
Infame,
Accoom,
Acoon,
Atome,
Awassay,
Abaggay,
Watercolay,
Agban,
Obong,
Okong,
Bojong,
Osang,
Gonah,
Acoo,
Acoom,
Barrakah,
Incoom,
Indeeso,
Intongo,
Imboso,
Ingetame,
Ingee,
Indingo,
Koomsay,
Intong,
Forwith,
Insoo,
Indayoo,
Inguatto,
Incowith,
Indayah,
Wonsang,
Innay,
Walker,
Chokah,
Konsay,
Bakong,
Loang,
Inquattah,
Mongah,
Ingoyang,
Ingoo,
Indamore,
Mogoo,
Indewong,
Jinggoo,
Injang,
Ahboe,
Kombay,
Wochay,
Nahsoh,
Lahcontah,
Indoquah,
Awonkah,
Okanyah,
Ejahbong,
Adonkah,
Inbetorah,
Jangalay,
Afame,
Atey,
Ademm,
Fuam,
Morday,
Moosahsoo,
Doomay,
Wann,
Lukaymay,
Koway,
Banguay,
Enquay,
Intoway,
Ackey,
Insoh,
Leefong,
Wonsoh,
Bookondo,
Ohrieck,
Dingoh,
Ballangon,
Ahkan,
Indeesaymay,
Ahginny,
Ingantoo,
Iyock,
Mahlongah,
Bahbong,
Boochay,
Jomboh,
Kanay,
Kinwah,
Guanday,
Inbom,
Intame,
Bahkokah,
Fangafang,
Iyap,
Gunnahpoh,
Incumbah,
Alleyackah,
Ebackah,
Otomah,
Ingaysay,
Esaine,
Kannam,
Kaysay,
Maymay,
Monaykay,
Inchallahho,
Ohayquay,
Efoomah,
Alien,
Ahkodolohnah,
Ekayjaykanah,
Inbaykay,
Wahneelaybay,
Ozayroo,
Omolohloh,
Okozoh,
Mahbockah,
Olaykoo,
Ofayjimalay,
Ezeewhy,
Wahkoo,
Odoonohgah,
Oquasoolaybah,
Achoan,
Ahbahjahfah,
Ahtackah,
Konamkom,
Kammahbomah,
Annaysain,
Engambah,
Ingoobarrahmah,
Indorannee,
Baynay,
Egaybee,
Escherry,
Manyah,
Fangay,
Gandah,
Botay,
Abangah,
Etongah,
Fongay,
Emong,
Mahfoh,
Inguah,
Iumiah,
Faongey,
Gaysay,
Wonjah,
Kallammah,
Okah,
Immoh,
Intoh,
Inzonzay,
Iyoh,
Impotay,
Mobahbay,
Wambah,
Esalay,
Enguamboh,
Ingombuah,
Fuckkam,
Woshah,
Sugallay,
Kandame,
Wyezar,
Ingootay,
Olobay,
Omah,
Okabeyah,
Ozoh,
Imboleah,
Innahloh,
Owoh,
Imbahfoh,
Ajaneah,
Chaloo,
Waytoam,
Ololah,
Bannasabay,
Infang,
Inteah,
Metah,
Olinkay,
Ahnampepong,
Kanname,
Impongo,
Edoanay,
Labeah,
Wahnamay,
Analukay,
Imbongay,
Etasah,
Gondondee,
Ahmofay,
Aforay,
Cochay,
Bahtondoo,
Bahtangah,
Bongalay,
Ingorah,
Incuss,
Ingosangay,
Bonzay,
Ocholay,
Nahgoh,
Chotoowah,
Ingah,
Channodoo,
Gofoh,
Defoh,
Arambay,
Inbo,
Okahsanyah,
Komgee,
Simkom,
Narrahquay,
Dalay,
Neahfonjay,
Yap,
Tahkon,
Imbay,
Ahbomah,
Mordin,
Endem,
Apoo,
Ahmahlomah,
Iewobah,
Laykowah,
Abahsintah,
Keroywhiskon,
Nanketee,
Antah,
Infon,
Esain,
Eyang,
Eseeboh,
Akaytay,
Zangombra,
Oakum,
Ahmonah,
Afeum,
Wynn,
Ahduggah,
Andom,
Ahseebong,
Ahtommahyea,
Ingayteepah,
Esam,
Elookam,
Boseeyaykay,
Yea,
Yaggay,
Boorokoo,
Tackquay,
Akonto,
Afay,
Efeum,
Afim,
Ahwokah,
Indocup,
Dinggoh,
Guagee,
Enahloh,
Ekohmah,
Oquamwah,
Alayfee,
Elahjellam,
Neehemay,
Woolaybullom,
Beanjohn,
Ejaydeemah,
Lollohnah,
Embom,
Sambembay,
Tenjay,
Namcoro,
Nicahday,
Enfunjay,
Ahmicarday,
Konjay,
Bokam,
Mankanchah,
Wantame,
Kannah,
Ahkam,
Addeyahkah,
Addeayakh,
Gussoh,
Ahbassay,
Tokwah,
Injungah,
Iunyatt,
Innoh,
Manfah,
Wahlondo,
Inkahchay,
Avee,
Doloonay,
Afaray,
Inguammah,
Apahray,
Apolee,
Inbumbre,
Ahkillay,
Mahsallay,
Ahtimm,
Intah,
Feunah,
Fanjay,
Bunjah,
Injundoo,
Imboote,
Newtop,
Indahbay,
Mantong,
Indore,
Kondo,
Kransah,
Wahsay,
Mellekah,
Besankah,
Esangay,
Indeyea,
Imboday,
Ingumbay,
Digban,
Waysay,
Ajimsoe,
Imbokong,
Imbakay,
Imbolee,
Bolondo,
Ajugoh,
Ingnamah,
Ahleechee,
Avoo,
Ebabay,
Ahcole,
Ahjay,
Alimah,
Bongoo,
Imbolay,
Sebakay,
Sekoko,
Accong,
Demahlah,
Abonjoo,
Yahlah,
Dadah,
Monn,
Estabou,
Phillip,
Manuel,
Dembah,
Ingarboo,
Tambah,
Bango,
Brimah,
Massahly,
Ingarbo,
Woosah,
Farray,
Coley,
Ansamano,
Dahwolah,
Banjogo,
Sedekee,
Searay,
Mandingah,
Foday,
Jogo,
Gartah,
Mearle,
Smith,
Kallay,
Bocah Child ,
Sontotong,
Neahmah,
Tomboh,
Soomah,
Fahnah,
Billcoh,
Danglinay,
Jocoe,
Rosah,
Ayah,
Okolay,
Chuboloo,
Efinnoo,
Fraiddaynee,
Elollah,
Elookobee,
Meedaykong,
Osugbah,
Ewagbay,
Egbay,
Kodonnah,
Chackery,
Geeboolo,
Dineday,
Chachay,
Fattusah,
Kittam,
Deggeday,
Abdoo,
Ollarko,
Bahsamo,
Wookahnee,
Mahtillahgoh,
Jedahtoo,
Jallahboo,
Quireahbee,
Odosee,
Otimmanee,
Ahgeekobee,
Ahdaytayyee,
Daygeequay,
Ahmusee,
Bahkay,
Azahbimboy,
Dangannah,
Zirree,
Abah,
Mahgannah,
Ahkeyokah,
Landlayroo,
Agonjobee,
Laykoh,
Ahwahlay,
Oyadday,
Ebootah,
Ochahquah,
Ahbeea,
Ojubolee,
Odobubron,
Quako,
Ahdigbolay,
Adobahday,
Ojaybee,
Koosammee,
Oroocharrenoo,
Ochaddequay,
Alahdo,
Mahjagbay,
Ogoonlolah,
Odrayroo,
Monneyokoo,
Wooroo,
Isah,
Ogontallah,
Dayseequay,
Moresoror,
Sokkoloo,
Okuntah,
Dequay,
Awoh,
Oloowahoo,
Saddequai,
Chowahlah,
Odoologo,
Olahmeya,
Lachee,
Kolowoloo,
Olomloya,
Daylahloo,
Ayomee,
Mahmolor,
Molahday,
Alalowah,
Lanloko,
Mosahkallay,
Ahdoom,
Chasunah,
Daytimkong,
Agusamoe,
Sogee,
Olubagee,
Ahlamgumbah,
Olulahday,
Lettimloo,
Cholahday,
Chomayfoo,
Mahkow,
Alugachay,
Chobayee,
Saidoo,
Sumannah,
Ayoh,
Alezeakong,
Ahkonney,
Gonahgoo,
Koyahloo,
Derojahyea,
Konahbah,
Lubachoe,
Jebboo,
Odadinnah,
Okobollor,
Olookahesee,
Ogoochay,
Anahjobee,
Tosoo,
Monsoo,
Ogootoo,
Dafoahkong,
Olubahsoo,
Chokoo,
Aquayea,
Kahnoomlee,
Kochinnah,
Daylahlor,
Ahlamoo,
Lahdahnoo,
Fattahyea,
Ahkeahlah,
Ahdeeyteakoo,
Ahkambee,
Oydahnee,
Dagdalloo,
Bekokoo,
Allehday,
Pahgindapay,
Okoojokong,
Shuboh,
Alaybee,
Ebah,
Olukokong,
Ahbomowah,
Chodupay,
Imballah,
Iyealoo,
Donkay,
Lotoe,
Odyboh,
Choloahday,
Lahdineday,
Lahlooway,
Owonchay,
Eboymee,
Ahjahsee,
Chudahkay,
Odeenogoh,
Ockonloo,
Ahkeejobee,
Iheelay,
Chukoloo,
Ogoshattah,
Bansay,
Rogaykay,
Mokoloo,
Ahkaychenah,
Fahbong,
Oecholah,
Mannersarrah,
Ogochuloo,
Koyea,
Cellah,
Mahgahzee,
Oloochahgany,
Mahkoloo,
Mahbalay,
Foolayree,
Chummoloo,
Ochoh,
Cholah,
Iloorea,
Chukaloo,
Okolye,
Kayzee,
Ahkannee,
Alahnee,
Olahnejah,
Lamdoo,
Ahwobah,
Ahlahguay,
Robantah,
Joko,
Dyeloo,
Robeater,
Boredah,
Tyeyobo,
Loodaroo,
Mahbahco,
Daykayyea,
Ojomoloo,
Ahdayjee,
Edowo,
Lamlayloo,
Ahkeechebah,
Chumoloo,
Ogololah,
Ogomekah,
Ogotahday,
Cheyahmah,
Odswahlay,
Ahwosee,
Mahkolee,
Okabay,
Chotoebo,
Fahgoowah,
Equaday,
Chobay,
Olowoo,
Maylaykoo,
Leeaju,
Jorokay,
Chuobee,
Chobaykoo,
Ogooby,
Inodear,
Ahmochah,
Dooahko,
Ahkeealoo,
Fahlundoo,
Gootahday,
Odoquah,
Chahtusay,
Anee,
Pahbah,
Agee,
Mahjahdoo,
Agoonaygee,
Ahdeegoo,
Ogoobye,
Sumarday,
Oyelogyea,
Geebohday,
Ojahbay,
Efahbay,
Sovsomme,
Okolahday,
Lannosoo,
Owee,
Owee Child,
Olojoe,
Olojoe Child ,
Ahgotay Child ,
Morai,
Morai Child,
Awochee,
Lackeylo,
Samnoo,
Lahchekoo,
Ahkingolah,
Afugee,
Okenum,
Fittykay,
Ahwah,
Billoahday,
Ochabbee,
Ochokinkay,
Lahmahtah,
Dosomee,
Olubahson,
Chahfamee,
Ahdabong,
Kesonee,
Chakennay,
Okosaiday,
Kofogee,
Olubittah,
Bamkay,
Ahzatoo,
Ochahmolah,
Machahgo,
Ahbradsee,
Ahsonnonkay,
Kallekonnay,
Dasumayloo,
Allukankay,
Olupay,
Aproyea,
Ahdabillay,
Nejongpay,
Ahdasin,
Ebepoe,
Ahwotoday,
Ahfoday,
Obahtamoo,
Molaloo,
Jakey,
Kalamboo,
Olahchonee,
Akedamee,
Ojutee,
Mobah,
Ahweesekoo,
Akedoo,
Lahwosee,
Kennawoo,
Awoosee,
Daguaju,
Tittekay,
Ahminnah,
Ahsewamah,
Ahdayea,
Lanaloo,
Ahdaylowah,
Hyinday,
Mallolah,
Loowo,
Kallahtoo,
Agooroomee,
Akiddah,
Ochu,
Echigo,
Awoochu,
Esawoo,
Neahegah,
Sayquay,
Mammysuloo,
Iahgoo,
Ochukahlay,
Lanneyea,
Mahbollah,
Tyeyo,
Mahlahkay,
Oneekayea,
Peampay,
Apooloo,
Afollahday,
Ahdegboo,
Kovdoobye,
Aosee,
Doninkay,
Ebooday,
Ahfeeohnee,
Ochowahlay,
Awootoyour,
Obolah,
Mannesay,
Ahkayjai,
Akaydah,
Ahveetomee,
Konlyeyo,
Bunnodegpay,
Oway,
Jeleggay,
Ahdenneekay,
Koowarree,
Ahdegbolah,
Ahasaymee,
Daywahlee,
Myyoyea,
Obinnee,
Fahdonkay,
Dayjonquay,
Yeanonkay,
Mondeeyah,
Ahmolah,
Odojoe,
Mollah,
Yahboh,
Alahbah,
Equahboe,
Modayah,
Ahmololah,
Owechee,
Mallong,
Ochojulay,
Lalloway,
Olefedick,
Mallokoe,
Owejokay,
Lowaybay,
Lanloway,
Tahwoh,
Lahkong,
Owosee,
Awitchachay,
Molay,
Tasso,
Owoosoo,
Akadah,
Ahdona,
Ahbotay,
Ahdombo,
Kosoobay,
Ahbokimbee,
Ankaloo,
Ahlaboo,
Loombesee,
Mahtippo,
Ahjillay,
Ahjakoko,
Dahsong,
Molokay,
Alleakay,
Toboo,
Allokalay,
Ajiobee,
Aleebah,
Lajoe,
Mallehkay,
Iyeah,
Tenloh,
Nudohima,
Wonakay,
Bakbah,
Owofeney,
Gogoroo,
Ahlookoo,
Mahmahgamah,
Ahsojay,
Vaggoo,
Fannymokoo,
Eday,
Bogelay,
Omeaky,
Labaygonee,
Lahkahneray,
Sahsahnoo,
Ahbahwor,
Kedooroo,
Ahreefruwah,
Fahseeway,
Bahwashey,
Omokoroo,
Daymedmohy,
Nojurookay,
Fahdegbay,
Mohsorway,
Sahtugbah,
Ogaybah,
Bojoky,
Comray,
Lahahum,
Obugbay,
Ahjumah,
Ahmorgorah,
Ahjaymah,
Mannykenny,
Danayreetah,
Mossumay,
Onojoe,
Omahwannah,
Esahjobee,
Tojemakah,
Eyahyee,
Yarreko,
Ahluaday,
Ahsinnay,
Mahboloh,
Motogo,
Ahkadeah,
Tahbalahgo,
Nahtong,
Ahboway,
Deoway,
Debeagah,
Weokong,
Lumawah,
Bogahday,
Ogojahbee,
Famolah,
Sedoo,
Mosayahmay,
Wosay,
Wetaworroo,
Wobee,
Semasee,
Gumahdeah,
Osonnay,
Ahballabay,
Assonnee,
Doalloo,
Quarree,
Feah,
Indammah,
Kahbangi,
Brahhumah,
Dowahjarree,
Kanbah,
Wachah,
Bahye,
Bahnee,
Backkahbye,
Kahtombo,
Tammeye,
Frank,
Ingobay,
Mohchah,
Wonee,
Consignah,
Oudoh,
Myah,
Fahyarrah,
Furay bluddee,
Doowe,
Feauh,
Indolay,
Fourbennay,
Kahwonnee,
Koree,
Dowarroo,
Kundoh,
Pandahworroh,
Rahmoo,
Gaybah,
Sombyeyah,
Bayshay,
Jallah,
Bubboh,
Quyeway,
Dyeyah,
Yahkoo,
Yegbay,
Doahroo,
Ingolay,
Coyandee,
Yeckkay,
Cannahvah,
Poopah,
Bayyea,
Tarfaray,
Jambahgo,
Mahtoo,
Sibbey,
Jaymanny,
Mahjah,
Yombo,
Dayyah,
Yahmahwho,
Chambo,
Binday,
Iammah,
Bondo,
Quahgee,
Ninenah,
Colas alias Randolph,
Ingaywah,
Gaysaymah,
Siera,
Quonah,
Ingarabye,
Commen,
Karnray,
Soneauh,
Mandoh,
Kyekye,
Komy,
Laysay,
Kahbanggi,
Tong,
Kahwonday,
Symah,
Ingellah,
Kahmah,
Janggee,
Indollay,
Ambaykay,
Dowahmah,
Harmah,
Jannah,
Loobye,
Binjow,
Gokah,
Dugboh,
Yahwow,
Dinjow,
Mangay,
Foray,
Kahcumbah,
Saysay,
Paray,
Kahquinday,
Tenday,
Jinnah,
Nearworah,
Mahno,
Mahsow,
Korah,
Bomboh,
Kanyea,
Penday,
Bahtow,
Tomah,
Juppo,
Neando,
Ahbajah,
Odosoo,
Emahpah,
Ebahpah,
Adahpah,
Abogomahgahday,
Asamegoway,
Enogoe,
Insee,
Amanekay,
Ahlenoo,
Gedoway,
Otatay,
Odahmah,
Ekay,
Omoday,
Ahbassy,
Akahnem,
Abahsay,
Opay,
Ahpanwah,
Okahyah,
Adoh,
Abahwah,
Amah,
Wasay,
Monkoo,
Nanchay,
Nankaray,
Etoe,
Ayongo,
Ademikoh,
Amoh,
Kroobah,
Aleambay,
Dochay,
Edeyodim,
Apang,
Imboe,
Inkahkah,
Bonjah,
Owanbay,
Moytoe,
Ingolah,
Intangah,
Mogah,
Indokore,
Aboe,
Effem,
Moomoo,
Doomah,
Inday,
Nengandah,
Yamsay,
Imborokah,
Kamchon,
Mompang,
Mantom,
Mantongoe,
Indeefong,
Indang,
Mongoe,
Intoe,
Indow,
Ayap,
Ingahbah,
Gofong,
Eyah,
Doodashay,
Chumbah,
Choke,
Kah,
Bongee,
Inqing,
Ackam,
Bakang,
Gangnah,
Yongah,
Sarjay,
Imbote,
Enneah,
Jimojah,
Baquah,
Homchah,
Napett,
Funjay,
Ingonkah,
Inkay,
Induroo,
Inyong,
Whahmoo,
Nanajoe,
Quashah,
Mombay,
Oquay,
Ofoh,
Kankay,
Jemefoh,
Ta Antum,
Ahkandem,
Wahnem,
Imboquah,
Inzoinchay,
Ahfacquah,
Ahdeahgah,
Agemarsagoo,
Atitty,
Ahtum,
Funchonay,
Annarkah,
Ogellay,
Okeechee,
Inguandam,
Ingomendah,
Neam,
Ahwoe,
Ahsomebeah,
Ayerewah,
Aconnay,
Soquah,
Annachellay,
Ajukoo,
Bolah,
Ajahko,
Ahfoachay,
Odorobah,
Agbammo,
Imbolah,
Ahbochee,
Ahnamahchay,
Chahcootoo,
Insahsin,
Aquanong,
Insozom,
Afontitteah,
Inchom,
Indap,
Bahpah,
Innah,
Ommoh,
Intonkattah,
Ingallah,
Inkakam,
Nammelay,
Inchomay,
Inkatay,
Aleanah,
Imbolo,
Orro,
Banzip,
Ingoway,
Nanbanjah,
Mandop,
Imbalaby,
Innaman,
Abroday,
Tatay,
Abashy,
Bamedeakah,
Inkantang,
Affeah,
Obahlo,
Oheah,
Menachee,
Imbaky,
Accom,
Ahokay,
Amboh,
Ingaquah,
Azoquah,
Imbokoo,
Amasay,
Okojoe,
Inquambo,
Achaho,
Innambah,
Imbaffoe,
Ayongbah,
Adeyahkah,
Osuck,
Alokay,
Mahfo,
Chanwah,
Inkolee,
Anchay,
Owahlah,
Tinnoh,
Imbom,
Pampah,
Indoosoo,
Gobahnay,
Indotomahsosor,
Mahyombo,
Gomahsah,
Injolay,
Gobahnem,
Injambay,
Lombo,
Nahmattah,
Jangay,
Injomah,
Decomay,
Ingonah,
Sowahlah,
Indosoo,
Towah,
Meseah,
Inwahloo,
Ahlekah,
Imbahnoo,
Manayack,
Injunwah,
Imposay,
Imbesimah,
Nowangee,
Injokoya,
Ingombom,
Dahlay,
Namkong,
Ingando,
Apelebong,
Injonay,
Yollay,
Manjang,
Imbongo,
Ocoh,
Mokongo,
Solomoto,
Soloahmah,
Kamahlonge,
Masodee,
Masongo,
Kobah,
Dondokee,
Malangah,
Iffay,
Obonah,
Ojor,
Chomoko,
Oalayby,
Bojaybee,
Ambassah,
Agah,
Ajubahday,
Kudahsee,
Oquadoe,
Ahdowaybo,
Ahchardo,
Ogojayhah,
Adaybee,
Lahgokee,
Veahlay,
Ahchow,
Ahbeenah,
Fahjoebee,
Bywah,
Quoahree,
Efahwee,
Ebokah,
Killanko,
Omahlossee,
Ochahchounay,
Oleggee,
Komahpye,
Annewah,
Geesah,
Oluboh,
Koshalah,
Okoyay,
Fahbulay,
Wahlolee,
Geboso,
Yahboloo,
Ojodee,
Fahladay,
Molojo,
Abesahdoo,
Olubahlah,
Ketikilly,
Olubissoo,
Ahjado,
Ahdabakong,
Kelanko,
Fahluday,
Banbahway,
Fahlobee,
Ahlonowah,
Olubemah,
Balagoo,
Olojoo,
Epelloo,
Akenday,
Okosoday,
Ayahgoboo,
Gahsahloo,
Daygokoo,
Tonahday,
Ahsokoo,
Kosobay,
Depaloo,
Fahkobee,
Dagokoo,
Odoahloo,
Lahbanjay,
Omelahyee,
Genesoo,
Lubay,
Kosahbay,
Afulay,
Kahsemarwo,
Lubafong,
Kumahpye,
Ahkunnahday,
Lookansee,
Loosono,
Osobye,
Ahjambahkoo,
Oquimekah,
Tyeoh,
Ahdiffelah,
Ahdeeako,
Olallahwar,
Olahdahton,
Sobree,
Ochollahpony,
Ahbuddo,
Kallahpay,
Tabbray,
Coty,
Odowaywoo,
Oyeloywah,
Oloogobee,
Ahpedoe,
Ojagbaymee,
Oyonto,
Dayfillah,
Sofollay,
Kabahlahjay,
Adasugbah,
Otyco,
Efatee,
Ahgolahday,
Kopahsiyah,
Chaychaloo,
Fahbaymee,
Ahbahjamee,
Acannah,
Bahgooddoo,
Jobbah,
Ayeametee,
Okay,
Sogaykay,
Soochayso,
Maykahloo,
Ahwoollay,
Emoroe,
Ogallemejai,
Kossolu,
Lahgongo,
Dereesoo,
Ahkambay,
Oduahlah,
Okullo,
Ahdillahyea,
Ochollah,
Daypulloo,
Marloh,
Atimmorah,
Lahfeegee,
Fahgasee,
Jaco,
Ogussuda,
Egussoo,
Famee,
Okossai,
Oshillay,
Bolodechah,
Hyedah,
Ahdabee,
Ojay,
Ejaiboloo,
Okobahlahsai,
Adokolah,
Songaby,
Osommah,
Osoh,
Odontah,
Aquimbodi,
Akennay,
Quoloo,
Ahgebee,
Ahjubahdah,
Okonnahday,
Onakah,
Kojeoyay,
Ahgabbee,
Ahbadayee,
Oloosonkong,
Ogordayee,
Luyay,
Abassah,
Fahbilly,
Ahkennay,
Inwilolah,
Oloho,
Ojahbee,
Yalahday,
Mahmo,
Takatay,
Ecochee,
Ajahsah,
Olukahday,
Ogomakee,
Mahbajah,
Kosedowoo,
Mambolah,
Hyelah,
Olufunday,
Bambopah,
Ahbedogong,
Adakambay,
Chobambee,
Laskay,
Ahkumay,
Abyea,
Osolease,
Faddayea,
Oloahda,
Agebosoo,
Delumbee,
Lanjoe,
Yajoe,
Edeenee,
Atinee,
Jagoo,
Hyeconee,
Alahday,
Ochumee,
Ayakang,
Otammee,
Lahjamee,
Yolufinnee,
Igosee,
Awahpay,
Agballay,
Tyawah,
Osoobeeyee,
Corrongwee,
Odoorakoo,
Darookay,
Awooshue Child,
Deffahkoa,
Deffahkoa Child ,
Iyakay,
Iyakay Child ,
Osorombee,
Osorombee Child,
Olomahbahkay,
Keeahleebay,
Olahjoloo,
Lahdayomee,
Odoobee,
Odoobee Child ,
Oyahcowaday,
Oyahcowaday Child,
Leeamajue,
Modellay,
Lahree,
Afoopay,
Koojambolah,
Gumboe,
Iyeparroo,
Bamballah,
Dattoomah,
Yamaygee,
Iagoo,
Lyesee,
Oduntah,
Makpay,
Ohloomoyekay,
Meloolah,
Simmatoo,
Ajuenay,
Afuahlue,
Kosoneekay,
Sappaygoo,
Agai,
Ohloopahday,
Ahculay,
Ayeagoo,
Ohfookoloo,
Lohloo,
Ahyaway,
Annekai,
Anekee,
Oyeakolay,
Banjoko,
Fahnookay,
Dafahlahloo,
Mahchulloway,
Dojuallah,
Akallatoo,
Fahwoe,
Kalloowodeeyea,
Ogoteemee,
Odubbee,
Kabadaycoo,
Ahdaynekoo,
Kohmolee,
Maylolah,
Odaylayboo,
Osogbeemee,
Mallahyo,
Okaddahyo,
Akambay,
Ajahdallay,
Otchoh,
Dosomo,
Ahjaiballoo,
Imbarrepoh,
Oloomo,
Osallahkay,
Teekallahwah,
Lollee,
Ahkaybee,
Echoko,
Aquillabedoe,
Ogunnayee,
Solahyah,
Beetaigoo,
Yaneyha,
Ohway,
Fahseenah,
Kaisee,
Lahgiddo,
Keetoyee,
Ahjuahlay,
Ogotobee,
Annayou,
Ossoo,
Mahwonno,
Leeloko,
Odoboossee,
Walloday,
Odo,
Ogodahrow,
Ojallahday,
Ahkeeyamee,
Kuttoloo,
Jahlosee,
Sokalloo,
Wahlollee,
Ogawahgoo,
Otochoh,
Agoosayco,
Iyoko,
Ofannymarko,
Olaykoolay,
Lasseedee,
Lyeoloe,
Ahdebossah,
Olookyeyah,
Ahkigbay,
Mojallah,
Dolojai,
Oloahlay,
Awooday,
Daywomarko,
Komoyee,
Ogobarbee,
Fahgaboo,
Ahgosso,
Babbahbingah,
Osannikee,
Chahchonno,
Deebobah,
Ahjubbay,
Geebodoo,
Onooway,
Sholakoo,
Onebokay,
Debobah,
Koballay,
Odomochee,
Fahdolly,
Eboday,
Lusogee,
Efahmolay,
Odoosallah,
Ason,
Lubagee,
Oleetahtah,
Okalay,
Bagbalah,
Apadokoo,
Adowoo,
Jeboloo,
Fabahloo,
Adabee,
Oloobaquay,
Moyah,
Imbaloo,
Olalaykoo,
Kobolegee,
Winchalah,
Achoh,
Sowyah,
Ochagoo,
Ojahton,
Oloodo,
Osotee,
Amoyee,
Akelomee,
Cholayen,
Gebosay,
Yanoyah,
Tahboyee,
Akiddoh,
Ahfookoo,
Ammekaysai,
Loowallahgah,
Olookahtan,
Manneyegpay,
Beetolah,
Bayoko,
Daysoo,
Akiddong,
Tyewoo,
Awoochue,
Daywoosee,
Obookallah,
Ahjibbahsay,
Morelye,
Sahtukuisee,
Sammokai,
Affookoobee,
Mahkoojolah,
Olebemmoroo,
Tawoo,
Fahsenbay,
Ahdoahlah,
Dahfisamah,
Lumayroo,
Jayyoh,
Arondoo,
Yahjemmee,
Fahsonkay,
Ahdawoo,
Ofoosahlah,
Ahsumpee,
Ahkoonoo,
Ogooronkay,
Bangballah,
Littemoo,
Morongfooloo,
Ilahbolah,
Karrooway,
Ahteenokay,
Ahtome,
Memmenolay,
Ahgoobayloo,
Jahgoo,
Memahsah,
Aweeshue,
Moyawoh,
Lahwoolay,
Oyeagee,
Ahbimboloo,
Oyahramee,
Binotoo,
Sahronkay,
Lannah,
Hyowah,
Afootyo,
Otamarree,
Mahmotee,
Fahloobay,
Fahdeepay,
Millahkahway,
Otegbolah,
Allahkay,
Lahkahme,
Ahdebbo,
Bangboyeabo,
Oboyeamee,
Ogoorankay,
Malaykay,
Lickpahday,
Oyesah,
Molye,
Ahlishsheolah,
Ahsaybee,
Antillo,
Tokosee,
Bangoshee,
Yahdeepay,
Jeemore,
Messah,
Kodahway,
Gumbongah,
Imbam,
Nobill,
Bambong,
Injonjoe,
Nomoe,
Imbang,
Yahmah,
Bangasomoo,
Dogodogo,
Ahsuah,
Incongo,
Indonkay,
Bahtem,
Ingallay,
Imbong,
Imbokay,
Alonge,
Insolay,
Imbotay,
Mahkongah,
Bolahmay,
Chowah,
Injolee,
Ahkinoo,
Ahwodeah,
Mangone,
Tahnee,
Sowallay,
Indangah,
Inzoglay,
Akwonay,
Etrahbiye,
Injulemah,
Etee,
Mokallay,
Sonnah,
Anahmoe,
Asam,
Ahquan,
Gomanquay,
Assuah,
Owoolah,
Mokoko,
Ingangah,
Yakolah,
Mallongoo,
Nomm,
Akammoo,
Wambay,
Annannah,
Masellay,
Lamboh,
Owenday,
Imboamah,
Kandagee,
Fessah,
Atannah,
Domancomah,
Mantonday,
Tonnah,
Indongah,
Wonembel,
Watonee,
Bandobet,
Asanay,
Toquay,
Agolah,
Fahloyee,
Allahsonkay,
Logahloo,
Alahbay,
Odabee,
Ahgessee,
Ocomoloo,
Banetoo,
Okalaloo,
Somahlah,
Addeah,
Ajumenoo,
Abedogong,
Ashan,
Akolobee,
Lahchelo,
Agobah,
Geboloo,
Efotay,
Legyembah,
Achokoo,
Totahya,
Yahmoh,
Alahlahnoo,
Ahchokoo,
Modee,
Chogee,
Bahwah,
Ahchoe,
Mahbokee,
Ahyonee,
Mochakaloo,
Olechuboo,
Ahloseno,
Bokekee,
Omahlahgee,
Ogomahday,
Akotay,
Lahlobay,
Lahlayah,
Ajahbay,
Ahdoboloo,
Dajumah,
Achabay,
Ahmodo,
Alaahjo,
Toloo,
Majohdomee,
Chanoo,
Awomee,
Adelahmee,
Fahlolah,
Olubolay,
Benoyoh,
Ajoh,
Galay,
Oyadetah,
Chelopoh,
Moyelaloo,
Konomee,
Agojome,
Ahdasakoo,
Danosee,
Alojoo,
Sammoh,
Waloo,
Ahbedogoo,
Lokogee,
Ahdobay,
Kekoloo,
Achoe,
Chomojay,
Achoko,
Ajalah,
Mykoo,
Akahlah,
Adaloo,
Amotayah,
Aloalah,
Chahcholo,
Chogoo,
Ahkesetay,
Ahlahbay,
Mochubee,
Ahchahday,
Medepay,
Ahgannah,
Olochalah,
Akambee,
Adosalah,
Ayonekay,
Anneah,
Lukahlay,
Ahmotee,
Ojakay,
Ajugbay,
Ogoloyobo,
Myenah,
Oluolay,
Cholanday,
Olubee,
Okallah,
Kowojuday,
Sodahkay,
Olutahlo,
Chomotee,
Sahlogay,
Jakang,
Attahsah,
Sallay,
Osahjahyee,
Jaheday,
Ahsepah,
Adahloo,
Olujahgan,
Abudahpoh,
Abudahpoh's child,
Yawahtoo,
Yawahtoo's child ,
Bojarkalay,
Bojarkalay's child,
Marrah,
Jupay,
Atomay,
Sokahlamoo,
Sovee,
Kolahko,
Olahlamee,
Vamokalay,
Bahmobahlay,
Kosako,
Adajahkay,
Ahvallah,
Ajumah,
Lahtoh,
Obannahjah,
Kotobay,
Olesahbolay,
Ayowah,
Abahjo,
Labolonee,
Wotokay,
Aseyomee,
Amahyakay,
Iyay,
Lyofay,
Myjeobay,
Ajahtombay,
Saffomekay,
Abenoo,
Azolokay,
Abappeelay,
Olesahtokay,
Obepoh,
Ahmahleah,
Omahbay,
Olobahdokay,
Onemeday,
Mahbosee,
Ahmenah,
Lavookay,
Sannon,
Fahtay,
Olahmachay,
Lahmesanah,
Ogotakah,
Amedae,
Ayahgalee,
Mahtambay,
Ahdabamee,
Lahvintang,
Ahjusay,
Bangbamee,
Sahgotolah,
Akoalah,
Osotahlah,
Mallahlah,
Cholahbee,
Olepahday,
Bahdobee,
Ahdalodo,
Malahya,
Apputalah,
Ahchoboo,
Majahbay,
Lowahlo,
Akahrah,
Sokolah,
Lallatong,
Lufegee,
Lallotang,
Chodoloo,
Ahchoh,
Allagay,
Gallowee,
Olesahtomee,
Olomahday,
Emakamaloo,
Fambee,
Lefelah,
Myalay,
Ofuluah,
Ayako,
Ebahquay,
Nomahlah,
Insahdeko,
Legahsee,
Olukay,
Chonahyay,
Chodepo,
Odotoloo,
Annegoo,
Dosomoo,
Ahdontang,
Odoway,
Osobay,
Olujobee,
Owayoo,
Ahcoh,
Odemahlah,
Ahdagono,
Ojadamee,
Lamlosee,
Kolah,
Ahmosee,
Chukajue,
Chugarloo,
Faahloo,
Chahdepo,
Malloko,
Awoso,
Molahkee,
Mahsadah,
Lodobo,
Afogee,
Jekololah,
Mahbada,
Okapajue,
Moesahlah,
Leshowah,
Mahkojolah,
Obotomah,
Afulah,
Mahfekoyah,
Abankay,
Jasahnoo,
Bahshadah,
Lahsheday,
Molekay,
Ahdakolah,
Alutahgee,
Fahkay,
Acombo,
Indoap,
Ekotong,
Imboko,
Sulah,
Imbenday,
Pomah,
Lembah,
Ingoh,
Mesongo,
Ewang,
Impahko,
Imbangah,
Korongo,
Alambah,
Mateah,
Mesam,
Imballayo,
Bodobuck,
Amolee,
Macoree,
Dembalah,
Mebong,
Acomjoko,
Indikabo,
Aling,
Molomoo,
Bahmonday,
Mandebah,
Obahlay,
Mondaho,
Depenong,
Insongbannah,
Manayang,
Basomboo,
Quam,
Gobahtam,
Sammang,
Jahnemguah,
Incongay,
Landah,
Mosallay,
Keyah,
Ingoom,
Ingoom Child,
Inchay,
Inkem,
Inteck,
Myoh,
Mangam,
Nakakay,
Manmouse,
Nandwiney,
Soung,
Meyamnabamah,
Namboh,
Nammiss,
Nammakah,
Namwatakah,
Bahallahah,
Intock,
Femong,
Gumbechee,
Emosee,
Eyongo,
Ingommoo,
Nangah,
Pandah,
Insoom,
Depandah,
Betokee,
Injoh,
Fonkay,
Imbole,
Esopah,
Injonah,
Inseah,
Imbando,
Intee,
Ahwilly,
Injambah,
Imbelkong,
Indefah,
Imbating,
Dokong,
Indakong,
Indickname,
Indeyah,
Deyannah,
Deonee,
Intahyang,
Imbangoo,
Mokobose,
Nangole,
Inquam,
Ingo,
Dongmissee,
Mengmissee,
Nackah,
Nangting,
Nangahmelong,
Inqualay,
Imbango,
Wokangay,
Tequay,
Iango,
Mattangah,
Ototoo,
Ahkonjom,
Apodon,
Otoh,
Nedahgam,
Indobo,
Orotoo,
Bahdayah,
Apahbeyo,
Impong,
Boquoarray,
Mosemnay,
Mongolly,
Mocoh,
Mocoom,
Mopoo,
Yangoh,
Forbee,
Ingom,
Sangoh,
Jungoo,
Gololee,
Mahyap,
Imbell,
Intang,
Incole,
Montegah,
Jekam,
Infom,
Fondah,
Bankay,
Eway,
Ahjoe,
Oloe,
Akelo,
Okolo,
Ahmogee,
Odogoo,
Wokay,
Melennay,
Enemechey,
Ennoo,
Owoleakam,
Tatteah,
Ocom,
Bahboh,
Efee,
Isahgah,
Bahdowah,
Obolee,
Jokom,
Chogah,
Atang,
Ayop,
Takoo,
Dotoo,
Okobiye,
Monno,
Asequah,
Sahco,
Mosongoo,
Tenjah,
Asammo,
Mammoh,
Enoko,
Nonchoh,
Indomowah,
Kamsay,
Mambay,
Fesoff,
Dangoh,
Ingotee,
Banquay,
Mamboh,
Wedett,
Meway,
Mesahvee,
Mombah,
Sammeing,
Acquay,
Adeagah,
Ebetam,
Owem,
Feamrah,
Wanko,
Ageagah,
Ahkem,
Apahbo,
Ahwahdah,
Ahfeoh,
Usoroko,
Bendara,
Anchah,
Okarumah,
Wanbay,
Alooboo,
Fingin,
Abbassee,
Anooboo,
Annoboo,
Adogoo,
Esonoo,
Achimbay,
Aladee,
Effam,
Ebahchee,
Manpoh,
Ahpallayah,
Inguahmah,
Imboloo,
Azakim,
Anogay,
Abochoh,
Abahchee,
Ahkombah,
Asoh,
Abachee,
Odommoh,
Oyahlogoh,
Ingessay,
Mahloo,
Annoko,
Emam,
Wokahtah,
Bangyah,
Manfoh,
Imbassay,
Manguah,
Otoroo,
Inguamboo,
Bachee,
Ayong,
Abebbay,
Wonbay,
Accarah,
Sang,
Ahdassy,
Atabah,
Mansom,
Epennee,
Domfah,
Onoh,
Abboh,
Abahjang,
Lahcom,
Oroon,
Olukendow,
Wokendow,
Neppay,
Injamoo,
Minitoe,
Indop,
Musacco,
Masay,
Ganchah,
Leweezer,
Imbomkam,
Effom,
Owotoo,
Iyoke,
Ahtuah,
Inguambo,
Ingombo,
Mankoop,
Ahtoom,
Indock,
Ewoll,
Accon,
Yahkolobah,
Abbassy,
Effogee,
Awoyo,
Mahpay,
Acandem,
Adokoo,
Fahwam,
Inguanday,
Ingumboo,
Anokay,
Olubatay,
Ahgosay,
Lekansee,
Akojaboo,
Jaggoo,
Ekopolah,
Koebee,
Ahmojah,
Lashee,
Alahwosah,
Tyoh,
Komopiah,
Bambasay,
Mahjahdomee,
Lebahmee,
Olooketah,
Ojoo,
Agobee,
Ogolenah,
Olubahday,
Jabodah,
Matloh,
Ahdom,
Agodagee,
Quakah,
Sotoloo,
Gosee,
Tonechay,
Bambosee,
Ochokoe,
Ebajue,
Achee,
Ahbokadee,
Elooloh,
Ahdanahkah,
Odahnee,
Olahday,
Sahnoo,
Mahday,
Ahlebarrekah,
Ajahday,
Kambalanee,
Beoy,
Donoo,
Ahbarrekah,
Ogolee,
Oyaneyah,
Ayanee,
Jaboo,
Ahbantee,
Jeboday,
Hyeloh,
Olejosoo,
Ahlahbee,
Amelagodoo,
Ahkolah,
Ahlahdee,
Ahgoo,
Bahchay,
Ahpahtam,
Ajonee,
Ahsebee,
Tahsoo,
Opabah,
Esahnomoloo,
Yamowee,
Tanee,
Ebagoo,
Alesahmoo,
Omadalay,
Epay,
Wodahga,
Iyakee,
Ahchah,
Bambahyay,
Kayamee,
Lahbo,
Sebah,
Yamojay,
Alooway,
Odosokoo,
Ojoro,
Achilla,
Odoroo,
Ajoko,
Oresahtoloo,
Tantajoe,
Lolee,
Akobay,
Ayakay,
Kobahmahday,
Debaloo,
Lacha,
Sonokoo,
Botanjoo,
Chagoo,
Ahkeseloh,
Ahsammoo,
Odoosonah,
Bebahmee,
Majemtay,
Opavah,
Jeekoo,
Sotahloo,
Tahtahnoh,
Dangolee,
Logokoo,
Damahlah,
Dalokoo,
Dahsahloo,
Abasaloo,
Chopay,
Olahjoe,
Wahkom,
Ochonee,
Lojosoo,
Kasahbah,
Anomoo,
Kofomee,
Koobay,
Abosee,
Abebahmee,
Gogah,
Gedosoo,
Yamahlay,
Fahtimah,
Lahsoko,
Asahboh,
Olobetah,
Mahdalay,
Tassom,
Ahbrasee,
Okoonoo,
Lokoway,
Beyong,
Bahwoo,
Olacheemee,
Beyo,
Attonday,
Akojobee,
Ahjannoo,
Ozah,
Jefeemee,
Oloomee,
Enday,
Ahlahmoo,
Ogoeeday,
Ahkebo,
Molomahlah,
Bokallay,
Alowolah,
Oleadoo,
Wamtam,
Olahsoday,
Kamballee,
Jahtoo,
Ofomah,
Mahdotah,
Dakambee,
Kobahkay,
Dowahlakam,
Ahtoo,
Omatajo,
Moladoo,
Ochobee,
Ahtogee,
Fahbolee,
Lagokoo,
Ahchaday,
Ahfintee,
Olopahday,
Chanojoe,
Ahbagee,
Mahdeah,
Mahdeah's child,
Abahsee,
Ahdowoosee,
Ahdowoosee's child,
Allahbah's child,
Lahmee's child,
Achabee's child,
Malakay,
Malakay's child,
Agbasee,
Maneykepay,
Ahbechom,
Hyeway,
Yarey,
Afoboko,
Oyokoo,
Olewahsee,
Bahlo,
Osonekay,
Daboloo,
Atahpah,
Keloo,
Alosoo,
Kakaneyah,
Tahpah,
Kotobaloo,
Ahbedoloo,
Sakamo,
Adawosoo,
Molelee,
Alopadoo,
Mallakoo,
Lepaday,
Ogodo,
Tahdakoo,
Ahbejay,
Bahyomee,
Ahzomko,
Kasavee,
Lahoo,
Mallowee,
Banjokoo,
Sodayee,
Kolahbah,
Takalay,
Ahdakah,
Kolejong,
Olojobee,
Olongo,
Cholomee,
Otahjobee,
Oseahfoo,
Ologoo,
Fahbayee,
Fahtawasay,
Nannesalah,
Ahlosay,
Kojamoo,
Olokolee,
Ahdamokay,
Olobahkay,
Ajahjonkay,
Yaday,
Fahboloyee,
Abedago,
Acholo,
Fahbalamo,
Achesoo,
Yakahmay,
Soteah,
Echahbosee,
Adakay,
Ahpongo,
Mechay,
Ogololoo,
Ahbokee,
Loamee,
Andahloo,
Totayah,
Asobamee,
Jekoo,
Lesahlee,
Molesahding,
Kosalay,
Alolah,
Mya,
Akojoe,
Jekoyee,
Agedo,
Lomahday,
Agolay,
Adajo,
Anekachay,
Alomahday,
Atalohbee,
Asahto,
Bushay,
Langballah,
Asatokay,
Akolalah,
Beyinkah,
Mallahjo,
Mahjayom,
Ageachoe,
Azato,
Abesam,
Loloh,
Ahjojoe,
Afoday,
Lumekay,
Assanno,
Lechowoo,
Batako,
Dasemee,
Kekolo,
Evahtah,
Adasoto,
Ahfolomee,
Esahkoway,
Atapallah,
Alahkay,
Chabamekay,
Adobelokay,
Vahtomah,
Mamanah,
Chahpotoo,
Chahpotoo's child,
Lahtay's child,
Banday,
Banday's child,
Aforeyah,
Aforeyah's child,
Enotom,
Enotom's child,
Abombolah,
Abombolah's child,
Mahgodolay,
Mahgodolay's child,
Apaloo,
Abasay,
Akanday,
Asebokay,
Amoleamee,
Asanee,
Mahjai,
Alatah,
Alomogee,
Kodolo,
Aketoloh,
Ekasay,
Dolahkay,
Okaray,
Doloe,
Pahvee,
Fahlokay,
Dahloo,
Azakoo,
Okedah,
Melyah,
Kadozee,
Manjoko,
Awookang,
Sesahday,
Apajue,
Yametee,
Lagoo,
Akedah,
Alajoe,
Ahfotayo,
Amololee,
Lahnogo,
Akedang,
Afonahtay,
Tahsom,
Achaday,
Azobay,
Ayomah,
Ahgasambah,
Kammat,
Obivve,
Ahlano,
Obaseleko,
Ahmedah,
Ohgom,
Mahboway,
Ehomay,
Akaray,
Oprakay,
Camanah,
Ohgebay,
Bogedago,
Oweenah,
Mahnomay,
Bobaway,
Omahnamay,
Ohgahgee,
Obahowah,
Owonahtay,
Iyee,
Aquachah,
Pahdee,
Wahmahday,
Oyahkechay,
Okekay,
Obesekah,
Eboh,
Ogosah,
Macory,
Okarankay,
Onogah,
Macoray,
Otacharay,
Efazoe,
Ozozoe,
Wonahkay,
Osaboo,
Echeenah,
Owaway,
Osah,
Ohafah,
Obebee,
Wankamah,
Ebebee,
Ebowekay,
Ahjagoo,
Jemahfoe,
Achokoe,
Anowechee,
Ahjolobee,
Indokah,
Akoree,
Yahlay,
Impam,
Pahbee,
Wahyahchay,
Annaree,
Wannopo,
Imboree,
Wodomah,
Bahfah,
Olugah,
Kawannah,
Imbakeiy,
Womahnah,
Ahkalebee,
Wahnahcheloo,
Akamah,
Wangarakay,
Curbamay,
Injattah,
Olo,
Ugah,
Ahkaganday,
Cheeolobah,
Ahmobo,
Attan,
Ahmafakay,
Benday,
Taffoh,
Tyamah,
Ogobahjoe,
Okachay,
Enahwo,
Asodah,
Otam,
Wonko,
Okakay,
Etasay,
Ahdagah,
Annahko,
Ocraffo,
Obeahkay,
Echahgo,
Acoray,
Ahwosay,
Wokolo,
Derochay,
Abrow,
Kodery,
Korochay,
Wozo,
Azowakay,
Gewaseey,
Okasakay,
Indoofo,
Ahlahfo,
Amalahkay,
Jekomah,
Ogeday,
Ahnokah,
Obannay,
Mocoro,
Odobosay,
Ohahgee,
Mallay,
Wankoh,
Okarafah,
Mokoh,
Akogo,
Ako,
Ohonelago,
Moballay,
Benny,
Asabaggo,
Akaroo,
Mokoro,
Awoseah,
Wokom,
Soforay,
Akamoo,
Akawo,
Akentah,
Obahko,
Ahenahya,
Ijoko,
Alachay,
Ecoh,
Wankoray,
Kahwora,
Kahgahme,
Akammo,
Inbaffo,
Inbolee,
Ahpannawah,
Aseum,
Anahlomah,
Mahbendo,
Annejo,
Akoneway,
Mahtoe,
Anahkay,
Kamahkalamo,
Orack,
Haglalonay,
Ogahgah,
Abonwah,
Affam,
Eccoe,
Ajaquay,
Agboe,
Edoowesee,
Achah,
Ewohah,
Karrado,
Okoe,
Owahdenahwah,
Abotay,
Elahnah,
Osahbah,
Ojogo,
Asahlay,
Onahday,
Ahmowilly,
Atagee,
Akajako,
Ahbogo,
Abaseah,
Mammang,
Ahahgay,
Wokochay,
Acpam,
Effeuah,
Okarafo,
Akarachay,
Ejabowo,
Anneseky,
Ayodo,
Equaposee,
Aguaguho,
Eyoko,
Omizah,
Ahwongo,
Ewoho,
Obedeago,
Opolo,
Ochando,
Madahno,
Mahwazay,
Odazeum,
Ahedero,
Edowosee,
Chekoo,
Ojahbodo,
Ohsay,
Wonakah,
Emahgekay,
Egequah,
Sakay,
Ahdebo,
Ofokallaboh,
Kendorom,
Emahjoe,
Onahkenoh,
Onawechee,
Enabo,
Cheoday,
Eneahto,
Ahtam,
Ozoleboh,
Onangah,
Amalo,
Cheako,
Okorahnoh,
Okro,
Obabay,
Ochanday,
Okowchay,
Ofontah,
Odozay,
Enokanodo,
Chekagee,
Equachago,
Okakahwonay,
Ogowazay,
Ameboh,
Amokacho,
Ahbakallam,
Omagebah,
Opram,
Oyenawo,
Omaray,
Ozaquam,
Olahdekay,
Omado,
Ocoro,
Onekamay,
Owalay,
Wokoro,
Ebawechee,
Opannah,
Olobo,
Wokroo,
Imbahlato,
Ahjano,
Adahloh,
Nabala,
Ototowekah,
Ahmajay,
Mahchoko,
Okoro,
Angebo,
Ahgobom,
Oballah,
Odoahgay,
Imbahfooe,
Amalenah,
Accohzo,
Affonee,
Wogah,
Ahkanabee,
Annahlabay,
Chenalomoh,
Olannah,
Ahdochah,
Yakam,
Oleahkah,
Imbahko,
Oleako,
Mahdah,
Olawenah,
Emahquah,
Wayakay,
Odomah,
Addanay,
Imbahgah,
Aleke,
Ahkejo,
Onomah,
Wellotono,
Wonahko,
Obahlah,
Wahdah,
Omahlahdo,
Walay,
Achelakah,
Enatay,
Ecozo,
Ingerako,
Odahkah,
Otah,
Chevosah,
Malah,
Oladahnah,
Amoya,
Eforakah,
Jemoh,
Ejahgah,
Annabomo,
Ingalay,
Ozawan,
Asaine,
Ageatah,
Allachah,
Okahgee,
Mandongo,
Ojahgo,
Intogodo,
Nahdasay,
Indowokah,
Imbogoro,
Ocoronco,
Ocoravee,
Arebefee,
Ocrahfoe,
Omahcoray,
Oyahkah,
Imbogo,
Apanekahday,
Anabolay,
Anewah,
Arawoo,
Amee,
Wakah,
Otahsoroo,
Amandee,
Ogowah,
Eranah,
Domesee,
Abeahjowah,
Ocogah,
Ahgahmoo,
Okankah,
Enahko,
Owakah,
Dokallanay,
Derebah,
Dokoronko,
Hankah,
Arakay,
Indah,
Opromo,
Ahgokah,
Oyozo,
Opah,
Olugahmay,
Byran,
Acpah,
Imbahpah,
Abayjay,
Ampah,
Omahday,
Imbrah,
Wahpah,
Casey,
Wahfoe,
Okroopah,
Carahbarree,
Ofooray,
Alaquashee,
Aboyea,
Ogboh,
Desagqualy,
Dedeah,
Jelay,
Indowosee,
Ojahkonahmo,
Ajeecomee,
Ocorahve,
Wahberah,
Ahoday,
Nochah,
Akawonomee,
Wahmah,
Andafee,
Adahomah,
Debokono,
Wyenahkah,
Wahnemah,
Ahogo,
Ezomah,
Edetay,
Adalemah,
Banay,
Enoway,
Mahboe,
Odako,
Imbahjah,
Kenahbooko,
Onahdoe,
Echohomay,
Azecedom,
Wokelee,
Wahmahkasah,
Wahbahkah,
Ayakambee,
Eferahkoe,
Insadee,
Bogonko,
Intahgee,
Wahneko,
Wahnelo,
Indabowoko,
Wogay,
Garakamway,
Onobyea,
Natay,
Ogontah,
Adahchah,
Onanwah,
Owoloo,
Wamboloo,
Ogom,
Olelachee,
Onawang,
Oleahoe,
Wahmee,
Wahnay,
Onamahkee,
Azenan,
Wahloe,
Imbobolee,
Karansono,
Wahnajay,
Onemahnah,
Masee,
Yahcomba,
Bombah,
Mallonda,
Membolay,
Imbonjo,
Mokalay,
Manjango,
Mosangay,
Mahdagenday,
Myobay,
Sahbeangay,
Pasaquay,
Ahkeko,
Jennee,
Yangodembay,
Mahballay,
Elambay,
Damekam,
Samboh,
Zedabim,
Indoloo,
Elabanday,
Aningo,
Ebomah,
Mendoh,
Manombay,
Imbombah,
Kahnembaguay,
Yahmanjano,
Mahkanguah,
Meyemeyah,
Jahmesanee,
Gelambay,
Poquahmay,
Debomah,
Pokay,
Yangay,
Majungah,
Mekige,
Mosahboh,
Imbuangah,
Challah,
Momoh,
Marromoh,
Imbayah,
Imbomah,
Jimsah,
Ingobah,
Bealomah,
Bonko,
Pangoh,
Ingombay,
Injango,
Abongo,
Otannah,
Pengay,
Keah,
Incobah,
Mahdongo,
Ambahkay,
Pakah,
Meankah,
Arrongo,
Eyendo,
Tyvenday,
Longarrevenday,
Nangay,
Gomah,
Defondo,
Azumay,
Gombah,
Azolah,
Deseah,
Mynom,
Elquelly,
Awahnah,
Intahkay,
Imboro,
Impom,
Peyahkah,
Mengobayokah,
Mampoh,
Apawo,
Ingardo,
Atopay,
Kekom,
Akoe,
Fombo,
Loko,
Alalee,
Menanay,
Owoloh,
Sesin,
Nangonakah,
Veakah,
Madingah,
Momoo,
Incoh,
Mocom,
Inzahlay,
Andongo,
Soallay,
Alock,
Bombay,
Imbonday,
Injungo,
Mazongay,
Alomo,
Bongup,
Nogoso,
Ahkongoh,
Indembay,
Mahan,
Pahpah,
Owambay,
Maranko,
Indanglah,
Inzozo,
Immiye,
Partwang,
Abakah,
Atoquay,
Nomo,
Abonay,
Pallay,
Pokahway,
Bongah,
Popotay,
Ingangee,
Amongay,
Inganjo,
Apoy,
Otahkay,
Ejahtooto,
Eyomonay,
Mandah,
Ingarp,
Bengah,
Bennoko,
Mallambay,
Atokay,
Somo,
Norbose,
Injoe,
Dogho,
Indoko,
Dorobono,
Dogoboy,
Mannock,
Docoko,
Dumbarry,
Namoboro,
Dogohoke,
Dogobahsahba,
Dobono,
Degbarro,
Degbakay,
Dunahlane,
Dabatahbee,
Nonongo,
Batel,
Gombejo,
Ozezo,
Degobotoo,
Denahkokee,
Neahkah,
Byah,
Ofongo,
Dondoko,
Mangop,
Mazonga,
Lendah,
Awosah,
Logomosah,
Logobesah,
Aposay,
Mangoh,
Intobah,
Makamase,
Ingobesah,
Ingobasah,
Yamsah,
Ingolo,
Mondow,
Tokah,
Ingomo,
Incombo,
Ingack,
Kotah,
Indomay,
Nasenah,
Nogett,
Madepo,
Imbosah,
Inquasah,
Sackay,
Mindomee,
Babo,
Lahobannah,
Mahdong,
Mahkom,
Bellakah,
Choway,
Intahbo,
Nannangah,
Atoka,
Masingah,
Imborah,
Inbole,
Sankah,
Wankoko,
Intankah,
Belokay,
Yongo,
Nacktay,
Besesee,
Injock,
Injonfah,
Yongbahfah,
Mahfonbah,
Mandagasallah,
Indebo,
Abahsahbah,
Indabah,
Dombahsah,
Asuah,
Morabanay,
Injonjo,
Yancoh,
Indondoko,
Kechong,
Mesanday,
Mallangah,
Manzoah,
Mangayah,
Inzoh,
Infoko,
Indecory,
Daboh,
Ingobejong,
Gobahyong,
Gobahsoh,
Ingoboyong,
Soso,
Gobahbang,
Gobassah,
Golebang,
Donkang,
Takay,
Gobanang,
Menong,
Gonahbahsah,
Insongah,
Awonjah,
Debanjah,
Andor,
Kachom,
Dawahlakay,
Ahaggah,
Magalatolah,
Monomassah,
Alopah,
Nangamannah,
Mamosah,
Gobahnen,
Beyongbett,
Manambay,
Manamasay,
Asongo,
Oboday,
Deahlay,
Nobopopo,
Akejabo,
Ojalay,
Ahpayay,
Afonah,
Odomahpalay,
Oguallabay,
Asomah,
Oleahlee,
Aday,
Afahlo,
Yakasay,
Ahdolay,
Odomay,
Amosobah,
Ekahbogefay,
Nomelebo,
Nabalee,
Kakandah,
Afewokah,
Abozokah,
Ahloyee,
Ahlalay,
Ahdako,
Bannoko,
Enebah,
Fahzay,
Alano,
Fahmoko,
Anebomoh,
Adayah,
Ayemogah,
Debahbo,
Akotammay,
Damelolah,
Mofoo,
Fahzamo,
Ahnowah,
Anobay,
Bobo,
Zozomah,
Jebbo,
Chekelee,
Abannebay,
Afah,
Bamahkamay,
Ezenee,
Elesay,
Owahday,
Anegee,
Anochah,
Atalee,
Sallomo,
Nobanno,
Okalee,
Anahmabo,
Dangah,
Sefoo,
Ogagay,
Alebolay,
Olahwahgo,
Jakoo,
Amamelonay,
Ezahamah,
Esammajay,
Tamesah,
Fomeballah,
Legahfay,
Onagaday,
Abalago,
Omaday,
Abamoh,
Makanfay,
Kakanday,
Odomalay,
Omokolo,
Sosoahlah,
Mofah,
Ogugah,
Olahlogo,
Osaloo,
Ponasee,
Bojahmee,
Osabah,
Yagobah,
Lahkatah,
Oloday,
Eyayoo,
Efoe,
Lahtoe,
Lesahkoe,
Sogbanno,
Seahboyah,
Iyahway,
Bessaway,
Okoko,
Oleahsee,
Abahlabay,
Yahya,
Enahtobah,
Eppay,
Yahmay,
Gochee,
Ackpye,
Bozokay,
Azontoh,
Ahpavay,
Pahway,
Imbokochah,
Echeko,
Agalako,
Atobah,
Acaray,
Awocho,
Inzahgah,
Monjoo,
Cholee,
Abanko,
Mochee,
Motton,
Effah,
Osango,
Intop,
Indoh,
Carapan,
Acheboh,
Karogoh,
Oseah,
Ozay,
Eyoh,
Insang,
Yahobang,
Etom,
Efomah,
Emboko,
Jimnay,
Mennay,
Annequay,
Mop ,
Incongolo,
Imbomcho,
Enoquah,
Awahkah,
Acahboyah,
Anofotay,
Afalemah,
Anemelah,
Amachah,
Oquahnah,
Ajimquah,
Oquahbah,
Adagee,
Alalay,
Imbaquay,
Acomammee,
Effeum,
Ekahmah,
Ezahkay,
Imboyay,
Ecomah,
Wamboh,
Alacray,
Azemah,
Agomahdee,
Bassang,
Bowo,
Tahtah,
Imbahday,
Opoh,
Apbang,
Indaraquay,
Mesoso,
Basahso,
Mechahchah,
Yahway,
Kalabo,
Mandachay,
Somtay,
Idate,
Kalagah,
Ahsaquah,
Kodobah,
Dabonang,
Mahchay,
Abodo,
Anekay,
Mallo,
Bealah,
Kamazoh,
Adampah,
Otankoh,
Tanyoh,
Ingasay,
Yeloh,
Conday,
Yalekah,
Matam,
Chocholoo,
Accony,
Barchay,
Oloofarnah,
Lallabay,
Ochokoo,
Lealoh,
Sahjoh,
Lomolay,
Okosalah,
Anekolojo,
Mahwodo,
Jaggo,
Ocoya,
Massahya,
Esoyee,
Dawosee,
Gebochah,
Fahtolah,
Adotah,
Obaday,
Akequay,
Ayahlay,
Ahjago,
Ahtomah,
Osaamay,
Ologo,
Afeno,
Akosawo,
Cholaloo,
Chodaloo,
Oshonee,
Meleamoh,
Chong,
Emanoh,
Ahdasako,
Ogodokay,
Ahwolay,
Lojobee,
Akalesee,
Eleah,
Mallalay,
Olopoh,
Esoday,
Kojobee,
Oloyea,
Ololong,
Ochoblah,
Ahcobolah,
Cholokay,
Sodepay,
Chubolay,
Kofahlojo,
Kowojee,
Ogomee,
Yamesee,
Jassom,
Oleakay,
Mallokay,
Atalowah,
Mannasah,
Tassoh,
Dalokay,
Ahjahgo,
Allanjay,
Intahjalo,
Adafomekay,
Ahdaquahjo,
Bahbay,
Amatajo,
Lahboloh,
Woday,
Olosee,
Chodomo,
Loboday,
Okocheno,
Woloh,
Soko,
Allejobo,
Kahbame,
Ogomahoo,
Olosahboso,
Ahchemay,
Ewontee,
Obolahday,
Ahdepay,
Kejoh,
Ahchoboh,
Olobahmo,
Ahdambee,
Ocoom,
Chubahlah,
Achobo,
Achobah,
Tesoo,
Daloh,
Ajudepay,
Chopoloway,
Adobatah,
Kobeweee,
Ayaloo,
Alojobee,
Ajah,
Fanneyah,
Falay,
Fallay,
Amoko,
Balloh,
Madday,
Lalotah,
Ahbahyomay,
Moloyoh,
Ochoko,
Keboloo,
Adeboyoh,
Gonoh,
Azokoh,
Agebodoh,
Olahmoh,
Yagee,
Ayeloh,
Ochopay,
Oloaloh,
Dawoo,
Fahjomah,
Akahquay,
Kochamay,
Dasa,
Lahkogee,
Tywo,
Mahboko,
Ozebah,
Ballahkay,
Okonoo,
Sangotoko,
Sallako,
Aweadee,
Accoh,
Asholoo,
Tennankah,
Apotah,
Eyahwoh,
Dobolah,
Sopahday,
Quahlay,
Eketoh,
Aloosoo,
Lokoh,
Ayosoo,
Mahsapotoh,
Aloway,
Awooshee,
Hyenah ,
Dohbahlo,
Kannango,
Kakintah,
Kalefah,
Kannoh,
Gelano,
Mahdee,
Yarahmah,
Kombahkalay,
Sagah,
Bahkalay,
Nemah,
Banjahno,
Mahmahdee,
Tomahdee,
Bocarrie,
Mamodo,
Bahjo,
Banko,
Ansomano,
Mommodee,
Kawodee,
Marrebah,
Sakarrie,
Bokamah,
Jamsaine,
Sano,
Moray,
Lahlee,
Bahjee,
Cabbah,
Iano,
Iahtah,
Mankahbah,
Santo,
Quahday,
Mechangarey,
Brahmah,
Imbahlay,
Dahpah,
Jokee,
Corotus,
Ochang,
Chompah,
Yemahnay,
Bahyett,
Forotose,
Jung,
Tenahto,
Najahkah,
Belantah,
Blantah,
Yalang,
Lonah,
Ahpahloy,
Imbraso,
Lopay,
Kosinko,
Pahtink,
Mahmahree,
Yahminday,
Sanee,
Keloreah,
Kechah,
Yajomah,
Sombal,
Borree,
Kachomay,
Ingaradoboh,
Tongah,
Jekontah,
Tonko,
Bahketoh,
Koyee,
Esang,
Koyanday,
Saryanko,
Tahkobah,
Abdosallahmah,
Fahkahbo,
Barrabah,
Belahlee,
Bahrah,
Sangallah,
Borah,
Abdolahie,
Sekechoh,
Tangarree,
Kombahmah,
Barree,
Iogesay,
Malloh,
Biram,
Biram Injie,
Indanay Injie,
Sambah,
Bamando,
Kango,
Biramjobe,
Gemondake,
Barahlee,
Francas,
Maria's Infant,
Balank,
Balank's Infant,
Mariah,
Mariah's Infant ,
Veterodah,
Imbanjong,
Lesah,
Pocariah,
Kalenah,
Bahselia,
Desabah,
Kosorah,
Anojorah,
Sybbariah,
Anneborah,
Katerinah,
Arabojay,
Semeyannah,
Sedarah,
Manannah,
Pantanoh,
Yandrah,
Nobahkang,
Mariannah,
Adonyahgo,
Ahselesah,
Couttah ,
Yamahloh,
Tahbass,
Jerombat,
Alombote,
Sonah,
Semojo,
Ambasekah,
Kojahmah,
Sahbell,
Deyongo,
Fahtang,
Nomponah,
Charch,
Dalfenah,
Arremahsah,
Andahya,
Ancory,
Ahbeyong,
Ianoh,
Fahgah,
Tonarnay,
Tiskey,
Nahfah,
Antonee,
Karrelo,
Iulah,
Nahfankay,
Anomah,
Ombah,
Padro,
Bokotah,
Kayendoh,
Yahfolay,
Anjacksaine,
Obay,
Beafahdo,
Balbeah,
Whyekoo,
Paseoe,
Kolastogah,
Ienase,
Kambeyannah,
Mandasay,
Cobage,
Iambage,
Paakandah,
Serah,
Sekatambo,
Semeyahmah,
Domingah,
Secumdah,
Belanting,
Sucedadee,
Ahlombahto,
Fastenah,
Emelia,
Alwoyah,
Ballang,
Ahpindo,
Ioino,
Venidofay,
Jose Pedro,
Christoe,
Miguel,
Mahso,
Annochando,
Fettinot,
Jose Abass,
Joaquim,
Karroh,
Manoel de Mado,
Cacuttah,
João,
Marianna,
Vilantah,
Vilantah infant,
Tomacio,
Dagrass,
Leweezah,
Olagarro,
Maceleno,
Massom,
Mariana ,
Mahtela,
Carolina,
Crossah,
Syako,
Akallah,
Idetay,
Fochay,
Addotah,
Annobah,
Okabafo,
Odosolo,
Comoyea,
Chaloko,
Iahgoday,
Okocheelo,
Ogolahday,
Moloko,
Oyahday,
Chonee,
Monloko,
Daloko,
Asekah,
Okolobo,
Comahday,
Damikay,
Byojay,
Dapolo,
Mahoh,
Ogolay,
Lyamee,
Goaday,
Okobayay,
Lesahmoh,
Otahpah,
Soboh,
Molanay,
Apahtay,
Owahdo,
Ojekam,
Yannah,
Okomahlah,
Somarto,
Ochobay,
Jahwokay,
Tannemowah,
Kobahonaday,
Shahno,
Madallakah,
Ojawosah,
Lallobah,
Ahginnah,
Adepay,
Olobado,
Agoshalo,
Ogodogo,
Mammado,
Sahgorah,
Chonkay,
Fekahjamee,
Lallabo,
Ahjibolay,
Ikolay,
Ahloway,
Samesahlah,
Akobalay,
Ahbinnebah,
Ahwodomah,
Mallakay,
Olebee,
Olebee's Infant,
Taddayah,
Agoshay,
Agoshay's Infant,
Akedam,
Akedam's Infant ,
Monno ,
Monno's Infant,
Awosee's Infant,
Akedam's Infant,
Malekee,
Malekee's Infant ,
Olyannee,
Olyannee's Infant,
Daday's Infant,
Obah's Infant,
Aquashee,
Aquashee's Infant,
Abbenebah,
Abbenebah's Infant,
Ontamay,
Ontamay's Infant,
Hyenah's Infant,
Awoosoo's Infant,
Ezaono,
Lokolepay,
Yalolah,
Ahtojah,
Akakay,
Isemay,
Wosee,
Ofotonoway,
Depay,
Yakahdee,
Duroh,
Ogue,
Ikoloo,
Agedebah,
Soyay,
Ontemanee,
Kotee,
Owoo,
Okonloh,
Lankay,
Afopoh,
Ahgosee,
Ojolee,
Sahfatemee,
Awosoo ,
Bonokay,
Malahkay,
Mallano,
Mahseyah,
Sabinbee,
Yekay,
Dowosee,
Akosaloh,
Azago,
Jajabee,
Afopahaday,
Lahko,
Lomoloko,
Efahlowee,
Pahmetang,
Molesahdenah,
Asholah,
Fahdonoh,
Ballafosah,
Alosee,
Ahbrawah,
Sonarlarmattah,
Agebolah,
Inokay,
Asahtoh,
Bahtah ,
Ahbrahbah,
Fahjobee,
Awadolah,
Gobee,
Dalomah,
Olahlay,
Mallolo,
Sennin,
Fatmah,
Akoyamono,
Eyay,
Lahtobay,
Malloloh,
Lahcobee,
Ahbealoh,
Ahwonee,
Aquashua,
Fogolah ,
Ogedolah,
Otolo,
Chanbalay,
Afolahday,
Saquah,
Awo,
Mesahday ,
Olesahjoh,
Kobay,
Fahsawo,
Fahtonekay,
Fahsolah,
Asebah,
Ofotoway,
Olesahfowah,
Lallobay,
Fahyamee,
Dasomeno,
Yahnoday,
Ahsenah,
Jahwo,
Inoloo,
Chahsoh,
Maddalay,
Olahtom,
Olotannay,
Chodahloo,
Okobahday,
Lebalay,
Fahdomelah,
Chahgonah,
Odano,
Agassay,
Iegajo,
Ayabaday,
Okonay,
Owodammay,
Konnebahbay,
Ashoh,
Ochinokosay,
Sonpoh,
Hyewah,
Okalladay,
Sopallo,
Tolo,
Ahbolee,
Iebbo,
Sobahlahbee,
Adobamee,
Okayayday,
Asobah,
Sosomonah,
Solahday,
Dangeah,
Soyaloway,
Ahbozee,
Inbannoh,
Iawokay,
Ologekong,
Bolankay,
Dasomeah,
Odasobay,
Ahto,
Sahdejo,
Ahchalee,
Olahbah,
Lago,
Conolay,
Enahboh,
Mahtimboh,
Aloosee,
Asammenobay,
Akadebah,
Oyahbay,
Alahkay 1st,
Alahkay 2nd,
Danolah,
Kyojay,
Mallobee,
Mahbojay,
Abocho,
Aquaray,
Olahto,
Yamojah,
Kodomelelah,
Balojah,
Massolah,
Mannaylay,
Ofopajue,
Abenee,
Oleesee,
Mallekay,
Ahdapo,
Somnoo,
Okodepay,
Ogahbee,
Odoojai,
Dakanday,
Odosah,
Osoko,
Makkojoe,
Lokoday,
Deahbee,
Asowee,
Oshobo,
Ogojobbee,
Dasomoo 1st,
Dasomoo 2nd,
Osokee,
Ahdabarree,
Mahjechay,
Bahday,
Allejay,
Kemmay,
Bakoe,
Okoponee,
Kahmoo,
Korokoo,
Odojobbee,
Odorombay,
Ahlahboloo,
Daboo,
Sokoyee,
Lahjakoo,
Oshoe,
Solooah,
Amedoo,
Iaemjay,
Bancollay,
Tejomoo,
Balay,
Quiah,
Kanday,
Osokoo,
Cholakay,
Dasamoo,
Somokoo,
Degbahkay,
Lamah,
Ashoe,
Ogoodamah,
Adahah,
Ahdakoo,
Godopay,
Allahmee,
Dasono,
Arroo,
Ogelarree,
Mosobah,
Osahdamah,
Oyajobee,
Ahanosoo,
Lasee,
Dahsoloo,
Ombolah,
Offodokoo,
Mahbahbee,
Olahbowah,
Koneberee,
Fahtayah,
Annekolay,
Ahwoojoe,
Odesokoo,
Oroomee,
Ahroo,
Osahjoe,
Jobah,
Allahbejah,
Odagee,
Ogoojobbee,
Oyakoo,
Arrekoo,
Mahbojoe,
Ahsonkaray,
Sodomoo,
Koosolay,
Goladay,
Sodepoe,
Olooboyea,
Ahdenayea,
Banygoshee,
Isakoe,
Dakoray,
Odooshenah,
Ochosah,
Olobokoo,
Hyololah,
Ahahmah,
Okooyea,
Ololombee,
Kahlay,
Ahpahtay,
Omalahbee,
Ahkeahlay,
Odealoh,
Ahdaybahyee,
Ahdayintoh,
Tahmonee,
Emayoree,
Ogodepay,
Ahdaya,
Ayelay,
Ahtago,
Dahdobee,
Ahgetolah,
Ahkabeyee,
Okoochee,
Ahdalomee,
Oloobodoe,
Osogbah,
Fahmokoo,
Chodepay,
Ochocombee,
Adachee,
Chodekay,
Ashelay,
Bojoah,
Oseday,
Achanee,
Oloosahday,
Ahsoomee,
Ogobah,
Oloboh,
Oloboh's Infant,
Lamola,
Amoyabahday,
Mahlajoe,
Tahyoe,
Odobahday,
Ahdoobabee,
Mahtimbah,
Dasolah,
Anekaypo,
Ahwakay,
Allakay,
Tahwoe,
Fahpajoe,
Mahwasay,
Momohloe,
Oneboh,
Malolah,
Dahchelay,
Lahbotay,
Tendahdee,
Jah,
Kosolekay,
Mahloe,
Ahworee,
Ajahbah,
Mahlohoe,
Dasolay,
Fahteemah,
Jeahbee,
Yahfonah,
Aweshoe,
Ahfahlo,
Fahyeayea,
Lyoh,
Ojuahlay,
Amagee,
Beyea,
Ahwahkay,
Ahdahmah,
Yayay,
Jahgomahah,
Sahbahdako,
Ogombamee,
Monotong,
Akannee,
Abetong,
Ocholah,
Kosomenah,
Oleebah,
Yahvee,
Alankay,
Ogahgahlofah,
Iacomelah,
Dewah,
Dasomee,
Ogoogee,
Odepah,
Abesoonah,
Okoonomee,
Ebolah,
Lepahday,
Ahroe,
Oloowoo,
Okonnah,
Ahkallahday,
Odachenah,
Jagbay,
Dafonoo,
Ahdakaloo,
Ogoodoo,
Oloosamah,
Ojahtahlah,
Losonah,
Wolee,
Ahloomoloo,
Lahlahtojoe,
Lowahlay,
Damoko,
Jegballoo,
Fahtahlue,
Ogakenah,
Olesah,
Datowah,
Lallotah,
Lomenah,
Ogoomachah,
Olesahtolah,
Iahvee,
Mahlonee,
Dabeyea,
Annoo,
Sahgollah,
Akedabah,
Omahlay,
Lakoo,
Lookahday,
Lawoo,
Lahkoday,
Dasahloo,
Olomekay,
Orooyea,
Molonoo,
Daroo,
Ahsahday,
Okoyahday,
Dasomoo,
Anekayah,
Okojahlay,
Ogbollay,
Sahfonkay,
Sahdenah,
Awoosalah,
Mahdallahbay,
Awocheday,
Mahbaday,
Olootee,
Ojubahday,
Lokosee,
Akedebah,
Dacheloo,
Injakah,
Esonoonah,
Ogay,
Logoe,
Mejoloo,
Odesahlay,
Kochameyah,
Omahkee,
Ahgebokee,
Tackpah,
Somahday,
Fassom,
Kassay,
Vannosee,
Ofallahlay,
Sodobay,
Colahbokor,
Lamahlah,
Oddesah,
Odozakoo,
Noyo,
Depawoo,
Besam,
Jebahwo,
Olokarmeko,
Amekahlay,
Ogootay,
Dasolee,
Chopah,
Owahlay,
Ahgawoo,
Akebahday,
Annekogo,
Falannee,
Chodogo,
Alladahbo,
Ebahday,
Odofahloo,
Ogosahlay,
Mahmoko,
Ogopoh,
Lahcoloo,
Iahcoamee,
Melaloo,
Pallah,
Akaylee,
Loobasshee,
Ahbealloo,
Janday,
Kosah,
Ahkandee,
Okolotay,
Azabo,
Ozaloo,
Olooboko,
Ahjai's Infant,
Akedoh,
Akedoh's Infant ,
Bahboh's Infant,
Kanmadefay,
Kanmadefay's Infant ,
Sahmagee,
Sahmagee's Infant (7 mths,
Akedang's Infant (16 mths,
Arookaloo,
Arookaloo's Infant,
Monesah,
Monesah's Infant,
Debahmechay,
Debahmechay's Infant (16m,
Alokaday,
Alokaday's Infant,
Massadah,
Massadah's Infant,
Yajabee,
Yajabee's Infant,
Mahdasegee,
Mahdasegee's Infant,
Sebee,
Sebee's Infant,
Molloh,
Lahkosee,
Amahfodoway,
Chahfee,
Ahsonkawee,
Sahtopay,
Asotalah,
Farlamay,
Alujoh,
Mahyayay,
Ahbealah,
Ahboboyay,
Melakah,
Chepaboo ,
Mahbofoo,
Mosee,
Obojo,
Ofodajoo,
Molebah,
Osomekah,
Fahgemeloko,
Ahwanee,
Ahdawomee,
Ahdaboh,
Lahjoe,
Alosokoo,
Anahfotolar,
Saloo,
Ahsheyomee,
Agolo,
Lahmodo,
Anekapoe,
Oyah,
Kanyosee,
Ahsoobee,
Ahsotoyobo,
Ahsotahday,
Ahsefonkay,
Ahkolay,
Sahjoweyea,
Debahmekay,
Pellayea,
Mahjogoo,
Mesamah,
Mahloko,
Lomokay,
Ahseyomee,
Hyebah,
Mahjeahbay,
Mahtenewah,
Ofosemah,
Ahsebah,
Olokay,
Dashee,
Coomee,
Awoodenday,
Lahjoekay,
Ahdeakay,
Etahwoe,
Maddobah,
Iaboyea,
Ahmahkdemah,
Ahdalomebee,
Appahlomekay,
Ashodekay,
Bahbameloo,
Damoloo,
Ballahbah,
Misallah,
Lesahbejoe,
Ayonee,
Ahmesah,
Kahweloosay,
Lahkosoo,
Allahbee,
Chahfomekay,
Iyahwo,
Mahloyea,
Okooballahjah,
Ahtachah,
Ahjeebee,
Abakaloo,
Jinkoe,
Mahgoyea,
Soteyoh,
Obahbay,
Ahpahtee,
Lahlotee,
Soleebee,
Bolay,
Addoh,
Dameno,
Obeyeee,
Sallobee,
Aquahday,
Tootayea,
Achapoloh,
Kosomeloh,
Debosah,
Olooyea,
Desah,
Kesahday,
Tobanday,
Acpahna,
Ahkolahday,
Shakomahday,
Edenee,
Olapanay,
Oyooyea,
Somahchee,
Bassolay,
Ahmoleyah,
Ahtakpah,
Ogotolay,
Olooday,
Mahpaye,
Pagoo,
Odoom,
Mahsaloo,
Agedah,
Mannesah,
Odebybee,
Lahwokay,
Ahmowoo,
Ahloloh,
Allafookay,
Leyomoloh,
Chahsayee,
Somahto,
Lahmelokoe,
Ahwoyo,
Mallomee,
Abemo,
Fahto,
Bolesahjoko,
Ahdabolah,
Afoodaday,
Molalay,
Bahlameloe,
Eyahfonkay,
Ayahfonkay,
Malekay,
Mogoday,
Olobahloh,
Lesoh,
Bahselee,
Ahjofoomekay,
Asoobee,
Ahzotoo,
Oyakobee,
Awotoe,
Asahkaya,
Afoyamee,
Mahbenah,
Olodo,
Iacobewah,
Sahtoluhnee,
Ogotoloo,
Ogosaday,
Iyonoday,
Chomokoo,
Madolah,
Osotang,
Ezahtecoy,
Ammodoo,
Ahsenahbee,
Sopahloo,
Lahloo,
Olahdaday,
Oyahjomee,
Mahammah,
Lokokong,
Addom,
Byakoo,
Ahkobolah,
Dajomoh,
Elolee,
Ahwojobee,
Lahbagee,
Songpay,
Sowomee,
Apenah,
Osofeyee,
Olowahlee,
Soloyea,
Sokeloo,
Kahjolah,
Damolah,
Sobojoe,
Mahwodoo,
Yeadee,
Ejaggo,
Iyolelay,
Kosolo,
Fahtosay,
Awagay,
Bahkonee,
Kahlojolee,
Okolahday's Infant ,
Mollolah,
Mollolah's Infant ,
Okedah's Infant ,
Awoosoo/1st,
Awoosoo/1st's Infant ,
Ahdahsee,
Ahdahsee's Infant,
Ahdabo,
Ahdabo's Infant,
Awoosoo/2nd,
Awoosoo/2nd's Infant,
Awoosoo/3rd,
Awoosoo/3rd's Infant,
Afolahday's Infant,
Alahbah's Infant ,
Abenee's Infant ,
Mallakee,
Mallakee's Infant ,
Ajah's Infant ,
Omoneloo,
Omoneloo's Infant ,
Omotahday,
Omotahday's Infant,
Ofogee,
Ofogee's Infant ,
Odobahmekay,
Odobahmekay's Infa ,
Hyenah's Infant ,
Akahday,
Akahday's Infant ,
Bonnah,
Bonnah's Infant,
Lahbosee,
Lahbosee's Infant ,
Ajumah's Infant ,
Koshano,
Awoosoe,
Okedong,
Ahmonewah,
Lojahkay,
Wotahloh,
Besoway,
Asahbee,
Mahdanee,
Abesemah,
Sahdepoh,
Lahgee,
Ochubaloo,
Ahdamelahjo,
Asabanbee,
Lahdopay,
Olejoh,
Ahyamee,
Iamowah,
Fallokay,
Abanee,
Oyajoh,
Akedong,
Mahmolejoe,
Osahtokay,
Ahgetatee,
Fahtoday,
Dassekay,
Ahdabay,
Defowewah,
Fobah,
Chebolahday,
Olafee,
Lesahmetay,
Mahkosay,
Wogonoh,
Awocheloh,
Oloobahkay,
Mobolekay,
Abelalah,
Abahyomee,
Lahbogoo,
Dahsanee,
Ahmoneyah,
Wolahmo,
Machahlay,
Fahbometah,
Lahneyah,
Iyepah,
Bafoaloo,
Sammokoo,
Allopay,
Iyololah,
Ahjahkay,
Okeday,
Lallotoh,
Wahlee,
Afodepay,
Mallahkee,
Alojoe,
Asoobahloo,
Belolah,
Afonekay,
Fassagay,
Osowomee,
Lopahday,
Omalahlah,
Adabaya,
Fahsolahday,
Oledamah,
Yahbee,
Iyakoo,
Emahyamong,
Ofatahya,
Ahdapaloo,
Ahlebetoh,
Alealahgo,
Chahkonewah,
Aloonkay,
Sahgoyomee,
Iyesah,
Osokaloo,
Kobayoh,
Sahbay,
Lokokay,
Fahtomokay,
Kobonkoo,
Ieggo,
Ezebay,
Losahtobay,
Ojokosee,
Dambalee,
Olofahday,
Inteloh,
Mallodeyah,
Owotolah,
Akalookay,
Ahwonay,
Onebako,
Ojupoh,
Melahmee,
Baloo,
Dachahmee,
Ahdanay,
Assom,
Kelagee,
Okoalah,
Oshotalah,
Omolokay,
Lahgamah,
Ahdaolee,
Assojobee,
Ahdahgood,
Osokah,
Geboday,
Lojoh,
Salahko,
Ajahbee,
Ochokolo,
Ahjahsah,
Bodannee,
Ochopah,
Desowoo,
Addong,
Efahbonbay,
Ahkebahday,
Fahtaya,
Fahmecomee,
Ahjeoh,
Sokallo,
Ahdakahlee,
Zemejoe,
Olelowah,
Solomejoh,
Sahgobee,
Odasaloo,
Oquahya,
Beakoo,
Olobahjay,
Ocobee,
Dahkalay,
Saboto,
Tawor,
Osammoko,
Afokang,
Fahjawee,
Yanomee,
Ozolokay,
Coyea,
Obenee,
Ogedebah,
Mahtahwoo,
Mallekee,
Besolee,
Osolay,
Akeday,
Ojakah,
Osoloh,
Dawomee,
Sojoe,
Mallahsodo,
Oyahtoloo,
Bahjoe,
Olobahlay,
Bahbahbomee,
Alobe,
Aleakoo,
Afochee,
Abelahlah,
Oloketang,
Okelahday,
Mahdogetend,
Osahyomee,
Ahdaloh,
Yamanee,
Owoyea,
Ahdasalee,
Mummah,
Manugy,
Owoop,
Aforday,
Bahgoo,
Oforoo,
Fomatee,
Mongee,
Mondahbah,
Ezeakoo,
Acheramah,
Omahgah,
Fillay,
Epae,
Kenam,
Gumfoo,
Dandia,
Dekeremee,
Monopah,
Talemah,
Mumbah,
Munnay,
Ayoe,
Ofoyee,
Ahfahsee,
Manfong,
Munehah,
Ofoo,
Imboroe,
Omoe,
Eteek,
Oloogoo,
Ohbahchah,
Ocoe,
Accannem,
Inya,
Apono,
Abahshee,
Opontay,
Dalkoo,
Apiabee,
Affeyong,
Eyong,
Ahpahvee,
Effoe,
Mondee,
Konsom,
Eyo,
Boe,
Yapp,
Aramoko,
Anmanah,
Deddee,
Maccah,
Koronkoo,
Annahnoro,
Bomah,
Iannay,
Akahwenee,
Tawah,
Agam,
Ahjum,
Matah,
Achay,
Ahganah,
Ahomee,
Yahree,
Chah,
Defoe,
Edomah,
Boboo,
Egoo,
Nansay,
Qualoo,
Mempah,
Ogong,
Temmang,
Emfah,
Inquang,
Jang,
Tannemahko,
Dequah,
Bekay,
Dindo,
Fango,
Achan,
Carabye,
Onenay,
Afobe,
Afeam,
Kabee,
Annando,
Aworee,
Afam,
Baggah,
Manguan,
Lawahlah,
Amolah,
Ahfeah,
Aboquah,
Inkarenkay,
Mambo,
Amingah,
Sangah,
Imbechee,
Nochee,
Boreah,
Banno,
Pungwah,
Defon,
Wanchan,
Wagee,
Iumbah,
Affiam,
Makambah,
Kahtay,
Oluu,
Tarasey,
Dabayay,
Mahkahquo,
Lefee,
Doroyong,
Attee,
Acpahbee,
Bebee,
Aguah,
Gom,
Afarcey,
Lahkan,
Iammango,
Mongo,
Aboray,
Akanay,
Montee,
Fahkamah,
Bodee,
Afaree,
Chanakay,
Afonay,
Hamadodee,
Mahgeddah,
Minsay,
Mahjokee,
Bahakay,
Jahkah,
Adechee,
Hambo,
Imboraykoo,
Imbaf,
Amonah,
Anah,
Mantoh,
Alinga,
Adeahgah,
Odromah,
Bobomah,
Moboh,
Dokoboh,
Chakim,
Innaray,
Amasee,
Tokakay,
Ehonoe,
Womkoe,
Enahyea,
Ekobolasee,
Omelloe,
Ahchenahwoe,
Okomahchay,
Azem,
Ehoah,
Omadekay,
Olokoe,
Nonoe,
Ichay,
Onaggah,
Benjoh,
Egallah,
Ecowonay,
Annoah,
Mannahgo,
Ahomenem,
Bebay,
Oponah,
Kamaloh,
Lawolah,
Ahzobenzay,
Ofowakah,
Imbahtoh,
Akahchah,
Alebay,
Akosoh,
Banneko,
Akagee,
Nahtah,
Ebazim,
Ewoaha,
Bannoh,
Ewoanah,
Odozorom,
Onowah,
Wannokom,
Ahzoo,
Ahsonoo,
Okodamee,
Okochoh,
Maddagay,
Enonomoo,
Alloh,
Ahmesallah,
Forah,
Ojokoe,
Anambah,
Ebojannah,
Akonah,
Ojo-goe,
Ahahkah,
Ebahnosoe,
Akellee,
Akalomah,
Esoakah,
Ebaray,
Anneaquay,
Mahboh,
Akagah,
Akolapay,
Chokomoh,
Allebokoh,
Hapquay,
Sonnee,
Ocoray,
Oken,
Ahdakay,
Draggazem,
Achakanah,
Amahdeah,
Ochochoe,
Bakalay,
Whochokoo,
Bomokah,
Akomonoh,
Setoh,
Kankanah,
Imbo,
Wolay,
Ahdenah,
Amenah,
Ahbebay,
Ahbebeyoh,
Imbarfoe,
Immah,
Ahworay,
Abeohee,
Mayakoo,
Alleahamah,
Ahyolahaw,
Buckergatoo,
Boveantag,
Annekarfoo,
Indarnah,
Boomackay,
Ackjaallay,
Ahkameyah,
Mahdoo,
Yeakay,
Wooblarkoo,
Chemarkah,
Obabah,
Darwah,
Menearkah,
Owahlakah,
Imboochearkah,
Yeamarsee,
Woobeah,
Wolarkah,
Imbarkoo,
Akem,
Amarlay,
Ewearko,
Woklay,
Annoway,
Ejommoh,
Olocharmee,
Ojeafoe,
Ahanlay,
Gantonobee,
Oguamance,
Solomoh,
Agamowah,
Olahkah,
Wombellay,
Meyobay,
Kobahseum,
Mahzarakay,
Edapet,
Inlay,
Okomenay,
Odaloh,
Wokoo,
Obahorom,
Ocolay,
Malowah,
Lanah,
Warkoday,
Imbambah,
Mopolar,
Wozoh,
Okoquay,
Ogumajah,
Karafoe,
Echankoe,
Anamabay,
Ebawokah,
Ehobay,
Mahfayako,
Ochomenay,
Emenaday,
Ohonogo,
Equahbeah,
Okerafoe,
Oporowoe,
Eporowoe,
Odakah,
Obozee,
Dassee,
Yomenee,
Okorko,
Ogomah,
Nennah,
Onanoran,
Imbomeah,
Olodegalamay,
Wogejah,
Sinnah,
Wochanwah,
Sewahlefa,
Emmah,
Womdebalay,
Annafoe,
Amanayah,
Nahkay,
Annahwokah,
Ahbowochay,
Akebomewah,
Ezahno,
Imbucheka,
Alawachee,
Mamahya,
Egonoh,
Akarbolay,
Lahkoe,
Wannah,
Ahbotah,
Alomoh,
Asen,
Danhon,
Kattakattay,
Mahjay,
Mochowah,
Mochowah's Infant ,
Iyelahday,
Iyelahday's Infant,
Asayee,
Asayee's Infant,
Yahomee,
Yahomee's Infant,
Obay's Infant,
Bannahko,
Bannahko's Infant,
Ahbinnebah's Infant ,
Quazzy,
Quazzy's Infant,
Ranagon,
Ranagon's Infant,
Anaque,
Anaque's Infant,
Zovoh,
Zovoh's Infant,
Honquay,
Honquay's Infant,
Naloo,
Naloo's Infant,
Ogonquai,
Ogonquai's Infant,
Alokeway,
Alokeway's Infant,
Ahbetah,
Ahbetah's Infant,
Amafanah,
Amafanah's Infant,
Noway,
Noway's Infant,
Ohonquay,
Ohonquay's Infant,
Whoday,
O'Boyee,
Bosomay,
Doway,
Fodesay,
OBosee,
Bokosee,
Josee,
OBoyee,
Bennahko,
Ahfrasee,
Sammahtah,
Tahbay,
Tassee,
Tododay,
Kosahmequay,
Mamaymenay,
Yamonday,
Jejah,
Lovenno,
Obojoh,
Ahhoh,
Abahaday,
Teddeyea,
Daway,
Kahwolay,
Tossee,
Wochekah,
Ojukolong,
Laleway,
Tennen,
Pannah,
Potahyea,
Lahmin,
Jejoway,
Olosokoway,
Yahketah,
Alofah,
Ahwoloo,
Sepayboo,
Poloway,
Lakosee,
Osekahlay,
Onekayea,
Idabay,
Ogoombay,
Kansoh,
Yamee,
Oloyakay,
Boavee,
Eccoah's Infant,
Copanano,
Hessah,
Ayotah,
Jonesah,
Honoo,
Sonay,
Dowee,
Gesoo,
Osoloo,
Bokoyoh,
Nahloo,
Hyetoe,
Katono,
Fenahgoh,
Tahboe,
Dawah,
Bonovee,
Ovodeyong,
Okojavee,
Ahkah,
Dokow,
Govee,
Mellaquan,
Kollamee,
Betoe,
Akonee,
Nahquay,
Kekolay,
Koyfavee,
Yahlalee,
Donnakoy,
Nannowoe,
Dayee,
Mavah,
Noyekah,
Yahlaheday,
Annacochay,
Kendaloo,
Amokah,
Oparah,
Okerafoo,
Ahpahbay,
Imbacop,
Calabar,
Bennett  Mary,
Olee  Jenny,
Ojah  Hannah,
Pennang  Sarah,
Annocha  Bebey,
Bahyang,
Pennen,
Eyang  William,
Wahpan,
Ogasay,
Inchah,
Incaraday,
Wassah,
Kalakee,
Aloo,
Indabesee,
Inbangoto,
Amezee,
Inkachay,
Ingaco,
Jalay,
Oconno,
Akarakay,
Adowosoo,
Incup,
Bahbah,
Ohpah,
Eyesoso,
Okocho,
Ahsefoo,
Apoe,
Kalahfo,
Kologee,
Jalocom,
Attom,
Afam  Nancy,
Achadando,
Chaleakah,
Imbyah,
Imbaffo,
Ohdosay,
Ahcowah  Nancy,
Melaboe,
Nenangah,
Enammo,
Desebah,
Aleko,
Ahfeako,
Acomah,
Wahfeah,
Annochoe,
Ecolay,
Ahdochoh,
Warmah,
Wononote,
Kahkam,
Banyolay,
Imbakah,
Immakay,
Awokoo,
Odayahmee,
Ahdemah,
Eyap  Smith,
Etahpoo,
Namochay,
Ahonannay,
Annahgoloh,
Kakondah,
Opan,
Chokobay,
Oyakoboe,
Ommay,
Iemonahkay,
Okompoe,
Tammah,
Okaldoo,
Apahbay,
Agahlay,
Baselebay,
Eyaw,
Nalagee,
Incochee,
Otee,
Kokandah,
Ahbenim,
Mahpah,
Chekomeseam,
Emechee,
Effoh,
Woletay  Betsey,
Ingonahgoo,
Ocoh  Hagah,
Domochoh,
Aladah,
Wonahchay,
Akikay,
Ebalahmah,
Eccolay,
Edowesee,
Intammah,
Annokoe,
Wokolah,
Wakakay,
Asopah,
Doropan,
Wokoe,
Wokakay,
Wokasay,
Orahkankay,
Owanah,
Anamochoe,
Ekalurom,
Kankajay,
Pallokoe,
Kammahday,
Nabannah,
Hakammah,
Wokammah,
Allalahnah,
Anamahbee,
Maddokooday,
Wodah,
Olahkoo,
Abahgo,
Kelebakay,
Dabosee,
Efom,
Oyahtoe,
Wogoo,
Oyageday,
Chelakay,
Karakay,
Imbajay,
Bahwekay,
Ojammah,
Bonjanah,
Yahnah,
Jago,
Ewoh,
Mowan,
Eyazee,
Magee,
Baharah,
Bahworekay,
Olamahah,
Ozahnah,
Lavay,
Onokay,
Allochay,
Maday,
Chindah,
Ozazalay,
Wochanno,
Ahmee,
Ahmamelay,
Woloko,
Ocommacom,
Oconko,
Obeo,
Ebebeyoe,
Apannay,
Incarasee,
Okahchay,
Imbokalay,
Ewoah,
Obobolah,
Eloboh,
Ammelah,
Achubay,
Azanah,
Attamako,
Wokolay,
Ogodah,
Annawochee,
Ekamah,
Owojah,
Ohahgoday,
Ahseah,
Bonakay,
Accocah,
Jochah,
Ogalee,
Baleko,
Wanboh,
Odoree,
Otogoh,
Opyah,
Fammah,
Wosah,
Togee,
Wotassee,
Odassee,
Losekay,
Ogoronay,
Oquahnahnah,
Wallazee,
Gallago,
Okarasee,
Owannah,
Ajissoo,
Esaboo,
Lamenoh,
Gerepan,
Ahkano,
Ammachee,
Chakosay,
Towowah,
Anahwahgo,
Anoh,
Obang,
Wonkoh,
Onajulay,
Ozarebah,
Ohah,
Onahgah,
Nakah,
Dakah,
Wahnokoh,
Boakay,
Addahkah,
Belatah,
Kahwalah,
Ogoojubar,
Ogosenah,
Cotee,
Mattamoo,
Abadee,
Ajobbee,
Ogooaloo,
Mahsahkoo,
Olooyee,
Osokoe,
Jalahday,
Ewekamay,
Akenoe,
Choeboe,
Oyapay,
Oloyou,
Iyekoo,
Ayewolay,
Asegpah,
Bankoalay,
Fahkayea,
Mattee,
Koragah,
Afahbee,
Odowoe,
Addaloloo,
Ahlahlo,
Dalakoo,
Annahchay,
Alloday,
Ahchadaday,
Ochelay,
Solokay,
Babekay,
Sobeyee,
Ahkelosee,
Akejobee,
Afolagee,
Iloloo,
Odoobotay,
Alawotah,
Afolahlay,
Okodah,
Ochodoloo,
Mallekabay,
Alombay,
Molosasay,
Ganyobee,
Obahday,
Adesahloo,
Ojopallah,
Fahkaboo,
Allahbamee,
Ahbotefah,
Jenahloo,
Hyekoo,
Fahtomelah,
Fahgoloo,
Allamee,
Allachenoo,
Leajea,
Achomah,
Adjamee,
Yajoo,
Konbagee,
Olokasee,
Ahkedepay,
Lallah,
Jabokoo,
Chodenee,
Ahbeno,
Ahdasoo,
Ahbeahway,
Ahbodannah,
Amotahday,
Ogobahlay,
Alepay,
Ahjahdee,
Ahdagoh,
Dakoahjoe,
Agodayee,
Lamajai,
Kotoyee,
Somoloo,
Okoboloo,
Sahloo,
Hyelabay,
Olowahpay,
Okobaloo,
Alleko,
Onojobee,
Lallayea,
Olowahlay,
Olokotah,
Olochaney,
Sowahnee,
Mahgeah,
Mahgeah's Infant,
Seyah,
Seyah's Infant,
Balay's Infant,
Mahboleday,
Mahboleday's Infant,
Boseyee,
Boseyee's Infant,
Abojatah,
Abojatah's Infant,
Mannah's Infant,
Ahdabemetoh,
Ahdabemetoh's Infant,
Iyoboo,
Iyoboo's Infant,
Yahjoh,
Yahjoh's Infant,
Olah's Infant,
Akotahlah,
Akotahlah's Infant,
Adoo's Infant,
Lahnoh,
Lahnoh's Infant,
Hyelah's Infant ,
Ahchay,
Tenahday,
Alokamee,
Amolowah,
Sahnoe,
Fahbay,
Abopay,
Jahdakay,
Menokay,
Fahtokay,
Olesahkojoe,
Sabbanbee,
Manneyaquay,
Ajolah,
Opoyea,
Oyabaday,
Bejoway,
Emoloo,
Allahwo,
Ajoalah,
Bahtonkay,
Massoyah,
Efahsosay,
Malleyapay,
Abeajoe,
Chahkolahyee,
Affejokay,
Faddee,
Anokolepay,
Achaway,
Ojokay,
Okosah,
Alesahwamee,
Mahjowokoo,
Ahpahtoo,
Alochealah,
Alomoloo,
Aloamoo,
Loalahwoo,
Lahwoloo,
Sahbanbee,
Kojonoo,
Ofokomebee,
Iyebonekay,
Lesahkahlay,
Ajunee,
Amesahday,
Tahwoo,
Sahbahmekay,
Ahjai ,
Kosomekay,
Fattumah,
Ahdamah,
Allamakoo,
Abejahkah,
Afeyahday,
Hyelokolay,
Jahwokoo,
Alajai,
Afolobee,
Ahdasolay,
Kolajoe,
Ahmenakay,
Ogonekay,
Fahtonkay,
Nopaloo,
Iyeepolee,
Mannoloo,
Oquia,
Oloochahlah,
Mahjahyobe,
Abokanbay,
Akolahday,
Ajimbafoo,
Lahjojoe,
Ojoloo,
Olokahtah,
Attolay,
Acheloday,
Ayekay,
Lahyamee,
Attobah,
Ahwoamee,
Ahbakoo,
Lallahyee,
Ammoyea,
Atoo,
Allobah,
Nogoo,
Afosalah,
Attahsom,
Ampahsay,
Labayee,
Fattoloo,
Annomee,
Lahbahdo,
Ahjogoalah,
Ahbalah,
Osahpee,
Ahdapay,
Nefanneyea,
Byomee,
Okonekay,
Oloalah,
Agolahmee,
Ahkeboloo,
Fallolah,
Ewochokah,
Komahday,
Debochah,
Osahmonotah,
Agobakoo,
Olomeday,
Akeballah,
Ogolomekay,
Kobonelah,
Okobee,
Fahkalay,
Kojahneyah,
Chogahlee,
Dekansee,
Oloolah,
Lachagoo,
Ahjafoh,
Ogotolah,
Lotoo,
Domookoo,
Ayalah,
Fahtalo,
Ewosah,
Fallah,
Ahjahpay,
Nobelahyea,
Adoyea,
Ahdejowah,
Anassah,
Dabotay,
Kangolo,
Lallayee,
Agombee,
Fahmelotee,
Danday,
Yahpoh,
Olokamee,
Awaloo,
Ejavoo,
Sanno,
Lahjokay,
Lahwonee,
Afolee,
Aloaday,
Ajaboo,
Mahbannahjay,
Jahtoloo,
Dalolah,
Ahpotoo,
Fallombee,
Machay,
Abetan,
Nassoyamah,
Fahdolopah,
Lahwahbee,
Beahgo,
Fahbayo,
Lahyo,
Josammoo,
Ajomeno,
Mahbayea,
Owotoloko,
Abonahyakay,
Adayahlah,
Hyeloe,
Aneosonay,
Yatoo,
Mallekah,
Mintay,
Tongto,
Teekee,
Nessen,
Mosalah,
Makong,
Peleso,
Insokee,
Monjay,
Imbomkay,
Morannah,
Imbunjah,
Jimbah,
Ahodah,
Manboh,
Indolah,
Sompah,
Impoh,
Afanjay,
Imbotah,
Injung,
Bokotong,
Ingombombo,
Inguatay,
Myombo,
Allokah,
Ingammoh,
Maddekay,
Dorotoe,
Mosangee,
Ingahlay,
Alanjah,
Defeng,
Inmen,
Bamis,
Ingennay,
Immahkay,
Benn,
Incoe,
Yammay,
Imbalee,
Attotoo,
Kammah,
Apose,
Betongah,
Injangah,
Palesay,
Ingoyo,
Wandee,
Balanbah,
Mocay,
Sahbah,
Incallay,
Imbalay,
Injoloe,
Lokay,
Pango,
Jarmany,
Asahboe,
Junsoe,
Injasoe,
Pagoe,
Oyoe,
Myumboo,
Ingombah,
Bahtay,
Dobahlay,
Dosee,
Komahyea,
Menealay,
Tokoyea,
Injosoe,
Adopomah,
Asamoo,
Injoloo,
Besah,
Toloh,
Dakobay,
Mampay,
Ingoboh,
Yambay,
Mayom,
Mahbahtoe,
Indosee,
Abbay,
Acoyea,
Colobah,
Ahdeyoe,
Ocoloe,
Yahcobah,
Ahboyea,
Odofah,
Ahdomee,
Dosah,
Alekah,
Akeyamee,
Olofomee,
Ayahfemee,
Fasebah,
Lokotah,
Ahdoloo,
Ahdetah,
Agebosah,
Ogogee,
Coynoo,
Momonee,
Coyahmafoo,
Oloyah,
Olahloyea,
Odahlay,
Lahbesee,
Ogomokoe,
Mahboledoo,
Goyea,
Attagah,
Ahdaloloo,
Mahallao,
Ogularday,
Wahfomee,
Monokonah,
Odobamee,
Okosonday,
Akamedah,
Akamedah's Infant,
Odooloo,
Byamee,
Daeday,
Daeday's Infant,
Sonarrah,
Sonarrah's Infant,
Olahdaynea,
Olahdaynea's Infant,
Dahmajae,
Dahmajae's Infant,
Dowoo's Infant ,
Aboseqah,
Allono,
Byanee,
Dabahlahlo,
Allako,
Alubah,
Bepoh,
Copalahday,
Allenokay,
Annekayea,
Conebahbay,
Penoyoh,
Atajue,
Assobeyee,
Agamee,
Assahtoo,
Addacup,
Ahjamee,
Attowahlay,
Assedee,
Okojahjoe,
Sahkay,
OBearloo,
Ayearloo,
Ahloolahloo,
Odoosekay,
Ahbajoe,
Ahgolahjay,
Aloloo,
Ahdajoe,
Ahbosee,
Ambesay,
Dahwosee,
Atapoe,
Zebah,
Akeloloo,
Addoahlay,
Ahgebeyoh,
Pahdayah,
Lallamee,
Oloboe,
Achudoh,
Abdolie,
Asow,
Fallahnoe,
Satoday,
Wokacha,
Owosokah,
Ojogoo,
Wahbaggah,
Ogonnah,
Alakammah,
Boogalay,
Akamolah,
Banlakay,
Onovo,
Abattah,
Owoonoh,
Ocolentoh,
Ocoronko,
Inzubay,
Malanway,
Oguargoo,
Ayeawoochee,
Wanardoo,
Imbannah,
Inkangah,
Jebowonee,
Eneakay,
Wahchokoo,
Ofokandah,
Dalakay,
Womannah,
Osonto,
Oyonoe,
Enamochee,
Imbretem,
Enahbassah,
Mombarrah,
Delabee,
Ohagoe,
Okarey,
Okarafoo,
Meddy,
Okajay,
Okamah,
Elaboo,
Okallazoe,
Okaratah,
Abodago,
Basemekah,
Obahho,
Oyochay,
Onokoh,
Balaboo,
Okochoe,
Imbotoh,
Nesah,
Immazoe,
Immakemah,
Tellee,
Chimmey,
Innarguray,
Imbahsogo,
Karamoday,
Ahbomeguah,
OBassa,
Opong,
Pahveyoe,
Odowodo,
Okorro,
Abahkee,
Omolay,
Orango,
Ajom,
Indofoe,
Emolay,
Padeah,
Mesobee,
Egealla,
Erom,
Wonkoko,
Ballekah,
Abonoe,
Ekong,
Nahkolo,
Kowocham,
Mahwoe,
Chebondah,
Azah,
Azachukoe,
Ennang,
Iogo,
Imbahjogah,
Betahkah,
Mahworo,
Obohkorome,
Nobee,
Akojalonee,
Emoah,
Annachay,
Agalay,
Ocah,
Jakah,
Anumah,
Ezaranay,
Ogualoo,
Inguarnah,
Innarday,
Kobahkah,
Inguarmah,
Wahnochoe,
Ogebarko,
Arboomah,
Annekobah,
Wannofoe,
Achamoh,
Alawah,
Bachekah,
Imballoe,
Domochoe,
Imbarbah,
Bowochoe,
Annono,
Wannochee,
Aleagee,
Wannolee,
Azonarmo,
Onwah,
Omoah,
Aseah,
Kalanang,
Karowah,
Ahdeagah,
Anabay,
Akanjah,
Annalagee,
Abato,
Billebo,
Mondabah,
Lahgoo,
Okarako,
Eroh,
Inboko,
Omboko,
Ancoh,
Ajowolay,
Mokolay,
Maddoh,
Oconoe,
Ajamo,
Alajamo,
Molo,
Immahko,
Ammobo,
Ahmomo,
Ambosay,
Awoday,
Margremoney,
Alahdahno,
Mahpoe,
Longwah,
Annokem,
Lopowah,
Imbokoh,
Ocaree,
Margereekoo,
Adawochee,
Asekahwo,
Obondocheko,
Maddoo,
Kayobo,
Charpolay,
Wannem,
Doko,
Imbohwahlay,
Abahday,
Olemoh,
Jingolarko,
Galako,
Karko,
Imbaho,
Aleako,
Jachay,
Hequay,
Ayakah,
Akawodoo,
Tintah,
Ingotah,
Apajay,
Lentah,
Ahsee,
Maggee,
Azahmo,
Mahchee,
Ingallo,
Alahmogee,
Ashem,
Alachah,
Hyelay,
Amofelay,
Maggen,
Mahjiah,
Kakutah,
Asagee,
Oguannah,
Allotoh,
Oguannee,
Omammay,
Ahquamay,
Moopay,
Lahcolay,
Nekoo,
Warkonobee,
Malartobah,
Warkooday,
Abelah,
Wonjay,
Azeramee,
Onogoo,
Lahjay,
Acheboe,
Demochay,
Anamonee,
Amocoray,
Affoe,
Alasallagee,
Ayamchay,
Abbo,
Ebarkoo,
Numaday,
Asaforgee,
Ahgalay,
Allahsalakay,
Annabee,
Inchee,
Arbagoo,
Ahjasee,
Samonoo,
Alloboo,
Kotamlay,
Alakolamee,
Indarchay,
Nemee,
Abahjay,
Atteyam,
Apahlo,
Daryarmah,
Bahfoday,
Kankoh,
Garseeantong,
Banjoe,
Babesee,
Addem,
Desarloo,
Esallah,
Ahagonah,
Margetah,
Armadah,
Ahmoyea,
Molabay,
Moalay,
Arwah,
Arbee,
Adomekagee,
Warjah,
Arjumah,
Anomodoo,
Anachee,
Echomee,
Anatee,
Nayanah,
Argee,
Argadah,
Marpay,
Imbogay,
Weagay,
Amalasepang,
Egenarkarno,
Ekam,
Baseah,
Ajarmah,
Akarbar,
Wanyaboe,
Obalanefah,
Annattah,
Mogalay,
Chemonay,
Akosay,
Arbyee,
Anaday,
Bebombo,
Ahpay,
Ahbonah,
Amajoe,
Argoomelah,
Onekeyah,
Asuay,
Mem,
Ejakah,
Arday,
Insoloo,
Ajamonah,
Dangallah,
Imbarbay,
Obobay,
Iallee,
Arbartoh,
Abarway,
Donko,
Arman,
Enarmah,
Asogee,
Arbelah,
Aboyee,
Aboloe,
Itetee,
Ardassee,
Armobee,
Alekay,
Appabay,
Edarkay,
Bangassee,
Barseban,
Arwigee,
Agelay,
Arjomoh,
Amogee,
Balcolay,
Emarwah,
Watercalay,
Wakerchenanay,
Barsequay,
Arkomoah,
Alomarlewah,
Etarkay,
Agoodarlah,
Arkodasay,
Karmojoe,
Kokannay,
Annojay,
Akowannay,
Efarnopolo,
Cedah,
Agalandarchee,
Adechay,
Onefah,
Ekagernah,
Ekomardah,
Oladah,
Obolay,
Olardah,
Wanemah,
Anebachay,
Coolarday,
Ardeyon,
Ahwarwee,
Arjowah,
Arkeboloo,
Olobargay,
Logallah,
Ekonallah,
Ahbedogo,
Babedogo,
Chomelokoe,
Ahjejolah,
Anekayea,
Onowooday,
Debarpor,
Cobeyar,
Waterjaloo,
Iyepay,
Olarparmeh,
Larparjar,
Olobarjoe,
Edaney,
Farcutta,
Allarday,
Ogoosoloo,
Ogoolah,
Ayarbaryah,
Ocomolay,
Ocomopiye,
Arjeloo,
Lolay,
Arkambee,
Akoanoe,
Ochokarday,
Olabee,
Okobarkoday,
Ardabonoe,
Akodah,
Assahnoo,
Kolanee,
Aikajoe,
Agacholah,
Ogombee,
Ofoloo,
Osogalay,
Dekayea,
Hanmodoo,
Akebolay,
Ajamoo,
Iuddoo,
Arwetah,
Odadegee,
Ojomolay,
Arkeboh,
Arkelotoh,
Lubarmee,
Ogolarlah,
Omonee,
Barrebah,
Yarroh,
Yarroh Infant ,
Amballay,
Amballay Infant ,
Marwoyea,
Marwoyea's Infant,
Olokoe Infant,
Manolah,
Manolah Infant,
Yarbenee,
Yarbenee Infant,
Okeloo,
Ogedebah Infant,
Solobee,
Kobaloo,
Kobaloo Infant,
Jakojo,
Akodarlarsee,
Wonearday,
Ahzatoe,
Larbeyar,
Alloway,
Onarmee,
Ahdayoe,
Arkakay,
Tenaobo,
Arjellee,
Insobah,
Arfolalar,
Mollakay,
Dubaobah,
Mallamejay,
Abokoh,
Iyanoo,
Marjai,
Bonah,
Enowah,
Aleannay,
Markolowah,
Mallarkay,
Eyomeloh,
Ogobanee,
Lojoe,
Nejarmepay,
Lefooarbah,
Ahlarsalah,
Malloye,
Armallarday,
Hyemahday,
Olahbee,
Mallanpanoo,
Okodaryah,
Kallaryea,
Anekallay,
Arpattee,
Lojallah,
Arbeolah,
Larkoo,
Taiwoo,
Ardayfolekay,
Damonesay,
Ogobamekay,
Yaboday,
Omardalay,
Effoo,
Otoe,
Armokah,
Armahlolah,
Lamelakoo,
Mardalay,
Menneyabo,
Assarkoo,
Artoobah,
Arsongallay,
Argekay,
Afoyay,
Odolarmee,
Omodoko,
Anearday,
Fallahkay,
Odepoh,
Eloyea,
Arjamee,
Osomarlakay,
Ardayobee,
Eyarbolah,
Amelarloo,
Dearwoo,
Ogolaloo,
Omosadoo,
Ozotaloo,
Esarwekay,
Ogoboh,
Palogo,
Memolarkay,
Allokay,
Maddolah,
Akabee,
Mallanbay,
Iagomolo,
Ardamokalay,
Cofomelay,
Olarboyah,
Ardajay,
Fardayee,
Omomonee,
Ogodaloo,
Opanoo,
Layannoo,
Ardayowoo,
Bardoo,
Sanganee,
Ardajo,
Keday,
Otopolah,
Allahwobee,
Choyomo,
Attapayo,
Tosonday,
Ololarlo,
Akodarlo,
Ayefarme,
Chotomwah,
Obosoyea,
Efardakay,
Ojulay,
Opotemoh,
Choloway,
Chargobayea,
Alepatoo,
Allepolupa,
Arbosadee,
Annejoe,
Awootegee,
Ardobee,
Ardaboabee,
Allepalee,
Agbaloo,
Ogoyamee,
Ajuaday,
Arsomardo,
Kalallo,
Monesom,
Sarmolanay,
Arfolay,
Bemeallago,
Abeney,
Oworesah,
Bancho,
Ardaloh,
Odonekah,
Atapolah,
Aleloh,
Bebah,
Annolenoe,
Ajallay,
Lubambee,
Ojowonee,
Mattobee,
Arwokay,
Olomahlah,
Olyokoo,
Quemesee,
Mollony,
Lochahcholah,
Larkonoo,
Awodalah,
Abegee,
Gargee,
Archokoo,
Onohnah,
Argobasee,
Injoko,
Acpanocho,
Chopan,
Olochay,
Omarau,
Woroh,
Neakay,
Karsebolo,
Merame,
Maddapay,
Maddozebelay,
Mannahko,
Worohesair,
Oworarhan,
Tammoko,
Imbahfo,
Wokoko,
Onamochah,
Ashabo,
Akolachoe,
Ekaboo,
Maddemonoo,
Amboroo,
Okallokoo,
Chetalay,
Addeahgah,
Arbargee,
Cheeanahhah,
Navokah,
Ahekah,
Eyobay,
Olearkah,
Archarmah,
Molakay,
Imbargee,
Arkandom,
Arkeresadoo,
Wanakah,
Onasue,
Arkogo,
Imbyea,
Arkomfay,
Ocorochoe,
Esahyea,
Andakay,
Fargo,
Warbarjah,
Abeneham,
Attahsay,
Omolomehem,
Argarbah,
Nahbehay,
Archokoe,
Ochanway,
Kallopoe,
Wokarokah,
Imbasay,
Aleahah,
Arboh,
Aloko,
Oquarjah,
Esarmah,
Karnah,
Abarjah,
Odeah,
Ordokoo,
Ogelarkah,
Odoko,
Amarguar,
Obowoe,
Ologah,
Imbarfoo,
Mandanie,
Argetamo,
Emahloe,
Ardawah,
Wamoe,
Warmakay,
Wannomah,
Alardah,
Wankoo,
Kossoe,
Molloo,
Komballee,
Mokoo,
OBosoe,
Ojobo,
Akeamee,
Popallay,
Jahtoe,
Iyeday,
Osargah,
Arwolay,
Osolomah,
Bobolarloo,
Golobar,
Artahpallah,
Tellah,
Wallee,
Affokoo,
Akoaday,
Boloo,
Okoyea,
Arbeatom,
Ochotah,
Garzalay,
Olarkoja,
Arkonoe,
Godalay,
Marboko,
Arkenokoe,
Mochoe,
Akechowoo,
Iebo,
Iebo Infant,
Palejoe,
Palejoe Infant,
Chekatay's Infant,
Annekay Infant,
Fasekay,
Olosogo,
Solay,
Solay Infant ,
Asabay,
Argassee,
Awanee,
Tammono,
Marfakay,
Motassay,
Goloo,
Fargoloo,
Godolah,
Osallo,
Arbod,
Iyebolah,
Larboday,
Ialarnay,
Osolotee,
Marjabay,
Markono,
Attarpallah,
Assallah,
Tarwoo,
Kekee,
Iallah,
Armekay,
Aboloyea,
Artakay,
Allarhamee,
Yarjay,
Iyarwoo,
Osojoloo,
Achopoe,
Lobarday,
Iyefoe,
Afogoo,
Lannoyea,
Ojokolay,
Ardojah,
Nolah,
Arcoboyea,
Abosah,
Akebarday,
Omododo,
Addempoh,
Moburbom,
Marbelay,
Oyoyah,
Olobabee,
Arballamee,
Abovee,
Boquai,
Arsebee,
Sarno,
Bedoh,
Akeyomeno,
Mopye,
Olokotoo,
Oloquar,
Chonekar,
Ahzanee,
Oguemekar,
Ojosay,
Wahchomee,
Alballekah,
Abonee,
Olonday,
Fahdoyea,
Arkenoo,
Odojay,
Asahgar,
Olomenee,
Olobomels,
Arbearlor,
Okolarday,
Arbye,
Osogelea,
Ogotarpay,
Olomoloh,
Ochandapay,
Iiye,
Ardedejoo,
Ardadonoo,
Tamparjay,
Odayea,
Anninkoo,
Ayowoo,
Allarjee,
Arkoyah,
Oleye,
Okolah,
Dobay Infant,
Kopallarmee,
Kopallarmee Infant,
Okokay,
Ardebolekay,
Ogolombee,
Argebelepay,
Lahdepoh,
Laryomekup,
Yeaday,
Arkonoo,
Arkokay,
Arkelay,
Farkoyea,
Alleway,
Azeamee,
Lardeday,
Adoapoo,
Marboday,
Tallarbee,
Ambojah,
Armopay,
Dowolah,
Kefogee,
Amodelatobay,
Arkodo,
Omololoo,
Allonkay,
Mallayea,
Anoah,
Infant of Larmee,
Okeebelay,
Fahdoloo,
Amearyea,
Okojobbee,
Ochardemy,
Malfallarbay,
Tammomo,
Fallarday,
Arkeseyah,
Sonoyea,
Okinkardy,
Okombyea,
Ogoarbee,
Adayaloo,
Ogodobee,
Dayombo,
Iyatim,
Tarwaday,
Karkalay,
Arbay,
Larpomoo,
Koyomeno,
Farjobbee,
Owolah,
Olabay,
Afamosotee,
Sokoloo,
Oloyarmee,
Bonaboo,
Sarbomee,
Dakowalar,
Yomolor,
Osonkally,
Olokagee,
Arsomfonkay,
Armokay,
Arsegay,
Allearday,
Abepoh,
George Seigh,
Bankoo,
Camirangong,
Saloof,
Katee,
Yalemoodoo,
Yagua,
Fadua,
Koyay,
Morefoday,
Mammodoo,
Colee,
Nahmoodoo,
Saleah,
Fahsallee,
Iettah,
Kawoolay,
Seerey,
Bydaree,
Sayoo,
Konnee,
karrahfallah,
Lansenay,
Mambee,
Seeray,
Ansemannah,
Lapay,
Setarrah,
Debah,
Gracia,
Fatumah,
Fatoomatah,
Iomboh,
Marree,
Bintee,
Kondoh,
Shoh,
Sanday,
Karbaloh,
Laye,
Barronko,
Damooh,
Doobah,
Lattah,
Jemah,
Tom Caulker,
Battay,
Yonee,
Tenah,
Doworro,
Yaccandoo,
Peah,
Beeah,
Iarrah,
Fonee,
Van,
Bowah,
Dammah,
Sanbay,
Doorey,
WOnee,
Bangay,
Too,
Wyaa,
Harray,
Kammo,
Doray,
Kattoo,
Forray,
Doquah,
Sarey,
Fourree,
Tinqua,
Daworay,
Dambay,
Nyaquay,
Poquah,
Yanquah,
Wyah,
Dorah,
Karay,
Booboo,
Kotoo,
Vammah,
Fang,
Banqua,
Oyuwa,
Doambah,
Watamoloo,
Kafoo,
Manya,
Boh,
Bomgoomah,
Yassee,
Wattah,
Valerie,
Sabay,
Kaye,
Bantee,
Duah,
Kondah,
Nyoh,
Kabankalee,
Saccah,
Bootoh,
Sooveah,
Karray,
Toomah,
Ofah,
Banquah,
Iem,
Panquah,
Bumbo,
Wyabay,
Jowah,
Sabah,
Acowah,
Kolee,
Anno,
Tovey,
Gaboh,
Tahbanah,
Bongooma,
Shaw,
Mammol,
Ovanee,
Dambee,
Damoh,
Yanganah,
Kankorah,
Mahtintee,
Kaffy,
Satteah,
Dannay,
Quiaa,
Feemah,
Mangooroo,
Roopah,
Machah,
Danee,
Djuroo,
Bandeah,
Foorey,
Mafee,
Iinnah,
Hennay,
Mahennay,
Mantaffee,
Taffee,
Garroo,
Keffee,
Nyawa,
Lafatah,
Dandah,
Barkoo,
Neyellowoo,
Karltowoo,
Tavee,
Tarvey,
Binga,
Charroo,
Nyakeeye,
Sarroo,
Dobong,
Doboo,
Gambo,
Doree,
Bonee,
Bissah,
Ovua,
Bobee,
Coppay,
Korekay,
Bonkah,
Gamay,
Konakah,
Fourrebah,
Grabbah,
Moussah,
Boolayah,
Gawah,
Jachoh,
Doodow,
Kandarwa,
Sooroo,
Jarwah,
Sessay,
Sammo,
Bandahwah,
Fonah,
Kendee,
Baye,
Kogee,
Tombolo,
Botoh,
Bayee,
Batoo,
Tobacco,
Guia,
Taffoo,
Tasseah,
Fandoo,
Dassoo,
Nyanee,
Barkee,
Bondah,
Lanchawah,
Farree,
Garawah,
Komee,
Bangbah,
Nacoi,
Jaffoh,
Kobanday,
Cosay,
Bantone,
Bawoh,
Soolomah,
Bondoo,
Simboh,
Booy,
Kangaforay,
Balankay,
Mahen,
Koonah,
Keffy,
Mahonny,
Jammee,
Mandaah,
Ioh,
Yambray,
Nyaque,
Pamanja,
Woomah,
Mandoray,
Bahmah,
Wotah,
Koombah,
Chaugh,
Margeree,
Yardayah,
Mayee,
Chomah,
Changbah,
Rose,
Toombah,
Marbay,
Margaree,
Choomah,
Teywah,
Boye,
Marjah,
Myconnee,
Konyah,
Mafah,
Mann,
Kingah,
Konah,
Mygoolah,
Awoodoo,
Andammah,
Seidee,
Arwodoo,
Arsaogoo,
Marsoyee,
Allangarbah,
Allargarsekah,
Okachekalay,
Ogomatah,
Temarjoe,
Chahcharco,
Darjomah,
Margenay,
Jattoe,
Bebbay,
Margesemarks,
Arbarjay,
Kavay,
Arparko,
Kayomah,
Arwarlee,
Tariah,
Onarbah,
Bojingah,
Azekah,
Ajetoe,
Eyandah,
Aryogoe,
Tedoh,
Injombay,
Amarsekee,
Ingoquay,
Aryokoo,
Edokay,
Arpannah,
Arbekobeday,
Awentah,
Ammay,
Imbuoy,
Argolay,
Nokoh,
Annehah,
Attammoh,
Ozoyea,
Azumah,
Anayea,
Mallowoo,
Arzarmardeno,
Bobarmo,
Barjenah,
Bangelay,
Wattekee,
Azoonoo,
Cheyonarkah,
Menah,
Mojoh,
Onogotah,
Bahchozah,
Argetarlekee,
Mobay,
Tennosah,
Arjeah,
Sonojoe,
Obodo,
Arnanwah,
Karmeyoh,
Aryoh,
Yarmoh,
Wonachay,
Arleah,
Apaboo,
Aguarmee,
Soquayallee,
Oyonkah,
Akokay,
Abomenokay,
Ayanchee,
Amochee,
Attammah,
Daffoo,
Arwolonoo,
Foodoo,
Bechee,
Attarbay,
Ardonomoh,
Ocolee,
Incalay,
Ogellekay,
Ogoloo,
Ogebay,
Fooparwah,
Allarkye,
Garmarlay,
Ayemonay,
Allogoh,
Awoolamah,
Arzarmah,
Arpay,
Ninnee,
Innalay,
Abbom,
Armardo,
Ajayebo,
Ebannoh,
Ogodoh,
Anegay,
Ezoh,
Anfoh,
Arcowoyee,
Mallakoh,
Dequarnay,
Arwoo,
Monneyea,
Artalay,
Ammarpah,
Ofarkah,
Archoh,
Imbaffah,
Wytee,
Arcodabee,
Konem,
Allarmarchee,
Annee,
Arbarzonee,
Ejoh,
Naryea,
Bocowah,
Bellee,
Kennell,
Allarkoway,
Lotee,
Lomarlar,
Odoobay,
Soonah,
Paiwah,
Amoloo,
Ardashewah,
Odoyea,
Ochodeloh,
Chomarlay,
Chomonee,
Olotee,
Ardaboo,
Ardalee,
Sechowoo,
Sonchogoo,
Dakasee,
Chasah,
Jarkardoo,
Larsolah,
Chouloo,
Echoloo,
Fastetah,
Ojarbay,
Chodepoh,
Choadoo,
Mallardoo,
Obyankah,
Armodah,
Allotah,
Parsedah,
Benayokoo,
Odobaloo,
Arbealah,
Larmebay,
Arnedoo,
Losahyah,
Arkebay,
Osebotoo,
Arpartee,
Memenoo,
Oballarbee,
Nallonee,
Olegah,
Lomololoo,
Arkoe,
Yafolowah,
Kokolarday,
Ejomee,
Arnejotee,
Fojarbee,
Armodoo,
Gangah,
Armokoloo,
Delarkoo,
Bokoyea,
Iaggoo,
Okodase,
Mateyoh,
Ardajenay,
Ojobee,
Marjekoo,
Bamkolay,
Argobee,
Damolasah,
Accam,
Accam Infant,
Olarmotah,
Afotarbay,
Ebakoo,
Barmaloo,
Armodalay,
Yamokay,
Marjolobay,
Bajowoo,
Loopojoo,
Arbembaloo,
Lartoobasoo,
Ardanoo,
Afuarday,
Lomookay,
Ardabeyee,
Kandaloo,
Alammeloo,
Olubammee,
Armarlah,
Pyekay,
Kojolepay,
Arsahkoh,
Esarbay,
Lobamechoh,
Mosolarday,
Arwojeway,
Moleakay,
Fejobee,
Fallarkay,
Ayahjoo,
Larpojoe,
Arpallayea,
Modeyarbee,
Odotaryah,
Izatoo,
Ardesatoo,
Ambolay,
Yessee,
Kennardoo,
Dalomoo,
Dasaloo,
Ardawonkay,
Hayekah,
Beneyokoo,
Ajahquay,
Dasomelah,
Arzomah,
Acconnee,
Marmargeday,
Alecharloloo,
Ogodemoo,
Armosoo,
Tometee,
Olesahgee,
Oyoballah,
Chadang,
Chodakay,
Okolemodoo,
Kopadakoo,
Lokansee,
Luparday,
Mochetah,
Ardabay,
Margearbay,
Lopaday,
Ogolono,
Marjoko,
Mattallah,
Okoskay,
Andogoo,
Akalloo,
Ardasogo,
Moneyarkoo,
Lebarlee,
Charkoo,
Sotoyay,
Obeloto,
Wakanloo,
Sangotolah,
Ayakoo,
Bedo,
Larkobee,
Okaladee,
Ogoyarday,
Oteneway,
Arsonekay,
Marjearbay,
Ogoarlah,
Martarway,
Eyeajo,
Olobee,
Allarbah,
Martobee,
Chemorowee,
Arsowewah,
Arkeomee,
Ardakah,
Akelolo,
Ogosaryah,
Mallokoo,
Lallay,
Karjolar,
Chomoloo,
Farzekoo,
Agetee,
Ogodahsee,
Alarday,
Cowajuay,
Sharnoo,
Donah,
Armardoo,
Ardedepoh,
Arkenang,
Oboonah,
Ejardobee,
Ardoyee,
Arjoloar,
Shobah,
Chomee,
Logodoo,
Onejah,
Olarday,
Olosay,
Arseday,
Ardebarkay,
Ardelayah,
Arlayee,
Yachee,
Aryarkolay,
Yafarloo,
Owardenah,
Loree,
Ololarmee,
Olarbee,
Lomarlah,
Kolarboko,
Arkardoo,
Arketoloo,
Oleardoo,
Arkowoo,
Arjelo,
Polloo,
Ogoloo Infant,
Mattobee Infant,
Arbee Infant,
Lamno,
Lamno Infant,
Ekoballome,
Ekoballome Infant,
Ianokay,
Ianokay Infant,
Amarpay,
Amarpay Infant,
Ahjai Infant,
Arfedepoh,
Obojah,
Farkolee,
Arnahyajumah,
Armellay,
Arsomballah,
Arzatoo,
Bayokoo,
Lallomesee,
Artobee,
Ardabomee,
Largokoo,
Damarkoyo,
Ardesah,
Aodoo,
Arlolah,
Mattarway,
Armokomee,
Aryanee,
Ardealah,
Enarjah,
Ololee,
Ebannahjay,
Alesah,
Armolowee,
Ogosomelee,
Allarkay,
Malebarkay,
Ardanekay,
Arbakoo,
Ardesarlah,
Dallakoo,
Lahwoo,
Lomaloo,
Larmarkosay,
Dasobayee,
Larbobee,
Ogutaloo,
Arbannebay,
Afofoo,
Amandah,
Dadddee,
Iabboh,
Dallahboo,
Olomeyoh,
Cocoyea,
Kolomoko,
Barjay,
Ocojobee,
Aleweebay,
Barjawah,
Dabarkay,
Arsoo,
Achasoo,
Falloloo,
Soamee,
Ogokeyea,
Dajahyea,
Okobarloo,
Oyawoomay,
Yardalay,
Ardepay,
Shogaeboe,
Esonyah,
Ebebarmee,
Arkebanday,
Labaday,
Lafoo,
Argetaloo,
Afetoday,
Fartomee,
Bamboyea,
Arshonekay,
Arbearnah,
Arbartokee,
Arseyonee,
Arfesolah,
Aryamee,
Ayawah,
Aryarfonkay,
Bamjoko,
Lakonoo,
Molarno,
Argenee,
Lofopay,
Ardawonee,
Lahmoto,
Arbadoo,
Palojoe,
Yapoday,
Kesoloh,
Sokanoo,
Arkesoday,
Massarkoo,
Marbobejay,
Arjarpay,
Tassosoo,
Beakom,
Chokaloo,
Kodarsee,
Chardarlee,
Arboyomee,
Alakong,
Tassoo,
Opalarday,
Alolayea,
Ardelardoo,
Ardekombee,
Markojoalah,
Ayarlomee,
Awoonarwo,
Armojoe,
Akolarday,
Arzatoe,
Ardebakoo,
Afolatoo,
Solappay,
Molankolay,
Abopajue,
Yarday,
Ayameday,
Yarnee,
Daryornee,
Latamee,
Abarlah,
Hyelawah,
Afojoh,
Aryakay,
Alarkay,
Abodagee,
Abolokay,
Alarbesee,
Oloparday,
Dajabee,
Tenarday,
Ardachee,
Afoto,
Apololoo,
Sarpajoe,
Afololoo,
Odolaryea,
Arkomeshay,
Auvah,
Obojarkay,
Oseyomee,
Adom,
Iyekay,
Afoyarkah,
Mardaye,
Larpoh,
Ardasoloo,
Sokoo,
Arseabee,
Mallarlar,
Chakele,
Esoofoo,
Fahtosee,
Ardakonlay,
Omolojoe,
Allayah,
Sobintah,
Ardabolah,
Ardakonwah,
Gobarnoo,
Chodobee,
Ogotayobo,
Somarday,
Arkeloyee,
Osartoloo,
Esardo,
Arbenotoo,
Oyarnekay,
Alarbah,
Ajasay,
Abarfankay,
Marjarbay,
Banoolah,
Renneyoh,
Arwonee,
Olobarmee,
Farsolah,
Argebakong,
Arbebonyea,
Ardom,
Komajuro,
Olochoe,
Sessa,
Komesah,
Osai,
Quassee,
Otoo,
Kokra,
Quassie,
Johnsah,
Ayow,
Mamblay,
Ayokooi,
Afoussah,
Karawah,
Abearsah,
Acbackboh,
Koomaidoh,
Taquah,
Ankobah,
Bequai,
Bequai Infant,
Koomardoh's Infant,
Acbackbah's Infant,
Ochegay,
Quoh,
Lochrom,
Accoo,
Amofoh,
Agbega,
Bahia,
Bonque,
Farrah,
Barhim,
Menemarwo,
Banyah,
Laroay,
Dang,
Quai,
Guai,
Gayah,
Popowaye,
Lowah,
Marworo,
Zowah,
Iennojoe,
Crow,
Sojah,
Barseah,
Quaigah,
Dachag,
Dong,
Poyay,
Pomwang,
Mojarbah,
Motah,
Menay,
Biye,
Senway,
Meyanah,
Tomay,
Payvenoh,
Paye,
Sarwoah,
Gaye,
Motowah,
Bomway,
Yeay,
Yaroy,
Sarwah,
Kiye,
Boyay,
Korachay,
Benyah,
Gaifrey,
Iowah,
Iuah,
Menee,
Yacor,
Daye,
Gang,
Geyah,
Kangboo,
Saigoo,
Dowah,
Saiah,
Demmara,
Tom Peter,
Ieray,
Ieray Infant,
Gambah,
Gambah Infant,
Marjeay,
Yebonday,
Yebonday Infant ,
Yarpoh,
Yarpoh Infant ,
Sanay,
Sanay Infant ,
Gangoo,
Dofoh,
Dofoh Infant,
Gebonah,
Gebonah Infant,
Nammoh,
Baryea,
Nemnoo,
Iutah,
Mocah,
Nayeray,
Zabay,
Nonway,
Mojatah,
Baywo,
Blue,
Newoh,
Paway,
Gemmah,
Pando,
Iennah,
Indebai,
Narmarday,
Kandeyah,
Kampay,
Joble,
Robah,
Zoko,
Bomo,
Okang,
Kang,
Tebbay,
Zolay,
Poloh,
Bowee,
Doyo,
Towo,
Joway,
Jaway,
Zonnay,
Blamvah,
Gakoo,
Dapay,
Papah,
Guiah,
Gai,
Paisay,
Faiapoo,
Bayquah,
Kai,
Geiah,
Floah,
Poonah,
Gaiah,
Kaway,
Cowah,
Chay,
Pobah,
Ianbay,
Marjeah,
Agebokay,
Memoh,
Okarafoe,
Ajemarfoe,
Okorowah,
Opoiye,
Onochom,
Arnomorlee,
Parway,
Moonoh,
Menakay,
Ebeaquah,
Goroloh,
Alake,
Etam,
Argomoh,
Onovoo,
Arkam,
Appahbay,
Esim,
Onemodee,
Wannoo,
Ajumokoh,
Imbelakay,
Arkoray,
Inkalenah,
Intoroo,
Arsonay,
Manee,
Owom,
Okoroh,
Indokoo,
Arzobenah,
Iyokoh,
Bannogoroo,
Omissee,
Edonnoh,
Arlakoo,
Azokah,
Danzozo,
Anobesee,
Okorokah,
Arbannobee,
Injomeyarboh,
Okaboo,
Arzaroo,
Arnee,
Artoo,
Baffoo,
Wogan,
Arjojue,
Zomah,
Tochay,
Komkaray,
Imbarloh,
Ardeah,
Kanowah,
Inkallay,
Ogannarlo,
Wardah,
Ojarkoh,
Imbarkoh,
Oyabochee,
Onogolarlay,
Arboquah,
Edgoo,
Tanoo,
Ardee,
Arwonaryee,
Galarsee,
Ingemee,
Jemogoo,
Towaho,
Baryis,
Markoh,
Baranargo,
Arbokoh,
Ayarnoo,
Arkobeloh,
Onesosoo,
Onochoh,
Manwah,
Ogojay,
Marwolay,
Inbaffoe,
Imbojay,
Argah,
Ortalie,
Farbaday,
Ahdito,
Orechacino,
Obitarbo,
Obitarday,
Omolomoo,
Oorlay 1st,
Allagekay,
Oorlay 2nd,
Sobor,
Debarkay,
Chasulo,
Dalamoo,
Ujobosse,
Madoloo,
Oking,
Akebola,
Lucombee,
Osakanee,
Amoree,
Akelotoo,
Muddy,
Lafiere,
Akenow,
Cooperlayea,
Bayeuco,
Galmon,
Adelemo,
Akabalay,
Eoda,
Lubojo,
Jaketa,
Akobojo,
Okordaso,
Okonow,
Bocow,
Degano,
Rochu,
Cossu,
Abrettay,
Gassu,
Noowa,
Alosoee,
Olobarday,
Sacow,
Bannow,
Boquor,
Osora,
Latta,
Oparku,
Serratay,
Attatadday,
Lokarloo,
Danoolay,
Parliko,
Chormee,
Deborday,
Ordebee,
Aiyebbee,
Odototu,
Mayuaday,
Coloso,
Sonocho,
Ojucomee,
Chocoloo,
Tonoda,
Odubandee,
Olokarday,
Markonoday,
Akola,
Ochor,
Odomarkoo,
Arkebamee,
Wally,
Ajatarday,
Ogolar,
Okobolee,
Oquarquo,
Okoee,
Okilu,
Lanery,
Talabee,
Sudoloo,
Somloco,
Olubor,
Odunobor,
Aketomday,
Okuboyea,
Akeorday,
Adesalar,
Aboukay,
Olugogee,
Bancolay,
Oldemon,
Lamonee,
Oyeakoo,
Adesolu,
Odolosoo,
Cako,
Aloba,
Syenow,
Acolar,
Adedow,
Looparday,
Sugoyea,
Flynow,
Akebolu,
Adelado,
Agojabba,
Onguabah,
Sesoo,
Wasoo,
Adebaloo,
Jefafa,
Ousoo,
Jonee,
Bosu,
Sobar,
Amosoo,
Oyee,
Masoo,
Nooko,
Boker,
Perjer,
Bulmola,
Osupar,
Akusoo,
Adoansee,
Matomee,
Fatowor,
Farguay,
Desamokoo,
Odosenoo,
Olobiso,
Nosuloo,
Olomtay,
Abiomee,
Sobajor,
Mattiao,
Arkeama,
Cheluada,
Ubarquo,
Latooda,
Ahjasai,
Mattoloo,
Odesea,
Akela,
Abouka,
Agetoo,
Sarra,
Adekolay,
Denogai,
Ageboloo,
Sofuluway,
Lumulu,
Olosa,
Olmiloo,
Thadasoo,
Olbee,
Ilagoo,
Atonayea,
Adeato,
Jack Primrose,
Eroway,
Waguss,
Mosepay,
Wedamay,
Mussepay,
Seratay,
Ouvebe,
Basseday,
Aconu,
Yenamir,
Oumay,
Akoloh Bab,
Ahgaremja,
Sourquar,
Onegitty,
Bolesa,
Tyoo,
Ardabelly,
Lebilodu,
Archodukay,
Orokoray,
Adepupa,
Luamon,
Lartoee,
Ousee,
Afolabee,
Luforah,
Hyesame,
Lembaccoo,
Oleoco,
Aketah,
Marbosajay,
Marloko,
Layuanoo,
Mahomay,
Akulonkay,
Obatolar,
Akolar,
Konubiba,
Adalee,
Atamoche,
Fonieija,
Douglasha,
Solooton,
Ogoodojoy,
Lucadanow,
Boyakai,
Afenow,
Adegenow,
Saboboo,
Aknolu,
Sendenday,
Olojoy,
Somkar,
Adenoye,
Fondoro,
Loaberday,
Ackemee,
Acondar,
Kealoo,
Acomona,
Cosako,
Abiomo,
Asobar,
Ayarro,
Oyeaboo,
Adocho,
Otombay,
Eapee,
Akolon,
Odulunero,
Ahkeiday,
Babba,
Olugoge,
Fahdino,
Lapamee,
Sonuyea,
Ayai,
Akeboroo,
Ogosaloo,
Mobar,
Onawo,
Odechenow,
Karddi,
Aleochow,
Barroo,
Ondoro,
Lardemee,
Abosoo,
Jengroo,
Oneya,
Oparbo,
Onkalar,
Olopartabay,
Ahkelade,
Ahkesoo,
Toborloo,
Foulaton,
Alujosee,
Akaeloo,
Orchor,
Ahjaioa,
Ocosoo,
Solaton,
Awoolor,
Oluwataba,
Arkebam,
Arkodir,
Morfolon,
Akarday,
Ooya,
Akimeleo,
Dodada,
Oujaba,
Mueno,
Odono,
Lufarjo,
Oedaja,
Olutorla,
Ahlegile,
Egbala,
Ahjasha,
Adecojo,
Sodalon,
Ahjawa,
Barcolay,
Abobee,
Ogondafo,
Koomdy,
Tobroo,
Danda,
Wooso,
Kinniko,
Chalaloo,
Asolamee,
Morbunqua,
Arkoleday,
Alasame,
Akitome,
Adoobee,
Kooyea,
Akeboladay,
Ojar,
Koobok,
Olooboloo,
Adesumo,
Sodepo,
Jye,
Olugo,
Adelojo,
Chippaloo,
Arcolay,
Arkedallah,
Choce,
Oteola,
Okelolu,
Agunkay,
Abotarday,
Okoopamay,
Chobosee,
Bolerkay  Kubakee,
Dagaloo,
Lubompay,
Abimro,
Ochoamee,
Abossadae,
Ahfaiday,
Adabo,
Arbotahta,
Bojor,
Metoa,
Lafawor,
Molleapay,
Omoila,
Bonechardo,
Miabee,
Aekola,
Latotar,
Jebolo,
Foramee,
Tyo,
Joinee,
Okolomba,
Motokar,
Kaligiema,
Dabody,
Odunum,
Lapomee,
Odepa,
Myeno,
Molleayay,
Bayennay,
Jenchacha,
Jeono,
Fiome,
Marbolo,
Molarkay,
Olooparday,
Oarton,
Oloquaday,
Afrenaday,
Anakai,
Kagomajai,
Aluako,
Afoosore,
Ahjortee,
Odooda,
Mutajo,
Fankballah,
Fallulah,
Charcololay,
Sacobalay,
Bisoko,
Darbonay,
Wodame,
Ayonya,
Dasamki,
Afomdee,
Dobarkay,
Banjalla,
Lellodia,
Lahkai,
Amololoo,
Alabar,
Kiyoloo,
Affatopay,
Ajamokoosa,
Amonage,
Adoonia,
Doburkay,
Ahtani,
Jesse,
Losee,
Ajojue,
Aliloo,
Mahsamee,
Abijo,
Agami,
Afoomee,
Ajooko,
Obotaga,
Yeoko,
Barnogaay,
Idabo,
Lallaka,
Kosakin,
Famofoo,
Potamee,
Mabajo,
Desomaka,
Ayotola,
Araka,
Olodassee,
Dongonnah,
Molobarkay,
Ajoola,
Aboborka  Tegbolay,
Odoboome,
Amolayeu,
Alerpolar,
Molooki,
Bocolay,
Ahjai  Attenee,
Adaw,
Molookoo,
Ahpinge,
Biyah,
Gahpoh,
Fanguannah,
Meah,
Bawah,
Feiamah,
Obouyah,
Bahee,
Etobahdeiah,
Nahgrobiah,
Nighyamba,
Maihlee,
Nahquarry,
Nahpopoh,
Nahgowah,
Mahooloh,
Sahwah,
Sahyow,
Mosowah,
Bihyah,
Beyah,
Modooway,
Napyah,
Bragnuo,
Mono,
Poh,
Nemageah,
Toopah,
Mazeo,
Moza,
Mofrow,
Mowirrah,
Camoo,
Guloo,
Nahguloo,
Famoh,
Mobohwe,
Beer,
Geer,
See,
Gwonah,
Geeah,
Whyoo,
Zuy,
Banyahbah,
Mahtie,
Mojoroe,
Poah,
Dandy,
Nenoguah,
Quayh,
Boolah,
Quol,
Ajouco,
Wouma,
Seirragee,
Wordnoo,
Quanoo,
Maguay,
Shuray,
Paymi,
Bosenna,
Wennow,
Sesera,
Nokah,
Tayoh,
Sooke,
Napah,
Beahtoo,
Baproo,
Iayboo,
Baiday,
Cokoo,
Tie,
Sainwie,
Geeay,
Pooyai,
Fennay,
Minnay,
Bomyah,
Boy 1st,
Boy 2nd,
Kekay,
Bahtoway,
Seeoh,
Saybroo,
Iabroo,
Peshetwa,
Neyah,
Fahbree,
Booyah,
Fahkeye,
Fahray,
Minee,
Woolay,
Sayee,
Monblay,
Keelay,
Neye,
Dayou,
Dagoo,
Omadoo,
Maylee,
Aboysi,
Kangibby,
Mahpoo,
Worajoo,
Jibbah 1st,
Jibbah 2nd,
Shuray's Infant ,
Mahamadoo,
Jeba,
Moree,
Baicah,
Serrah,
Berrah,
Quarray,
Serrey,
Kekala,
Mousah,
Morow,
Farbamah,
Foogbah,
Nomenee,
Silabay,
Siligbay,
Fatama,
Feenah,
Tennah,
Cooloovah,
Johnnaba,
Coolana,
Singaroo,
Foumaree,
Toomanee,
Foolah,
Kolay,
Meenah,
Manoo,
Kanjoe,
Quanny,
Kolovan,
Luckah,
Lahie,
Lamboo,
Moosah,
Terranah,
Shemittee,
Fahbannah,
Brahma,
Kingebah,
Boogay,
Qualie,
Morakain,
Sango,
Sangoree,
Yoah,
Yaray,
Kobee,
Voramah,
Koloovah,
Famodoo,
Dooroo,
Malade,
Karafah,
Suliman,
Eray,
Kalah,
Lamenay,
Semittee,
Shaboo,
Quarry,
Samano,
Ganye,
Senegee,
Serray,
Soree,
Kawolly,
Fellah,
Kapra,
Kotarakoo,
Nayapah,
Serree,
Dabadah,
Kaworay,
Fatah,
Fatamah,
Kanobah,
Maneah,
Vajumah,
Kemah,
Kanko,
Seedah,
Fahlay,
Niyamah,
Mariame,
Tayah,
Howah,
Quasha,
Nantenah,
Yenken,
Teenah,
Saree,
Mobalacan,
Sulimanee,
Demba,
Kegbay,
Doombah,
Kombee,
Mangee,
Quobay,
Enaforee,
Sengbay,
Fondoo,
Kameja,
Mousa,
Shurah,
Fanumah,
Kabah,
Fenah,
Sahbaley,
Mirah,
Sayou,
Komba,
Fah,
Neguaqui,
Tabbah,
Develer,
Doiler,
Gobay,
Dwaloo,
Quaenah,
Whyoh,
Yembah,
Kiah,
Asoomalah,
Tameah,
Kawanne,
Kabangui,
Gooli,
Jungobah,
Tando,
Fan,
Wawee,
Heyah,
Yangbawah,
Kakebay,
Guoh,
Tabundo,
Gawe,
Shuah,
Yeboo,
Glabah,
Jabow,
Foree,
Wojeballah,
Bahway,
Dabundo,
Duo,
Miyah,
Fandah,
Jappo,
Quiby,
Kakunday,
Soloo,
Doloo,
Gabbah,
Guabbo,
Yembi,
Dodoo,
Tambo,
Quavere,
Mellah,
Doweja,
Yeremiah,
Coundo,
Laho,
Vallah,
Duow,
Lur,
Dabi,
Kangay,
Doiley,
Nepah,
Famah,
Bakoo,
Nebakoo,
Yequor,
Jaju,
Fagbu,
Wobay,
Kalebannah,
Yavay,
Juaw,
Kangeah,
Yalloh,
Fangbo,
Fahbanday,
Quare,
Guibah,
Kigh,
Gonbunday,
Dajoo,
Danjo,
Kimbay,
Boykay,
Nefang,
Ginjow,
Newuve,
Nebowah,
Tabe,
Shobay,
Nefah,
Newawe,
Newawa,
Nebokai,
Neduange,
Gouequi,
Yagui,
Crabamo,
Caboa,
Sakee,
Kahlee,
Jala,
Tomboro,
Goleve,
Bagee,
Galah,
Liah,
Mahaboo,
Tooah,
Quayou,
Numah,
Nebawo,
Quanyadee,
Warwah,
Bahku,
Vannu,
Kangray,
Keneh,
Doreh,
Keckbarray,
Comeh,
Cahhay,
Bahbanyer,
Fangha Yankar,
Gomboo,
Dobboh,
Lombah,
Bandeh,
Yaseh,
Gawoh,
Garmahwo,
Tahrow,
Mihalay,
Taloo,
Solo,
Martyr,
Guyah,
Mahbo,
Tahlo,
Shadeah,
Grimmah,
Yayah,
Femah,
Coombah,
Batay,
Tanne,
Kie,
Cholo,
Sadeah,
Bundo,
Longa,
Malsiah,
Guanyah,
Yangah,
Chimboo,
Glaloo,
Kala,
Langa,
Goole,
Sholo,
Goff,
Ceffe,
Chamaloo,
Caffe,
Caffew,
Gabbay,
Kafway,
Gandoo,
Tafway,
Tobba,
Bemba,
Watermo,
Gewah,
Dobboah,
Mahboonah,
Chambe,
Faneah,
Sesse,
Mahbonah,
Dadwajaday,
Salee,
Fahlee,
Hemmah,
Chonah,
Dobbah,
Goloh,
Fahboh,
Coway,
Cobillay,
Coomay,
Gennah,
Loji,
Bannahqui,
Bettah,
Bundoh,
Poway,
Connay,
Goroh,
Jabbah,
Cowlay,
Bago,
Fanjah,
Pelay,
Coondah,
Doh,
Jolloh,
Correah,
Dohi,
Collay,
Mametay,
Hindoo,
Daggah,
Gakuah,
Namballah,
Johnny,
Calee,
Kambah,
Codgee,
Coloh,
Fahji,
Bugbay,
Boymbah,
Cahwi,
Digabay,
Cawanny,
Comah,
Duamah,
Matamah,
Cahmo,
Mosejah,
Cabah,
Cobee,
Kawanee,
Topah,
Coquay,
Dogbo,
Yajoc,
Dogbowo,
Cogbay,
Tommo,
Yavee,
Kahbundee,
Jafoe,
Mohloo,
Kabahlooah,
Kehmoh,
Watermore,
Cahbinde,
Kinfah,
Bondowah,
Tongue,
Wujah,
Grabaho,
Kie's Infant ,
Jamah,
Fanguy,
Maleah,
Falee,
Yalay,
Coloo,
Lunyah,
Cunyah,
Bollah,
Manwine,
Combay,
No,
Hannee,
Mambahwah,
Yumbo,
Bannayennay,
Tabah,
Matangah,
Sawoh,
Yumboh,
Jappah,
Mangeah,
Woah,
Maquoh,
Cafay,
Jacko,
Bungo,
Noah,
Manwanney,
Ginnah,
Magebah,
Mangow,
Mandoah,
Nayloo,
Mahoo,
Sawoo,
Tafoo,
Makah,
Mayoh,
Pemah,
Bo,
Manjeno,
Cotoo,
Mahkree,
Bessey,
Fingi,
Miyenna,
Pahree,
Fimbah,
Mawah,
Mahfomah,
Jubah,
Kiyah,
Naharwa,
Jongoh,
Guyah's Infant ,
Lango's Infant ,
Lamelle,
Mannoh,
Bindee,
Bangar,
Warbay,
Foimora,
Tobangane,
Baboo,
Karbangai,
Miaboo,
Tawaloo,
Obbah,
Saye,
Ompah,
Tor.,
Beah,
Yampi,
Meme,
Ombeah,
Kabaquoh,
Jendamay,
Fiah,
Paimory,
Kahoney,
Borlah,
Satuor,
Faim,
Dooa,
Darfuah,
Shulay,
Gragea,
Marfallah,
Cbelay,
Forpah,
Besarka,
Barbannah,
Bahsegaray,
Wompay,
Tahbundo,
Bargue,
Seboo,
Bennay,
Formoroo,
Koyeanda,
Karway,
Yearkoo,
Kahoota,
Quivoo,
Fanguee,
Sicca,
Solunangah,
Karee,
Kakai,
Yaranduoh,
Narafong,
Yahtubangai,
Yaramacha,
Bartoo,
Gooley,
Nayambo,
Yavandarley,
Doolee,
Simboo,
Jawah,
Ungrabo,
Bongore,
Chammah,
Doobree,
Cundoh,
Sombeyah,
Miraka,
Sisse,
Boyemah,
Doaboy,
Uyorvee,
Sindewor,
Tyah,
Gooah,
Kungah,
Ombray,
Tahroo,
Galoo,
Marchah,
Donyoh,
Goomah,
Dogbeah,
Gamah,
Keifay,
Kafay,
Jannaivo,
Galloo,
Danduwoh,
Sachea,
Tangai,
Saddea,
Conyea,
Marmoh,
Tahfee,
Tao,
Yandefay,
Keifue,
Foobay,
Jopor,
Loombay,
Wanyah,
Marloo,
Sacha,
Tahloo,
Tawoh,
Kafue,
Yeandoh,
Langoh,
Foyeor,
Genah,
Langai,
Collee,
Kekwoy,
Imay,
Cammah,
Yanah,
Cammoh,
Codjay,
Karvy,
Gamoh,
Karlay,
Connah,
Borbor,
Kiwah,
Kikia,
Pojare,
Konyong,
Jaijai,
Sooloo,
Bea,
Dajemah,
Kebbee,
Cho,
Darkey,
Partoo,
Simbile,
Biah,
Farlee,
Torloo,
Baggae,
Quorlee,
Fangoh,
Youka,
Cottoo,
Cooa,
Gorah,
Lojay,
Soombea,
Borray,
Yeray,
Dammy,
Kennah,
Kamoh,
Karkbunday,
Doaloo,
Yangorrah,
Bowoo,
Borfor,
Kabungai,
Quorey,
Karwonee,
Marmoh's Infant ,
Battah,
Mossu,
Marquoi,
Konyeah,
Manjeah,
Dawoh,
Marbah,
Balah,
Baselay,
Kyea,
Fangai,
Maleka,
Sandemy,
Martevai,
Marbangah,
Bongoh,
Miaquay,
Yunyea,
Martanyah,
Fameah,
Gomoh,
Kunyea,
Chocho,
Mopoiah,
Pangah,
Bondoh,
Nawoh,
Nunyai,
Maloo,
Fay,
Gawoo,
Manjare,
Jimrah,
Marhoo,
Sofar,
Margoh,
Gannah,
Manwoney,
Tahfee's Infant ,
Yandefay's Infant ,
Fombah,
Mouchee,
Ayale,
Gottoe,
Fonjay,
Eachay,
Taffea,
Yab,
Oryaw,
Yamsee,
Farcong,
Fambang,
Longo,
Yeb,
Larharta,
Cunm,
Montem,
Yamsa,
Temashe,
Youngo,
Subob,
Wum,
Cummatier,
Mosong,
Chub,
Bejing,
Meyam,
Fartay,
Allegedah,
Kenmoh,
Mepah,
Monday 1st,
Monday 2nd,
Enjowah,
Fobanco,
Demboy,
Embangah,
Emboo,
Emoko,
Ahyo,
Etango,
Defo,
Nancy,
Fando,
Defum,
Ewatoo,
Engasop,
Wanekey,
Whorah,
Ogombah,
Vobah,
Enso,
Tahfungah,
Egando,
Esake,
Endong,
Efopah,
Oquoh,
Ewamballah,
Ekekah,
Dekobah,
Enguisah,
Eyambah,
Kekenjo,
Entowah,
Gaboo,
Sappe,
Moobah,
Ebalah,
Oran 1st,
Oran 2nd,
Oran 3rd,
Ecomb,
Oconefa,
Oran,
Ecandah,
No.fear.dem,
Enagoo,
Womo,
Awassee,
Opabwe,
Folo,
Enne,
Ahban,
Icome,
Sooguoh,
Eto 1st,
Eto 2nd,
Enfew,
Ogun,
Langeyi,
Eto,
Garanaseah,
Moketa,
Nabeyangah,
Wanso,
Boncha,
Whodam,
Karapan,
Omeray,
Ahsupo,
Bey,
Ahpoy,
Asheen,
Comecome,
Opuy,
Ahkoom,
Ashe,
Bahbo,
Kabasse,
Ahbembah,
Ahbos,
Ahmobe,
Karasse,
Empay,
Ocovey,
Ibonwoh,
Ebunyah,
Osso,
Ahjo,
Osoro,
Iseum,
Oro,
Egar,
Oboy,
Fentop,
Ayo 1st,
Ayo 2nd,
Yamsha 1st,
Yamsha 2nd,
Funge,
Karaboo,
Doncherree,
Endefa,
Donkasee,
Bongosah,
Kandam,
Foko,
Fakam,
Obonko,
Mifah,
Fahfo,
Fante,
Omala,
Bako,
Woopoh,
Barfor,
Arcone,
Antelah,
Carndem,
Orgar,
Marsay,
Marngay,
Morgor,
Ongwa,
Embaka,
Ejormah,
Ingassa,
Intowoorem,
Essor,
Woosarbo,
Impouna,
Orwoosee,
Ejomar,
Orboocouwa,
Juggabesee,
Omebo,
Onnoocom,
Wassally,
Encou,
Ota,
Embella,
Gauma,
Engassa,
Ammardocah,
Soommah,
Ingolee,
Bessong,
Bebecay,
Encorloo,
Engcoupa,
Corouco,
Coomah,
Marfor,
Etoquay,
Bafoy,
Bobocugarmay,
Torguay,
Ecundum,
Eyolah,
Mattin,
Markaryah,
Marsear,
Marrenjor,
Eharee,
Morcochou,
Sabachier,
Forsa,
Dorousa,
Bococubara,
Catemenah,
Narjuah,
Finjoe,
Jujim,
Jujore,
Tambai,
Woorenkem,
Morcor,
Engor,
Gap,
Byea,
Mar,
Ingotto,
Findong,
Chobbor,
Yandoe,
Susai,
Indome,
Finging,
Cabetah,
Moobay,
Molongo,
Formeyar,
Ockera,
Deyan,
Eccora,
Woofee,
Shelan,
Gemay,
Doomboo,
Ewecoo,
Tullar,
Endeao,
Wondem,
Mandefod,
Garroodo,
Asain,
Ewinna,
Mording,
Bonn,
Tarbai,
Moofor,
Farpee,
Binnar,
Poyetar,
Arsho,
Ebea,
Etai,
Endow,
Mondefar,
Fusa,
Mosongo,
Ekoomba,
Main,
Defor,
Mangor,
Boicay,
Arfeor,
Bungor,
Yungor,
Marntim,
Arfucor,
Tarcar,
Mabay,
Gorongwar,
Barngo,
Gobarsee,
Arsungah,
Empongcor,
Kayar,
Woochowa,
Mor,
Cumbola,
Barnah,
Kaya,
Emmarnbo,
Anwo,
Nouggar,
Emmor,
Ommor,
Ehorbar,
Oboolocor,
Omokelase,
Ogooloo,
Oloojowo,
Fahdelay,
Lefo,
Osoobame,
Ideclare,
Ogoosajo,
Fahcheasoo,
Odoobe,
Sonka,
Alooah,
Ahkelombe,
Ahdeguah,
Ahdootah,
Ahkeboya,
Taquay,
Chobe,
Chohome,
Ahdasee,
Sodebe,
Bake,
Allemaka,
Ocooahja,
Bangbopa,
Hino,
Odookinh,
Odelomah,
Ahlong,
Ahsi,
Ahdemoi,
Acome,
Ahgebodoo,
Ahsotafay,
Ahdakoloo,
Dalah,
Ahshaw,
Ahdapoloo,
Chocong,
Okooboloo,
Oguaday,
Okebo,
Ahji,
Dabahki,
Ameleo,
Ahmo,
Ahleto,
Dasookoo,
Ahwolee,
Ahteoloo,
Holasse,
Ahwosesso,
Digbaz,
Gojabee,
Ahmincoo,
Polebah,
Yajooee,
Ahkejoday,
Ograinde,
Adama,
Socoule,
Ahkedapay,
Koopanatah,
Kaloo,
Kalaji,
Oloojove,
Somalo,
Ochoba,
Ahloobo,
Koodalor,
Omacho,
Ahtemala,
Beka,
Taroloo,
Oyeoo,
Ado,
Okooday,
Doon,
Chobentowo,
Ahcho,
Akaloo,
Alkebo,
Okojobe,
Ahdaboo,
Copanto,
Soolamee,
Oloopame,
Mobaja,
Miode,
Ofopoh,
Kobahmalah,
Ahjame,
Sorankay,
Ogosamma,
Fardopoh,
Chosolah,
Akayah,
Abandoo,
Ocotes,
Adeo,
Almadi,
Cudaloo,
Chacoyame,
Mamolah,
Soobuladay,
Layade,
Mafebe,
Yeday,
Latemoo,
Ahgedo,
Dow,
Ahdaiahgah,
Ahkebah,
Ahmolallah,
Okeallah,
Olooho,
Ogubiyah,
Ahcha,
Fahroonbe,
Nowdee,
Chobolooa,
Ahkelabe,
Ahjahwe,
Lahome,
Hoobolahji,
Soeme,
Ahbelong,
Ahdonjo,
Lahdesay,
Olooah,
Maquadjo,
Fahvee,
Afoiahcoo,
Olooiday,
Oda,
Damardoo,
Ardoogah,
Awoarkoo,
Okonkomoo,
Boonoo,
Wha,
Chukoomapa,
Ajahoo,
Chamah,
Goolassee,
Ojoeboo,
Inqurrah,
Allubelley,
Mellog,
Ogoolazelaunah,
Orroo,
Eguay,
Norom,
Imbautah,
Woogoo,
Mayboocha,
Annogah,
Chengah,
Erroom,
Arseekah,
Innaboo,
Wooseesee,
Ancaquarrah,
Achatubelley,
Kookoo,
Amallahoo,
Obillakay,
Oyeamass,
Artammahokah,
Ayearbassa,
Orkah,
Onnoocubba,
Annoosam,
Boonaquarrah,
Arbarju,
Ennah,
Edorrodoo,
Eponnotuek,
Mooden,
Apparbeyea,
Orkoo,
Ocorree,
Essacott,
Marjuquah,
Dooseyea,
Messobee,
Narwoochee,
Ekajahoo,
Arquaradah,
Arjasseyea,
Bemmallah,
Pargoo,
Ennaboo,
Dailey,
Pellogoo,
Emmarzo,
Arwonmaney,
Ocarafoo,
Haizeyeo,
Wannakah,
Ocorroo,
Ocorronkoo,
Ocorroe,
Dooneyeah,
Ardookoo,
Nonarwookah,
Osookakah,
Echanwoo,
Aquarnardoo,
Barweekay,
Annorsah,
Indorkah,
Osoquarrah,
Agimmarbarsee,
Annoquarah,
Connoyamah,
Allasallekey,
Ahazeay,
Haykoo,
Saidda,
Luggoo,
Arguttoo,
Enguarbolloo,
Melayea,
Ezay,
Mayhinnee,
Allubajah,
Arbellagay,
Monneycome,
Olubayah,
Annaquarrah,
Onnealoo,
Jeboo,
Edoweesee,
Obacklam,
Oneanawah,
Argoo,
Antiggah,
Janney,
Onazay,
Bootay,
Quaower,
Amollay,
Ackonnah,
Zannaboo,
Allargee,
Ocanafoo,
Eggoo,
Ocanakay,
Raffeyah,
Ocarree,
Lalloo,
Olokong,
Eddah,
Pandeargah,
Attmamah,
Zabboo,
Chamnekoo,
Archimmajay,
Arbooguay,
Lomesee,
Ardebah,
Erroo,
Wazakay,
Ajammolay,
Olodeguay,
Ozuah,
Marchokoo,
Narwoo,
Olomee,
Oyeabulla,
Ogha,
Okoorie,
Olubarloo,
Ahgoggah,
Gonnejew,
Koobahjoe,
Leggadoo,
Morlend,
Ahdigbah,
Ahkareakah,
Bannamor,
Acparpan,
Awonkong,
Karakah,
Asean,
Olooco,
Leesanee,
Achigdee,
Ahpannador,
Ahwarpan,
Ahparoer,
Akopan,
Foolay,
Arahpan,
Eteam,
Apahbee,
Pomahuee,
Lohganu,
Etayfear,
Dowdow,
Otoon,
Bowroo,
Elyepoo,
Karanjah,
Okooloo,
Entong,
Opomah,
Anahkam,
Okoree,
Oborsandah,
Anargah,
Chuckemah,
Akolay,
Alaykon,
Mahdadechee,
Kolangpan,
Chahgo,
Ekaykay,
Ebayboo,
Ezaydoo,
Ebeeaquay,
Woochay,
Worlah,
Worgeny,
Indobease,
Tarmenay,
Ningahnewmee,
Chekoray,
Maddahwakay,
Ahnammadoo,
Quogong,
Ellayquashy,
Adoolayammah,
Ahnoh,
Koogomah,
Fragoon,
Elayvoo,
Egomaychay,
Aponday,
Erahgeah,
Away,
Ejacko,
Maddahdebee,
Ajoegah,
Ahnormoo,
Akayrakay,
Majaylicket,
Ornoh,
Intuckah,
Jacco,
Equaddee,
Kahbinnee,
Alenday,
Alayloo,
Otoom,
Elaymooraw,
Ebayquay,
Onearzah,
Baddoe,
Okahmoo,
Orooah,
Orrochorong,
Mortogoror,
Imborkor,
Wahyeolee,
Arreegoorah,
Amoyea,
Orgoh,
Imborakay,
Eteeahmoh,
Eguagoo,
Imbarco,
Yammahche,
Mocoo,
Acpannah,
Imborlay,
Okovoodoo,
Orborm,
Akravoe,
Koosobee,
Narcholam,
Onearkarvah,
Okooley,
Koochargah,
Oronsee,
Okravee,
Ezinnaboo,
Ahnooroo,
Orroh,
Akookally,
Youngkah,
Ahkoovelay,
Olooboo,
Ozookah,
Moverain,
Ahjoevoe,
Mahsavee,
Edowezah,
Chebye,
Moreham,
Ahbokoo,
Ahgiddy,
Ajimmahfoh,
Ahbootoo,
Ahnooah,
Indovesee,
Innayboo,
Mahdebah,
Ochimvoo,
Enahvolaygee,
Echaynee,
Ejollay,
Ahkinnakay,
Achuckarnark,
Oparrah,
Uchay,
Ahfearing,
Olaycoquamah,
Okarakray,
Jimazee,
Ahkaroo,
Ahmattam,
Ahjibbah,
Achayvorday,
Onohah,
Whnine,
Abentay,
Odomoo,
Imbarfoh,
Imboray,
Ahkoday,
Nollah,
Jimmenark,
Wahdarkah,
Etay,
Wah,
Ojomah,
Lachelay,
Lobah,
Olokovee,
Ocusee,
Seahballa,
Accow,
Lagah,
Farlulu,
Massarcoo,
Ololo,
Chejoallah,
Jeson,
Cakkoe,
Humey,
Tom Mommo,
Fallashaka,
Acquso,
Yabollu,
Odegeur,
Sessu,
Ochebalay,
Bancolo,
Ogoom larger,
Sarkoo,
Ahsarday,
Odinday,
Lasaggoo,
Odofackoo,
Odogah,
Oshasoo,
Volue,
Jadoey,
Obosoo,
Tajue,
Essacor,
Odesinna,
Arrahja,
Sonneka,
Odugar,
Tunahday,
Modino,
Ogoyelloo,
Somasso,
Cussu,
Odoolay,
Jojabah,
Odebetar,
Cumenor,
Fahkunkay,
Odumusu,
Osor,
Dayannu,
Ackatalah,
Lackpamme,
Oyafallah,
Oyafoloo,
Olosagu,
Ardalahkoo,
Olusee,
Ackaboloo,
Dosumu,
Oloocoloyea,
Lassawoo,
Comabassee,
Osangwo,
Ogoodigpay,
Osokiedai,
Oso,
Sobanko,
Koalai,
Olagooardai,
Sobayfu,
Osobolu,
Bodudai,
Allahpunju,
Farlahmee,
Jarbee,
Farkarbee,
Moyewah,
Sowallu,
Oneybarbai,
Orshoe,
Ackafenwah,
Aggannah,
Ogoojarbee,
Okuseedai,
Ahgusah,
Gunnue,
Affallarpo,
Hyssar,
Hendai,
Vanenue,
Taye,
Avasah,
Bookah,
Jartarmai,
Wasah,
Ogusoo,
Ocarvee,
Quiror,
Boquasea,
Nargoendai,
Jenobo,
Cusshoe,
Bookor,
Ahdedai,
Somahkoo,
Foduwie,
Awollosoo,
Nahgono,
Yarwoo,
Allasay,
Allahtemee,
Ogoocomiah,
Ahdemeka,
Obossarbee,
Ahdimmu,
Olonee,
Kyedai,
Odoofolah,
Ahbudoo,
Fabee,
Kombamerdai,
Allarsai,
Ahdaisaloo,
Quirefee,
Posoo,
Solahjah,
Tugah,
Nintoyah,
Ellofee,
Odolah,
Bamawoo,
Odoosee,
Effay,
Olocochue,
Songwah,
Ahduta,
Efecao,
Cahmada,
Ellahmoe,
Sacahio,
Ohdoonoko,
Ohdomo,
Samanoo,
Tassanoo,
Ohchoe,
Somiquah,
Dajobah,
Ohlesayo,
Ahdomadu,
Ohdubana,
Ackeboo,
Solomu,
Ahdakerebee,
Omoloo,
Orosodoh,
Ahgoolahda,
Ahcussayah,
Koobarjoe,
Ahdataru,
Ahcallah,
Awayjimey,
Moocassey,
Ahguifee,
Ahhvryea,
Ahhonay,
Yoluso,
Locussey,
Boafee,
Bojofee,
Messungha,
Ahkoowoy,
Ahkoroon,
Dosai,
Ahyavee,
Bocassee,
Faggey,
Ahdayesay,
Kookey,
Woomay,
Ackashaney,
Coafee,
Odoquay,
Callaytoo,
Ahfullahjoe,
Allortumain,
Sarque,
Callatue,
Dasee,
Chargomhomlier,
Bolarhamue,
Ajollah,
Dasbarkue,
Damahbah,
Later,
Orsobomee,
Odufalle,
Ahdaycamee,
Oyamee,
Lahdayooe,
Yatordai,
Osolue,
Odoodelarlee,
Tajuowo,
Malio,
Najubaddai,
Ahvakai,
Ahbyumba,
Orsoh,
Ordasuboo,
Ohbojoe,
Tassey,
Sawkusamey,
Damodoo,
Olakavee,
Darsabay,
Otaypalah,
Sobo,
Olufuah,
Bugarney,
Sodunkay,
Ahgebaday,
Olafuah,
Ogoofiah,
Dabollah,
Orsor,
Anadar,
Odaey,
Onnahtugah,
Ogoolarjah,
Ahbahbumey,
Tueapay,
Sogai,
Farborue,
Odoofuah,
Oyarvehlah,
Nahbee,
Ahmoosu,
Ahgunnah,
Ackimboloo,
Locunlo,
Odootuyah,
Ackimboro,
Ahsamobee,
Ahbargergoo,
Ejahbee,
Ecoobarmelaru,
Olowarco,
Sahdigpa,
Gerlahkee,
Okabey,
Oraseebah,
Odarreecar,
Equequire,
Koolarmugu,
Ogoofeah,
Fahbelu,
Cookoomee,
Ahdillahcoo,
Dakee,
Orsoree,
Addoon,
Odulei,
Dadesek,
Odusee,
Ahkintomwah,
Okoondieo,
Acpinenu,
Allubamey,
Orkordanee,
Lofeegon,
Sahdallah,
Sagaka,
Allubeah,
Donvo,
Acketolah,
Hahko,
Dumah,
Ohday,
Ahdugah,
Ahgorvee,
Ahbasee,
Osarsonah,
Borkoryouree,
Kursoo,
Brugah,
Koodaylay,
Hoosoo,
Smoomoo,
Ahdahkarday,
Ohgomaneu,
Brahfunoo,
Diyouree,
Sokoosu,
Sobee,
Olahfameyea,
Parnhay,
Hayglow,
Horsar,
Ackobodie,
Maromajonah,
Ayarulloo,
Lousey,
Consey,
Eyebanaga,
Saywakah,
Ahegaray,
Ehsaboo,
Esemoe,
Niervey,
Egahue,
Ohgadamee,
Lofeah,
Ohgumarue,
Ohdajuah,
Ohlofaroh,
Olabashu,
Laywhue,
Ohwahjah,
Ahfungtior,
Quirervee,
Dorquay,
Markoo,
Odubah,
Ahsayverday,
Ordususee,
Hoosee,
Koomaroo,
Okedo,
Kusafee,
Fuduey,
Asubee,
Ekotah,
Ogoofargoo,
Ahgohsafee,
Ahdayemey,
Adooahme,
Daysolu,
Damobah,
Oboey,
Ellagunday,
Ormyeday,
Yamahja,
Affumuda,
Affudier,
Maybahday,
Chubololoo,
Pudarnah,
Koosulalah,
Yourwah,
Okeeremeday,
Wanggara,
Booay,
Olubardayo,
Digbarro,
Oboolupor,
Bayloo,
Gobeaye,
Day lone,
Odoomaca,
Quassafee,
Ohwasue,
Puchemarmah,
Orvo,
Okor,
Ahquaka,
Ewahor,
Oneyjorowah,
Oneaybor,
Enearkah,
Yeameobee,
Domague,
Oneayarquera,
Yudai,
Orkorra,
Eugoo,
Ozaganay,
Ojinkaneay,
Warchukoo,
Ocarrahhoo,
Owdai,
Wargoy,
Ahjarorr,
Abonigna,
Amahda,
Amahruchay,
Acartoe,
Anikka,
Oneaymuchay,
Onahar,
Endovesee,
Ecarrah,
Okoronguor,
Wahmardai,
Onagersee,
Affeemee,
Chequakay,
Ogueynah,
Bababay,
Wormah,
Ackanah,
Moorerkoray,
Owar,
Ewarhah,
Agussogoo,
Anay,
Hara,
Azulaka,
Ahjibboaye,
Ienaboo,
Hoosanu,
Ahfuruboo,
Anquarrah,
Ahnearsoh,
Ahdebay,
Indruh,
Odor,
Ahparvie,
Oemannah,
Eneay,
Awongquor,
Abecka,
Asheat,
Ordor,
Immore,
Ebannay,
Itay,
Ahveah,
Ordok,
Eurom,
Eudom,
Appanko,
Eneah,
Kyerah,
Orom,
Eguah,
Osondah,
Ahdailey,
Ucha,
Ocora,
Odaisery,
Woka,
Akaboy,
Okaja,
Okarahfo,
Ohnohah,
Wahlarkah,
Ahjedoo,
Workorchar,
Ahnuquah,
Erow,
Omko,
Ahreeamhoo,
Akanosah,
Ahvockah,
Nabachee,
Ahreeowee,
Owbee,
Obojahdoe,
Okaraka,
Achava,
Bordoh,
Boara,
Indobaras,
Darley,
Ebeh,
Agguannah,
Annahgee,
Anendee,
Ahcanama,
Ahtaybai,
Appanbor,
Okarahoe,
Hoonnah,
Adavartoe,
George Davy,
John Six,
Nebum,
Ecargo,
Mahamu,
Ecossah,
Akejah,
Ayasee,
Etiyo,
Subalee,
Ahquaque,
Ekahaday,
Ahfeong,
Layboy,
Omo,
Ogan,
Modi,
Ebiremah,
Omachee,
Yebassoo,
Ahpabee,
Mahdiush,
Ocafah,
Okalankoh,
Yochah,
Barhor,
Manarue,
Comafillah,
Imborra,
Orsaidue,
Imbarku,
Ecuneazee,
Ahoollam,
Ahdeebee,
Okaka,
Hekak,
Aheagena,
Ahveeahmem,
Muremorkar,
Eseam,
Moko,
Oroboo,
Morain,
Edoko,
Okolonquor,
Onacharkah,
Wharbayza,
Mudorbey,
Ahpanako,
Equara,
Ahjuseah,
Wargudda,
Mordain,
Chaboo,
Areemah,
Addeager,
Iarsee,
Cowko,
Aravoyer,
Barboggar,
Affarjagee,
Zoboru,
Eswormah,
Azembah,
Abemmah,
Eborkoo,
Morahgah,
Seedee,
Iahtoo,
Oreesai,
Ohlajah,
Ahma,
Pelah,
Ogbalay,
Iasena,
Ahbashey,
Zodenuckoo,
Ahreeboo,
Osha,
Chucumah,
Assumah,
Quarchamey,
Mossoenjay,
Otobay,
Ahginnoo,
Eyegunyah,
Margennee,
Opollar,
Ahbookah,
Ahbammo,
Ahdome,
Cudamsee,
Bardee,
Affallah,
Dargee,
Vobedo,
Ahrogue,
Huddo,
Adamaney,
Ahdacoo,
Abillah,
Ahbooker,
Ahbocan,
Newbee,
Ahborguor,
Arrubai,
Ahnaloo,
Ialoo,
Balue,
Akparlue,
Owozue,
Ahnahchay,
Adibee,
Ahcom,
Ahchinjay,
Hutomtay,
Ahbinu,
Ahjoroo,
Ahjimzo,
Danganah,
Ancherah,
Iargo,
Baddee,
Damfoo,
Agbarree,
Attamoh,
Killie,
Tulachay,
Agbala,
Yaba,
Ochee,
Monagbay,
Imortar,
Kutee,
Oroboe,
Egbarbai,
Ahdoomgu,
Allarbargee,
Ahruwar,
Koodorbar,
Ahpar,
Jepie,
Onemodai,
Onewah,
Ojoyefor,
Chainekoo,
Ammore,
Enjazee,
Ageedai,
Oboto,
Garbee,
Olowolay,
Ahpottar,
Ochey,
OBannah,
Ekarney,
Ochum,
Ammoya,
Ansobee,
Ahbije,
Deer,
Ahgebogoo,
Oloobajah,
Ozudamfoo,
Ahjara,
Arrahbee,
Acponey,
Gaga,
Ahwooroo,
Attammi,
Addogbai,
Mayhenee,
Agoobay,
Ahbookor,
Amboo,
Oneycor,
Koonaney,
Ackotah,
Allowearbee,
Koojibbay,
Obarra,
Tyecoo,
Ahdem,
Ogoombee,
Ahdoonee,
Bachayloo,
Ahwalley,
Obahdumey,
Taynam,
Mahlya,
Etayju,
Ahreesheto,
Bissheparman,
Tamabor,
Onecor,
Assuboo,
Koroboo,
Iabee,
Koochamey,
Allucoo,
Ahchickah,
Indambee,
Rome,
Aedai,
Onodee,
Quonney,
Marzeeba,
Ada,
Arewah,
Ebooguwah,
Daffah,
Maywoo,
Wamjay,
Orcesay,
Attamah,
Akaracpoo,
Chainebe,
Annekee,
Iarrue,
Hawah,
Abennay,
Ahshatoo,
Matookoo,
Sahboo,
Neworboroo,
Yeayah,
Annesar,
Oguntah,
Darne,
Sohogee,
Chaffoo,
Machu,
Akguanelai,
Ojuaray,
Namarsah,
Ruchem,
Mahburah,
Imborahreah,
Abecoh,
Abelame,
Ammerdaroo,
Ielaywoo,
Onoomiah,
Marrawoo,
Aseeyour,
Botong,
Ojommah,
Matecoo,
Amoyla,
Symbo,
Ahruwome,
Womele,
Ahgommoo,
Ekoonah,
Akepannah,
Quanegah,
Warrarkor,
Eudarkoo,
Omillelah,
Allane,
Otooloo,
Abiyor,
Machaddah,
Chakoodo,
Manebe,
Jagoon,
Allamah,
Attansze,
Opahshe,
Ottungbay,
Chiberoggoo,
Iakepie,
Allaiwoolah,
Bahgee,
Ohjah,
Attabai,
Ekootiney,
Babbai,
Sammeah,
Aleewo,
Meagbai,
Owallay,
Zootah,
Abagbai,
Chainakoo,
Atamah,
Attahbee,
Ahbom,
Ahcary,
Abollah,
Sulam,
Alluborrah,
Ackookoo,
Assan,
Anabbah,
Ahchavoo,
Atchear,
Karboo,
Ahchoka,
Koloomoh,
Choobankoo,
Abamme,
Kaddearmar,
Achoyor,
Lokosoo,
Ammai,
Barkpo,
Ahbartoh,
Alyorboo,
Allagoh,
Ahbam,
Ahlamahgoo,
Managebay,
Addozah,
Acquorse,
Quobe,
Lammahlai,
Ahniggahto,
Ahchamioh,
Pancho,
Oroboge,
Jadoobah,
Chanebe,
Ahdimmo,
Ganga,
Dede,
Tarkane,
Oboro,
Ahjammah,
Mattahcara,
Batsoo,
Danniyour,
Ammerjah,
Pie,
Ackom,
Yemzagger,
Cafoo,
Indai,
Nimmah,
Adjoh,
Ahjemmeh,
Azoomoe,
Ewoocore,
Tenkalay,
Jenay,
Ammahdah,
Assine,
Sumwah,
Nickosanah,
Shese,
Tonte,
Gutto,
Abesarre,
Accombo,
Maceara,
Abechame,
Anamoyah,
Warahkah,
Arubamme,
Olekunne,
Amolabe,
Yeiyah,
Amahsoo,
Amahjoe,
Injai,
Ajaro,
Ohica,
Onoko,
Omora,
Anamola,
Enoma,
Ogina,
Ohima,
Iadod,
Ogbofo,
Osalado,
Amakawa,
Oma,
Mokem,
Akobeka,
Oneleo,
Wanquoka,
Gillquo,
Onsusa,
Ashim,
Caffa,
Odago,
Joal,
Wallataba,
Deo,
Oconga,
Ina,
Biama,
Endoesie,
Craka,
Bomachakoo,
Jemedaya,
Watayera,
Anohaha,
Sofia,
Chima,
Watchago,
Natam,
Ewondo,
Jackado,
Ayuoma,
Occora,
Onwa,
Opuva,
Ora,
Abasa,
Amo,
Moda,
Ottora,
Oya,
Accum,
Jibba,
Oproji,
Anarabo,
Inobo,
Abokara,
Oyadee,
Wompasa,
Ocraque,
Ajemeka,
Ahanoo,
Inagee,
Inana,
Attobas,
Ochema,
Obha,
Wadoo,
Iboro,
Opwa,
Incenta,
Aria,
Accaro,
Eshain,
Amechee,
Onaquira,
Amodain,
Amodin,
Ocaraka,
Ogonia,
Wamqua,
Inabo,
Adiva,
Andoesa,
Aryuaka,
Anoyua,
Wompo,
Lefoo,
Ochendo,
Zooako,
Olaka,
Adahoo,
Unabo,
Aporaka,
Lenda,
Alucum,
Anawons,
Deputa,
Ayain,
Jocunga,
Imosu,
Nance,
Ocrongua,
Iminica,
Aheberaburna,
Adona,
Oyumwa,
Agoideba,
Ogu,
Aragura,
Arako,
Ousooma,
Inna,
Imera,
Aderahah,
Hadoba,
Eraboucha,
Bada,
Inodoiesee,
Ocoraka,
Aloda,
Ino,
Ocodra,
Ossa,
Morra,
Wisa,
Ajoiwa,
Ebachim,
Ajoquo,
Wudo,
Indoma,
Ebasim,
Inaboo,
Inamobee,
Achookoo,
Acpanado,
Acrecka,
Amora,
Oguigo,
Eybega,
Abechu,
Mocoucha,
Abogbuce,
Onubbila,
Allo,
Ojiba,
Ocuo,
Ogborn,
Aka,
Ashu,
Appion,
Araffia,
Aram,
Abasha,
Escian,
Anomaraka,
Ogomba,
Aza,
Onichen,
Ocomaba,
Accranquo,
Acquobo,
Acreka,
Acaga,
Beba,
Jee,
Asucara,
Asamoda,
Wolo,
Lola,
Lentar,
Ajemafo,
Ocajee,
Amma,
Ewohau,
Ejerry,
Annaro,
Ofou,
Onekeaday,
Nabaracha,
Wacomma,
Wamah,
Abazenta,
Anae,
Agworachee,
Wonacha,
Ajeau,
Cronchqua,
Egua,
Whoquain,
Amadda,
Ahhese,
Omaka,
Ohakatta,
Olou,
Couragee,
Ajafoo,
Endowesee,
Wajoko,
Madaca,
Captn Drew,
Whomasery,
Onganabillum,
Warekellum,
Ahdinguy,
Ecangah,
Ojocko,
Ahboronne,
Onnebo,
Obaquay,
Oberee,
Olacheree,
Annawase,
Ahnake,
Enaquaray,
Whodo,
Ahguarah,
Onebo,
Afema,
Ahwomale,
Banco,
Mocacha,
Awokake,
Ogonosa,
Ocanabee,
Owase,
Ahhanya,
Edosee,
Ocodolank,
Omanyo,
Pavee,
Manah,
Emoray,
Apanago,
Eyangarry,
Alaco,
Kucka,
Bogou,
Ahbokeshe,
Obashe,
Wachakoo,
Andedobe,
Ocarake,
Owasee,
Aconca,
Amaso,
Wojokee,
Ocrackaname,
Ebele,
Jeca,
Alewoo,
Cobagee,
Ahlim,
Chebe,
Adeloo,
Anemade,
Annana,
Jazee,
Newbe,
Ahtanjay,
Ahcomah,
Ahlegbe,
Wopah,
Mahganah,
Masonja,
Ademah,
Mohabah,
Ebella,
Tame,
Ahlego,
Lassa,
Toroboo,
Alleguoree,
Poncho,
Monebay,
Ahdojah,
Ecanga,
Ogomma,
Woodda,
Ejokoa,
Ebaboola,
Onneba,
Omoehee,
Ossouer,
Ecallier,
Ocollouqua,
Esooma,
Ocolle,
Eguaga,
Borja,
Annecar,
Enonnam,
Onecummor,
Ocalafo,
Walawo,
Aha,
Adola,
Bamota,
Ambauck,
Amoho,
Acho,
Ahaha,
Bogoma,
Achama,
Balaka,
Emboka,
Embafo,
Oquoida,
Maconcu,
Anako,
Aquim,
Conako,
Cenawena,
Akabo,
Alogo,
Aquisa,
Indaka,
Ala,
Bokako,
Brana,
Alamo,
Balagada,
Awosha,
Okolanta,
Agage,
Inda,
Saba,
Agano,
Akolabay,
Akanawo,
Acharra,
Akanya,
Obaka,
Bunto,
Oboko,
Mariako,
Okaronko,
Abia,
Samia,
Attawora,
Ocola,
Doaga,
Onamomlia,
Onwahah,
Ahola,
Aboja,
Odoa,
Wabo,
Embam,
Olondo,
Olocanamo,
Adono,
Enewaha,
Jin John,
Alanquara,
Ama,
Ajana,
Ocolomfom,
Krooma,
Embasay,
Embancago,
Tocolo,
Kakonya,
Okiday,
Accaychaw,
Ocomaylay,
Olawa,
Monambo,
Ajagame,
Bohanka,
Londiako,
Incy,
Imbafo,
Abam,
TRUE,
Attelahos,
Soma,
Imboka,
Accosa,
Aguo,
Wonda,
Inafo,
Aduma,
Salay,
Emboylay,
Ohgoma,
Omboah,
Ewosa,
Cobange,
Ahchapa,
Ahcudgeco,
Ocole,
Ogelongus,
Bebe,
Atawhora,
Apabe,
Achpan,
Ahpapan,
Enya,
Ongsleboo,
Whowa,
Honalay,
Eradoba,
Ahkabeka,
Oreak,
Whado,
Gauge,
Oteneye,
Aro,
Abase,
Achpapan,
Mo,
Achin,
Ererem,
Olonkelly,
Apavee,
Acha,
Ma,
Baran,
Bacoo,
Ahparrah,
Aguafa,
Sanamafore,
Chillacobee,
Camana,
Oguallache,
Ousa,
Oguobelaque,
Ola,
Owa,
Ebebe,
Ecunda,
Chemo,
Essako,
Ajeco,
Egbo,
Maco,
Edaka,
Acannam,
Aciaka,
Abougee,
Whocacha,
Ane,
Ebole,
Emoche,
Embaho,
Embaqua,
Ejoma,
Ahyegba,
Wanyaleah,
Egarra,
Eprebema,
Wabolaka,
Bopoma,
Ema,
Archy,
Embava,
Wanco,
Aboy,
Ewanko,
Ekoshesay,
Emobay,
Ejogo,
Jarrahgar,
Endallah,
Okaff,
Allahgallah,
Okronco,
Ocornno,
Ahchuco,
Ahtammah,
Esayaymee,
Wark,
Aleboss,
Aroobay,
Oloom,
Alemore,
Inchuko,
Mahdayguay,
Efunjay,
Chenakay,
Ahmakleah,
Echaindah,
Azeekray,
Ahahdokay,
Alookuay,
Nearkayray,
Ewahhah,
Emanykay,
Ahjailay,
Ezeewah,
Ahwonnah,
Anintah,
Ajingwah,
Egoovee,
Wonahcho,
Emoo,
Ohaykay,
Enayorbbe,
Tovansee,
Obaheah,
Annaquackan,
Oneahlanno,
Worrom,
Orooh,
Neahgah,
Olloh,
Ataggedah,
Eteah,
Ahlohchay,
Kannen,
Tohwoollah,
Achraycha,
Moor,
Gerjukay,
Amayboo,
Inbattah,
Achukoo,
Obaywoo,
Ohpannykay,
Ahnaggoh,
Azinnah,
Obebe,
Ahgadday,
Ezoowah,
Manroo,
Ahlizzy,
Abonnah,
Ahagogowah,
Agomah,
Ocumanee,
Quachay,
Alaychee,
Eguarmah,
Ehoomany,
Warnay,
Moorwah,
Osanny,
Akaim,
Ahdearhah,
Indearkoh,
Tomtetahmah,
Morjee,
Ceday,
Anneywallah,
Ahtowoollah,
Alayboo,
Hallaylay,
Ahchucoo,
Aponnaybay,
Marcoloo,
Ahchaylayhoo,
Heneah,
Ahbuggah,
Ahwooddah,
Mannagah,
Aneahdoomy,
Ahkronko,
Moorday,
Ahneahgooroo,
Ahkutcha,
Woocoroo,
Warchwa,
Aitchage,
Emarrah,
Nanyah,
Ahfaywah,
Enam,
Edayhah,
Embahfoh,
Quasah,
Aneguinamary,
Ahbeahka,
Olloo,
Deahkanno,
Alleagah,
Imboykay,
Imbarno,
Imboylay,
Wancome,
Beamkoo,
Konahkah,
Annahcome,
Glass,
Imbahcome,
Yangbah,
Bollowomah,
Paglah,
Woney,
Chabay,
Allahsesee,
Heymo,
Wawah,
Yamokey,
Sangbah,
Bahba,
Jafah,
Fahgue,
Coombo,
Darbondo,
Ballebah,
Yaquah,
Tabafuima,
Conay,
Sesee,
Jumbe,
Tienga,
Wahwe,
Greyjo,
Davey,
Flomah,
Yayar,
N.jawe,
Hanlee,
Halabo,
Sanbah,
Sherey,
Vamah,
Bakaboy,
Debe,
Sabumba,
Gree,
Juvee,
Mandabuay,
Diyah,
Bato,
Fasamah,
Jaffo,
Goobar,
Nobo,
Karefemah,
Dasemah,
Wowoo,
Sabe,
Coondo,
Coto,
Cabba,
Nayaqua,
Quisee,
Darbo,
Kahle,
Dowerger,
Sombo,
Bonno,
Choka,
Shagombo,
Famanjo,
Tahvee,
Bundoah,
Fangoma,
Dalvolle,
Bunge,
Gillingbu,
Cogbolay,
Yaforee,
Kanree,
Cajebah,
Tcho,
Tallo,
Kafe,
Kafui,
Bayo,
Garro,
Kunya,
Yayae,
Taro,
Allahi,
Gawanga,
Wonday,
Ki,
Mabuay,
Fanga,
Miefa,
Kamowone,
Choro,
Arrahka,
Yandevey,
Matoay,
Sovenee,
Fafa,
Fui,
Humpah,
Fahmo,
Cojee,
Tobange,
Fayambay,
Jolo,
Nasso,
Bama,
Kessee,
Kide,
Sie,
Covie,
Yafo,
Perey,
Benkay,
Domo,
Latona,
Woondo,
Foyah,
Camo,
Dakay,
Fashay,
Pieyah,
Quawe,
Bunda,
Goombe,
Ruomah,
Sow,
Pacabay,
Shabo,
Panday,
Dahhe,
Mandema,
Gawo,
Fahtome,
Pomay,
Tonay,
Yadoo,
Bapay,
Besse,
Kayongo,
Togolee,
Habui,
Gao,
Covee,
Satuah,
Quiyeh,
Kamo,
Dobo,
Kapoo,
Cobwe,
Money,
Coreah,
Gabo,
Coay,
Cobe,
Sone,
Chogun,
Comma,
Fiyea,
Boco,
Doji,
Dehey,
Thomas Jones,
Acotoo,
Conah,
Manjay,
Mangoro,
Nengay,
Yonbah,
Mietay,
Yallaboy,
Mahtangah,
Mahtay,
Yahne,
Tahbah,
Yawo,
Dao,
Moworo,
Mahtowa,
Kunyeah,
Mendenyah,
Baya,
Mam,
Mahpovo,
Lomba,
Donda,
Chenday,
Mahfingay,
Kenyah,
Matto,
Yamaree,
Mahquay,
Ekobedu,
Onnorka,
Assejaco,
Moheree,
Ekaraqua,
Waquasee,
Allaga,
Eshoasee,
Umboolee,
Ebbarja,
Mahlee,
Echonwagee,
Woora,
Morda,
Omor,
Ecarrapo,
Ozoomma,
Enyar,
Emmooka,
Woocorja,
Efadeato,
Ekqua,
Oyadomah,
Ennaca,
Oboonn,
Nobolay,
Eseenn,
Cheka,
Ocheatong,
Edja,
Toowooro,
Appanama,
Wooroma,
Towoora,
Apoyoung,
Molee,
Woochagee,
Towooro,
Cannah,
Attahshea,
Allear,
Acquashay,
Echa,
Barfo,
Waryaha,
Garfolay,
Eddera,
Waddecoob,
Barqua,
Oborfo,
Deanka,
Alleoga,
Odoomah,
Ebbooram,
Wooka,
Waryarcho,
Boaca,
Wanna,
Bojonnoo,
Borqua,
Wardeoca,
Warquah,
Ekka,
Waryahoja,
Accorqua,
Cargayehoo,
Boqua,
Boca,
Parba,
Alleaga,
Marnah,
Carradeong,
Engo,
Vonka,
Tawa,
Com,
Acamasee,
Acomsee,
Dembot,
Nyam,
Ongo,
Cadem,
Engefa,
Incopit,
Monbanque,
Monypho,
Ibianko,
Enfole,
Chereso,
Enfonka,
Nyamsa,
Moba,
Vonga,
Envon,
Comosa,
Ensam,
Ensa,
Gettaga,
Emba,
Omba,
Commesee,
Enguan,
Forpo,
Elompa,
Ochoqua,
Beko,
Ocraka,
Ona,
Achoka,
Aholo,
Asa,
Allechanto,
Eleymonah,
Olaque,
Oque,
Obe,
Tapo,
Omeriga,
Affiah,
Abi,
Abasin,
Anyah,
Abo,
Yah,
Bata,
Mollayah,
Accrombo,
Incaray,
Deso,
Oqua,
Oto,
Tandop,
Eyon,
Daket,
Ebang,
Olong,
Feminda,
Acommisa,
Ohob,
Attomo,
Fommah,
Engaga,
Imcomba,
Indefon,
Ongong,
Soba,
Abaguma,
Mondam,
Ayou,
Angoma,
Abbia,
Efim,
Ashin,
Ankui,
Affyon,
Affion,
Ensamwah,
Esew,
Gasa,
Ballega,
Emo,
Enowan,
Asim,
Ebonyo,
Adea,
Inja,
Acannem,
Enem,
Indeat,
Gontam,
Onono,
Gendayah,
Acqualie,
Auquah,
Ecbanyon,
Oumah,
Engasa,
Acombia,
Ashian,
Allay,
Owam,
Adjah,
Ammiso,
Okoah,
Onasim,
Nama,
Youmah,
Omar,
Condar,
Emberika,
Bexon,
Embokay,
Afin,
Azaloo,
Affuim,
Enubalo,
Appatawoo,
Attofo,
Assion,
Affiong,
Atton,
Affon,
Enswah,
Jamo,
Joam,
Wolalom,
Acpoena,
Atta,
Awalica,
Eogon,
Acparie,
Apoyoh,
Affaio,
Macfion,
Oranca,
Elemfon,
Adjanadaminowonee,
Ambia,
Sowado,
Enguna,
Ofiom,
Anatimva,
Abos,
Enchanee,
Formot,
Encora,
Tima,
Ambi,
Wafah,
Mompha,
Gomso,
Coho,
Abbass,
Agasa,
Agama,
Asin,
Achon,
Embrokamo,
Mananca,
Saone,
Embala,
Ayua,
Affamwah,
Agasay,
Saynanim,
Enyam,
Kasuy,
Uba,
Ryamba,
Accondam,
Allin,
Agasaw,
Allet,
Gongasay,
Myamco,
Ano,
Lanta,
Montion,
Enyahm,
Injoy,
Baco,
Abass,
Eno,
Abasamo,
Marnfo,
Bonle,
Onafame,
Allinwa,
Adawo,
Alloka,
Chocola,
Archao,
Adoloo,
Abagena,
Ocoleco,
Darbolo,
Mogeba,
Allamoo,
Arnoba,
Danfo,
Noobe,
Anekah,
Arloola,
Ebogewonar,
Ardarsee,
Ibohah,
Jado,
Ashano,
Kalamekar,
Ocolinwar,
Ebarche,
Imortor,
Oleearhah,
Enormoryon,
Abban,
Econgo,
Olorlor,
Oochamwar,
Oochando,
Onoroo,
Argammoo,
Tekenerah,
Equadela,
Aquallo,
Micontah,
Mardadaquah,
Enaboocharwah,
Ecalolo,
Eharbootoo,
Echabegan,
Mardaway,
Webo,
Ingorcor,
Ecargorno,
Akelee,
Assome,
Ejaree,
Wannoro,
Agadara,
Anearboo,
Ocronqua,
Egecone,
Jercobee,
Enarasay,
Emmorkar,
Arpo,
Onenanah,
Ebadenor,
Oocharboowa,
Ardeba,
Omenika,
Arparbee,
Addewaque,
Ocarfore,
Egabugannah,
Onearmarche,
Enorcar,
Angonebee,
Orcoo,
Imba,
Sawar,
Oitar,
Tarcomb,
Tako,
Artam,
Otootoo,
Ogordor,
Barge,
Achain,
Ooror,
Aneah,
Acandemn,
Arpan,
Oomore,
Oodom,
Oromto,
Oomorden,
Oomoredan,
Appannee,
Oolor,
Olom,
Oomoredemn,
Aseen,
Aparbee,
Arbor,
Airbor,
Appieto,
Gebondo,
Cooton,
Tolesay,
Injorcor,
Arhooday,
Bafor,
Alegolor,
Manrawah,
Imbaka,
Damar,
Gamoohar,
Injogelar,
Badarko,
Ebarkorbor,
Abbarlabah,
Oah,
Taboo,
Aloogooche,
Inor,
Borsem,
Indarlar,
Arneeboo,
Ochoranee,
Archoochin,
Arporbee,
Seegee,
Memor,
Metobah,
Ajewcoontar,
Andapah,
Ooolom,
Oopah,
Achavoo,
Arbassee,
Imbola,
Arzuma,
Warhendogobah,
Warbar,
Ocooatay,
Quasarcor,
Yentay,
Arloojakay,
Annarfronah,
Aleacho,
Oowar,
Warnerseeka,
Coone,
Marco,
Arseebar,
Esookoo,
Intar,
Benangar,
Armanjoe,
Angar,
Artar,
Sinnee,
Ocarrafo,
Bearsaw,
Enemobe,
Arquaydo,
Arbarsar,
Cootar,
Morta,
Chahoono,
Jator,
Coobanza,
Arwedah,
Icabbee,
Chabor,
Alagoo,
Arzarbor,
Cobah,
Arbela,
Aznemoh,
Allegortor,
Alloluo,
Abbarsee,
Ocologoe,
Togoraw,
Moredem,
Ooraw,
Acando,
Mamrah,
Appanoraw,
Aesaya,
Apparbeo,
Arcabb,
Accarno,
Norsoh,
Anor,
Orcotor,
Numasee,
Woconnor,
Accorda,
Accorday,
Abor,
Attum,
Younsvonka,
Edorko,
Anewangor,
Alebelawah,
Oror,
Guasurimbah,
Agwear,
Abebar,
Abarcom,
Amordebe,
Annor,
Baka,
W.as-aka,
Normo,
Enamojee,
W.arnarwah,
Imbarfor,
Quimpee,
Onocho,
Inorlor,
Bokay,
W.adekar,
Ador,
Oleor,
Warsee,
Orawcor,
Necoee,
Arcaraba,
Ewarno,
Morbor,
Morkor,
Seebray,
Agaboh,
Yargee,
Yadequay,
Ekingwa,
Ennorwonza,
Arsomah,
Beneka,
Eyan,
Oowarn,
Adearka,
Aqudoomah,
Dayzarkar,
Andar,
Oowah,
Wanneka,
Arconebo,
Marcor,
Arnebama,
Wardor,
Wangasay,
Mardinwah,
Olar,
Aharkar,
Odum,
Harboo,
Annoe,
Abbeolah,
Agericar,
Yeargagar,
Camalee,
Appannah,
Acpomonee,
Wobechar,
Arban,
Moeelor,
Hooday,
Momoe,
Deeoley,
Okerricay,
Camarlar,
Oben,
Wocharley,
Arbarkprone,
Ocartche,
Onar,
Alardenooey,
Arboer,
Oharquay,
Opoovey,
Wallackar,
Occrongoo,
Honoroer,
Asamar,
Obetter,
Wocrow,
Ajear,
Onage,
Ewoondoe,
Chekay,
Asoockar,
Ocoquay,
Aggosonoo,
Oquarnah,
Yemaboe,
Emomar,
Ogoolar,
Balbermie,
How-woe,
Abbebar,
Ardear,
Aneemor,
Assumar,
Anubay,
Saydia,
Loogarmdee,
Oloofar,
Tammar,
Ogarcoo,
Arefor,
Lammadoo,
Esefim,
Attabay,
Abeomoo,
Dungar,
Ochagag,
Chochecay,
Ondomar,
Chachumar,
Quarsibundar,
Yellar,
Abbedodoe,
Unkpay,
Ogbarm,
Woe oloe,
Warnkepoe,
Aley,
Cundum,
Haray,
Appar,
Aharcon,
Tukar,
Warcoe,
Woochendoo,
Ogozuarnoo,
Mardiabbier,
Onaseka,
Anogorrah,
Ocoroquar,
Arbarrar,
Amerewar,
Azogoo,
Anargoposhinny,
Martemary,
Okaffee,
Warchochar,
Inbovissee,
Onearkar,
Oggoonomar,
Amallornoo,
Ellargar,
Acoolornoo,
Yemmamorroo,
Yeleakar,
Boso,
Arcorong,
Choogoo,
Agarchar,
Oloo-obemar,
Amachee,
Akarndoe,
Ocoronquo,
Abumbargar,
Esheeokor,
Tochechee,
Agbar,
Obarley,
Warncoe,
Ehurazer,
Aharee,
Appor,
Egbar,
Arpanner,
Inyung,
Achawar,
Iyung,
Abipar,
Abazekay,
Indor,
Obechanoo,
Wop,
Parbee,
Kone-ye-noobey,
Okeriber,
Akaberry,
Etowerah,
Carrudom,
Akepoe,
Warurim,
Enee,
Apar,
Warcoom,
Inyoe,
Opabee,
Hootay,
Tim,
Ashanee,
Apparbee,
Eram,
Hoodor,
Parreehar,
Apanaror,
Ocquoyer,
Gopoorar,
Hoocar,
Ocar,
Ogelly,
Mor-cay,
Ajeartoe,
Addar,
Barfoe,
Ecodear,
Barcoe,
Low-wer,
Boquour,
Warnyapoh,
Ogallahoo,
Acpar,
Imboley,
Ingar,
Adeargar,
Boquo,
Boley,
Barbee,
Okepor,
Omorkay,
Attarboo,
Imbokoe,
Abecor,
Oquomar,
Hay-bee,
Darnoo,
Inquarnah,
Ad-damar,
Apokar,
Anashu,
Ocor,
Obotchar,
Acoerzomoh,
Ohekar,
Ocorofar,
Addibbar,
Cottoe,
Purra-wun-gawor,
Lendoe,
Odem,
Owarkpar,
Addaboo,
Menter,
Edoam,
Aj-jar,
Eloe,
Aj-jay,
Barnjar,
Hoorem,
Affear,
Abud-day,
Har-mee,
Age-doo,
Woa-lear,
Ad-dogar,
Abboo,
Hallaybee,
Iyum,
Inquar,
Ecandem,
Mog-geebar,
Opotoe,
Harmay,
Ochro,
Tanneer,
Odea-dee,
Ahbarrar,
Abim,
Tarpoe,
Azum,
Quar-dar,
Enamah,
Equillar,
Eyum,
Enegbay,
Imbargar,
Oparsar,
Abboe,
Infar,
Marboroonkar,
Hye-boo,
Gormar,
Garnyar,
Enneyfronoo,
Imyung,
Ajonetar,
Adday-yar,
Oparbee,
Adde-argar,
Asheelay,
Gerremoer,
Aremah,
Ombudarhah,
Ottum,
Edontor,
Eboachar,
Farboo-yar,
Wye,
Adolah,
Esharkee,
Onakooer,
Oker,
Luquetay,
Chelacokee,
Aleegooror,
Warcalayshu,
Sheer-beer,
Bemgar-chee,
Azoom,
Ishin,
Moe-cobbar,
Agummalay,
Azarshomar,
Oe-de-mar,
Bofu,
Elloocarrager,
One-ochar,
Olear-shu,
Anay-wuchee,
Olenkay,
Dear-cae,
Car-ro-moe,
One-a-day,
Barque,
Imbarquor,
Shabbay,
Arromey,
Aggwargonee,
Cheegee,
Aquarobee,
Bungbardee,
Abbarbee,
Epogoo,
Odelarmey,
Jowookey,
Howooley,
Akezenday,
Ogoodage,
Ochobargee,
Allortor,
Abbarquay,
Chofolovar,
Boombey,
Farboe,
Lebohe,
Onokiar,
Affardee,
Choomkar,
Chabbajar,
Lubajor,
Oneweday,
Addobooroo,
O-goo,
Hommorhor,
J_adoo or I_adoo,
Ovier,
Abeonoo,
Anneonoo,
Goobardee,
Logoodoo,
Osue,
Odebarja,
Abedogoo,
Ofagee,
Coe,
Afoodequay,
Abbearnar,
Farshenoe,
Layinkar,
Adeyemmy,
Marsonnoo,
Odoombarday,
Coakoo,
Howay,
Saebarlay,
Chobarjor,
Osuduloo,
Cowojua,
Larmaroo,
Choobarmowa,
Fiadee,
Alleq-yoo,
Massa-Iarnoe,
Abeoroo,
Opiatar,
Coolenday,
Odefoggar,
Chobezee,
Quarmee,
Largugee,
Odootolar,
Choolarday,
Coodoroe,
Ajjarnee,
Odoombarkoo,
Towoo,
Affoonogar,
Akkeday,
Tabbajor,
O_goodoo,
O_dularmey,
Chotee,
Iyacor,
Toonley,
Alloomee,
Demoiyay,
Adeobar,
Akasey,
Chogar,
Attendah,
Odoomballar,
Bungbullow,
Taeebollar,
Odoonogah,
Agoojobbee,
Aboddoo,
Accorbee,
Aj-jarbar,
Ogoombibee,
Chasheequay,
Osillargar,
Chargoday,
Odoosattar,
Toomcoe,
Paloo,
Awajay,
Addajor,
Lukarday,
Nobarju,
Olarwoe,
Ajjardoroe,
Orreyungar,
Chabarmoewoe,
Filatee,
Ashobee,
Oloetiyay,
Fahletee,
Chodakker,
Akotee,
Annar,
Afoochokpay,
Afootakoo,
Assartoo,
Amosakay,
Affookarday,
Amoreeasarnoo,
Akedooe,
Barngbaloo,
Otoofooe,
Akeloo,
Yemmey,
Edogbay,
Narshelay,
Chabumkay,
Tegbie-ekay,
Hotchoe Tokee,
Olukally,
Adobomee,
Farmay,
Akkenneebee,
Oloolar,
Dassenney,
Ash-hodinnar,
Belarmar,
Ogoo-darroo,
Ah-dayarmee,
Olookarday,
Anekoo,
Farbooyer,
Olookooton,
Akkenoloo,
Addaoosee,
Bromee,
Orookee,
Fargbamee,
Lowootor,
Ire-imfar,
Fieday,
Fargbooey,
Rokoe,
Ajjargbay,
Orocharchonor,
Allarmee,
Odeegar,
Akebollah,
Opowollay,
Ogooshee,
Akkeomee,
Fushaygoo,
Fardabay,
Fartolarnee,
Ogoobaloo,
Abbeonoo,
Oshedokoe,
Soolyay,
Deeroe,
Odebakoo,
Beojalar,
Odekarlay,
Osiabee,
Akkooramee,
Allorbar,
Ajjow,
Ogoobarmoe,
Ajjbarday,
Akketoloo,
Toe-ekepay,
Moboallar,
Aweeabee,
Affoomarday,
Agootarnday,
Queaju,
Chodattar,
Olooquamee,
Jugebay,
Ocoobumjar,
Chobee,
Addebee,
Fargbooray,
Odooshenar,
Sakoomorday,
Carlay,
Affoodaroo,
Shotarloo,
Ogootoloo,
Barnjokoe,
Ocoobay,
Avessue,
Lukie,
Bequay,
Shonowoe,
Fargbooyay,
Lukarkoe,
Chobarju,
Fargboe,
Allarshetoe,
Akkoolah,
Sumarnoe,
Chakoo,
Nyedee,
Odoobow,
Ogoonakkee,
Odukolloo,
Farlooey,
Ammarday,
Damarjar,
Ocooziah,
Asharday,
Bangbarleh,
Rarbaloo,
Narcoke,
Moishay,
Ogoom,
Bunjoko,
Tooshower,
Ogoobacor,
Osee,
Okooyannah,
Palloome,
Oshoboy,
Ogooconnar,
Cho-dequay,
Oj-jay,
Attooe,
Allorkay,
Affoosollar,
Pattacoo,
Tywoo,
Affoosah,
Sam-mocoo,
Ipyeto,
Ahbeer,
Membah,
Enfon,
Farcoo,
Whong,
Tookoo,
Efonny-yap,
Kam,
Zah,
Indeep,
Ahsoo,
Enfaun,
Unfau,
Bucong,
Abondeeah,
Herboo,
Pamyon,
Meshong,
Bahzinge-yo,
Indedoe,
Jemmo,
Idim,
Hoodebah,
Ochon,
Imfobah,
Defan,
Ahwantah,
Effeana,
Kamma,
Adeong,
Nango,
Whang,
Ohbonhee,
Dagah,
Iyauh,
Akkiddemah,
Akkoon,
Zuquar,
Bahug,
Aytah  Baray-afim,
Ahfeam,
Ahbashee,
Etoh,
Ekoh,
Affeam,
Ingermah,
Etonzong,
Eswah,
Yhammaquay,
Gumfor,
Tarwha,
Ning-kumtah,
Debobay,
Ning-quesday,
Asangkin,
Nemfon,
Ekortor,
Inco,
Inkoom,
Infoyah,
Woombahfong,
Beanko,
Infonga,
Tandefo,
Tanfoo,
Chahfo,
Faltoah,
Acquara,
Ingyman,
Obay  Udor,
Inkerrudor,
Ahpavie,
Opo,
Ashean,
Udah,
Indebbay  Umoh,
Whambee,
Humoh,
Inyappa,
Gwatoo,
Infawfah,
Intoon,
Eshong,
Gharrayu,
Umoh,
Inquattay,
Tarchaindah,
Inqueddah,
Fahmooka,
Boonjah,
Incooah,
Ahwarwa,
Enjuggoo,
Komobeate,
Bodoo,
Tangay,
Jango,
Lahfengo,
Koombay,
Deranged,
Odsoweedam,
Leetahkan,
Inkemloh,
Mocongton,
Ahkoon,
Unor,
Amanna,
Uckbo,
Ahpahiro,
Adeackar,
Idep,
Mamtennah,
Ahzarro,
Bakan,
Ingasah,
Inamfor,
Annegar,
Efcar-won,
Kumjay,
Enchangag,
Fonger,
Ahseeamah,
Kayah,
Mahfau,
Eumoh,
Fautfu,
Eertaffra,
Janga,
Echongo,
Echanidah,
Gachindah,
Dungoo,
Gumta,
Okobahsee,
Etang-go,
Ahyope,
Eckhoo,
Zarcay,
Cumtah,
Effeo,
Fonkeir,
Arkarma,
Ahchumfor,
Annumidi,
Adim,
Forcom,
Gumtah,
Garnko,
Affim,
Esong,
Dongoyee,
Tarlah,
Nungoo,
Ezarrah,
Tarkoo,
Etamyah,
Acharshee,
Torfoo,
Ahwassoo,
Indoom,
Falmah,
Indo,
Nimbah,
Inebo,
Cumshee,
Awha,
Tanggay,
Mokata,
Komfon,
Abbahsee,
Aytoom,
Effeyong,
Tambee,
Eshinda,
Aloomi,
Munchor,
Darmah,
Bahfor,
Incar,
Mahfor,
Inkayah,
Epowan,
Gayser,
Mahfou,
Markor,
Efeerway,
Iyo,
Iyope,
Feerwon,
Manto,
Injinqua-efor,
Ezareo,
Eseeam,
Egayzay,
Moscorlay,
Iya,
Aheompa,
Kanjem,
Ahcoon,
Ajahtong,
Jeppo,
Eumorpo,
Mahfon,
Mahfu,
Karroboh,
Chahsee,
Mahgintoh,
Ajung,
Cartay,
Ogoobahee,
Lonacong,
Akkeedayo,
Odooweegah,
Odoomozoo,
Farimmee,
Oaklay,
Lahloting,
Addayea,
Ogoonomee,
Dahdah,
Ocoocah,
Nooconnoo,
Addayeah-morwoh,
Kie-allao,
Lahbooloh,
Blacho,
Ahlahdey,
Coo-mokoo,
Awoolormee,
Koocholah,
Chakelee,
Akkenome,
Lahboloo,
Olladilpey,
Addaloo,
Owarlee,
Arromachee,
Ohjay,
Ogoombaddey,
Akkeetow-wor,
Ogoolarmbee,
Abbaryomee,
Sofoomee,
Akkingwoosee,
Ocho-efah,
Ochoedeepoh,
Ackahloh,
Sarnoo,
Oshotoomahee,
Shodei,
Okoogboladjay,
Onirohtayah,
Akkbuaddey,
Olambo,
Akkuallah,
Abba-ogoo,
Shollah,
Barbojoh,
Sosong,
Pahchedah,
Ammarlahlay,
Orolladjah,
Akkesadei,
Obahyomee,
Abeeconoo,
Ibee,
Akkebelar,
Orday,
Majarbay,
Akkesheloh,
Ebeedoo,
Chiboo,
Akkeyammey,
Fahwoo,
Elachombee,
Ezeeber,
Hoolakah,
Fahtogoo,
Datayah,
Fahchemobea,
Ogoochellai,
Makoo,
Accoojah,
Ojooromee,
Tellerfee,
Arkenebah,
Oweefah,
Eahjemee,
Loomaroo,
Marborgoojay,
Adjebodday,
Oshubar,
Ogoomgbee,
Cassocor,
Choarcoong,
Addacombee,
Ingoajacoo,
Soomarday,
Effoonollay,
Abbahyomee,
Ogoojumoh,
Sotaryo,
Sarlaho,
Eddao,
Darlee,
Ahcoelah,
Ahjaiwee,
Kill-lanco,
Odoollogah,
Oloogoker,
Odooboh,
Dosoomee,
Polohwoh,
Ahkootong,
Ahjarwee,
Erdoon,
Farlooloo,
Narbayee,
Oloomahjah,
Dagachah,
Caoparkee,
Totah,
Coodahzee,
Odejoko,
Addahnoo,
Arkebortor,
Lobetah,
Artoffomah,
Arkebarday,
Jambahcoo,
Ahbeloo,
Artondah,
Soyoh,
Erdimorlay,
Ahdacoloo,
Ordeh,
Ahgoodegah,
Ogoolakai,
Ammosoo,
Onnoyalloo,
Adjie,
Loobagoo,
Lahbodoo,
Ineohmoh,
Choporee,
Oroocortoh,
Chobaloo,
Ahchosee,
Ahlarwee,
Money-apay,
Er-Toolehjoo,
Bambiey,
Olookiay,
Chah-foonkah,
Lahtehjoo,
Bodooday,
Weejarmee,
Ogoonoomee,
Fahjohbee,
Ogoobalajoh,
Ah-Dacoombee,
Oyehtoobee,
Er-foopahlahday,
Er-coosoomee,
Mohtalewah,
Effootooday,
Effoochancooh,
Efootogoo,
Allasai-mawah,
Atchai,
Martarjoo,
Bongkay,
Bonnahdey,
Adjee-fonookay,
Odgee-accoong,
Shoo-gooladdy,
Orramoosee,
Oshoong,
Eccaosoomee,
Eweebe-ce,
Alohlah,
Abbahyommee,
Ottagbollah,
Efahtoe,
Ahbowoo,
Eddoong,
Nashowtoo,
Adjallah,
Obahtodah,
Opoery-fah,
Arjie,
Looshear,
Cholargah,
Fahteelay,
Okee-yardeyee,
Chongoda-ee,
Ammahlokoo,
Choney-lawoe,
Abbogoorey,
Atcholah,
Battoyor,
Larshelay,
Chonedo,
Odoo-oggar,
Ocollonoo,
Nargbijoe,
Fahshelay,
Cholomoo,
Bambia,
Fah-Dalloo,
Teh-Bahday,
E-Lohee,
Chocoombe,
Ohlahpohtoh,
Oshy-omee,
O-Doosohmenoo,
Ahwochasoo,
Lahbohday,
Oh-Mahtenoo,
Lahhoyea,
Oloobaddacoo,
Akkedalai,
Odootay,
Hahlaloh,
Mattolo,
Eghee,
Tahfoloo,
Chogoloo,
Acconoo,
Oheaday,
Ahsoodaroo,
Er-doo,
Coobeah,
Ogoobah-Amoh,
Akkedai,
Ogooveyoung,
Oh Dabee,
Ogoyankah,
Bodoodar,
Abbargardee,
Ocoosah,
Chodeepoh,
Oyeasheloh,
Allabuoy,
Odoochenah,
Fallahnooh,
Odoojapey,
Alladdey,
Fallashay,
Ahwooballoo,
Pafah,
Ocoonoomezzy,
O-goo-bahmowoh,
Dorboh,
Ocoolarloo,
Addahmoso,
Ahgootoo,
Akkewakkoo,
Dosoomoo,
Chobaycoo,
Frazeetah,
Ogoochahlah,
Ohdohyah,
Omootokay,
Oloojoko,
Ahshogoo,
Olocoe,
Dabesee,
Akkelabee,
Oloobadee,
Ejahday,
Ahbohjaday,
Dah-Dah,
Ochahlomor,
Alladday,
Ahyannoo,
Fahdepay,
Igghey,
Ahdaybocho,
Jayafah,
Oreashelay,
Ohtay-Poloo,
Ahmooshan,
Abbeelah,
Adjotollah,
Ogootee,
Ogoodemecah,
Ogoolo,
Elohtoa,
Ogoofoo-ee,
Famloosee,
Weytiah,
Onodoo,
O-day-yammee,
Odoojaccoh,
Akkebelai,
Odjay,
Shoko,
Orayfahcoo,
Dalacoon,
Ogoobamee,
Chahsoyah,
Ogoodaheo,
Noh-Daloo,
Oh-nearlahoo,
I-yonomee,
Ogootayoh,
Ogootaroo,
Looloopay,
Shoryah,
Ogoosharlah,
Dasholoo,
Ochahdepah,
Odoocayee,
Dashawnoh,
Fahchaee,
Cococoo,
Shukay,
Jeboowah,
Ahdayehyee,
Ocollah,
Ahfedoh,
Ohsee,
Jeeboddey,
Ogoobeyo,
Okoolabbee,
Odoobamoo,
Mortorbee,
Tahboang,
Choofogee,
I-a-nooyah,
Ah-Rahtoo,
Erfeahbee,
Fahyommee,
Ojarcoong,
Abbahyommey,
Olajo,
Kooyinkah,
Yaghedai,
Ocoobamday,
Yea-bahdee,
Mahbaejay,
I-epemee,
Ebelolah,
Mollassee,
Ocooyaddee,
Bangkaloo,
Essingkingteshay,
Kolai,
Ommohlayai,
Bollahgoo,
Opbang,
Bomalay,
O-Loddeeney,
Ammahgoo,
Ogoosanno,
Toojeeyah,
Opappeyong,
Etee-emmebah,
Songbay,
Ojayfoh,
Adjahwoo,
Matchechee,
Mamahpay,
Lahtojee,
Mahmoh,
Oloofetee,
Darwoo,
Ogeehedey,
Efammokoo,
Obbommo,
Addahmarnee,
Ayeenay,
Onumallah,
Ebong,
Effohbinnee,
Effoodomekay,
Afoojee,
Yahse,
Omorloo,
Effooday,
Lahsamenee,
Affoo,
Effoosaloh,
Odooyea-yea,
Okosaddoo,
Loosando,
Osaffeemey,
Afooyamboh,
Maroocoolay,
Effoodattah,
Fena-argo,
Immayah,
Ammahbah,
Affooday,
Addenayea,
Manohnee,
Shahfoo,
Awahdee,
Dearcoomey,
Equakerman,
Farbee,
Egarlo,
Ihayahgoonah,
Fahtai-a,
Izzee,
Obobennee,
Teamonee,
Lahbodai,
Iminartar,
Ambojay,
Imonnah,
Mohoaday,
Allarbarnowah,
Ewogang,
Awolalah,
Ordanoo,
Cooballadjah,
Moleahday,
Olohcah,
Bomballah,
Ogooshaddee,
Eggoollah,
Mohjeebah,
Coopooloasee,
Abbahlimsah,
Bahyamoo,
Ammootopay,
Soroogkay,
Ordabee,
Akkelottoh,
Allarwooday,
Deomee,
Akkeallay,
Artoh,
Toongkah,
Arjeebottay,
Larbooloh,
Tanebe,
Larlotong,
Arroogang,
Sholamee,
Ahwosoo,
Poyea,
Sarbay,
Marbrookay,
Tamoonee,
Darbelai,
Ekoo,
Famahpararah,
Ahyahro,
Ebasee,
Bamear-reatcher,
Tahtee,
Mahbearallah,
Bardoh,
Oongooloo,
Ingohloh,
Jeankah,
Ingohnoh,
Wonsharlah,
Ohtah,
Oongoloo,
Ingooloo,
Boomboo,
Moandah,
Mah-Jew,
Ingohloh alias Goolo,
Emsahmo,
Barnee,
Moeteh,
Mahwoongoo,
Two-oo-Two,
Gornay,
Coowanggah,
Engarmee,
Look-kile,
Wootoo,
Oonpoor,
Boo-Congo,
Loochebee,
Mooandah,
Mah-jew,
Lookibbee,
Fook-koo,
Me-see-her,
Loochibbee,
Longahnee,
Moweyleh,
Meanday,
Gahmoonin,
Oongoaney,
Lookibb,
Oongoolor,
Moocaloo,
Choofooeleg,
Hezahnah,
Gowkah,
Sangoyang,
Mahbcardlay,
Obarngah,
Oongmahkah,
Ongohnoh,
Oam-boo,
Lookibbe,
Boongoo,
Yembeh,
Lukid,
Moquanggah,
Me-see-eir,
Gooloo,
Cong,
Meangoo,
Myomb,
Pormboh,
Boombah,
Mooquallah,
Betahwo,
Icumah,
Paemba,
Gettay,
Mysah,
Goondoo,
Beandah,
Ye-ang-gee,
Che-neoggo,
Pembbah,
Neanggee,
Bohtay,
Booanggah,
Nearmo,
Leornah,
Massahlah,
Lembeh,
Codee,
Mahseekah,
Gannbay,
Oonfoondah,
Boonnah,
Tooboo,
Cheeanggay,
Cheveah,
Boonah,
Gambahnee,
Zadee,
Codeea,
Neambo,
Bahtah,
Neangee,
Gambarn,
Seh-seh,
Lornggoh,
Coro,
Mohquahlah,
Mahsekah,
Lohkoh,
Oongoon,
Gambarnee,
Kenggeh,
Goonah,
Goombay,
Booangah,
Gormbey,
Seambah,
Z-dee,
Kenggee,
Gambornee,
Jangee,
Leekeeboo,
Gornah,
Lokebah,
Bammee,
Gawhkah,
Paddecoh,
Soomboo,
Poor,
Near-to,
Zeng-gay,
Ompoor,
Chonnahchair,
Moosenggah,
Chin-curse,
Mah-Beallah,
Cheesengo,
Coowah,
Mootah,
Sarmbah,
Moocah.nah,
Mah-Voonga,
Chumboo,
Loocheboo,
Zorndoh,
Kowah,
Lieuembah,
Makketah,
Pardah,
Zahbee,
Mahkarnee,
Molawndah,
E-Chebah,
Secbah,
Kelimbo,
Leoh-saw,
Doofooennee,
Moil-lor,
Mooahbah,
Engehley,
Lakibbay,
Cheockko,
Quahangah,
Me-see-err  Oongooloo,
Mah-Voongoo,
Ongohloh,
Boat-asee,
Barnnee,
En-Gorlay,
Cheebeindah,
Lehambah,
E-goondo,
Garmbah,
Mooseeannah,
Melonggoh,
Moolohjoh,
En-sahbah,
Cheeborndoh,
Bahyee,
Sarkah,
Chair-angeh,
Laembee,
Lubarmbah,
Gormbah,
Gumbahnee,
Poor-lah,
Zarmbee,
Sah-hah,
Gambarny,
Neangy,
Gormbeh,
Booang-gah,
Cordeah,
Dooloo,
Pemb-bah,
Kid-dyo,
Ching-gombay,
Toolah,
Pah-woo,
Bah-yah-be-ney,
Payembah,
Quay-yee,
En-Zerleh,
Kibeandah,
Selah,
Lemdee,
Cormpee,
Okoockay,
Ahmoocan,
Ocraffoo,
Enoobee,
Obeahchee,
Ahahnonoo,
Wokirry,
Bazza,
Emmenanany,
Oyecoolay,
Oogoe,
Agueem,
Oyahwoseah,
Ogoobeah,
Atchy,
Ewhoyong,
Ohay,
Onneedoh,
Agaloogoo,
Mainah,
Edgemaffoo,
Ingcarmarree,
Ingdoodoo,
Ovoongdah,
Monohbah,
Rotchoe,
Ammera,
Ebangah,
Opabboo,
Ewohang,
Weegah,
Chimmah,
Madekah,
Chikkoo,
Akkandah,
Oneahcolah,
Okajah,
Owasookay,
Ammahboolee,
Okirrebo,
Abbarah,
Asahlah,
Wazoakay,
Oconnoo,
Allahsim,
Inkooahtin,
Barheleekay,
Adjeebogoo,
Saddogee,
Waryargo,
Abboolay,
Attahyar,
Imbollah,
Alloolee,
Ocogong,
Olooezzee,
Imbroozong,
Koochaloo,
Omarleah,
Warnkoh,
Achalai,
Obahshee,
Morray,
Areyang,
Appanee,
Acone,
Ocoleah,
Orrohchai,
Oomarrah,
Ocoroncoh,
Abrentha,
Ebokee,
Orrowah,
Engrobah,
Ommah,
Ayamobee,
Odolassee,
Zanahcowboe,
Wooranmey,
Edgemaffa,
Checolobah,
Acquaybong,
Senarnee,
Omahcah,
Addolay,
Aranee,
Ahsogwah,
Ocorongcoh,
Allarmenoo,
Cheekoo,
Ococha,
Mahdahgoo,
Imbaboo,
Achemorchah,
Ortchor,
Adjork,
Enomoy,
Arakarsee,
Ohgannah,
Oseekah,
Ahnee,
Ooday,
Orhahwegee,
Warthrogoo,
Owoongboofong,
Wosdo,
Okarzeah,
Omojah,
Chuckoo-Wodlasee,
Aheenayah,
Erahyang,
Ocareecai,
Wallark,
Ammahchee,
Ocaboo,
Ogoboe,
Obeahsoo,
Ekingah,
Ordooday,
Mosey,
Boadgee,
Alloocozong,
Otoowang,
Ocoroanpoh,
Appahchee,
Injorkoe,
Ocraffoo alias Oboo,
Nargemesee,
Obo-o,
Bocong,
Innohdem,
Ebaboolem,
Onachee,
Onnorwhy,
Ajeelonoo,
Wazookay,
Oocoomalem,
Argaim,
Olawhopoh,
Wakam,
Warnarck,
Ojeecongwong,
Ackawelong,
Ohangish,
Eazoowah,
Onoroboo,
Imbargoo,
Narwoolasee,
Injorcong,
Offohderai,
Ollooah,
Offondoh,
Onarnesee,
Woorakanunah,
Ookajay,
Alendor,
Ajeecoogang,
Okaryonnoo,
Aquaymah,
Wakongah,
Ordoh,
Onnoohang,
Mazerookay,
Ezzay,
Oyemoocha,
Annoowakay,
Ammahdee,
Imbrookem,
Olayah,
Baboon,
Alahwha,
Emmahgonoh,
Daddy,
Allaiahgah,
Ekoon,
Eyam,
Narmatchaie,
Wahngah,
Ewhoah,
Oogooloo,
Oleahcong,
Azeahcoyang,
Chelayang,
Imbocoh,
Nainchee,
Oneygotoe,
Waiza,
Amoochah,
Wanimbahnah,
Abezai,
Warndah,
Ronah,
Oyamarah,
Ogeesay,
Wazebaquay,
Abbahcahang,
Egelemlay,
Mattoobar,
Oddoomah,
Adjukapobee,
Abbootam,
Allahwang,
Mordaibay,
Oneycolay,
Accahcoh,
Ahwoquay,
Ebargay,
Ooquebbay,
Awoorem,
Arnoohah,
Izzay,
Eromee,
Ehonnah,
Wonpoh,
Wongsoo,
Wocoro,
Ammachatah,
Orobo,
Ebahwoonjoh,
Warchookoo,
Mocolee,
Chelom,
Edarimah,
Ahyambroofay,
Abbannah,
Mohyee,
Atchee,
Onnohah,
Ammahday,
Ocollahlee,
Wantah,
Quorrazah,
Tangah,
Alahzoong,
Badgee,
Odoobaih,
Doccoobah,
Ezzaroomay,
Ohwoohonoya,
Affiahcorng,
Bofolee,
Afoobay,
Assokay,
Mohrem,
Wancoh,
Chodoornah,
Acconquah,
Oharee,
Aggoomoh,
Worgegee,
Narngya,
Oboomah,
Alemah,
Imbafoh,
Wanahbrokoh,
Otoachar,
Imboccoh,
Cheedah,
Immasaday,
Ollengah,
Ahheezahee,
Odoommah,
Imbockoo,
Ennahee,
Shabalar,
Adachang,
Ebboochee,
Chanarkah,
Warhay,
Addochah,
Ehang,
Ochacong,
Akkabootanee,
Achewoo,
Ahzoong,
Okam,
Omahdah,
Onnozoo,
Edjemogor,
Oconongkoh,
Oneycoro,
Naygermonah,
Orocko,
Accolonee,
Maddoobitche,
Maddohogoo,
Ework,
Obashee,
Ashang,
Cheenah,
Ebonnoogoo,
Egiddy,
Annalay,
Manabay,
Acconee,
Mitcheo,
Addorjah,
Yahdadai,
Achapah,
Artee,
Errangagay,
Cabbahday,
Assennee,
Attombee,
Indibbesshee,
Otobee,
Izboddee,
Kaghekong,
Pakaray,
Polee,
Imbork,
Ageelah,
Ahdooloo,
Abbahcoo,
Chopponah,
Ohwoonchequa,
Chookoom,
Arrogue,
Ebessim,
Inkenderem,
Ewhohah,
Indebbessee,
Adjaloo,
Accamelo,
Aghembah,
Omahwakay,
Imahmarlay,
Ehornah,
Waika,
Ahelabo,
Agemaffoo,
Wartookoo,
Ogoosoh,
Addalar,
Wongkakai,
Cheemay,
Angoolai,
Ocoolaccoh,
Olembah,
Innarrem,
Orchai,
Angoolammah,
Ezza,
Orguannee,
Eneepoh,
Innahmarnee,
Oraffoo,
Manoobee,
Akacah,
Onololoo,
Ezakey,
Osajay,
Adjulo,
Hahwekay,
Camahloo,
Oneyacoolah,
Asheawollah,
Ocaffoo,
Incolloh,
Appossoo,
Onayollonoh,
Edgeekah,
Wangcoh,
Obalakay,
Oolahyang,
Chacaboo,
Machor,
Onohyea,
Obayah,
Eddahai,
Feeboo,
Betco,
Omenazah,
Erosonang,
Appalay,
Azamah,
Oneycoray,
Orcham,
Chedomorpoh,
Sheewartah,
Ahotaggee,
Ototo,
Ahparay,
Maddoomay,
Alameah,
Agoray,
Acangwolai,
Amanecay,
Inchikkay,
Oyamoyah,
Wakerendah,
Ogeelaggah,
Onnoohah,
Doddee,
Obannee,
Ocarakay,
Ammanoh,
Arnoe,
Azzoockay,
Intooloo,
Ezzeegarnay,
Eraboo,
Alooakay,
Onnoyah,
Adjabbah,
Oneapotoo,
Ahwang,
Cootoh,
Abbahdee,
Chomatee,
Attai,
A.T.,
Ahquallee,
Itomee,
Sheedee,
Annamoh,
Ocronoe,
Daddahrochay,
Assefronee,
Chaneekoo,
Oogookay,
Debbah,
Ashemeeyoe,
Attemah,
Abbanah,
Ezzaneay,
Intoo aboyea,
Omachekoo,
Aggojeah,
Emahjah,
Akkahfoosee,
Ezeoppoh,
Imottah,
Chenam,
Injokong,
Ebahleco,
Orrack,
Ebbalah,
Edgemagoh,
Okeracay,
Oyengiddy,
Yezzee,
Cochem,
Malahyea,
Abbeahpah,
Onneacoray,
Amaneyah,
Allohgo,
Ahpassa,
Warnpo,
Cokallah,
Entour,
Joyue,
Abbaboo,
Ajaboh,
Ahmerwah,
Coneko,
Adjokoo,
Ahseemee,
Senanaboh,
Icheemee,
Indoo,
Arangoo,
Abbootoo,
Chepper,
Looquarbee,
Geegaryah,
Waingkai,
Inditsay,
Onnee,
Nanawoo,
Madahnee,
Zoobarrah,
Ogheree,
Angooroosso,
Oosommah,
Warntah,
Abbogoh,
Ahwooyah,
Wang abnog,
Okahhanganowah,
E.E.,
Anmahloh,
Ammahchamah,
Eshegoosoo,
Acobee,
Ocone,
Shebbay,
Obconenoh,
Accomboe,
Onnohwhoh,
Onguebeco,
Ahjewogoo,
Eyategay,
Ahjotoe,
Ahahnoh,
Imbahjie,
Chittam,
Annecah,
Bahwoonecay,
Woncora,
Obeahjasay,
Sanbaprowarree,
Indebissee,
Ocorongco,
Oboo oh,
Attaroo,
Abbahmoah,
Ocorongkoh,
Ahwhah,
Chelahmo,
Anekamay,
Jemballah,
Allarmaccoo,
Cooarjah,
Orbah,
Ommahmowoocay,
Ooyah,
Abechelai,
Oyaweechee,
Ogooway,
Akoonho,
Annohjoam,
Apparrah,
Ocraffoe,
Wongyia,
Ocore,
Imcoe,
Innahgee,
Atcoy,
Aloojee,
Ewhallah,
Achim,
Oyentah,
Ogo-atay,
Etodoe,
Onnohwoh,
Addanoo,
Ocraffoh,
Narfoo,
Acay,
Alamah,
Kootron,
Oogoo,
Echill,
Edogoong,
Ocootennoo,
Oowahjay,
Addabee,
Wocoroe,
Oboddagoo,
Enajee,
Ornoo,
Attamojorfay,
Quasheemamah,
Onmah,
Oleohlah,
Ahwotaquah,
Ebenacoo,
Ebejay,
Ewoondoo,
Whyochah,
Agheeney,
Imbokkoo,
Addorchay,
Adjemamah,
Wandoh,
Mocobboh,
Owaroo,
Wayorcha,
Addayhee,
Warnahtoh,
Pallahcoe,
Aremoh,
Worberah,
Campo,
Obolahcah,
Abbaddah,
Yemtoo,
Allaboom,
Ammaddah,
Yemjaddoo,
Matoobah,
Imboccoo,
Eyahwoonay,
Ewhooarzoo,
Addocoo,
Annay,
Oonguah,
Whyorchak,
Lawachee,
Amatta,
Er-bamb,
Embehkay,
Wahbahcoh,
E-Neang,
Affin,
Oomoh,
Errem,
Ahbahsee,
Moocanyeh,
Acooway,
Cah-cah-berry,
Arang-gah,
Forebay,
E-quehdeh,
E-sequay,
Ahchahsay,
Fomteah,
Chahsay,
Fore-foo,
Chefore,
Fah-coh-fore,
Yappah,
Morey hah,
Jay-jom,
Farma foh,
Atim,
Camfore,
Come-tah,
Forefoo,
Ah-po,
A-pay,
Gorn-dah,
My-yombay,
Ahwocarn,
Ahshebang,
Ewahboolebarquoh,
Tarforepah,
Fortoomcor,
Forfoo,
Datah,
Addarah,
Accanden,
O. Omoh,
Norngah,
Addeacah,
Ayang,
Acua,
Monynetah,
Mongatah,
Mongohtoo,
Mondoh,
Injogoon,
Inguarnoh,
Modah,
Abashey,
Chorokoab,
Adeemay,
Imyembah,
Quaday,
Boofoh,
Foyo,
Oloochay,
Baramon,
J. E. Mah,
A-yananeo,
Incaratim,
Idem,
Fon,
Ekang,
Imbolokewah,
Forteoh,
Emmeyo,
Imbofoh,
Monteah,
Farmowah,
Forfee,
Efangah,
Mandefong,
Inchindah,
Incharpee,
Inchaindah,
Mormoo,
Fomohgoh,
Oddong,
Moosoo-oh,
Oabeah,
Chopfoh,
Atar,
Ingoofoh,
Forkoo,
Moreekah,
Ingwah,
Akoorai,
Intoomchah,
Corbah,
Etang,
Mondah,
Incatchee,
Nahjembay,
Arlo,
Nohmoso,
Ingassay,
Ingofoh,
Forjuay,
Carlah,
Foongoo,
Agofoh,
Goofoh,
Cheafong,
Defang,
Deteor,
Comeloi,
Tanegan,
Lahboo,
Apetay,
Formoco,
Opamong,
Sappy,
Mansah,
Ah. Callasen,
Wahmain,
Indongaten,
Monoyoh,
Mobampah,
Momfoh,
Affomporocar,
Injunco,
Allahfoh,
Manbonasabo,
Hangkarnnong,
Abbasee,
Agnor,
Assammah,
Marmanansee,
Ingusa,
Mamfon,
Ademamwon,
Ingazam,
Inyam,
Equor,
Ungofor,
Mooree,
Fecoo,
Arrock,
Mongarchar,
Imbaffoo,
Fongee,
Imbara,
Manfom,
Annany,
Ossue,
Iacay,
Yanmal,
Warrar,
Inchong,
Adjay,
Ongofoh,
Ocommo,
Mangochar,
Sa-afra,
Mamfoh,
Aqui,
Oneoko,
Onnah,
Arong,
Aking,
Doodoo,
Padanoo,
Asamoh,
Imbacasah,
Lahcolai,
Odooladjay,
Adahjah,
Coo-ee,
Mangcollai,
Onooaday,
Mondoo,
Adaseenah,
Adeelaccoo,
Lazzoo,
Abeoddoo,
Latoelo,
Addahjee,
Okkoo,
Ojahjay,
Ogoofosong,
Cabbee,
Oolahday,
Allahddy,
Occollah,
Onecoo,
Mahfolecoo,
Ooloyee,
Accooallay,
Ohpoyolee,
Ahbogonee,
Teh-teh,
Ohdolahmee,
Yah-poh,
Oleohdoo,
Awolohmee,
Day-weh,
Dosoomoh,
Ahbo-bo,
Ahbo-ah,
Moosoo,
Ahboseh,
Ahkay,
Ocooallay,
Bancohlay,
Fahbody,
Ahlahday,
Ahmohney,
Nohkyah,
Ahclamahnoo,
Oyeatolah,
Wehtoe-obo,
Do-yoh,
Shobamoloo,
Ceahloh,
Ahaj-yeh,
Yah-O,
Yea-loolah,
Ibewoo,
Ohgabbee,
Beah.O.,
Odoo.,
Ahwoolay,
Bo-yoh,
Noweday,
Goose-soo,
Boncohlay,
Dagaynoh,
Nodonoo,
Cahsoo,
Coh-joe,
Appossee,
Abbokee,
Okerong,
Ogoobangay,
Tanomee,
Yadai,
Afootornay,
Ahgebbee,
Banicalai,
Abbeonay,
Chahfookay,
Odoo-car,
Ommahlai,
Awoomee,
Okahtah,
Tosey,
Baloe,
Oyeayohmey,
Ahbahley,
Amlay,
Imrooahdee,
Modalay,
Folahweah,
Bohomee,
Indonah,
Obocussee,
Barloo,
Injarkoo,
Ammabah,
Ogoopolee,
Omamee,
Ormpor,
Chambah,
Ahholoo,
Boarn,
Affomay,
Arkang,
Afie,
Mojai,
Karawono,
Assabah,
Boanee,
Channo,
Sagodemah,
Delenonoo,
Marhisapay,
Annonarwahme,
Ladanusay,
Lucimee,
Parnlokah,
Pocassee,
O.Wassee,
Darnee,
Payoosee,
I'Epago,
Boabee,
Layueday,
Agacoloo,
O'Luekah,
Adalaka,
Achupah,
Odujobee,
Abballah,
Rokoo,
Abbailai,
Toongoo,
Ompay,
Moneapay,
Yea-yea.,
Osabbee,
Allalla,
Allardoyoh,
Sagotollah,
Lamahtoo,
Iapolucah,
Addaoloo,
Sangulolah,
Molumah,
Gambaloo,
Ahmadoo,
Ijaie,
Odoobassa,
Ageemah,
Luguaya,
Fattomah,
Affokiyo,
Bossasay,
Nodoma,
Wasaia,
Fassee,
Bonvey,
Bofamey,
Conjave,
Bonbee,
Bouvee,
Dacoomay,
Boebee,
Boevee,
Dayomee,
Bonvee,
Olotumee,
Mahlayea,
Odjakay,
Dadjay,
Lahnakay,
Koojaneah,
Ogoobelajay,
Toahtee,
Ahyuahwoo,
Akooyoo,
Okoomaddy,
Ochahgoonoh,
Ahyoramey,
Ahchondah,
Assahbee,
Banbarlah,
Ahgong,
Lahrope,
Lahlaya,
Akkewahghee,
Oyobollah,
Fahbamee,
Oroonday,
Beebahmee,
Anayagoo,
Aggosoo,
Esoofah,
Chelooaddy,
Oddoolamee,
Adjollah,
Elohree,
Ahladdee,
Mohkaya,
Choddeah,
Ahkeloloo,
I'pollah,
Ahmosho,
Ohtallahno,
Ogoo-day,
Dayormee,
Ogoofemooh,
Adjeebojoo,
Ipollah,
Igzay,
Orjay,
Fahcobah,
Fahboang,
Ahmoree,
Tammonoh,
Ogootaboo,
Affoh,
Okoochai,
Adjarbay,
Ojoopalloo,
Odoochineah,
Darjong,
Lahwarya,
Bokoryong,
Foodoakai,
Quossoo,
Oyaramee,
Edonoo,
Ajeebotai,
Doyong,
Chokee,
Akkahpoo,
Lowojoo,
Agoolo,
Assadda,
Narworee,
Arnay,
Iyong,
Daddar,
Sy-yah,
Otarumee,
Chomeawar,
Ochalaloo,
Whosabee,
Boroor,
Iyatogoo,
Addafonyea,
Belarmor,
Aggear,
Alane,
Bataryee,
Adjaie,
Otchoe,
Iarbooar,
Mebohn,
Boyaboy,
Ah-bevoo,
Dangarnah,
Olaciday,
Ackaralai,
Coolay,
Ogoochar,
Boyovee,
Fassenah,
Obbarloo,
O'Layee,
Addayavee,
Casasowo,
Aggonnee,
Dasaree,
Norbonnee,
Hotoresay,
Atlarday,
Assinote,
Otchopay,
Husabbee,
Adjadday,
Assoe,
Attotoju,
Oyaboon,
Patabee,
Accolanyee,
Quievee,
Ioesu,
Boocut,
Cobalajay,
Odjue,
Ackatoe,
Ackeobee,
Agoobunee,
Bo-enee,
Fahtoombee,
Ahchahbah,
Ahbeallah,
Boy-evee,
Ohyahbomee,
Goose-see,
Ahsooley,
Ahye,
Locossee,
Bo-evee,
Ahgohevee,
Mahsohfoo,
Ahjahday-yeh,
Attebah,
Tarnoo,
Iyenah,
Addecar,
Asargoe,
Tallabee,
Ahhorsee,
Bocooee,
Bocossee,
Assum,
Arroyea,
Jocohlah,
Ohlahtoh,
B.O.evee,
Ahwaylay,
Oshahday-moh woh,
Ahkahday,
Maday-yee,
Ahsoomah,
Boyohvee,
Dohquay-seh,
Doosoomee,
E-say-e,
Adoonaywoh,
Catoye,
Doeh,
Iekaylay,
Choopehlehyeh,
Ahdaylehyeh,
Ahsahbeh,
Farehlacoo,
Ahbahloh,
Ahpo-day,
Odoosohboh,
Awoonee,
Goose-sevee,
Dahsah,
Ro-cos-see,
Ehfootehyeh,
F-Daywah,
Ahbay-gee,
Ahtoobahday,
Doebay,
Ahjzee,
Ahfeahbee,
Chahcobemee,
Bocoevee,
Banbeyseh,
Doeley,
Ahjebeycoh,
Oloocohtah,
Oraylahwoo,
Ohmohcoh,
Chahpallah,
Cowojuley,
Conebahbeh,
O-two,
Ahyee,
Loowozee,
Ogoonomy,
Amahpay,
Ahbehbee,
Ajiee,
Ocoomahseh,
Dovervee,
Ahbahray,
Ohpohwee,
Afooahley,
Olooketteh,
Doobahday,
Quahsehvee,
Sojerbah,
Ahbahlinsah,
Ahlasahlohmee,
Avien,
Avassee,
Yoke,
Errame,
Changoo,
Bannor,
Nambort,
Accaka,
Dimchesuda,
Ochoah,
Oketo,
John Luke,
Iyah Iyah,
Incharra,
Occon,
Tomboo,
Abbaree,
Occundo,
Manaka,
Affean,
Abbanee,
Oboahnoh,
Tahcoh,
Oboroh,
Morgan,
Gotap,
Bacony,
Carcome,
Ocaca,
Imamee,
Lomsee,
Affonomoh,
Efeam,
Iyon,
Lotoh,
Tarlott,
Iahkgo,
Iiem,
Isseahmah,
Marjor,
Affee,
Unquater,
Offiam,
Yourr,
Tengar,
Injor,
Eyour,
Affair,
Dapar,
Abbartor,
Falconer,
Anjar,
Sefroir,
Ecowar,
Ajour,
Fortah,
Eshateh,
Ohdeh,
Manfon,
Caneshang,
Oncoh,
Carmpeh,
Forebah,
Morfondoh,
Morndah,
Whendahah,
Atoh,
Mohmoo,
Mahcahrobo,
Mohandah,
Yoombooch,
Mohmongoh,
Mahhoongah,
Mooneseh,
Wornbah,
Mohwehteh,
Mohpeah,
Oondah,
Iessee,
Bagor,
Mandem,
Lolo,
Arao,
Abbashee,
Moetah,
Yeafong,
Ertooah,
Whendah,
Monsoh,
Warefo,
Carnah,
Ebey-yo,
Acandom,
Ahbeah,
Ahpahveo,
Ahmah,
Keshear,
Apo,
Agahnah,
Eebehyoh,
Ashane,
Aquoh,
Ahpahweo,
Ahbo,
Jim-tah,
Cogolo,
Asaam,
Ahneah,
Temee,
Ahdiyahcah,
Equoh,
Oowoh,
Ahpahvio,
Gofree,
Ahseam,
Oobohcoo,
Apahyoh,
Epaywoh,
Ozoommah,
Evenm,
Egenoo,
Injohmoh,
Boonaygang,
Obone,
Embehkeh,
Congee,
Oogoommah,
Wahneahkah,
Mafa,
Inchar,
Charanwang,
Ewarshai,
Abayanwarn,
Yangamah,
Marmtah,
Menkam,
Abadica,
Evan,
Fankia,
Barrikan,
Afian,
Banican,
Bemony,
Sanco,
Heckby,
Essem,
Berricome,
Shane,
Moenda,
Comanew,
Tansa,
Sinda,
Akrepay,
Gingay,
Moro,
Afa,
Eta,
Tookee,
Nunga,
Hunda,
Namanda,
Jonguy,
Toncome,
Kumday,
Chinda,
Fortindo,
Antiqua,
Effian,
Effungafing,
Thilacoo,
Ookeri,
Whinsio,
Oopar,
Wambo,
Epunktee,
Funka,
Iambo,
Asickwa,
Equerini,
Fabaa,
Longsee,
Echefor,
Equere,
Forocoo,
Jessee,
Tomsee,
Prexcoo,
Wangfoo,
Egofo,
Chingo,
Iumbo,
Gofon,
Egon,
Mecomia,
Efiang,
Condor,
Unanga,
India,
Ingesser,
Iarnchoh,
Guorneah,
Ingarchar,
Gamtar,
Ingofong,
Dafaree,
Afong,
Affeera,
Quiddy,
Akkam,
Wondah,
Mayang,
Momindoneh,
Guantee,
Mongor,
Ondoh,
Mayam,
Byam,
Eserekeyoo,
Innemettah,
Ahcone,
Acarmee,
Orcoh,
Ecah,
Indibbissey,
Ayemcoh,
Yantoh,
Ahcarwooh,
Accone,
Ahcardeen,
Eyampah,
Wahlahforee,
Anacay,
Apayang,
Tembor,
Narcombay,
Ettom,
Innarjonkay,
Incompah,
Orcon,
Dippor,
Abbahjah,
Bambah,
Effongkoh,
Cranjee,
Essien,
Nasseen,
Ingorchem,
Mahforro,
Naize,
Yang,
Decoam,
Arreemah,
Mytoh,
Now,
Anagoo,
Wentah,
Abeahah,
Inkangee,
Incohchah,
Pahyenah,
Tendah,
Warnem,
Indajukay,
Ebelah,
Monketoh,
Ienta,
Langcolo,
Guaykee,
Aboka,
Guiso,
Akumbo,
Ajee,
Wangee,
Ocoach,
Eso,
Achora,
Mahketah,
Ankassah,
Amy,
Oyoh,
Oulah,
Ausah,
Essuah,
Eponeh,
Efeang,
Etem,
Heyo,
Abasseh,
Ebeyong,
Etingah,
Etemb,
Eccamb,
Muncha,
Effiem,
Imberrigah,
Camtah,
Issah,
Gyah,
Attoofah,
Defah,
Indeffong,
Inchielah,
Endorn,
Equambah,
Imbaneh,
Tacoo,
Assick,
O Colleh,
Essum,
Assuh,
Echiem,
Otuaboh,
Ennoh,
Endum,
Econd,
Etambeh,
Eyarrah,
Quannee,
Imbiree,
Gofor,
Odeh,
Egooh,
Camtary,
Ebboh,
Epeh,
Toppah,
Unguah,
Indeffa,
Arremah,
Moncha,
Enneh,
Owancho,
Songoh,
Indobeh,
Montollah,
Moocoo,
Epoh,
Essendah alias Chohnoolah,
Oropah,
Ingottoh,
Intomorwa,
Ecamisse,
Indeh,
Impabee,
Accamissee,
Sorong,
Domteh,
Comtah,
Ungwah,
Athendah,
Aquabeh,
Okolleh,
Monekah,
Affomenah,
Essiendah,
Lontellah alias Orroh,
Meanbo,
Larka,
Sasah,
Imleh,
Okoroko,
Andocartchee,
Monbee,
Onnoh,
Onlah,
Orror,
Ambee,
Mondefon,
Warcah,
Affamn,
Lamoo,
Ahpahbee,
Ahfeon,
Ashaim,
Oozoh,
Oofoh,
Accandemn,
Candemn,
Oopoh,
Ahcon,
Ehdomah,
Digganey,
Candem,
Ahwooreh,
Carehkeh,
Ateh,
A. Leigh,
Eyenng,
Gesseh,
Encho,
Elawsoh,
Abeechee,
Manjah,
Eyeang,
Accamden,
Elamn,
Be-be,
Abbeeboo,
Tancam,
Effeon,
Ena,
Perecong,
Nacanda,
Ettah,
Essean,
Momba,
Dindah,
Cametah,
Mondem,
Moxplah,
Moasah,
Aoh,
Ottah,
Hacho,
Impana,
Farlim,
Achoqua,
Enchendah,
Enhooway,
Effeah,
Annon,
Impura,
Ayanga,
Seadeo,
Effar,
Footeo,
Assacoe,
Aconey,
Poyan,
Assasoo,
Accrafo,
Montah,
Monfellee,
Eccoray,
Acott,
Opinnna,
Chincum,
Uffeon,
Encum,
Numpee,
Eppayon,
Ketta,
Echindah,
Morfoo,
Boondah,
Quarra,
Tanco,
Ettoa,
Moindah,
Moisa,
Etoa,
Monchea,
Etabah,
Payor,
Wensa,
Indacoa,
Moatoo,
Enchindah,
Ettasoa,
Embatoo,
Sofoa,
Sacabee,
Forome,
Goofoah,
Andam,
Ettafor,
Torcon,
Tamsee,
Eviai,
Ubacha,
Enenacon,
Ushaw,
Chop,
Befoa,
Doyah,
Monjoa,
Iyanamar,
Ahcoo,
Moreta,
Taccoo,
Chacum,
Ontah,
Rem,
Monfoa,
Payway,
Soncho,
Tancum,
Intomuwa,
Essendah,
Demtah,
Dimbah,
Accombah,
Fangfoo,
Tantoh,
Dechoh,
Inguasay,
Tingdomtah,
Golvengee,
Jonko,
Myuatto,
Mamatoo,
Yeangoo,
Jajee,
Mindam,
Sarsee,
Idandah,
Esayoo,
Wandefon,
Wandefang,
Pannoh,
Marnongoo,
Wantee,
Yartee,
Momonfee,
Ongoo,
Langoo,
Jangah,
Mandrokoh,
Omborikoh,
Moondah,
Motee,
Momohfor,
Molombay,
Mohfoo,
Marjee,
Muhah,
Lomoh,
Otooahwen,
Peter,
Mohgetah,
Ahbajsee,
Coofore,
Ahtinn,
Jarry,
Abowan,
Yohnang,
Yandemn,
Ejahohcoh,
Comahpeh,
Yeawoh,
Mohlahsanee,
Joetah,
Ahpoh,
Goohfore,
Ebehbel,
Jimtah,
Afeoh,
Coonkeh,
Apong,
Goofore,
Osooah,
Manquohsoh,
Behkah,
Dockohyeh,
Ecoowoh,
Beseemah,
Edooess,
Gehseh,
Ahtoh,
Montooh,
Angeah,
Mannimbee,
Ahjumb,
Makketeoh,
Afooah,
Ahzam,
Aseeah,
Bahfore,
Manfore,
Oopang,
Allemn,
Oopong,
Mallahson,
Chimtah,
Ahtim,
Wontee,
Mombahfoo,
Longotour,
Maindah,
Bollee,
Mombrokoh,
Omborikah,
Jeumah,
Jentah,
Javay,
Joe-tah,
Odambo,
Ura,
Pevieman,
Analevochee,
Ocarey,
Lecho,
Ugan,
Otroo,
Arojgee,
Ochoocoo,
Ocroo,
Oban,
Emmajule,
Heyjubbee,
Gorla,
Elongeraw,
Emadomway,
Haddomazey,
Ebeemwan,
Ocraffa,
Ammartche,
Abbaquay,
Oqueque,
Emmaquisah,
Abrowweyee,
Indoocomma,
Innoguay,
Osunday,
Hooocrow,
Onwaybee,
Goy-yee,
Yueyuagonchee,
Attache,
Moabye,
Idagga,
Eche,
Oomy,
Coobarye,
Burnjo,
Bemfar,
Weesoka,
Ogoofa,
Emookee,
Amacowoo,
Ammahan,
Ejawan,
Hazee,
Ocurley,
Agolew,
Wedgeenooker,
Chiquendy,
Wama,
Sigaroola,
Onka,
Wennewequ,
Lingacoy,
Ocoonoo,
Acoovese,
Acunda,
Aloca,
Agrana,
Ewan,
Sindobar,
Hoomanaw,
Weybow,
Oprodey,
Ameneka,
Ennocha,
Ennabrishiake,
Ooran,
Oddaffia,
Omorday,
Acooray,
Otaddy,
Opollanyaar,
Omavia,
Ooman,
Archvioco,
Ogueguereway,
Orantee,
Asude,
Moidin,
Orofia,
Opavey,
Aga,
Ochen,
Omorey,
Mordey,
Ennai,
Mordai,
Opavia,
Opavoy,
Morey,
Quarey,
Oman,
Amarey,
Amundem,
Oocooroocha,
Wachoocoo,
Gim,
Opabbe,
Tawney,
Majee,
Echinna,
Emjam,
Toonjeu,
Imbehkay,
Oulaheah,
Gewayseh,
Onwoomerry,
Wahneohcah,
Wokey,
Ahwoonmerry,
Waleahcha,
Chequaymah,
Ahnalacay,
Namebah,
I.E.,
Gahlass,
Walyuki,
Wyneohcah,
Indahpah,
Wyneodoo,
Lohlonnoh,
Woosoongoo,
Imbaycay,
Bohquoh,
Aneahgoo,
Mohusah,
Atooeh,
Wahlah,
Mohnchuey,
Odoo.O,
Ogoolaoo,
Imbooleh,
Wanocho,
Alemaah,
Welmineh,
Checoo,
Ahgan,
Acoonnoh,
Omohdew,
Ahdeahnoh,
Ahpahdeahcoh,
Pohcoh,
Indohcoh,
Ahnohgah,
Ehbann,
Ahgeh,
Enohnom,
Apahmah,
Goolocalee,
Lahpah,
Imbarey,
Imbohmah,
Indoogoosee,
Nohcoro,
Ahdeebah,
Enachair,
Accaberesoo,
Woncoh,
Achahpoh,
Oo.Quehbee,
Attem,
Mahdunahmeh,
Canjah,
Angwah,
Ingueleh,
Andah,
Amnelah,
Imbaffoh,
Imbagoh,
Aquanteh,
Anemleh,
Inchereneh,
Angequeh,
Imbawah,
Imbebee,
Imbequeh,
Neehee,
Moequah,
Acquawa,
Amatoh,
Imbocke,
Effessenkah,
Ollumbeh,
Imbeneh,
Abubueleh,
Cundess,
Indenah,
Wanecho,
Egoowhin,
Hollah,
Uannetto,
Accobah,
Alequanah,
Tieh,
Imboeque,
Imbaelleh,
Indegolah,
Imbanabah,
Awenchichezee,
Imboeke,
Wunyaheh,
Amwah,
Imbohfoh,
Imboequeh,
Ewemtah,
Amarebooh,
Imboeleh,
Accabowah,
Weehammah,
Allontah,
Ingalacoh,
Ebeacha,
Wanyalah,
Edemah,
Arichque,
Ecoeh,
Nempah,
Enetah,
Adentah,
Hanehoo,
Annoomamamy,
Onchaquah,
Ahrahboobah,
Meahvah,
Ahjaroo,
Waterbooah,
Naheallahheay,
Ahnobodo,
Innahjew,
Ajim,
Ingeh,
Eclucoo,
Anekank,
Wokeke,
Okoneh,
Incoggah,
Achocoo,
Ahamah,
Wanseh,
Eleih,
Indoque,
Aquoveke,
Indoweche,
Lemede,
Eleboo,
Wachucoo,
Ayemucoo,
Indeoosee,
Orongah,
Edonga,
Ohone,
Aleagah,
Edwara,
Embooboo,
Anon,
Akoomalong,
Opoodeh,
Ibezemacoo,
Oneekah,
Eparacha,
Orrofia,
Moyoh,
More,
Orrotoce,
Alloabasee,
Modca,
Orrocha,
Rontime,
Echi,
Odoing,
Adamfa,
Etamb,
Salah,
Aquabe,
Ocurrea,
Okette,
Ocambah,
Anazie,
Canah,
Eremoh,
Amarebe,
Egenicah,
Oreboa,
Okorree,
Iragah,
Indeboo,
Obamoh,
Eshiavenee,
Durumbah,
Annasike,
Onookah,
Onoeboh,
Adeadeneh,
Yenehedeh,
Uompah,
Moraca,
Ewolacha,
Ionson,
Tacco,
Teccoo,
Imocho,
Ewoo,
Echeche,
Malazeh,
Indogoh,
Ahammah,
Ebma,
Orompho,
Onegah,
Carambe,
Etowicha,
Camalloo,
Eque,
Ekeleh,
Endowise,
Uweno,
Obbassie,
Ugwah,
Adomah,
Oyadeh,
Gumpasee,
Aboah,
Ageray,
Acorree,
Beceota,
Ameoh,
Enadesee,
Eoncluski,
Aneshee,
Wokerema,
Modunake,
Adore,
Warroo,
Besuogua,
Wokunso,
Bafreca,
Thecoh,
Usuah,
Mereogun,
Achenay,
Ecania,
Eahpron,
Eumchee,
Ahwooroogaga,
Ahboa,
Embahgoo,
Oreaccoo,
Ogego,
Ahback,
Acobbeca,
Aneccaram,
Ollaggah,
Ochoa,
Wahagoqua,
Bechecorea,
Cram,
Ecorreconah,
Lawshe,
Owoonah,
Onnecay,
Essecumba,
Pequoque,
Bohah,
Wachocha,
Enanasee,
Madaju,
Acaulay,
Nangoh,
Essussah,
Untoo,
Imbaca,
Whyochoh,
Esecaim,
Ooeonee,
Efear,
Imboehlee,
Walooloo,
Wogee,
Itah,
Ibolay,
Ibohquoh,
Aboonehhoo,
Epohcoh,
Wahneoloo,
Uozoh,
Ehomah,
Ibakay,
Neahbah,
Ebehcoh,
Wahzoofoh,
Oodoo,
Bahlahcah,
Oobannah,
Whyneahchah,
Ozoomah,
Ahzooakay,
Ahcobahmah,
Ahbodoo,
Ahdeahcah,
Ahconeroneahuo,
Wompee,
Ahbahbee,
Agaywanday,
Nanreteh,
Warda,
Roomore,
Urough,
Inguel,
Ashoomee,
Oboa,
Ahbijah,
Umpania,
Soommee,
Ormberry,
Okerry,
Unchacah,
Ugoh,
Olakay,
Ogendeo,
Orroogoo,
Acquoyhay,
Uwootee,
Ocarafoh,
Ahfefeney,
Ocrawhita,
Okeviey,
Okorongko,
Onearea,
Idoosee,
Annoyai,
Ukeresoo,
Opie,
Inham,
Loho,
Basa,
Tooboome,
Alabadee,
Upat,
Mecohang,
Yeracoh,
Amoeh,
Enahdasee,
Ahneahnahtay,
Alahbahah,
Osoondah,
Ahrokah,
Wahguan,
Ocootay,
Oojaroo,
Abarnee,
Obooahcah,
Ejaymah,
Ahboro,
Ahbahnee,
Eyeh,
Oomohcah,
Mahneyo,
Ehbelehkeh,
Ahsocahmonah,
Wahjuka,
Imbahfore,
Wocah,
Ocazee,
Alegoolah,
Oreambah,
Azeeaim,
Pahbeah,
Ahlayshu,
Bonteh,
Osukay,
Agah-one,
Ogeahcah,
Whyneogee,
Woco,
Nohmoh,
Ahajalay,
Ocahchee,
Whyebotoo,
Oleahmnah,
Hour,
Hayadoo,
Oreahboh,
Oreahomoh,
Axis,
Oochunnah,
Okellie,
Medecang,
Makarre,
Shebah,
Madummah,
Essiebah,
Alehenge,
Endomgah,
Combeh,
Edarrah,
Okuorre,
Gombeh,
Eobee,
Wancho,
Waneque,
Mosieke,
Anaquombe,
Mazzadoh,
Massangho,
Marzeh,
Essuogoh,
Mokelle,
Wonengeh,
Tuquemeche,
Essick,
Oppregeh,
Molengah,
Uquallah,
Abbache,
Meneque,
Appang,
Onemobee,
Moanotah,
Incheengeh,
Moicah,
Inquemah,
Injocoo,
Uroh,
Imbagoo,
Molengeh,
Amobah,
Indiamah,
Addegogoo,
Oriah,
Azzuk,
Udeh,
Chebundeh,
Akkaquaraa,
Indiekah,
Ingonia,
Ekekanee,
Okollia,
Ipunyoh,
Manma,
Edoman,
Mosiah,
Apaque,
Acandeh,
Ecoomoo,
Imbape,
Malangue,
Aqanee,
Obeseeke,
Ochecoo,
Udoh,
Imbonyo,
Imbanboh,
Ocobehleh,
Egendah,
Esseah,
Obondoh,
Ocoboloh,
Arocah,
Choese,
Okoele,
Noibocoo,
Mateca,
Imboque,
Injogoo,
Essangwa,
Binyah,
Endongo,
Maqueh,
Inyarreh,
Doesee,
Manuele,
Shewah,
Offecha,
Imbacco,
Inboese,
Erecolela,
Oduoleh,
Essiekkee,
Suisah,
Uradianee,
Essueh,
Olekah,
Beneh,
Indeleh,
Mukah,
Shunguee,
Okuolie,
Worrequeh,
Akagay,
Maholeah,
Acoolohnoh,
Oodo,
Bohcor,
Bahjohnah,
Agocah,
Emmanakay,
Wobedahcoh,
Ogoomah,
Waehneq,
Ahsonbah,
Accamdemn,
Malemgah,
Monjoh,
Barnjo,
Ahneachoo,
Sobaba,
Ahnahcay,
Bahseaboo,
Tamgahnee,
Ahbarmajay,
Indohkee,
Dondah,
Mahfoolah,
Bambassee,
Kalay,
Asagah,
Shogay,
Attowweh,
Chair,
O.Quamunee,
Efore,
Ingohyee,
Beahbelobey,
Tehteh,
Wombeh,
Pearahray,
Engrom,
Mormboh,
Tahponchonbo,
Mahbooley,
Warmbey,
Chearbey,
Yallahmomboh,
Mobongo,
Beahcoh,
Allobey,
Mahjoinbo,
Okahleh,
Coondeh,
Morndeh,
Mahcoco,
Oodebah,
Doongoo,
Gondo,
Ahsanee,
Bahco,
Namenbah,
Imbonchah,
Toolammee,
Coolanlay,
O.Gendayoo,
Ahdahkooyoon,
Dangahnah,
Anjahbee,
Ooroh,
Marlahmahodoo,
Jahwoko,
Inchendah,
Booaboo,
Idoogoo,
Anaboo,
Acen,
Oozohkah,
Ocohbo,
Ocay,
Colontah,
Ahmedo,
Imbahdah,
Edohgoh,
Ahbahseh,
Anchokeh,
Oorroh,
Ohsoodeelo,
Ahsahah,
Oneahbo,
Oodoh,
Zellecay,
Bolowoo,
Dohroh,
Acaca,
Alasee,
Ocalakay,
Sendembeh,
Gahfear,
Ohdooh,
Caracay,
Marebah,
Mahtheanyo,
Secharlee,
Onzowoh,
Gombay,
Ompey,
Domkey,
Mahlean,
Gammarlomay,
Seekanyeh,
Ahwoomanay,
Ahboahkay,
Modanga,
Coamba,
Wanga,
Gornemtaka,
Saka,
Saver,
Molonga,
Madomah,
Saahma,
Boancah,
Mebeallah,
Zanga,
Acalah,
Madimboo,
Abearrah,
Macantah,
Devoa,
Goamba,
Maraibah,
Molaccoo,
Bow,
Wanyamah,
Ibolai,
Incachee,
Ocahcoo,
Wolekissee,
Edooma,
Acahcoo,
Wonwah,
Unwah,
Ahquo,
Bahlee,
Yamnill,
Abagah,
Wodarah,
Voneballah,
Wormroh,
Wahenah,
Obooesee,
Uwonah,
Iyanga,
Ugboh,
Imbacay,
Esan,
Mabambah,
Yahgoo,
Nohorray,
Angee,
Akilly,
Goambah,
Damb,
Coambo,
Ahwehley,
Ahorey,
Bocohsah,
Ahahjearoo,
Ahjeboseh,
Chodooloo,
Daray,
Aleolee,
Goofoekay,
Ohsoh,
Andahlie,
Ahkecho,
Oedejah,
Ahmohdoo,
Neahcoo,
Oneacoo,
Ehdoh,
Ahyie,
Samahdo,
Feday,
Ahdayecah,
Ohtehpolah,
Ohdahday,
Oloco,
Ohsenegah,
Daydahloo,
Ogooforloo,
Boocoh,
Nahveo,
Femmahday,
Alayweday,
Chahlani,
Ologoogee,
Iahjah,
Ahwahsoo,
Boyeoh,
Ahbosoowe,
Ahkebohlay,
Ahkelombee,
Akeeleekah,
Mahtomwah,
Ohrehselanoh,
Ogoomahlah,
Palahnooo,
Oyehfoode,
Sahboday,
Ohdohwolay,
Engoro,
Fafgee,
Ohhorroo,
Obahome,
Sotew,
Chahpo,
Oyeapahmee,
Fahlahday,
Ontoloo,
Ahmohree,
Hengoroo,
Hyeday,
Ahcahney,
Tyowoo,
Ahkeyamee,
Ohsohlolah,
Seeloh,
Elisanco,
Decemi,
Enequada,
Yuebe,
Amica,
Ajabo,
Tavey,
Icqui,
Iobarro,
Bullumbulla,
Harmony,
Saloogo,
Tueyua,
Iackoday,
Amooamee,
Ofeegai,
Abijeamey,
Asacoo,
Alabye,
Mecomi,
Hylabee,
Leyloo,
Coolasay,
Ataquala,
Ajacoo,
Teleyloomey,
Lamley,
Elanley,
Amorquay,
Seeahoo,
Boevey,
Azetoo,
Suninguy,
Coosey,
Abalala,
Walawar,
Weyoceey,
Weyoey,
Wamachey,
Alaba,
Mala,
Afooseca,
Awishame,
Etamarshee,
Ogojai,
Footamaie,
Ayabel,
Ebuey,
Fashetai,
Acanquima,
Weyavee,
Ogoosey,
Ahaivey,
Bocansey,
Congain,
Bocansay,
Aloyo,
Embee,
Weyvey,
Weynery,
Ayateque,
Dofan,
Dacooquay,
Agosavey,
Haivey,
Amoselay,
Aweyney,
Aboosoo,
Amanaekaie,
Agutavey,
Yanawasee,
Boyee,
Bomadey,
Agoye,
Yoquay,
Choocoo,
Hoosey,
Inkega,
Utoo,
Okerekoo,
Udebe,
Uroom,
Urohpan,
Uwersee,
Ingho,
Mengenee,
Ebeagasee,
Ohuoree,
Adeocoo,
Aurooh,
Asiebooh,
Chekesee,
Injokoo,
Adede,
Onosoroh,
Osheoroo,
Wolekee,
Merebooh,
Alekoh,
Okuoree,
Nefeamah,
Imbassah,
Adegulleh,
Otocroo,
Ocoocoo,
Modeh,
Ayedecay,
Wocoo,
Opabey,
Oriaco,
Obooh,
Engworem,
Anvahah,
Erokalooloo,
Yabofree,
Oriakoo,
Crawusa,
Ajoroo,
Okoreke,
Bebemee,
Elekee,
Esieteh,
Enobee,
Acayah,
Aggan,
Encoh,
Ogeny,
Ongeurabedahacoo,
Engaamah,
Whyogee,
Obarahong,
Odarogoo,
Bowcoo,
Wabeah,
Acashee,
Whyeorah,
Oyahyee,
Omochoh,
Ugoagah,
Mindah,
Ubong,
Ucoorah,
Deahboh,
Issobee,
Ahbahsomoh,
I.e,
Yeang,
Esheen,
Acohlohoh,
Nahchee,
Ahbahgee,
Ahdorobee,
Toefore,
Wyneohsah,
Egehboo,
Boncah,
Bacay,
Urine,
Bahoh,
Tahpan,
Obeahjew,
Ahdoobosee,
Ofeah,
Ahcheecoo,
Ahadebay,
Neamahchee,
Ahcaembah,
Neang,
Ahdeacah,
Enahtay,
Wyohocah,
Ocoang,
Ahdeakcah,
Ooeh,
Ocoelee,
Ohcoh,
Ocoeanco,
Eeo,
Ehchecrando,
Eeaboo,
Ehbehqueh,
Derebry,
Onchaquey,
Ondooquey,
Ohnohahbah,
Ocaracay,
Ohboeahcha,
Dimoenoeahah,
Ogocay,
Enearbarcheololo,
Ogoohanah,
Ebehquey,
Wasookay,
Wahdoolacay,
Achabbee,
Obandah,
Azooncheer,
Jimohfore,
Ahmeah,
Dooundum,
Oocohfah,
Omohden,
Pahpan,
Echeaim,
Tolongcaray,
Nohcoloonoo,
Aguaybay,
Ebuebeh,
Ahgooday,
Agueen,
Oneabechee,
Agoonacay,
Abargo,
Azeangobay,
Erase,
Ahzuweecay,
Okayboo,
Wanahcah,
Marballahorgoo,
Wahgalaybalay,
Amashay,
Ohneahboss,
Ohgehbeoh,
Acacay,
Neahcohchah,
Ocanquoh,
Obodochoocoo,
Sehkee,
Ahnoogee,
Imbesee,
Ebodoh,
Edecah,
Worakkee,
Effeguh,
Ibebee,
Appanco,
Aqquan,
Matneh,
Indoesee,
Enequerreh,
Errechecoo,
Eneboo,
Enoahah,
Niequereh,
Enagie,
Echong,
Ekeh,
Equorochah,
Edeh,
Ododoa,
Oboseh,
Mawassoh,
Gottah,
Echundeh,
Adegoo,
Narboboo,
Ekomoh,
Gimafoh,
Ellambah,
Ocobuoh,
Oneseloo,
Euondeh,
Ibokah,
Anokah,
Ecraffeh,
Achadah,
Echien,
Ochulay,
Adodoo,
Ochedee,
Lowhan,
Ecoharree,
Millarree,
Aebojoh,
Erechah,
Tanebee,
Ejaleh,
Ododoo,
Aquamah,
Chookoo,
Brandy,
Neweosee,
Cheworewcheko,
Choowanotee,
Chipooamezeh,
Eziomah,
Obooloo,
Nieberreh,
Ereboo,
Okochah,
Wanquo,
Aneboh,
Enoreboo,
Ozowah,
Inkarrah,
Ekeboo,
Anacoodoh,
Wocochah,
Torobea,
Moleah,
Eshien,
Ekukurogee,
Ingammah,
Wocaffo,
Zenebboomah,
Necay,
Akerribah,
Aschain,
Ahjahway,
Okoronkoh,
Ahdeman,
Ewohiah,
Calabah,
Ebaquay,
Eganlay,
Ahbahjaroh,
Limela,
Okolonguo,
Calaba,
Orohchain,
Cooreecoo,
Kanaba,
Dowoh,
Reto,
Enamatee,
Ebrocee,
Onhowhee,
Wowonayee,
Asaboocoo,
Emencha,
Embola,
Uncahoo,
Mottorro,
Engowlasah,
Wonyamquo,
Embore,
Chaharry,
Engolo,
Embakee,
Affor,
Abosha,
Assatamokoo,
Embake,
Maqua,
Neekee,
Yettakay,
Misewatee,
Aquboh,
Endoquocatta,
Embage,
Woobeeh,
Kalacah,
Ayeemah,
Edom,
Enyang,
Cowa,
Ranyoung,
Asseen,
Harryahah,
Eyelly,
Wombokoo,
Embaree,
Ennonquochee,
Cacho,
Enyong,
Egelley,
Enda,
Errabalem,
Embama,
Acomanoo,
Enyeahka,
Yamyerra,
Onohyarrah,
Appabe,
Woganah,
Assodo,
Wafonka,
Saseba,
Wy,
Ibebea,
Achoquo,
Woodalaechee,
Ongbee,
Chiong,
Ohcasah,
Maboh,
Ulasoh,
Omanah,
Mokeneh,
Elecheh,
Abanah,
Akiah,
Kenai,
Oobeh,
Ashahah,
Achabah,
Abodeh,
Ahdebeh,
Tomy,
Nuhmogee,
Wepah,
Esseh,
Noahmah,
Ahgooh,
Uttum,
Emonquoh,
Okorahchah,
Okoronkoo,
Ogadeh,
Operreh,
Okerekay,
Yomas,
Unchahcoo,
Ebeacoo,
Onahloo,
Okorreh,
Oderreh,
Okishey,
Okerrekay,
Urum,
Daroah,
Uppan,
Ahfoo,
Salaha,
Ahmelaycoh,
Anamioh,
Beherreh,
Abebeah,
Whyassee,
Echeh,
Chafoo,
Mahfoo,
Boteh,
Enqurrawatah,
Eborreh,
Ahcorreh,
Embahafoo,
Ahmeddeh,
Ahneahcorreh,
Ungahhorray,
Ulahhoh,
Embakay,
Iorhjah,
Nantah,
Wanakay,
Erremmoh,
Esseahrooboh,
Eboreh,
Mahchah,
Wanyahfoh,
Enangmah,
Embahahfo,
Edebaassa,
Etyangmah,
Echemeh,
Ahyahboseh,
Ahkaiahwah,
Teahpah,
Egelleh,
Ujay,
Gelleh,
Egerreh,
Noahquah,
Bohquah,
Ahdushah,
Nembeh,
Emboquah,
Mahgereh,
Wancorroh,
Laahlah,
Omakah,
Mahboleh,
Embaahyah,
Oguirreh,
Omoahgoo,
Ohbeneh,
Madeahgah,
Adahmah,
Ahdeah,
Ahyerrah,
Obodee,
Neahleh,
Boahcoho,
Ohbonnoh,
Ohnaggah,
Bahdecay,
Homah,
Decahtah,
Egammekay,
Chojahcah,
Noh,
Ocreahfore,
Onwoochacan,
Ahchookoo,
Omeh,
Aworem,
Dimfee,
Wahlaykay,
Abea,
Onco,
Otoo. O.,
Bohbeer,
Wasookee,
Bohiforee,
Mahdeohhoh,
Opye,
Ceaff,
Nayboo,
Wahcolo,
Bahcah,
Waneahcah,
Wahgahmah,
Indococe,
Ebahdaem,
Wocahdaem,
Nahgee,
Aboe alias Awah,
Bosooe,
Neacoolay,
Ohoolannot,
Agambah,
Owonney,
Corookoo,
Neamnohnoo,
Merehnah,
Egooekay,
Ambazee,
Ohwohombee,
Alapoh,
Ombogoo,
Okangoo,
Ocoea,
Neahboochee,
Ebalasem,
Ebasem,
Asokay,
Ohchohsor,
Wocahfore,
Ahcaeahho,
Ahzoom,
Cabelehchee,
Ahahquay,
Indooquay,
Wahchoocoo,
Warea,
Kaha,
Akakae,
Achoonomah,
Oomboh,
Samo,
Ohcongoh,
Soworrah,
Wohcoh,
Bahlah,
Omahnah,
Aschean,
Ahfeang,
Ooroom,
Eseaine,
Affeong,
Ahqually,
Efageohhoh,
Marado,
Choochoo,
Towooroh,
Oomahnah,
Eschain,
Ohmohden,
Ahcahnem,
Ooreh,
Indahtah,
Camolo,
Yemchey,
Woh-pany,
Hoe-hate-you,
Ozoomahdecay,
Jingah,
Oneahlahbooh,
Ohchock,
Oneoh,
Ebatowoo,
Chomny,
Ahmahbah,
Ahtee,
Loezee,
Ozoomorah,
Ahboocoh,
Cooronnoh,
Come-now,
Ahdahleo,
Koonkah,
Ahcookah,
Ahbahcoh,
Kenechee,
Ohtarro,
Alanoo,
Bammeree,
Ohtaloo,
Ahromee,
Ahwokoo,
Ahwoon,
Coogehwoo,
Coolamekah,
Ahnobah,
Ahbahmoree,
Achekah,
Bye-more,
Ocoharm,
Ajang,
Soolarm,
Ahtonia,
Edor,
Shodanoh,
Abeah,
Ogoona,
Shoney,
Oboodake,
Onkeekah,
Achair,
Ewinnum,
Enderissee,
Egomeh,
Yahcassee,
Ajarrey,
Effai,
Omahcha,
Yeanonoh,
Apanah,
Emunoh,
Onoboh,
Ahwekah,
Morah,
Obootah,
Enahsoo,
Nugroia,
Adoma,
Arema,
Ahumacha,
Abinda,
Areamo,
Rayah,
Botrae,
Reyah,
Osorng,
Arowah,
Egomacha,
Wanah,
Acochuanah,
Becona,
Abon,
Emboykay,
Nowacha,
Eculacay,
Waneyah,
Emboyray,
Echourah,
Adega,
Elachee,
Abadah,
Onroh,
Wyang,
Agbot,
Odot,
Lagey,
Leomee,
Abooddaee,
Annahwah,
Yearsey,
Totto,
Allobo,
Achangchoo,
Chacoolah,
Sallow,
Onoodayea,
Oloobaley,
Olomoh,
Beomee,
Ahbojay,
Addwee,
Obalay,
Emboquey,
Aboojay,
Ewheesah,
Collahhoh,
Jahguoh,
Owongwah,
Acaranghee,
Edoowooseh,
Aboobooroo,
Awoorachee,
Ewamboo,
Emaraboo,
Eworahcah,
Acooracay,
Anabechee,
Ayaka,
Oclokay,
Enaweyee,
Echoocaree,
Machucoo,
Acooncha,
Ocooloo,
Omadee,
Oquinaka,
Dogan,
Etoamee,
Attazee,
Aclako,
Inchakoo,
Enga,
Ofio,
Essoo,
Acandum,
Elan,
Evemtoo,
Edem,
Aqua,
Wannimo,
Ofim,
Clafimo,
Eban,
Oconoo,
Weyenoo,
Olan,
Ocaw,
Eteeke,
Accaim,
Ekeepey,
Adiney,
Anniwa,
Endooessee,
Eqwallah,
Commohloh,
Ocot,
Galet,
Okemkay,
Ohtat,
Acradot,
Ogada,
Abiegoho,
Moham,
Ahaka,
Onasey,
Emboyeka,
Adomba,
Acheyah,
Nayeh,
Macho,
Emboeray,
Epa,
Anooervey,
Emborey,
Aheyo,
Embafa,
Clo,
Abey,
Olomah,
Akabolong,
Enaye,
Aknonhwah,
Wombah,
Ebonka,
Nahkolay,
Garwaye,
Eboyah,
Ebolay,
Quoisa,
Ayesey,
Wonyonka,
Leayah,
Embako,
Engronhma,
Emboylah,
Emboykee,
Akelmoh,
Lolot,
Omot,
Otooh,
Hahfmocha,
Eyangtah,
Momoah,
Ebaloo,
Onemoday,
Epah,
Omahhee,
Wahchecoo,
Ahchoah,
Egemafoo,
Woonayayah,
Ocan,
Teco,
Caroo,
Injork,
Ogorgee,
Nawachee,
Ocrafoe,
Ocorogoo,
Onoroe,
Narchecoo,
Narge,
Alegobee,
Ocorocha,
Ewasee,
Ogogoo,
Argoree,
Onecha,
Choolay,
Aggay,
Juasay,
Owowanah,
Amenacoo,
Acoolay,
Abanquay,
Acooloo,
Nardagee,
Narwee,
Eworhah,
Alaboah,
Aquamay,
Intaquoh,
Indobah,
Oyahzonobee,
Oneah,
Egoombah,
Afoo,
Oyarree,
Ecanwoondoo,
Anoobay,
Wochaboo,
Ocrafoo,
Yahmoo,
Oboca,
Dem,
Appahpoo,
Aggoobah,
Wahchechoo,
Ahbarroo,
Acalay,
Seoh,
Ogoon,
Todem,
Commorloh,
Decan,
Ahhacoo,
Aggaim,
Onnahchimbah,
Geecah,
Onnohzia,
Allom,
Eparee,
Azzaree,
Offooto,
Ohwahbenee,
Abbahmee,
Acoonoh,
Ahhahmafee,
Ahahgerecah,
Asahgah,
Cotomlay,
Olooyohmee,
Colombah,
Oreah,
Chocabay,
Narweesee,
Yomobee,
Agohfoh,
Ocooasay,
Wanquoy,
Onofoe,
Aggocah,
Modeah,
Nagee,
Amomah,
Iebonaem,
Achar,
Yahwoloh,
Addanae,
Aggacola,
Atooay,
Mohdeah,
Obooboah,
Owachenee,
Ogannechee,
Awahnee,
Annozee,
Owoocamah,
Oncaymah,
Esahwooheah,
Laconoh,
Wowoonah,
Ewhooah,
Olooe,
Ecaylah,
Anebayyah,
Abbonoe,
Acanee,
Ohgabee,
Wohgoh,
Ollohhee,
Ahjoegoo,
Hoamoo,
Oloce,
Effomkah,
Abbohmah,
Azayraydoo,
Ahyelamoh,
Mohpabbee,
Wayzoahcay,
Azeah,
Olace,
Aecolo,
Agooragayah,
Acoocahboo,
Abbohboh,
Amahbah,
Alleweh,
Cazey,
Inguacay,
Addahgee,
Evamenornoo,
Warwoogar,
Obarb,
Wahyaygasay,
Olark,
Hahgowah,
Equahahgoo,
Ologoe,
Adohahyah,
Agelahcah,
Equaygee,
Agebegah,
Acaywooray,
Accomoah,
Tobolloh,
Appowah,
Alemgah,
Adoomoh,
Mooh,
Acaymoh,
Ogommah,
Ohnee,
Obelee,
Aleahgah,
Wahgegay,
Mahquah,
Mahwhay,
Aleemah,
Accahbonah,
Dewaomoh,
Abeahcah,
Adohchoh,
Accomolo,
Bachecolay,
Quahnah,
Annebay,
Azeemah,
Aggahree,
Ahemaguay,
Aco,
Achamarzoo,
Togoo,
Afeemee,
Ahagee,
Owahpah,
Appansee,
Amayyordoo,
Annewohcay,
Carecoree,
Ocarcay,
Ahahpowah,
Oppah,
Appaywah,
Ocafoo,
Chelepo,
Acaranhah,
Ohquoh,
Ocaronkoh,
Acooahwah,
Ocantah,
Ocoowah,
Nahdosa,
Amenoo,
Mohyorquay,
Ahyenee,
Bahwoday,
Attomman,
Ocooyoh,
Abbesee,
Attahbah,
Omahbaie,
Ietay,
Acahfoh,
Ocoeloh,
Achacay,
Akorcheo,
Mahquoh,
Accandem,
Moquoyah,
Yonquah,
Ahgayohchoh,
Ahwahchoh,
Ewoosoo,
Ohzahkah,
Eguayloo,
Acroomah,
Edahpah,
Alloezoe,
Yembay,
Machaday,
Coombalay,
Mallompay,
Tocoloe,
Yomonogae,
Wanaycay,
Accahmah,
Accanabay,
Acachoo,
Egogallee,
Anguah,
Ebahtah,
Emooah,
Annahjoe,
Abboobaloo,
Egahbah,
Toleah,
Ecohzah,
Alontah,
Accoyeah,
Imbohcah,
Injoemah,
Inwahdah,
Esahcoe,
Joemahsah,
Imbohchoh,
Yemacay,
Aballah,
Wangoah,
Annemahnarree,
Achapowah,
Annohoelee,
Asoromameah,
Affoojooloo,
Karboh,
Armee,
Owonobee,
Chonebey,
Wambaz,
Inaaygah,
Ganden,
Darocoo,
Awahcheeay,
Aworan,
Ogoodaza,
Keya,
Appamno,
Choochamy,
Bylolah,
Baquon,
Alokoo,
Combo,
Anserah,
Azalah,
Awechah,
Moisah,
Imbahgee,
Esoyah,
Abbam,
Otooanee,
Onodah,
Attomasee,
Doge,
Toot,
Alama,
Ebagah,
Attoma,
Echaworah,
Ohonocah,
Calaahgoolah,
Osomo,
Ahchaya,
Magoom,
Mocholoo,
Bojuah,
Acka,
Achowah,
Allobarah,
Intoka,
Azaye,
Asadey,
Alloowah,
Fahjocoe,
Akkonkonee,
Abaley,
Anneahjah,
Annemeah,
Ahchonoe,
Aseekah,
Boloe,
Akkoodee,
Awazehay,
Mahkogoo,
Aggam,
Mohyoh,
Kayzay,
Emboyday,
Addohgah,
Mahhee,
Aneemahlah,
Shittee,
Ogoomoah,
Dieboo,
Accohbay,
Otassee,
Aneekee,
Ajayyabae,
Atookoo,
Onohcoo,
Bohyea,
Ajamahgoo,
Aneyhee,
Amohyee,
Ekayuah,
Zahkah,
Mohjay,
Ambaylay,
Nohmacay,
Egeegenah,
Ohgohmah,
Azelegnay,
Wanay,
Onohjoe,
Ahhankah,
Ahconeegah,
Goseay,
Omagay,
Ahnalay,
Gebelefay,
Tenahdee,
Dowoogee,
Norneeboe,
Oolohzoh,
Oochark,
Oyahzah,
Maneekeret,
Obeeo,
Chakaynah,
Osaymoh,
Wooyahmoh,
Ahyeewoo,
Anayzah,
Anohwoomee,
Arrohrah,
Okreekah,
Menakkatahwo,
Oleahfee,
Mohnepay,
Nontah,
Soomoroe,
Bahcoe,
Ahzaygoo,
Ofooayonoo,
Anahmen,
Corecoo,
Oguahgoo,
Kezalmoah,
Ahgeebalee,
Mohjeekay,
Addomahjanee,
Ahyeemotah,
Ingahrah,
Badabay,
Okooloh,
Ocolecoe,
Asaen,
Ammorocoh,
Attoloe,
Menebay,
Ammahgahbay,
Ahwoolooboo,
Allahgay,
Ahchacoo,
Chozohcah,
Mahboroe,
Achaee,
Anahcoe,
Ahsayneay,
Ohwohmelay,
Aneeyommee,
Quahmayah,
Ochahyah,
Chedeahkay,
Nowechee,
Narjay,
Ezee,
Adawah,
Cocamaday,
Ahquohyeecoo,
Quahsah,
Aggohdoh,
Aggahrah,
Igenee,
Eheree,
Cootannee,
Asayray,
Cootah,
Echoocoo,
Ahmeefay,
Elahyebee,
Aneebee,
Omohpee,
Kissenseh,
Oloobollah,
Samornee,
Mayeh,
Ayimbee,
Akkahsah,
Balayee,
Baycoonoo,
Ahjahyee,
Assow,
Beleecah,
Menahlah,
Ammohgea,
Bahkakah,
Abeesah,
Ajem,
Mochawah,
Masawoh,
Abolomee,
Manatem,
Annarray,
Afohmoo,
Ammohheecay,
Cheemoh,
Ayahnah,
Agobahwoh,
Ayammah,
Agoroe,
Wallahdah,
Aboosammoo,
Adeamah,
Ahlooah,
Iday,
Alolot,
Ewahmoh,
Ebalasoo,
Wahbolay,
Ahwoojohbee,
Akkelahbee,
Choochekah,
Dasoomoo,
Aggahwoo,
Enohwoosah,
Odoocheenah,
Tahyeewoo,
Oloomoosee,
Fohcohbay,
Ahwooyamee,
Ogooyamee,
Appahyahday,
Aggahyee,
Quorancah,
Addaycay,
Appahdoe,
Oduaycoh,
Oloofohlah,
Lahgoedee,
Ahyatoe,
Ogoodaloo,
Akkezahyah,
Ommohrattah,
Ogoozepay,
Odoofooah,
Ocoroe,
Akkeepay,
Abbeeseeyah,
Ezahkagee,
Kahyeegay,
Ahjabambay,
Ocoolooee,
Orozahfee,
Ommohneyee,
Fahmoocoo,
Onneecah,
Olooesee,
Oloobahcah,
Dahomcay,
Anneecay,
Addetolee,
Aggohbee,
Oyay,
Bancaloo,
Ocoraytahday,
Abelohlah,
Echahwah,
Ayahwoe,
Obohpoh,
Yahgaymee,
Lahocoo,
Assahgewoo,
Dafohcay,
Addenkay,
Opopoh,
Oleepaday,
Ajeebahlah,
Afoobaylay,
Becommee,
Molloy,
Tangwah,
Oneebohcoh,
Afoolahyah,
Romekay,
Oloobahcay,
Huhyahwah,
Jahto,
Arooneah,
Ahchohbah,
Charmoo,
Aseejoh,
Sandoe,
Cofee,
Olootah,
Ovoodooyoh,
Coocakay,
Ahneeday,
Akkahloe,
Ebaylah,
Ampeetah,
Choboh,
Akkaylah,
Ahjeeah,
Odoomcah,
Ocannoo,
Ocoolagee,
Ewoosee,
Obaddenah,
Fahseecah,
Lahyoh,
Ahjeebohtay,
Ammahdoo,
Eyeeday,
Ammoosoo,
Addaymonoo,
Ohdoolahmee,
Oyomorotee,
Ajohsah,
Abbedocoo,
Ochahchollah,
Koodoroe,
Pantah,
Ochobahjoe,
Olooyabee,
Ahjogah,
Omahzomah,
Bamcollay,
Ahquahvee,
Dosoowhen,
Ahhahtobonomee,
Ahchoo,
Ocolomee,
Mahyea,
Mahgambee,
Attetahlahpoh,
Okoonahjay,
Ahyeenah,
Mahboroosahgay,
Dabahboh,
Apportoo,
Ecootammee,
Odeepah,
Mahlahcay,
Afootoocay,
Ahjiay,
Odoosahgah,
Abboboday,
Affoojeeah,
Osoopay,
Adoomattoo,
Ayafoomee,
Abbahlah,
Esooloo,
Mohlahyoe,
Afoonahyah,
Mohsee,
Egootohlah,
Ohritolah,
Odoogammee,
Morrohkagee,
Ekeedoh,
Oboocasee,
Fahtocoo,
Tyoe,
Dayahday,
Dohoh,
Ayocah,
Awyyee,
Deboya,
Eyeezannah,
Osuegeh,
Ochekoo,
Oquomah,
Okuraho,
Onoma,
Ayboh,
Acowna,
Okuroh,
Okerekee,
Anenanya,
Opoojah,
Adamanee,
Effayah,
Abaseh,
Ojeeleka,
Weedah,
Indokeh,
Ajelleh,
Angefoo,
Ebermeeteh,
Appahbee,
Kara,
Eshula,
Ekarrah,
Wenneh,
Omodeh,
Inayah,
Indyah,
Onwagua,
Addoing,
Imbowobah,
Ohlohamah,
Neighgo,
Edohomah,
Whynohcah,
Oquahquah,
Ejohmah,
Waykay,
Olocugah,
Anayshe,
Imabah,
Lahhallah,
Ohgeyquay,
Ozahmy,
Opaheah,
Whyamah,
Emahekee,
Mahfore,
Whyahshe,
Whahdah,
Enahmoh,
Ahcarwoney,
Ohloh,
Ahkeybo,
Neohmally,
Amasea,
Oohmo,
Ohdeahcah,
Aomoh,
Ashey,
Atemu,
Aowesee,
Ahbahchero,
Bohmo,
Acarray,
Afiebo,
Mandob,
Echochojoe,
Aconoco,
Eheeheeh,
Lawondoh,
Ebe,
Ahcahgah,
Mohlah,
Imbe,
Acoroh,
Atoohmah,
He. born,
Yahcheh,
Heansel,
Abookoonam,
Parker,
Wego,
Enohwegee,
Ahdangah,
Cheandah,
Ebanday,
Mellundo,
Mahchowalay,
Ahquayno,
I.e.,
Ahbahco,
Wahnecah,
Manehgo,
Mahgo,
Maneseh,
Ahmahloh,
Ooboon,
Nehbey,
Aomah,
Opony,
Echonah,
Bohtoh,
Wanchoh,
Soato,
Egeay,
Ahdearah,
Wandeah,
Masahloo,
Ahbahjew,
Naymay,
Oodeh,
Wahday,
Bocahtah,
Wahlay,
Wahboh,
Je,
Wahloey,
Achosah,
Ohjeahboh,
Aqesay,
Baeay,
Whjohchah,
Whahe,
Adamah,
Mohfoh,
Wahfoh,
Acoowah,
Yambah,
Ewoodee,
Ewotoobah,
Whjakay,
Whahday,
Whadah,
Ebaygey,
Adebee,
Loayah,
Osiedee,
Oozopah,
Ayee,
Nioyah,
Okooweera,
Wakachah,
Oquotawokoo,
Akobeerah,
Judomah,
Hamaloh,
Ehuzoh,
Okarintah,
Intiajokoo,
Atoebo,
Ooguademo,
Okrargronie,
Jugue,
Oreesha,
Ezeelehme,
Erezeo,
Wambako,
Madago,
Ebawaloo,
Agadoo,
Dalee,
Malehee,
Rejai,
Luday,
Bierrey,
Oreekoh,
Etorroo,
Enecheke,
Agimmahfoo,
Ostoobah,
Ahoneme,
Aloochay,
Ahneerree,
Ahkoolah,
Appoo,
Ahpallah,
Koorah,
Agooseemah,
Iyomee,
Oloboo,
Ahnang,
Keelie,
Arkreekah,
Dammahnee,
Ahongashay,
Elebeeleh,
Omotemee,
Ekojoh,
Egarrah,
Kotoomee,
Dehdeh,
Onoju,
Oletoo,
Ayongwah,
Quandah,
Echemomey,
Esurah,
Bucheroo,
Luchem,
Omosee,
Imboreh,
Berasea,
Woyamah,
Ebegeon,
Wagah,
Dekooman,
Mawoneh,
Equebonam,
Bocheko,
Akegoh,
Odoomahgo,
Fish,
Leyareh,
Anounghoy,
Equahmah,
Okarree,
Nimpay,
Odayree,
Imbahfoo,
Ahyahnee,
Wahparrah,
Yammahtah,
Eddeh,
Emeneekeh,
Orookrah,
Ocochem,
Iseemee,
Ageetobah,
Mannabay,
Ahsaynoo,
Ahdeai,
Maylaynee,
Okoreenohmee,
Ajibalay,
Ludemmee,
Daugannah,
Ahlemmo,
Koobahjai,
Anjabbee,
Colaychee,
Laykaray,
Anoung korree,
Ahlaymah,
Nachay,
Allahcoo,
Imberree,
Wahchucoo,
Okroh,
Ebarree,
Upattah,
Ezeewahnowah,
Azaykay,
Iyabo,
Indomasee,
Ahchalay,
Abahah,
Bahjeybay,
Theboo,
Auchillaway,
Acheam,
Aujarvee,
Ajuddoo,
Coochayroo,
Ojooree,
Dahganmah,
Orojah,
Kobahjai,
Ebonaygee,
Ahtacko,
Abahroo,
Addobay,
Agiddoo,
Ezeedee,
Ahoomp,
Ackah,
Ahdonno,
Bahfong,
Neezane,
Meahco,
Agotye,
Ahbaudy,
Yaseemah,
Jobo,
Ahkidebay,
Looborro,
Marry-O,
Jinnoo,
Bargee,
Yaboallay,
Akaychamee,
Elamm,
Imobee,
Ahseemah,
Ajimmah,
Arquagoo,
Naybomwah,
Bosinneguah,
Wianay,
Enearmah,
Majurykay,
Pahmackah,
Jackmokah,
Cheeako,
Eborekah,
Inguamah,
Imborkoh,
Idoretah,
Quagoo,
Apiazza,
Wiyadesah,
Onehalfhere,
Daybom,
Orsam,
Obadako,
Wahah,
Leboya,
Medeechee,
Onyee,
Wareyeh,
Ahbodo,
Allecoo,
Acheayea,
Abahgoo,
Onjah,
Esherrdah,
Ahcorgoo,
Ahnaybee,
Jamoboh,
Imoh,
Ohcor,
Coodahjew,
Joworgorno,
Acoolah,
Dannahyah,
Shoedahdah,
Allahdah,
Ewarwah,
Deohhar,
Omohdoh,
Asign,
Ahbahpah,
Shehor,
Ohcooday,
Doco,
Ahdoocoonoo,
Bahto,
Ahday bay,
Abrew,
Azohkeh,
Ahjoh,
Ahkoo,
Sarekey,
Bahbey,
Ejohmeher,
Sheamemoh,
Enembee,
Corberwor,
Cosinkah,
Ayeebarbay,
Ahchornor,
Ahbarree,
Aheemojew,
Ahjeadoo,
Dahcomee,
Shearbeh,
Manysaw,
Mohfeemy,
Annahfeahme,
Ahcombo,
Ahmahtar,
Manysor,
Bobambay,
Maneahwee,
Epahdah,
Konohboh,
Ohjohmoh,
Lohloree,
Somorrow,
Limyah,
Ohmahyah,
Ashegah,
Odooahgah,
Jannahtoe,
Nahnandah,
Doonoomahgah,
Oleafoo,
Baneahyea,
Ogodoo,
Oheahdahshe,
Ahnohosack,
Cheahbay,
Ilay,
Dohcoorah,
Yahdehdeh,
Dohgah,
Shedee,
War,
Ahbeahjah,
Ahsheagee,
Ohshor,
Ahdogah,
Jogoomehear,
Banjah,
Orobah,
Gahdoosay,
Onebah,
Panjoh,
Coranneah,
Ohmoree,
Ahtowahyah,
Gefogoo,
Alehroh,
Ogoobahjah,
Manibeh,
Ahlocopah,
Ehdohyea,
Kahbyee,
Ahlodee,
Orohbo,
Noobah,
Arohonnee,
Ologoro,
Olooberreh,
Mahsamoo,
Echeekah,
Puter-Puter,
Ahtarmah,
Ahpahrah,
Doocondee,
Andresso,
Ammorloo,
Ohdoh,
Mahfah,
Moreahrea,
Ohneah,
Obookoh,
Yahwanney,
Yarbah,
Matoobey,
Ahnarah,
Jin too,
Ohnea,
Garbor,
Fammy,
Ahjimy,
Atea,
Mohdooloo,
Ahdey,
Acroroonohnee,
Ageemorh,
Moreay,
Ahearko,
Ahdar,
Equahgoo,
Acomee,
Quahgoo,
Ohwor,
Ahfarmo,
Ahboyahsay,
Ohkooahgoo,
Kaneandah,
Momooree,
Abeetehmor,
Makaq,
Ahmechea,
Ahbarmee,
Ahmartah,
Ahpahmee,
Majoh,
Oowomah,
Ewoko,
Echimbah,
Ocuolay,
Edeeloh,
Orzoh,
Ochookoo,
Ereechee,
Ololorey,
Ekoomago,
Edembah,
Ewocah,
Elegee,
Ololay,
Agane,
Ekooroobah,
Indoquobah,
Cham,
Ekomejah,
Kamenoh,
Erzoh,
Ocpoh,
Ibocheh,
Okorah,
Adalekah,
Moadeeboh,
Asogoh,
Erokenoo,
Imbajemeh,
Ebooawoo,
Ebowooza,
Ebeyzoney,
Edanyeh,
Adeabah,
Wabeecheeko,
Eweseh,
Juguoh,
Ojee,
Yamobee,
Makviah,
Bokeh,
Wangua,
Bookenyeh,
Abajee,
Ohaquay,
Wanancah,
Imbezeh,
Indeecah,
Obasseh,
Wokachah,
Nineebreechey,
Indoquey,
Iminecee,
Beequah,
Wallaka,
Annowah,
Barroh,
Oyahellee,
Toogoodah,
Eneke,
Ezeh,
Woquay,
Ayonegoro,
Ogejiwyee,
Avah,
Yapso,
Boreh,
Onekeh,
Incheechnoh,
Dadyoh,
Appan1,
Appan2,
Appan3,
Appan4,
Ocroh,
Abasseh1,
Abesseh2,
Appanah,
Boyankakar,
Canbah,
Annabessay,
Ewakay,
Mooloo,
Enear,
Allahsoon,
Aquacho,
Nearkak,
Yammadoo,
Allearah,
Aweezah,
Ahkmimah,
Bonofoo,
Adommah,
Ebeachpo,
Uwanyah,
Ezeahmah,
Adoomahgah,
Imbaquoh,
Onyeatoh,
Unquomah,
Enahwoochee,
Ogorea,
Imboquoh,
Anyahlabay,
Oboorahkah,
Waahdah,
Ahcahadah,
Asintah,
Wooahdah,
Abeeachee,
Elolah,
Quahquay,
Ajimanyah,
Inwomah,
Ajigalachee,
Asuamah,
Ewomah,
Nanochee,
Ahheoh,
Areeakay,
Ahsalah,
Asaukahboo,
Akamm,
Emborea,
Bahjomah,
Edanwah,
Boquoh,
Anoahfee,
Onyugoo,
Egoahbrokay,
Ajeequarah,
Anoocugah,
Ahreegodwah,
Ahkoombah,
Ahbachee,
Ahmagogee,
Cheemahnokay,
Mazireka,
Lohliamee,
Oeuahgoo,
Wyonquoh,
Ewooh,
Abahkasay,
Wajuah,
Woahdah,
Adaagah,
Aneecheo,
Eduwan,
Akooray,
Efeahwy,
Emahray,
Moyepah,
Amoocah,
Annoomoso,
Sanebee,
Harry 'O,
Deaf and Dumb,
Honeayfeah,
Injahlay,
Cobo,
Acheon,
Mordea,
Ahgo,
My-Ear,
Ahmoosorueah,
Woncoro,
Ohcoronpoh,
Kiekco,
Ahcann,
Oneweoo,
Oneaquallay,
Doomahgor,
Meterany,
Paymewahgah,
Allahwarley,
Waycaulay,
Ahdaukah,
Egahwotoo,
Ezahmah,
Jugallah,
Wahbearallah,
Mokay,
Iahdoro,
Ahkarmah,
Anechay,
Ahpohkah,
Ahearcankwoh,
Yamchay,
Lohlohzah,
Ebouteh,
Ammahwahnoo,
Manne,
Enentah,
Ahdegotah,
Boorech,
Aseeconoo,
Aneahooo,
Ahgommoh,
Abommey,
Lorloh,
Asoonnah,
Akayewah,
Ahneahgah,
Odommah,
Ejaylay,
Jain,
Ohdomoh,
Geheh,
Oyeanjeh,
Ahcaysee,
Agahray,
Ogaylay,
Equaroo,
Ahpahbey,
Nohnekey,
Ecormah,
Gallahsir,
Ahlongah,
Embahcohchar,
Iyahcoe,
Akaywah,
Adeahcah,
Ogeenohuor,
Ezahear,
Aboorechor,
Imbohcor,
Ekahloh,
Wootea,
Oozohmah,
Boganey,
Arrahgah,
Aghbo,
Carwannah,
Ohwohseah,
Ohneahcooray,
Ohmahsee,
Ohneahcartahsoon,
Acareohnwoo,
Ahfoorootahsee,
Ohwoonehah,
Ohwoomerry,
Carmorloh,
Oneahobee,
Obooah,
Ohlor,
Obeloh,
Ohwoncah,
Dahwoosee,
Major,
Ohwookehmeh,
Ohdo,
Ohneahembe,
Wanotay,
Oquahquesee,
Imbohgah,
Sorteh,
Ohwoosoronear,
Mahgeohfore,
Ahmohah,
Oozahtagoo,
Ahneahdecay,
Ohneahdunah,
Ahrocorah,
Erahcoh,
Oneahwebay,
Ohfooday,
Anohcah,
Oozoombbah,
Gerohgoh,
Ehchendah,
Ohpahtocor,
Mohdoquay,
Ahneahgoh,
Dickay,
Ahmahgewar,
Ohnorhah,
Ahwoh,
Omahgoodoo,
Sarrebokoo,
Ocomahdoo,
Wohmenee,
Ahjareah,
Ocoraheah,
Ahcartah,
Ancahnahchee,
Ochargah,
Ogwohjee,
Kennehmee,
Omonogoo,
Ohmooteh,
Oneahgee,
Wayyiah  Mahdahutchec,
Ohpanny,
Wonquoh,
Owoedenjaw,
Ocoronquoh,
Ageeahhah,
Bahpowah,
Ahkaychee,
Ebodowah,
Oharpahsar,
Erogee,
Oboba,
Ozasee,
Ahbayemee,
Elayquayasay,
Ocordoh,
Mardemn,
Orodo,
Cartoo,
Impah,
Ahday lay,
Mahdeyquay,
Osornoo,
Icorbee,
Bahcolo,
Myor,
Erewoodor,
Miraree,
Jewkoo,
Ahlamoh,
Jem,
Koonachoo,
Ahbarrah,
Ohchor,
Sokolannee,
Ahchainoo,
Ahkorecoo,
Ahnoowah,
Ahmay,
Ahbahjeh,
Ongoh,
Ja'ah,
Carmdee,
Nahsam,
Ahpahkoh,
Etowoo,
Carbonah,
Ahfencoo,
Areecootah,
Senoochah,
Ahchekah,
Dayway,
Alneamno,
Botam,
Eleiah,
Ahdahlay,
Wogoh,
Egooranyah,
Wahyacha,
Wahdeh,
Waheritah,
Inquamumah,
Weyangwah,
Olojah,
Owocheh,
Ogoroh,
Ojelalee,
Emjoowahchebay,
Asekahmameah,
Ereeakah,
Eeyeh,
Onondee,
Woqnoh,
Somweroh,
Omaquoh,
Wammah,
Saudoh,
Ebelleh,
Hamanoh,
Annoomaneh,
Imbacoh,
Ogoomeh,
Ewanyabee,
Wapekeh,
Agehsewanjay,
Asippee,
Enefehmeh,
Oquenegah,
Awammeh,
Errindee,
Echeme,
Edachee,
Emmada,
Arree,
Erregoo,
Emalecoo,
Eseemojah,
Ebwowoo,
Edebeebee,
Quemeaknah,
Annekie,
Emalajah,
Emeesagah,
Eyawah,
Elongah,
Ogoogoo,
Eboogoo,
Ekinyah,
Ahmoreh,
Eloobah,
Ebocharay,
Ajocolay,
Manogodo,
Lageleh,
Ebooleneo,
Amanyee,
Elattee,
Ellangeh,
Lammekoo,
Ayoodoh,
Aloleeoh,
Asumon,
Ballee,
Amedehcoo,
Annueh,
Amegueh,
Enebeh,
Aichoguee,
Biakeh,
Allepoh,
Lonnee,
Ayoomeh,
Ebojekoo,
Enyamorah,
Ennatoh,
Ennuaguah,
Engaawamachah,
Quobarrah,
Oquolee,
Imbuomeh,
Agelah,
Mahdolenoo,
Awhanananno,
Ebon,
Wocoloh,
Ekorojoo,
Bemereweh,
Toodeh,
Echookoo,
Chookonoo,
Lionoh,
Daudeh,
Cayong,
Egwonafong,
Ezoqueenee,
Acraffoh,
Moneyah,
Wemoh,
Enyee,
Emolehmeh,
Moolayay,
Ajomah,
Eyemetoo,
Ayaloh,
Ekerree,
Echeeka,
Bennennoo,
Ekeseh,
Echakoo,
Ebarroh,
Etohobah,
Agnomee,
Oweamee,
Echenonee,
Kissy,
Edoovee,
Allookoo,
Assibbee,
Affayee,
Ajimma,
Eboocheh,
Angoonese,
Aijaseechee,
Omogang,
Imboekeh,
Erruah,
Debakoo,
Anchookoo,
Enemoo,
Akootee,
Kaomah,
Imboika,
Imbockeh,
Edoobarree,
Edowakoh,
Anyomah,
Ahoomakoh,
Inyannah,
Akor,
Ambokeh,
Julommah,
Erreahkah,
Pipa,
Akootovee,
Echuwalleh,
Edemba,
Wayanneh,
Martha,
Akawayee,
Makookwah,
Arriagah,
Etseeyeree,
Egulareleroya,
Enchochinayo,
Ayellimoh,
Ahoba,
Yemechee,
Echeneah,
Ebatayeh,
Ohammee,
Treebo,
Eameney,
Waneah,
Agragah,
Ardjoo,
Wanyaroo,
Equiboo,
Heychuquiba,
Oomanda,
Atan,
Acamalee,
Alocoo,
Achoocoo,
Bownokoo,
Wankow,
Echobueno,
Chambennair,
Marizae,
Heytoto,
Bonneber,
Azoojo,
Euboongow,
Araû,
Acolampho,
Elaley,
Ebelly,
Edogbee,
Bondecoo,
Meneebee,
Ebagayee,
Aconda,
Ememy,
Elecholow,
Idoo,
Ebajah,
Amoneypa,
Abarka,
Edoajah,
Oloohay,
Allubelly,
Emonjee,
Adobar,
Damagehor,
Apayedee,
Ahuley,
Allychay,
Elway,
Aquidogo,
Atae,
Adobekar,
Mooraw,
Atawoolow,
Apam,
Deneoley,
Weyna,
Bobey,
Marywar,
Aconea,
Adar,
Annakey,
Adoomar,
Ucanam,
Abra,
Abonndee,
Agimee,
Annaimochee,
Ochorcoto,
Coonalley,
Agofeama,
Acuita,
Oocoolaca,
Bofoo,
Abain,
Amailey,
Deacooloo,
Amobeo,
Soldier,
Omagera,
Farquar,
Kayman,
Adomar,
Seaka,
Anoobee,
Ajoma,
Accooame,
Yamalee,
Marinagua,
Waigu,
Eguama,
Waikee,
Ashakee,
Ozoomaka,
Abonar,
Elagaie,
Bomar ,
Jejura or Dojulia,
Oynlei,
Acooba,
Amiha,
Achurako,
Eadoomar,
Wanhem,
Anum,
Yamdome,
Edooway,
Annowan,
Bocolega,
Ancoo,
Mow,
Ooma,
Eailakey,
Annaicha,
Mainy,
Chekomoh,
Wannabumai,
Errcoma,
Jebacco,
Bueyley,
Ketchyaba,
Yemajaw,
Chdeogo,
Medgewike,
Ambokow,
Elimah,
Bennykee,
Barkow,
Adjudsa,
Equibama,
Amnykey,
Ohjulia,
Baddavis,
Hermanno,
Oloojomee,
Emailee,
Soto,
Poonnan,
Emoewoo,
Emangahe,
Etan,
Marsoh,
Papa,
Tehpeh,
Masango,
Yahbo,
Epopah,
Young,
Basah,
Inguasah,
Ebongee,
Neesang,
Eudee,
Egweu,
Edohcor,
Cam,
Eyemee,
Carw,
Inchangah,
Conedee,
Defau,
Fabate,
Charkoh,
Equallah,
Auahuah,
Bahquay,
Bannem,
Acoutoh,
Macarey,
Soombalay,
Emahlo,
Ekayah,
Ecor,
Fahcap,
Fengah,
Manem,
Monyon,
Bahwayong,
Tahquay,
Pahcoe,
Jewsoo,
Bahjougah,
Corlay,
Mocorray,
Torquay,
Echambah,
Martoh,
Longgah,
Carm,
Cam-Jim,
Johu-Joe,
Mahcougay,
Pimpbom,
Fampah,
Ingaye,
Gingah,
Oofou,
Foresee,
Kademu,
Intea,
Billarkay,
Cambah,
Beworeh,
Oowahuay,
Owahuay,
Oocorkay,
Esommee,
Laboom,
Sorkoh,
Carmah,
Maccaray,
Ewahney,
Yengtay,
Youngah,
Ahmanahbenneh,
Carboh,
Bellockey,
Day-one,
Ingau,
Mandefou,
Camchah,
Abbongee,
Manchee,
Loboto,
Indeebahyah,
Poxy,
Defou,
Hewannah,
Mahcauguay,
Inguaray,
Debom,
Foucoou,
Infooau,
Monnckahyah,
Elohkah,
Ecootee,
Tecobbah,
Incope,
Mayambahee,
Toocah,
Touge,
Deyeboe,
Popah,
Eyap,
Deboom,
Sougay,
Imbella,
Defam,
Pougoh,
Madam,
Pougay,
Gahpah,
Jewso,
Fengay,
Sambang,
Lobeh,
Fendee,
Bum,
Sanguay,
Mahsahcoh,
Tinco,
Ejucesoo,
Gorboh,
Egeeseh,
Esally,
Tahco-ee,
Tarcho,
Epeusor,
Go,
Mattambah,
Gorloh,
Bessee,
Booguoh,
Majorray,
Taccoh,
Cocoloe,
Jewsue,
Inchoh,
Apeusah,
Sheebah,
Bofeenay,
Sengay,
Dos,
Imbongoe,
Tahguay,
Momohyoh,
Toocop,
Madeah,
Bofunboe,
Fougim,
Mooseh,
Mamboe,
Etahkay,
Manumis,
Massangah,
Bill Williams,
Waypoo,
Goy,
Corlee,
Dahquah,
Nahwee,
Freemorrow,
Marfee,
Pohpah,
Far,
Do,
Pandeh,
Viah,
Morworo,
Doro,
Cordee,
Wohiervor,
Wheh,
Zeh,
Damee,
Oyamaboo,
Bendah,
Becan,
Gorh,
Geahloh,
Dohfo,
Dayquee,
Gehmeh,
Coyeh,
Sakah,
Marsah,
Blear E.,
Pehyon,
Quaynoh,
Blahguay,
Bohyo,
Quetoh,
Sainjee,
Yadahquey,
Sayquah,
Queahboh,
Dobee,
Sahbalay,
Mahpoh,
Sahdeah,
Kafu E.,
Marsornee,
Basay,
Kafu_E.,
Somee,
Narhuo,
Tehueh,
Zeenah,
Sarhdeah,
Kahh,
Yehpeh,
Bowoorah,
Yebohday,
Buyah,
Naweh,
Kehah,
Honoh,
Nya,
Fahmah,
Sesay,
Aicolong,
Kerekie,
Sayree,
Narfee,
Suckkoh,
Baee,
Seree,
Peh,
Cottao,
Nyaya,
Ingoah,
Gerreh,
Bwalleh,
Iffo,
Sesseh,
Quomba,
Ya,
Pangee,
Gueh,
Logoy,
Jaiworo,
Wyeh,
Farra,
Yapoo,
Siree,
Minna,
Cobadeh,
Foreh,
Doboh,
Seseh,
Dumara,
Attamba,
Yabanda,
Sando,
Cotoh,
Mehyeeneh,
Ezeenah,
Sangwo,
Nieweh,
Zoboo,
Teefah,
Fyeah,
Guessee,
Byeoh,
Etoazena,
Bumah,
Demoh,
Quah,
Tewah,
Daytay,
Cah,
Eahdea,
Gedah,
Debay,
Hongeah,
Joah,
Myeah,
Toahmah,
Coneah,
Codoo,
Ebeley,
Ocorakay,
Lohlayzay,
Bohjagee,
Obonahgay,
Oboodenday,
Cahdogoh,
Ahaloloo,
Acayboo,
Adaviah,
Esoboe,
Edoh,
Elleye,
Otoyah,
Oneahcoree,
Emohhah,
Olohfeah,
Alohloh,
Abbeahhonoo,
Eshane,
Omohray,
Offiah,
Abamboh,
Pambah,
Ebowoleh,
Callahbee,
Ammahlah,
Angola,
Esohcoh,
Assahmoh,
Addebay,
Anohchoh,
Otochah,
Opohwoe,
Owohcohchah,
Acalahgay,
Allochee,
Mohdaycon,
Ogam,
Etoocooloo,
Appanoloo,
Mohcoh,
Bosatah,
Equaykay,
Ozannoh,
Appahdeah,
Orroom,
Impowollah,
Attohquarahhewah,
Morlay,
Accronkoh,
Ebahyah,
Seebay,
Indebesee,
Clekey,
Omolekoe,
Ekoloh,
Yean,
Indonay,
Eseemah,
Aneegoo,
Epoyah,
Ocoroh,
Abbaloo,
Becoh,
Atoowooloh,
Injahlah,
Goneeboe,
Conahconah,
Becamay,
Alogoo,
Nohcah,
Wahyam,
Decah,
Morgue,
Nay,
Ohwobolacay,
Annookay,
Apaley,
Aisay,
Mahloarkah,
Accomeloh,
Pahmah,
Beseedah,
Ocolakay,
Jewmasah,
Ahjayloo,
Ewochah,
Mohjah,
Ecolahkah,
Adoesay,
Beahleseebohbolom,
Ebbaynim,
Ohwoocah,
Anayseem,
Enayseem,
Annoeloo,
Mahdaygay,
Asowekay,
Bonnoh,
Desogoo,
Ayaboo,
Ogahkam,
Egayah,
Quahloh,
Ajeeorgah,
Bonoewah,
Mahlah,
Inserrew,
Yebaymay,
Equaygoo,
Wahmaam,
Ahwahchah,
Wahyochee,
Imbahcah,
Onodoloo,
Codeah,
Wahbebay,
Imbahyoh,
Oyayne,
Mogan,
Allohcoh,
Gingolahcah,
Oballee,
Etim,
Ohdowang,
Aseay,
Imbahtar,
Banzar,
Achangah,
Aboccoh,
Ahquahbay,
Ecpoe,
Adeahhah,
Elah,
Bocahlay,
Wannaysay,
Essahloe,
Labesowah,
Areenay,
Nebby,
Kahgolee,
Wahyee,
Edemn,
Wannahquay,
Abaloo,
Wahbahjah,
Indogah,
Bottoe,
Accoomahdoo,
Match,
Ebomahvah,
Bahhah,
Geegay,
Ekaysoo,
Imbohkay,
Galahmah,
Geebay,
Ayambolah,
Obaim,
Amogah,
Assene,
Attahcoe,
Apattee,
Pahnoloo,
Pahwoloe,
Enahwoe,
Pap,
Kahmahnoo,
Esseetay,
Wanaysem,
Oojahmah,
Icaree,
Ingalafaleh,
Osaybenah,
Olahwah,
Wahdaygoo,
Wahjee,
Acodayboo,
Owahtor,
Zoomahlay,
Annachoo,
Chemollay,
Ebooahcah,
Adoobahgoo,
Onnohyah,
Akaguahnah,
Quahmah,
Boukoh,
Egahzoo,
Osarrah,
Inchahyam,
Addayson,
Nettey,
Sahwoochay,
Nohloh,
Addaygoo,
Yahbolowah,
Immocoe,
Ammarlay,
Abbahcaray,
Carlarsee,
Tabahlay,
Carlahsee,
Whycholoy,
Akkahnanee,
Abelome,
Moyallar,
Holah,
Arkay,
Nemoocoo,
Olaytee,
Ahjaywah,
Egayree,
Oguoy,
Ajeenay,
Byaffoh,
Tamaggah,
Bamboe,
Imbilekam,
Lahfoomdee,
Ahcarshe,
Apooloowah,
Jom,
Quahwah,
Mohyah,
Imancorn,
Tammahbay,
Monquah,
Endom,
Nogom,
Sangyoh,
Affech,
Wahyah,
Egbeh,
Imborakam,
Eshean,
Ahyoe,
Aifim,
Alaymah,
Yamahtar,
Ahyoh,
Opanay,
Towoloh,
Ollohjah,
Odemn,
Ahyou,
Kengah,
Kottee,
Laconquah,
Owedoe,
Ohnohfon,
Aicbain,
Imdarb,
Whapper,
Taccay,
Oofam,
Afeaim,
Alaychar,
Ballacah,
Chacoe,
Ewaim,
Ofan,
Defon ,
Enay,
Masahbay,
Echerenchay,
Assoochor,
Atemenah,
Ayonchah,
Afeleemah,
Atier,
Keggay,
Benchah,
Karbay,
Boteah,
Ewhy,
Lafah,
Chendah,
Eghallah,
Tangalay,
Tahfohbah,
Tarwoe,
Gansbah,
Tarcoe,
Omantah,
Mochonchu,
Tenbor,
Sorb,
Omahlikee,
Barfolee,
Mopah,
Manckay,
Mokallee,
Chooyah,
Oomahroo,
Oyap,
Mayan,
Echim,
Bahfonnah,
Warchee,
Mahbay,
Oseebah,
Fassa,
Aipan,
Achpovee,
Oyaree,
Ononoe,
Oneohleolaboe,
Bahyamboe,
Satamboo,
Ahwhy,
Yammayloh,
Kagah,
Mahkingloh,
Wancoray,
Faimbee,
Tootoo,
Gobbah,
Ecommoh,
Akkahnam,
Obebeah,
Bigsah,
Agahwah,
Noppah,
Booloo ,
Belofoh,
Ahsooahchah,
Oosheam,
Ofoe,
Mohsoe,
Bootee,
Macharles,
Olahquay,
Tabboh,
Tansee,
Omohtor,
Epor,
Manahmowoe,
Tahlaysoh,
Songay,
Lonshee,
Guarnah,
Torbah,
Ademn,
Fengoe,
Cheefoh,
Ohdadap,
Fomah,
Abbeahyannce,
Connohmah,
Nahmahwah,
Batteree,
Formongay,
Assooahchah,
Efon,
Fargay,
Tattoo,
Padagah,
Nohchay,
Tabboo,
Ammohkeelee,
Eitim,
Akoroh,
Yamchoo,
Tindah,
Endefong,
Ekeetar,
Jorpay,
Infah,
Imban,
Besoh,
Chandah,
Har,
Cheegah,
Tasay,
Fancoro,
Quahlaymay,
Demijohn,
Affeon,
Mamay,
Jayquay,
Inyahwosoe,
Ooquah,
Ingobadee,
Gonguoh,
Maffee,
Manjayloo,
Mangossh,
Fahtab,
Goffoh,
Gable,
Chamfay,
Fahquay,
Abbahshee,
Gossoh,
Sappah,
Asanayea,
Ofioh,
Ootah,
Aroh,
Ahdeahgar,
Bongobeah,
Whahye,
Goombah,
Iborm,
Damah,
Tanjoe,
Masembay,
Choochooay,
Whahcheebay,
Taccoe,
Ataccah,
Mahyee,
Meondo,
Eyee,
Phiem,
Sabboh,
Gessey,
Bakooloo,
Guahboe,
Tarbay,
Apaywah,
Bagar,
Tollee,
Inchor,
Gessay,
Nebbah,
Marfoh,
Eshoonkah,
Moofoh,
Incho,
Cheeboh,
Garfoocoo,
Wanyow,
Accomafelay,
Annohhaheah,
Faimboo,
Ecromahday,
Ebockoo,
Eshorahkah,
Ayahfannah,
Adooam,
Woedoo,
Mahdegonnah,
Amaycooah,
Ohwoosoozoomay,
Bahgay,
Menahquay,
Abahgoe,
Allayeah,
Ocanavoo,
Mahmeloe,
Ewohmay,
Inkoomay,
Agreemeedoo,
Marwooloh,
Akaygeray,
Akayboe,
Abbahsahcoolay,
Annoloah,
Alenter,
Camwah,
Ahchahnemahnayah,
Amahnah,
Ocoronkoh,
Apphahbee,
Appandeah,
Obeaypay,
Orrohorohbassee,
Ebeletam,
Ewahmah,
Appahnacoz,
Imborekay,
I Ocolee,
Wahcheekoo,
Ookah,
Ayamley,
Mahdayquay,
Oneahcoolay,
Wanay-foo,
Cammahnoo,
Ahwoekay,
Obokaylay,
Appahboe,
Otooroo,
Onnohchah,
Monneo,
Ahcahnoo,
Andemn,
Wahtay,
Wocorboh,
Etootah,
Labella,
Wochoh,
Etohmah,
Santoccoh,
Oogoorabache,
Ecaywoo,
Akaylay,
Epahbay,
Ahdaywoosay,
Ayenocah,
Ointah,
Alooayyoh,
Ambahroe,
Edeahoonoo,
Okoronco,
Deahcoh,
Ebeam,
Attaycoo,
Ekaygahcoh,
Solemboe,
Anneemoh,
Boedah,
Ekayawoo,
Achowaynem,
Odeeyah,
Ahjeebohlah,
Moonoogoo,
Wohchohchoh,
Bohwoocah,
Seoboo,
Assee,
Tahgayday,
Hamdo,
Soommoh,
Chaneemee,
Ootonnoh,
Ebokay,
Ochoochoo,
Beleymah,
O Parkee,
Geelahgah,
Ooshah,
Onochoo,
Namahchah,
Nahwoeyoe,
Ohdoeday,
Onnohhah,
Byekey,
Osohboe,
Oyagenah,
Ayahsoe,
Ahwoedoo,
Ayahsoh,
Bocooloo,
Bahchah,
Yongoh,
Elahboh,
Kahkoo,
Odooay,
Yerohcah,
Yembee,
Accraffoh,
Oloogoe,
Camlay,
Ochorbah,
Oogargoh,
Onnahdoooe,
Osoroobah,
Okartam,
Azarhah,
Okorochah,
Eyohgoe,
Okorokoh,
Akaray kay,
Wordeah,
Oyeeboe,
Obahbayme,
Kabahyee,
Ogham,
Lalayyee,
Oongoo,
Onnochee,
Oggay,
Banawoe,
Akaratee,
Appay,
Ohnoegoo,
Bahnoecay,
Imbelekar,
Mosaysay,
Abbahgah,
Ammahnobee,
Ohkoom,
Eheecoolah,
Akaybenechay,
Okeegay,
Awinname,
Calaboh,
Osoeboe,
Ingoar,
Osoor,
Okorekay,
Dinsoo,
Ommohya,
Abbeah,
Injormah,
Ofenayyah,
Ebahkannah,
Obonnoh,
Elahjah,
Ebahkah,
Ogarram,
Narbiah,
Oomohwhen,
Etooane,
Yeanah,
Ammooay,
Omohcooah,
Adeyee,
Onnohchoo,
Haneenay,
Oopabay,
Ochahboo,
Wangoh,
Adimmah,
Chakannahnah,
Oddommah,
Ejeinbeh,
Owooconcoe,
Ocorobay,
Wahleeloo,
Warkah,
Guahmah,
Bontay,
Wahdeah,
Ahyeahgah,
Wahyorchah,
Ochochah,
Bohmah,
Innahnoe,
Oneahnahnahchee,
Boyakay,
Abbochay,
Oleahnahnahchee,
Wahyoro,
Oyeahkar,
Akokoo,
Mahkolom,
Ahahdarahoo,
Abageree,
Abahcha,
Ayam,
Oseerakay,
Cahsooba,
Alahkar,
Osaim,
Oongook,
Ockpoh,
Okanofoh,
Okoronchoh,
Wohaff,
Acahboh,
Awoonah,
Acanafoh,
Okenekay,
Ahoonah,
Ajigpoh,
Achahoonah,
Belebah,
Moneeboh,
Wahnechee,
Rohchin,
Accobalay,
Bammoo,
Eganahno,
Ahdooa,
Emay,
Sedomah,
Ejineh,
Ahdomah,
Mah Munee,
Oguagah,
Mongoh,
Chemelay,
Lahbayjay,
Lisahbambee,
Mogalleh,
Ahdohah,
Wonachee,
Ezambah,
Ageekara,
Awonamee,
Wanyochee,
Osooamah,
Abargah,
Wanyohnoo,
Wanyogo,
Owasoo,
Adooamah,
Buchechinoo,
Wanyakoo,
Woodoh,
Egoomah,
Wanyeaka,
Wohbea,
Sidamah,
Wenentah,
Wachay,
Onogootah,
Wambokah,
Ahkoonay,
Wanyonko,
Okanoo,
Indefore,
Kandemn,
Deahgar,
Intano,
Addeahgar,
Obahchah,
Obahchee,
Ahcowah,
Addeahhah,
Morkah,
Nahmindo,
Echean,
Otone,
Cobooeh,
Mah,
Ohkonkon,
Jogoboh,
Opannoh,
Wanguo,
Wanorno,
Neawah,
Oyeanahnah,
Ahyeeboo,
Wanyon,
Onapahda,
Teedo,
Ajunafoo,
Indaynay,
Cheeboo,
Navoo,
Ebonsoh,
Emahsee,
Wahchoochoo,
Enarmar,
Alooworoh,
Wahhoh,
Maminee,
Obeelah,
Oyamis,
Okoorah,
Ojoogee,
Echunmee,
Onobeahyee,
Otahzoo,
Azeh,
Omohgannah,
Inkoloh,
Okolekoo,
Emaza,
Obochamee,
Monecon,
Morocoh,
Wequay,
Minekay,
Wooahhah,
Wahnodoo,
Wocorow,
Lawoah,
Wohdoo,
Ogooahnah,
Onunegoo,
Wokookoo,
Woolah,
Amayanguah,
Anohnokay,
Onayboo,
Ezaquay,
Alakay,
Namichoo,
Agifoh,
Mohwah,
Allalay,
Oquarroh,
Emmeyang,
Ahfiah,
Ohgoo,
Womeny,
Okonynoh,
Onoroh,
Aboyoung,
Mohoshean,
Anwoh,
Wahbaworoh,
Cheek,
Obeyelo,
Wanquoh,
Wohohfo,
Wanguoh,
Wokoroh,
Elogoreen,
Adeahah,
Ejokoo,
Indebecee,
Cocha,
Kanlean,
Wahnlah,
Kanlah,
Karanko,
Anegoh,
Woquoh,
Ogongoh,
Okarekay,
Eromohyo,
Dungarmoh,
Tuwopah,
Cobagah,
Olugbay,
Fahgee,
Bahyudah,
Lewoh,
Manahda,
Bagbame,
Amjah,
Dakaloo,
Asanjoh,
Azanoo,
Ogoolay,
Oneaguoray,
Moakoo,
Echacha,
Okoroncho,
Otton,
Abookay,
Chahmahnoo,
Ahkoogoo,
Norkay,
Alogozoe,
Ahweahnah,
Awoongah,
Sareahdah,
Etennay,
Ohsooarboo,
Ewoohah,
Marmanachoo,
Wanyomah,
Ahdeoroo,
Mahlehoo,
Codea,
Neabahchee,
Akongwoh,
Unoah,
Adangah,
Wahyambah,
Guamah,
Mahkoo,
Ogodoom,
Kenqonz,
Oogonyay,
Okomoh,
Ohenachee,
Wahkakoo,
Okachookoo,
Aheedoo,
Ocheeakay,
Wanyafoh,
Odeahkah,
Mahwodee,
Soloh,
Gegeenee,
Ogumey,
Okahgoo,
Okomah,
Wanyochah,
Wahbachah,
Omakoroom,
Indomoah,
Edoomah,
Woochakoo,
Worahdomah,
Ekoroo,
Abuagoh,
Inkuahku,
Inyaboom,
Oginnoh,
Wanyohoma,
Baday,
Ambochah,
Abarkah,
Elohloh,
Adeahgar,
Moahkoo,
Nahkooroo,
Okahnafo,
Ugohloo,
Warangoh,
Ebayuah,
Tandah,
Namcha,
Osontoh,
Oonoh,
Ebasima,
Amissa,
Guarloe,
Ofooaloo,
Omnoh,
Ohsooya,
Orneoh,
Epoe,
Whahchookoo,
Wahchookoo,
Cheekah,
Okarkoe,
Echarko,
Ogarmoh,
Ojurguah,
Oganday,
Anadoh,
Wanyeadoo,
Wahkakay,
Akinabee,
Wanyakay,
Nwanyiobi/Wanyobee,
Okongwah,
Imboynoh,
Oksovolay,
Inyoquatto,
Oseeamah,
Wanyokay,
Areahgah,
Asseboo,
Aummah,
Acammah,
Adeemoh,
Adeelanoo,
Ebonoh,
Ebadoh,
Afooakah,
Indocogee,
Indahmay,
Alazee,
Eshomah,
Ibback,
Majay,
Amisomo,
Ohogray,
Anwah,
Mabroo,
Adoomah,
Wanyaka,
Chuamah,
Abroyea,
Amucha,
Affomoo,
Adualah,
Ackoom,
Gooalama,
Agamah,
Yoawah,
Ajudowara,
Allolo,
Gahwahyee,
Bahkar,
Naim,
Sallahkoe,
Indemn,
Beyeloh,
Wasekay,
Akkahdoe,
Anmanachee,
Ahfon,
Uwah,
Lugarmdee,
Ocoeyah,
Wahchachah,
Ocheah,
Adoboe,
Ogayhahlahloh,
Yomochee,
Ebahrosoo,
Oconyahbah,
Jamahcah,
Wandoroe,
Shebohgay,
Injookor,
Okonguoh,
Ohwoochah,
Weckay,
Workoroe,
Orohfeah,
Telechep,
Bosiee,
Orgee,
Barnakay,
Apporto,
Eboboe,
Ajoenor,
Awasoowah,
Nabahyagee,
Ogaray,
Cheeohmah,
Egacaray,
Nakay,
Annemarkay,
Camgoe,
Abboobah,
Morkoh,
Whaham,
Bohcoh,
Akangah,
Alahcahmah,
Imbohcoe,
Ayunyah,
Anoosoh,
Attahcheray,
Addomodoo,
Bolahcah,
Hemmee,
Annahhah,
Ewemnahchoh,
Semmeh,
Oyeesee,
Opommah,
Alloekay,
Browlay,
Abbeohyar,
Bowachay,
Anaykeewee,
Akaysoombah,
Bakkay,
Akaykay,
Odayray,
Akkardah,
Adoomeyee,
Abenn,
Nanting,
Echah,
Abbeagah,
Iyem,
Eteefeah,
Omohlay,
Allen,
Ahponay,
Asohonny,
Apalagay,
Alegay,
Choloo,
Gomaygrees,
Mobahlay,
Apayyoh,
Orohroh,
Ammahcoodah,
Addoboh,
Gahweegee,
Abbahyoe,
Soonday,
Ahchohfay,
Essang,
Onoomoday,
Essowwoo,
Onabay,
Ollohwoodoo,
Caywah,
Ogoomee,
Imboloe,
Cammahdoo,
Doeamer,
Echahkonee,
Ocoronfoh,
Kannaykay,
Onnohcohdonoboo,
Obeeroh,
Osoedommah,
Ocoonah,
Esahgay,
Mohboh,
Nagoowah,
Namenaychay,
Wahdaraykay,
Ocahrow,
Eyennay,
Ocoronkoe,
Makkie,
Abbahdow,
Bohahhah,
Boahnah,
Cheequanday,
Seewoh,
Accanday,
Appanbeo,
We,
Mohchen,
Waebahram,
Mahdaycay,
Allohkah,
Appahkah,
Ocaray,
Lahpoowah,
Mahdahgoe,
Aboogannah,
Apakay,
Baisay,
Oosaykah,
Morlah,
Nattee,
Oneaycooray,
Popoe,
Ochomah,
Bahbookay,
Mohmah,
Edahmee,
Ahjeemaylay,
Okoobomme,
Dahkaiy,
Assahyee,
Attahsee,
Oovoomee,
Akkahbay,
Dolof,
Oyeahlesalay,
Ogayney,
Akkohmaychoo,
Oneahforay,
Arjokoh,
Appohbay,
Echeemah,
Elayboo,
Ottohtoh,
Oozahbakkah,
Ahjeeboboo,
Dahgolloh,
Ahgoovah,
Adaymahnee,
Zaykoodoe,
Ahgeedee,
Tahjeu,
Malaybee,
Oodohfay,
Mayseenee,
Nabellah,
Orrohwoh,
Ocoolayghe,
Odoobahlah,
Addegohza,
Okaysoo,
Aggeelah,
Ogoogeay,
Ooloh,
Aloody,
Bohjahmah,
Oyeammoh,
Azimmah,
Eguahmah,
Arimmah,
Ajohmah,
Ahyohchah,
Wahkeeboh,
Sahmah,
Oyajelley,
Chaybee,
Esoeme,
Boowalay,
Akee,
Oseekong,
Pammee,
Oodeesay,
Eteemoo,
Edahnah,
Jalloh,
Ahzeenah,
Ammahyah,
Gammah,
Ahjoemah,
Ajeejah,
Mambahoah,
Annahyon,
Esaysay,
Osoemah,
Immachay,
Ommary,
Glassee,
Whachay,
Oogee,
Ahyeewah,
Odorobboh,
Allahwah,
Wahnamahnee,
Omahsomoe,
Ommahgeemo,
Accohbin,
Ossaim,
Wahvoh,
Ezaymay,
Indaykay,
Ackquah,
Yamcoh,
Ogahgay,
Oosohkay,
Wonnoh,
Ahfaray,
Mohcah,
Ocalay,
Esee,
Akkronkoh,
Kooeboh,
Obahjem,
Ahwojeu,
Laboe,
Hadoh,
Ohzoonooroo,
Nemahchee,
Efayboe,
Eyaybarroo,
Mahdohcoh,
Edeohmah,
Ooparay,
Geelay-boe,
Eseegoom,
Yagbayyahnoh,
Abboesheme,
Oleohquay,
Oocoe,
Abbecoo,
Allongee,
Onnahnee,
Wancooray,
Esahnoh,
Afooh,
Abbahdie,
Addahchay,
Whytoroe,
Whahyochoh,
Maddeahbootah,
Mahcoo,
Yondoh,
Oseeahooh,
Wahkaraboe,
Anneekakkamkaray,
Anneakay,
Agoolohnee,
Ebahnah,
Wahbomah,
Oporoo,
Onnohmah,
Odahray,
Echahloh,
Ahyahcoh,
Baymoosoo,
Alloe,
Abboloo,
Owoncoe,
Wanboe,
Ookay,
Wacon,
Ammahchay,
Icsyagay,
Anaywoo,
Oogahboo,
Abaim,
Chedokah,
Oganoobee,
Chikoo,
Onoah,
Onirdeque,
Ahahoo,
Okeboo,
Oramoo,
Asongwah,
Anibokoo,
Akalemi,
Mogee,
Woh,
Abajeh,
Anoeboo,
Onofoo,
Euongwah,
Akloonoo,
Madeebeeka,
Okodoo,
Deem,
Kaman,
Oqur,
Annakanda,
Ooh,
Olongwoh,
Kekoo,
Obajeh,
Accanda,
Alleegoo,
Yalleehoh,
Willekee,
Alleyomee,
Onegee,
Omenewah,
Obanoobeh,
Ogooshadeh,
Adeegah,
Wooreemah,
Noowongah,
Essar,
Oobasseh,
Mamio,
Anneebeeree,
Otchee,
Wonnah,
Appoologee,
Indobeechee,
Isokoo,
Akkekoah,
Wograkoh,
Ejebomo,
Okuesee,
Abornee,
Boannah,
Amejee,
Alloochoo,
Wannoroo,
Ezeeokoo,
Oniemoo,
Obeeloo,
Ezabeh,
Moobiloh,
Ekereke,
Woque,
Ahog,
Gibbemawoh,
Ottoh,
Egenneh,
Onyocha,
Nabochee,
Kadea,
Natchee,
Agooboshoo,
Ongkikeh,
Ogarrah,
Esuoh,
Henoah,
Acocha,
Aroquoi,
Madowoh,
Acarah,
Sigittai,
Coodelee,
Neachee,
Ewooah,
Alloogee,
Ahjocoo,
Saemah,
Amoifinee,
Amoocha,
Loobieh,
Benoo,
Doosee,
Ahbann,
Serlee,
Amohdee,
Gogumboh,
Dahcoo,
Manahcoo,
Esea,
Ahbichee,
Kahform,
Deesah,
Mohahcoo,
Echaee,
Adogah,
Jahcoo,
Jawoh,
Ajecohee,
Jecambee,
Jecoolee,
Coodajoh,
Marechah,
Acoomanee,
Attaguay,
Ihetoo,
Acooramee,
Anopay,
Charah,
Anoogah,
Allatah,
Attooah,
Oreesah,
Enoosoquato,
Osietee,
Paloocoo,
Amogeeh,
Namkah,
Eziemee,
Obohdamah,
Oozoobee,
Corleah,
Wabeeneedah,
Wanadoo,
Wachoo,
Akoonakoh,
Jenny,
Enneekee,
Ookachah,
Equabahtah,
Adayboe,
Dahcoe,
Seekoo,
Danifah,
Aboochee,
Oloojue,
Bogang,
Ahtaykoo,
Ahdahcay,
Oreechar,
Adiny,
Allahsah,
Okoalay,
Ahtacoo,
Ahnoolay,
Ahsayee,
Ahloolah,
Koosargah,
Ahjahcoonce,
Waykoh,
Ahtay,
Anneymie,
Igabooah,
Toworoh,
Ingangboo,
Ebayamay,
Ahlabansee,
Alabasam,
Okany,
Ahtooboo,
Okaranko,
Obeeaynang,
Jeebee,
Langah,
Namereegee,
Onwroh,
Esaim,
Ahcambeo,
Akony,
Afahcoo,
Monquoh,
Ojeelee,
Afoohjookoo,
Ojille,
Coronquoh,
Olooquonquoh,
Oncoolafoh,
Fahjumwah,
Amcoh,
Nahtoo,
Ahhahbee,
Karchee,
Ahgoowang,
Aseeanoo,
Yahgbah,
Ohgoolayang,
Anlayey,
Wanbaray,
Ahnasoo,
Wangchee,
Angamnah,
Ahmahwang,
Ahbee,
Owogoo,
Imborcoo,
Ahkarmee,
Imbahcoe,
Oleehayee,
Etahcoo,
Echahlinque,
Bojahanah,
Okortanee,
Ohwanajee,
Omongyang,
Ohmoalay,
Ahbahjue,
Jebee,
Imbohoh,
Decamoh,
Senachoo,
Ahcayee,
Baguoh,
Loochoe,
Oloojoe,
Otonan,
Looloo,
Adosoo,
Echoo,
Taam,
Ahnoocoo,
Attahlah,
Ianwoo,
Ahbecoo,
Menjoh,
Amachay,
Wear,
Bahmy,
Ambittah,
Owoodeh,
Odecah,
Odoomajah,
Dooagoo,
Doolamay,
Shahwooloo,
Choomaday,
Pahgemee,
Colahnah,
Ahdoogoolay,
Cooloo,
Beocoo,
Ahbeantoo,
Lohcongoh,
Ahbejahcoo,
Jewseh,
Allapokee,
Allahfeemee,
Alleocoo,
Aloocootah,
Ahcah,
Ohchoh,
Cancoo,
Ollahnea,
Lahhahmoo,
Ahkeeashah,
Ahkeeosee,
Ameebacah,
Abahjadee,
Effahmoocoo,
Aguanah,
Ahbeebah,
Athaneo,
Alloobaineja,
Ahcooloo,
Ahshu,
Ahgoodeah,
Ahdeloojoo,
Dubrocoo,
Obootoosee,
Opooloo,
Allahbeentah,
Akeendelah,
Ahjoobahday,
Ahkeabeh,
Ohshoo,
Olnofeenee,
Allahneo,
Ahgummoea,
Allesheenah,
Ahshanee,
Ahbetooah,
Cahcrasha,
Addefallah,
Ahrahshoah,
Alloowotah,
Alloquay,
Allooguah,
Ogooahgee,
Bahchecah,
Ahgoolahdey,
Lohteemee,
Ahdoobah,
Tahbee,
Tahayonah,
Ohcho,
Mahchoo,
Ahjeewoodoo,
Alloogoo,
Baytoday,
Fahdoomay,
Ahbany,
Jahloo,
Allahbooyee,
Oltoomayee,
Acoolahya,
Boy-Jack,
Boyejoh,
Ayumogoo,
Alloobay_yee,
Booroh,
Onsholoh,
Onoocoomee,
Ahmodee,
Tahmoyee,
Icheenah,
Assuambee,
Assagee,
Allomanah,
Attarah,
Allooloo,
Elahamoh,
Abesahnoo,
Arroocaha,
Abenenjee,
Ahboocombee,
Allaquah,
Pahjeeboo,
Samemee,
Boocoo,
Ahneejen,
Assooquah,
Madoonoo,
Ahdelahquo,
Roytomee,
Ahkayah,
Ahdoobayah,
Ahdoomahday,
Bayaroh,
Achebay,
Omahbody,
Allahnee,
Poinee,
Ahcoondahyee,
Adday-yee,
Lahmegoo,
Ahdaywoonee,
Chalansee,
Choday,
Omoosoo,
Fashenah,
Owosahenda,
Botefu,
Synedee,
Sahnees,
Ogoocucah,
Jindoo,
Owahlee,
Adeefang,
Ahyonboosha,
Samcoo,
Ahquahoboo,
Ahdeyon,
Ahshoo,
Ahgobarrah,
Mahjamee,
Owoahree,
Oshah,
Iyahdee,
Ageebahdee,
Amahdoo,
Asheeloo,
Sahloohoo,
Loahtoo,
Ahjooshelee,
Jack Smoke,
Boy Will,
Boy Joe,
Allooahcoo,
Akkeejorbee,
Ogeacoolay,
Ohzooneeday,
Addeyahnoo,
Alleebah,
Ohchoo,
Iyahchohboe,
Arohzohyee,
Ochochoolor,
Addemootee,
Ahjie,
Jonllah,
Loolee,
Jibboh,
Damoeh,
Jenoh,
Saim,
Noocoo,
Amoochee,
Fahboodah,
Oshar,
Hoomoyah,
Amookay,
Onyboh,
Atifa,
Afiola,
Abyehmy,
Asueidy,
Afoodidey,
Aquidah,
Laletah,
Afatoh,
Afisho,
Abooh,
Alodellay,
Elloofah,
Degaloh,
Abeallah,
Ahjaih,
Unech,
Ambosey,
Ullojey,
Mackalay,
Alchamey,
Ehwhey,
Effoobey mey,
Ateysee,
Afisaih,
Sarahlaleh,
Myahmey,
Babamesah,
Ibykeh,
Atalamey,
Sabatah,
Famolokah,
Tench,
Asmaday,
Aswoadey,
Mowha,
Asoolee,
Ahmoolor,
Amoyay,
Yameyley,
Falunkah,
Agoobahmee,
Ahmallay,
Esoobeeye,
Janjopay,
Allabah,
Fahsologah,
Ongeoh,
Adannee,
Obahlahlah,
Ohray,
Addoonso,
Ojoc,
Attoadeh,
Onnesartoo,
Ramelacoo,
Bambahlah,
Eroesah,
Alayteelay,
Aroerechah,
Chahgoowardee,
Mahbahnabay,
Ahraymee,
Ohsong,
Obahsah,
Orochahnepee,
Obcaycoo,
Ahgay,
Quehch,
Ogoopah,
Ochoomarroe,
Beochoo,
Betoeyar,
Odoogah,
Olliway,
Ewooallah,
Eyeesallay,
Ommohdanmee,
Fahtecoo,
Orraybahjew,
Akkebelay,
Lahlohtoh,
Faychootoh,
Ahyeenor,
Abeohlah,
Jongohnoh,
Ommohtenabay,
Awootobee,
Fahboe,
Fahtahkee,
Manahsahrah,
Oloobaya,
Assay,
Yakem,
Addoch,
Ohmohwhyee,
Ohbaybay,
Ohshow,
Ehabay,
Ohpay,
Oglee,
Ohdayboomee,
Feloecoe,
Mohlaneboh,
Bahjahhee,
Ochoomooyee,
Ochoi,
Bahmejocoe,
Addahgah,
Acheah,
Arrooroo,
Aloohoekoo,
Alaywoo,
Oresahtoo,
Dayseenoh,
Fahlohtah,
Majuah,
Odoodoo,
Oshor,
Mahjabee,
Olayee,
Attanah,
Obooamee,
Ahjahnee,
Badfoh,
Oroondai,
Jamcah,
Asmokey,
Bhwhoo,
Doahdey,
Okoronoohah,
Motolah,
Achdooah,
Lackendah,
Arrakeh,
Amriky,
Hoey-yeh,
Heyenah,
Fadunkah,
Lisacalley,
Ahdehsoo,
Equiwho,
Asehlah,
Tamalah,
Gamaenah,
Chatu,
Asuahmee,
Desselah,
Keynah,
Foodoobeh,
Ewhomeh,
Effolagah,
Talawho,
Elookoneur,
Dowho,
Lisalomah,
Adebeseh,
Majambeh,
Yajaboh,
Abooah,
Okopolayae,
Oloegooday,
Fahhee,
Ohsofoocay,
Ahyaray,
Olojae,
Seahahloo,
Ahwooshebee,
Hyenow,
Abromee,
Sadee,
Osheamee,
Ahjun,
Addalay,
Asahtoo,
Mumatoo,
Banyjaih,
Dohoo,
Olangee,
Coopalyee,
Gande,
Misswahan,
Aloompah,
Infonee,
Ecam,
Echewawah,
Rosa,
Sebor,
Lowasah,
Macock,
Indefo,
Acayo,
Nasson,
Owahso,
Semoh,
Vapoh,
Madeboh,
Monamonga,
Abasse,
Vanga,
Detayong,
Boketteh,
Yamse,
Oknole,
Fitifite,
Yes Sir,
Manuelle,
Decam,
Morengo,
Lolong,
Abahtook,
Bash,
Beloh,
Choko,
Enquah,
Comcom,
Bobbahyoa,
Embahwaya,
Eoangoree,
Awam,
Yamchee,
Aseo,
Mahcollamange,
Ocalandee,
Inyain,
Incanjo,
Embarlo,
Mekemah,
Mamyam,
Endaday,
Yamsec,
Decovey,
Incomere,
Fobex,
Ahben,
Uqansee,
Laycome,
Lincelong,
Efonekay,
Indepon,
Defomoyah,
Ellah,
Lacomba,
Ingadee,
Omdee,
Gando,
Youg,
Eyoug,
Ewafoo,
Yamasee,
Ocolah,
Eyono,
Mendefoo,
Comen,
Eowo,
Ewanah,
Ewannah,
Mongbuasa,
Mondea,
Wahwah,
Enganoo,
Leafoo,
Yamase,
Showah,
Mahlongo,
Londogah,
Mandaga,
Mangon,
Efoo,
Inahgum,
Edosoo,
Ejonah,
Inchango,
Inahpongo,
Eyombah,
Mahgum,
Mamborah,
Infokon,
Ejongah,
Enahcah,
Mondaye,
Enguahtah,
Amquay,
Fahbokay,
Boocah,
Eudah,
Yangone,
Ahsha,
Onondoroh,
Gooshoo,
Onsha,
Wattapee,
Jangro,
Tetamboh,
Chetombango,
Tonquah,
Lampoh,
Same,
Gobala,
Enganquah,
Bomqua,
Moahchafoola,
Omahla,
Moangan,
Boucane,
Mamgoo,
Manteah,
Osoongah,
Foncoh,
Moncoh,
Fompah,
Mofany,
Comeco,
Come one,
Conenone,
Mache,
Oyolong,
Newmahso,
Cwnbe,
Mahsong,
Entwa,
Muncang,
Bumbalah,
Bellarkey,
Adjagoo,
Ahchachu,
Olleh,
Ollumelah,
Cheodu,
Ahkeyolah,
Ahcosee,
Affoda,
Keboh,
Odoolaney,
Akukaroo,
Ahsavee,
Kellibah,
Ohdear,
Ocoloo,
Olooshuah,
Lahlameh,
Daybyjoe,
Ahkillee,
Goloose,
Boyooney,
Doowoo,
Esson,
Ingeshe,
Ahkeyonloo,
Lahdebee,
Fallahdeh,
Amsay,
Oyomassa,
Ojomeyah,
Oyoojoe,
Ahajee,
Ahfaseecoo,
Fahfodo,
Shodokoo,
Lahkumbo,
Ahkittee,
Fyedeh,
Fyomee,
Showoo,
Ahbuyomee,
Teomeeloo,
Fylna,
Obooyomee,
Ideoboo,
Jeloo,
Futto,
Anco,
Akeeboyeh,
Asmole,
Shokah,
Shomefoo,
Edeeleesoo,
Okeeloh,
Adehoosee,
Egeh,
Chokeh,
Ebokoo,
Ojeh,
Jemsec,
Akaleh,
Akeeoomee,
Olosha,
Akeolah,
Ottekoo,
Guomoh,
Reguamee,
Amolarrah,
Ayeton,
Adetoobehlee,
Kolcho,
Eseebah,
Ebodoo,
Alefong,
Amooshoo,
Ogoobidee,
Ojnoyah,
Oshoai,
Efagutebeb,
Abedehee,
Fatokeh,
Akeegolah,
Odoomcoo,
Alehshee,
Alloroo,
Olokoondeh,
Ocoodgwee,
Faleogo,
Lahdadee,
Ajedo,
Allowalay,
Oyademe,
Efahjei,
Odocouree,
Sobioko,
Fahllalla,
Ocoolee,
Saguanee,
Yoro,
Dolahjalle,
Ahelagay,
Ochopamee,
Ochou,
Ojae,
Odoboo,
Ahjeka,
Oemojoe,
Maimoh,
Dayahwoe,
Ahdaygoo,
Tywoe,
Anbohseh,
Metilarjan,
Iyorlarlah,
Moneyapay,
Lunlehkoo,
Cobahlahpay,
Bejoh,
Lahohtoh,
Fahjalloh,
Ahkarey,
Ehfooehtoo,
Yeanoome,
Annecaray,
Ojehahkoo,
Bamjocko,
Ohuahpajeu,
Ehfooniekay,
Ahjye,
Ehkeytoh,
Toowahgoo,
Ahbaygee,
Ahgeekeh,
Ahmahjohlah,
Sio,
Ahshartoo,
Iyamoo,
Charnomee,
Ogooyeh,
Fahbelleh,
Ahdayoosee,
Coosea,
Ehwooes,
Iyonkey,
Ehrashoh,
Elohre,
Ohshohway,
Bambehsee,
Tiewoe,
Majihyoh,
Shyomee,
Yeamesea,
Ogoonoome,
Moneyohlah,
Morohlah,
Duddah,
Cobundolah,
Effodeh,
Ahpooah,
Assottoo,
Ahbaba,
Ewillo,
Icoo,
Omahyea,
Mullah,
Kuhrohyea,
Fahsheo,
Fahshelajoe,
Iyuhwo,
Iyemoh,
Popowoo,
Edooroo,
Onahmafor,
Ahlahbah,
Tuhmasha,
Ohchutuhlah,
Ahjoieh,
Megahmoah,
Yeanee,
Luhfooloo,
Mohcashe,
Coshe,
Bosha,
Ahnahwoshe,
Ahmahlahddea,
Caletoo,
Tattoshe,
Mahlo,
Asasay,
Ashou,
Afeeteday,
Boshacolly,
Mosome,
Ahjobee,
Ahbahlo,
Ondarrah,
Dungunnah,
Ahshadeh,
Bumbusha,
Essawoo,
Chuncaloo,
Poopoo,
Ahleahlee,
Ahsho,
Taddalay,
Ohshaloo,
Ahshah,
Quahquah,
Ahfahdege,
Asshe,
Omshuwo,
Ahbacke,
Moretee,
Luhcumpo,
Ohesha,
Sahohmee,
Sahlahwo,
Nosomea,
Osho,
Ogooshamee,
Ohsroh,
Duhkee,
Fahkaya,
Cahwoo,
Fahtaday,
Sooleh,
Ohwahlooah,
Juhdoo,
Ollooqualah,
Ahsoomogoo,
Odoomasoo,
Toogusha,
Ohbahmoo,
Ahlayday,
Chubamwah,
Odobutta,
Ollatoo,
Tahteleh,
Uloogadoo,
Unobah,
Fahbooloo,
Okeejee,
Obbougnah,
Ohshoh,
Chabequah,
Oboomatee,
Olookela,
Fahtookee,
Ollojoe,
Aroolah,
Yeadahlo,
Oyutemah,
Mowo,
Chodee,
Ahwoosha,
Ahchoya,
Lookahja,
Ocoomahlee,
Ahfattoyee,
Eujahboo,
Ahkeomee,
Ahdeloe,
Ahchamoo,
Otooyanee,
Elleddoya,
Codahosee,
Elleshe,
Mahshawo,
Lovchaya,
Mahlukela,
Fahlooboo,
Ahdemadee,
Ahkahjah,
Ejacoo,
Ogoojabee,
Oleeahcoo,
Oshabattuya,
Ahcuney,
Johndame,
Ahkillayee,
Duhbah,
Noshah,
Dudage,
Ohpunahyec,
Luhdedee,
Dishoo,
Ahkealee,
Ahdetor,
Agookiyah,
Afahlogo,
Bosanee,
Ahlasa,
Olalawoo,
Apoome,
Olagoula,
Mutullah,
Eahpah,
Dayconkee,
Ogoolahtay,
Vonvee,
Bubayonoyo,
Lahlahwoo,
Leolah,
Fattomoh,
Ahbahmooyah,
Osobooya,
Asso,
Olloosambabee,
Bamboseh,
Effoolahdey,
Orrojoe,
Aboopallala,
Ahbuyupapeo,
Tenoahday,
Emanchah,
Fahduoro,
Essoducah,
Fahrombee,
Ahdotellah,
Ahsheomee,
Ahseebee,
Fahkuyoo,
Ommahtoto,
Lahbomee,
Ohjai,
Allahtoo,
Bahjasomoo,
Byonee,
Ahsutallah,
Daysonka,
Lardee,
Ocorro,
Mabo,
Echenoo,
Achor,
Elordah,
Grandy,
Arrou,
Baringee,
Ocomcah,
Garyou,
Afagee,
Abouyoh,
Goddee,
Walee,
Mocahbelly,
Sheree,
Uonsa,
Masea,
Fahserey,
Caconba,
Uadeyerrah,
Paddah,
Seray,
Uousa,
Sallee,
Deahlee,
Fouray,
Yahtah,
Loango,
Jojoo,
Capteo,
Kelalah,
Coomo,
Sahlo,
Antonie,
Tahlah,
Augoh,
Loobah,
Monaconba,
Soulah,
Wochee,
Ohadequa,
Waho,
Ogorage,
Ecome,
Ahboyah,
Ashi,
Asoto,
Wahuak,
Embohbenah,
Ebahfah,
Ejerekah,
Jackquila,
Abohe,
Jomah,
Warro,
Ocoracay,
Ahpane,
Ahjaqua,
Ahcobo,
Ebore,
Wahwan,
Enagee,
Habanna,
Ageg,
Obala,
Oparto,
Olemobe,
Iser,
Ocorafo,
Agoobee,
Eukaenka,
Edoka,
Ahconago,
Monia,
Atoagan,
Emoiada,
Ahkoonahcone,
Anaham,
Abebee,
Onoge,
Ate,
Esename,
Ocolocha,
Ahjone,
Elubode,
Wahfoo,
Onora,
Agnanta,
Gaywon,
Wyamba,
Kamiserah,
Allhgronke,
Wallahgoo,
Naychere,
Equama,
Areaka,
Murawate,
Grea,
Oram,
Ognoma,
Orage,
Ocarade,
Monboco,
Caradea,
Antony,
Rappiah,
Rahlarne,
Massacona,
Samisse,
Ahchonala,
Pamoora,
Mahtanoo,
Paranoo,
Mantahla,
Ohrettoo,
Andraka,
Laza,
Nahboun kard,
Shandra,
Ghaboona,
Kantannee,
Ahmoora,
Jokie,
Sema,
Emanuel,
Beanhome,
Kisongah,
Sedama,
Mameyara,
Karavaro,
Monsanoo,
Monmala,
Japhe,
Somanza,
Joanne,
Idiot,
Wahlalah,
Mahsamissa,
Mahtima,
Suremah,
Canawera,
Sakadinana,
Matasee,
Bambarane,
Kana,
Luiz,
Macaulla,
Senitoe,
Mahcontie,
Liguette,
Matolala,
Maraboo,
Ahkogah,
Fazzenda,
Massahoe,
Mohatta,
Kancanon,
Matemon,
Macahcoo,
Yancoocooloo,
Lantee,
Saporro,
Digahmoora,
Matarah,
Wonsah,
Woogarah,
Calanee,
Moporriseh,
Mahalelah,
Lawana,
Longamah,
Macquiam,
Rizzente,
Machacosse,
Majhonerah,
Pataratoo,
Macharam,
Masherrah,
Mahshaporo,
Feliza,
Macanjara,
Domingoo,
Malanga,
Manjatah,
Vizzente,
Namoroo,
Sudanne,
Matinara,
Bobarah,
Demeyarah,
Machasse,
Shacanee,
Macopasse,
Sanane,
Acostah,
Sincoe,
Castode,
Martin,
Azongale,
Manbara,
Wamaten,
Darchay,
Daboura,
Mahlawie,
Chocoomah,
Chocooremay,
Piara,
Chawon,
Mahotah,
Yemparoo,
Shandree,
Vizzentee,
Edayeah,
Pombra,
Foombaramba,
Mocaulah,
Tougamara,
Pobrah,
Camerarah,
Zenzarah,
Adomance,
Mahraise,
Bicasie,
Manacato,
Jahroomah,
Tamparamantah,
Yambaminah,
Dishmamso,
Nahwoolanoh,
Yahnesse,
Mingara,
Kawearah,
Coochandra,
Vimpatroo,
Ahwohmaneh,
Malangee,
Sanhee,
Mahloot,
Mahloolah,
Bennee,
Chicolah,
Seana,
Manakoe,
Mohotoomay,
Zata,
Latama,
Accomarimah,
Loubayeah,
Mahnepah,
Vadeah,
Lapham,
Lechawah,
Sepeyam,
Tamanee,
Motissee,
Nahpahoo,
Nassam,
Toahmee,
Wambassah,
Ahsintoe,
Simeyen,
Namrone,
Mahlachai,
Bongoloo,
Nahmincah,
Cancassee,
Caloombah,
Juallette,
Colaie,
Ahgoo-eah,
Charorequah,
Malamhoe,
Tappoodamoo,
Aniennah,
Kejomah,
Wemberah,
Cathoriah,
Molamoh,
Wingarie,
Louisse,
Rahrance,
Nahvahlap,
Loonsoodere,
Mahapan,
Rosie,
Mahcammart,
Masparra,
Yeriah,
Grace,
Catharina,
Kalahna,
Treasse,
Nahwiramrah,
Kisstasse,
Seeosse,
Yahwoorane,
Nacoostasse,
Nimbrasse,
Bazzemanta,
Bizzematah,
Joanna,
Rombambarra,
Susannah,
Luisa,
Camena,
Ahsesta,
Mahatouine,
Shepa,
Mahcocisse,
Goneconoo,
Vintera,
Fallamaloo,
Mahlanah,
Arminia,
Singuaella,
Cherookah,
Zuzah,
Nahmenah,
Macoolard,
Mahlose,
Vitheene,
Jockee,
Geanah,
Joemah,
Mahtonea,
Seahmeno,
Soobere,
Shingarroo,
Marrola,
Neanto,
Mahcotte,
Mahchunga,
Mahgooma,
Rahfea,
Malandavarto,
Wachecane,
Dennisse,
Mahcosse,
Antoney,
Aspoongon,
Caranse,
Racoo,
Marebart,
Katemarah,
Kentrisse,
Leedwine,
Sahbeeno,
Scoula,
Mahsisse,
Mahteetee Maise,
Ahmese,
Lahbarne,
Beauhorne,
Nerette,
Demayarre,
Mahtengard,
Foortoona,
Woostene,
Mootonga,
Sallala,
Mahterah,
Carimah,
Ahhoopara,
Gesarah,
Masagah,
Wonteeme,
Mahcahtisse,
Staphada,
Johanne,
Wondreppe,
Napatwa,
Wahherenqua,
Wahfahshe,
Malakinta,
Ioansesse,
Moosoore,
Cahtoora,
Marahah,
Moredara,
Deyaroe,
Mahhowence,
Ohpanpan,
Mahicarne,
Devalse,
Coorinere,
Aquadente,
Macomequa,
Dase,
Mahseboo,
Mahlana,
Embrazzie,
Zambou,
Commonda,
Surijene,
Alammoo,
Mahyaka,
Mangistale,
Vintoorah,
Foorinard,
Macooca,
Coongana,
Mechala,
Yacontola,
Shivangale,
Snoowara,
Mongarne,
Sintanga,
Foora,
Mahlozze,
Mostane,
Pangala,
Mancotonia,
Shashene,
Mavenshukelle,
Mahlamoo,
Mastequa,
Sooquette,
Zhentepooda,
Moniah,
Raniard,
Marimaqua,
Rishandoo,
Ashenoma,
Siloasa,
Cottane,
Tamalaya,
Mahtoora,
Coobasse,
Mungassa,
Mahwi Camba,
Mahfahnelle,
Bradard,
Ahfosse,
Fountah,
Nahcoola,
Mahcoota,
Davanshalle,
Andre,
Kahedah,
Basseva,
Endoringo,
Nekah,
Cadoora,
Yensamba,
Marasasse,
Cooradde,
Ioeba,
Shoobanah,
Yambelah,
Pazzara,
Carotasse,
Antoma,
Camieyalle,
Macassamboo,
Shujantole,
Mahganyere,
Malanqua,
Sasane,
Raphael,
Juan,
Canappasa,
Massema,
Nut Oil,
Quahshimoo,
Nahna,
Nahsinga,
Mahsoorima,
Sandwaselle,
Visentoe,
Eccapba,
Mahsima,
Roynia,
Joseffe,
Bintoe,
Ahbrie,
Yacoomaya,
Guana,
Mazengalle,
Mahromba,
Rahtah,
Kenisqua,
Mihala,
Esparo,
Ningalle,
Gwahhie,
Nanguansa,
Yeoba,
Grahmodoo,
Mahtille,
Marigayette,
Gahtana,
Singoora,
Wahsha,
Deyorke,
Relanie,
Cheboowanie,
Rahtoo,
Bisbata,
Tantania,
Shewone,
Masambisse,
Sendwina,
Mahgushe,
Senjere,
Ahtisse,
Manuella,
Lahfeah,
Temah,
Kassevah,
Seaguah,
Gorianah,
Nacoorammee,
Dobsoh,
Mahfooreh,
Epka,
Songuaneah,
Bahbatah,
Ahchochevch,
Sungaree,
Molardoh,
Chapowoh,
Efincee,
Bredout,
Maniah,
Mahsoweah,
Yampance,
Messecoh,
Namanqua,
Bahneah,
Petia,
Frecheco,
Banana,
Mahquona,
Cachamah,
Charonquiah,
Issekah,
Mozzekatee,
Wongarre,
Jimmaccopa,
Moneah,
Canasoogah,
Jerawassah,
Monegoveane,
Kaviganeah,
Encotoo,
Ahtoniah,
Curavant,
Goonewah,
Doomigh,
Notoh,
Zoolanah,
Teladoo,
Encotoh,
Mosechatie,
Kimbah,
Carejanah,
Monie,
Wongarie,
Anderiah,
Paschie,
Massoo,
Mahhalah,
Ahrosse,
Machanah,
Festanno,
Moquamo,
Cavahmille,
Sabannie,
Pooerisho,
Quasombio,
Mamowcanie,
Rahwoline,
Glengoucho,
Sesa,
Nafoula,
Ahrose,
Kawane,
Yenoorette,
Fastava,
Malibisane,
Sportah,
Nezulette,
Doombabara,
Mahia Newah,
Marique,
Natoonahie,
Kenatie,
Coondahine,
Rahsimbah,
Fisteah,
Ahretah,
Wontarte,
Guzaribba,
Yanconah,
Refasaque,
Dah Kaparette,
Rubambarra,
Sinquahera,
Inlahquire,
Fourlonia,
Rahcelle,
Pahcesse,
Ahretta,
Joahquin,
Raphaelle,
Tomasse,
Samecasse,
Simquarera,
Cassellane,
Yahdelle,
Mahtorasse,
Foowanah,
Zazallie,
Mollihah,
Zuelle,
Cathrina,
Mandonneah,
Macheronga,
Mechamoo,
Chanequah,
Tabala,
Pitteree,
Leemarah,
Mahtone,
Coomerie,
Zoohreh,
Negelebee,
Ohwahsanie,
Judge,
Ochoronko,
Mochoro,
Pahnaco,
Onecua,
Wasokie,
Enahmanee,
Endobesee,
Wahcecoo,
Ahnau,
Hazie,
Endoobesee,
Ahhah,
Ohsotoogah,
Lebbee,
Wahgoo,
Acpano,
Ehembrie,
Gocolie,
Endooesee,
Accararah,
Acquaquah,
Oroe,
Cohmah,
Acqua,
Mahdaqua,
Ohfaqua,
Jacoe,
Woccachah,
Eachene,
Eagoo,
Ahgahseca,
Omara,
Frungard,
Ohquatah,
Olofoe,
Esewocho,
Agemofee,
Etahgoo,
Ela,
Echajofoe,
Ohdie,
Ohtoroo,
Ohcooroo,
Acgooda,
Accomb,
Bahrout,
Wonochodo,
Wocho,
Ahfahca,
Ahnoba,
Onjefoo,
Enabeva,
Ohjemafo,
Onbocoo,
Heze,
Nahromb,
Oconco,
Ahnoe,
Biagoo,
Enahdoo,
Wahcoroo,
Cheboonda,
Ageka,
Ejooka,
Edooguakee,
Omanee,
Efamaboo,
Onoforaganee,
Asenajoo,
Acquanee,
Epau,
Ahlegoo,
Ahmadee,
Ahjaroe,
Oca,
Anoomargue,
Ohnafoo,
Echasarah,
Allahdonia,
Onozerecca,
Ahbeahdonia,
Ahbanee,
Ohrah,
Anachoo,
Ohhaboo,
Wocarfee,
Ogogissee,
Nechecaree,
Navioo,
Wofoe,
Wambissee,
Ohfoe,
Neboochee,
Nefoe,
Cocoo,
Ohbah,
Echobah,
Bahroah,
Emaniah,
Ahtowoolo,
Mahdooquah,
Ahnowee,
Ahcoogee,
Ebanoowah,
Eraw,
Oniah,
Acpanie,
Dantah,
Ohbassee,
Ohyabone,
Ahcheday,
Edie,
Emoe,
Ahedaroo,
Ahtone,
Eloffeah,
Wongome,
Ahtoyenge,
Ahquobamah,
Aheagee,
Whacanah,
Ahtame,
Sawogee,
Odaboo,
Whada,
Ahmolona,
Achaga,
Chigorena,
Romah,
Ebola,
Nanah,
Ahboah,
Ohgree,
Oreakah,
Jadoo,
Ageranahee,
Mandamie,
Ohoboh,
Tam,
Acooramah,
Ohcoo,
Alasekah,
Geboh,
Mamobah,
Ebeebee,
Mahmabee,
Ahvee,
Ashea,
Caballah,
Worroh,
Arrah,
Agallah,
Oyiddee,
Odahah,
Galasse,
Wondeone,
Ohwahgonea,
Onqua,
Wevame,
Obooquamah,
Ahdabuah,
Bahfoo,
Ahdraca,
Accania,
Ebo Jeane,
Adearah,
Encaniah,
Assoona,
Ahdea,
Asene,
Emaya,
Ahcoogoo,
Ohdriafee,
Bala,
Ahquasama,
Onoquarema,
Acquigomah,
Ohdoe,
Enanah,
Alaherekah,
Ologoh,
Ogooryah,
Ganawah,
Netah,
Arah,
Bahjuno,
Guagoh,
Mohsecoo,
Mardue,
Nintah,
Jagoh,
Ahsoh,
Eyabay,
Hase,
Otoowoora,
Ahnogoo,
Wonperica,
Woncasha,
Ahney,
Chemah,
Ohcaraah,
Etashie,
Ecbicoo,
Bacoola,
Nabeeobordee,
Ino chajah,
Bathagua,
Ocoroka,
Etofa,
Appane,
Auroffeo,
Ocorie,
Pettee,
Droqua,
Owamba,
Ahchooquaree,
Ahpaba,
Ahlala,
Paragomah,
Asadah,
Ochocha,
Balafoh,
Eskap,
Acahboomaree,
Abohwah,
Cucuntah,
Egowarah,
Ahdefah,
Wancontah,
Ahkebiah,
Addanoh,
Egariah,
Alohakay,
Ohroh,
Wonnedee,
Moy,
Nenkeche,
Wahyentah,
Bokecha,
Embafoo,
Emboelay,
Bokentah,
Esae,
Laneeyne,
Ahwahda,
Emboekay,
Eyahkah,
Wonco,
Wondeah,
Yeahcanda,
Ahgorechee,
Emboesee,
Waheentah,
Emboco,
Emboree,
Wahsawah,
Enaee,
Adey,
Enguomah,
Baremah,
Woncoe,
Womboe,
Emboecay,
Ecanee,
Ayenamee,
Chebontah,
Emboerentah,
Ahhanye,
Embahfah,
Wonechah,
Wahcoe,
Emboera,
Endose,
Embahfoe,
Wahyensee,
Embole,
Bahjeane,
Embahcoe,
Esowahee,
Wahyenchee,
Quoybrahah,
Ahgoe,
Coromanch,
Ezahceh,
Eccotooroe,
Ehjim,
Ahmoeye,
Aconah,
Eneyee,
Enochootah,
Enawoney,
Fahcane,
Nachie,
Echowah,
Wahak,
Wanyatah,
Beechee,
Wohoh,
Mohoh,
Mohadoh,
Wahjafoh,
Nornah,
Abahdah,
Amarrah,
Awohtah,
Engumah,
Wakayseh,
Wayonah,
Ecacahmah,
Ahbella,
Adreyze,
Ahcrafah,
Endoomey,
Oham,
Accalana,
Endoweza,
Abeye,
Mohoe,
Ochola,
Wanchookoo,
Gahlohloe,
Enocah,
Ocholey,
Elleachee,
Ezemah,
Boham,
Ahgou,
Boy John,
Wonahkee,
Ocdecea,
Gedowellah,
Coobacallah,
Endowechee,
Ete,
Ahbasse,
Appadie,
Eyeboo,
Onehah,
Ojacoe,
Camoocoo,
Ganqua,
Nealah,
Ofome,
Wanchoe,
Enchororah,
Agbeh,
Wallacha,
Achone,
Eveygoe,
Ahbeacolone,
Jeybole,
Ezerecea,
Ohroe,
Enahca,
Aboolah,
Encah,
Efan,
Egahlah,
Neacoley,
Oreabay,
Woolangoh,
Tamoo,
Echajoy,
Egooley,
Mahchachai,
Wooley,
Endokay,
Egbeo,
Wahwatane,
Aleahnoo,
Ahdanoo,
Egarah,
Epaneo,
Jobranoe,
Enacha,
Egolay,
Ahtamah,
Eroochay,
Edeagah,
Oncheawora,
Edomoh,
Bahnah,
Ahbala,
Wiapotoe,
Eloney,
Eyahmey,
Ezawah,
Ahloombey,
Ahcatroonwah,
Echadey,
Wahshedey,
Wahyafey,
Echowoodey,
Deamahchoe,
Wombeau,
Brahbamamah,
Boelay,
Ebaukoo,
Ahrakah,
Imbahcoh,
Eneychoo,
Owhon,
Oreahgah,
Dummy,
Mahprey,
Echabeah,
Wanchoocoo,
Edogoo,
Achaia,
Comcome,
Wondocha,
Ihie,
Embah,
Ocallophe,
Enoomodey,
Biara,
Neafala,
Bome,
Okoranquah,
Ocholoe,
Kamahloe,
Owella,
Ohpanah,
Ejewoo,
Eahchey,
Acpowah,
Acpowmah,
Brechea,
Ahmesegoe,
Ahmo Monah,
Ahcochey,
Edeagee,
Ereaday,
Kawey,
Ahjonokay,
Pahjoncoe,
Eboleauke,
Rachoe,
Eyacoloe,
Eyacha,
Mahajose,
Eboelay,
Jenah,
Elageage,
Omoneycha,
Ebahfoo,
Emboeka,
Eynomah,
Edeagoo,
Ehleah,
Bramboe,
Enahyey,
Eboley,
Quiazoo,
Whacawhoo,
Azoowachoo,
Emboecha,
Adebolah,
Adeboley,
Areagah,
Ahesomoo,
Endozwah,
Imboelay,
Ahlomay,
Gohee,
Mahcolay,
Sattee,
Owhadah,
Aneahgah,
Abeyahnah,
Ejoemah,
Echebey,
Woreychoocoo,
Egranah,
Nenchootah,
Egahtoo,
Ejochoe,
Lewah,
Emoelay,
Ozoodoe,
Eyahramacah,
Checoolah,
Ahbamee,
Ahcerecah,
Boochey,
Modoorey,
Beney,
Ochagaley,
Ebochoe,
Ahlahtane,
Bochoroncho,
Oppomoe,
Aquaranah,
Ogoonezee,
Opiacha,
Ocheche,
Janoo,
Endoobahgoe,
Jomoefooeh,
Erem,
Appahbey,
Ahbahshee,
Loeytee,
Ahbahroo,
Noybeylachey,
Wombolloo,
Bowoney,
Oneananoo,
Bijemetoe,
Eleyloofee,
Collehome,
Wonchoocoo,
Ohcillee,
Weshebah,
Biohmah,
Nahmee,
Ahjeaney,
Nohonah,
Echajey,
Woley,
Endocey,
Abeebee,
Epanco,
Eroe,
Joe branoe,
Cheboowah,
Insigney,
Azam,
Ebey,
Akayeloh,
Shortonwah,
Ahjahlah,
Sahnyah,
Ahdecambee,
Fashtoe,
Ahlargahdar,
Olootoo,
Yealogoo,
Doobarloh,
Ahdecartoo,
Neahdah,
Ahjorbohsee,
Ahnorbee,
Olooweyea,
Ahkeebolah,
Emahlajah,
Bahjoewoo,
Ohloodalay,
Doosoomoo,
Ahtarah,
Coobalah,
Ahmoosea,
Aloolah,
Ahdahseenah,
Ahkeebamy,
Ahgoosoe,
Ogoehetoto,
Mododah,
Saboh,
Ahcashewahjoo,
Ahrotomeo,
Aleahwoe,
Machalay,
Dadoo,
Ohmahnayee,
Ahkelahjah,
Ahjichie,
Shamie,
Acheamie,
Tatoofay,
Mahnoosee,
Alabee,
Acaolah,
Eagahday,
Ahbattoyeah,
Sahgooday,
Ahbahalay,
Sofoelooay,
Ahcio,
Coopahbay,
Ahcheloloo,
Ahloowasane,
Fiomee,
Joejoe,
Bahdah,
Fahloocoo,
Mohahlay,
Shoday,
Dahheloe,
Somoroe,
Orocon,
Shaloo,
Rhotemoo,
Somahnoo,
Adeamee,
Showayloo,
Famosalay,
Ahcoolay,
Loojoyah,
Cowoneah,
Ogoojee,
Ohtomelah,
Oquaday,
Lohgoodoo,
Adoe,
Ohlotoo,
Ahdedeshend,
Ogoosah,
Oloolay,
Oloobahway,
Epagwah,
Eshadayee,
Wahnacoe,
Chosahmah,
Bofay,
Fahcahbay,
Efahtelay,
Fahcheacay,
Ahcoloh,
Batoway,
Ahgisah,
Fahnee,
Fahdowesee,
Semecheyee,
Jalocoo,
Coopakay,
Fahloyea,
Ogoodekay,
Beahlay,
Ahcahwoo,
Bahloocoo,
Edoowoo,
Ochomoloo,
Olegomay,
Ahdachalay,
Ahdaborah,
Ahhoe,
Kebahday,
Fahbonedah,
Ahnazee,
Ashoo,
Odoobacoe,
Efahday,
Ahoochase,
Obochoe,
Ahjetemee,
Pisie,
Oquille,
Chobelah,
Ahtenbolah,
Ohcillah,
Ohtapahlah,
Mahtomee,
Loshpah,
Apahcha,
Achau,
Bachah,
Ahsaloe,
Ahjeojoo,
Dagbonoe,
Ahlahmagee,
Ahnepay,
Ahwodoo,
Lahbahlee,
Ahlosane,
Ahlatin,
Aketeyabah,
Phahsenah,
Nawhoyeo,
Ahdosolah,
Afoolah,
Asentay,
Fahmoloo,
Ohmojooway,
Tendady,
Ohmatoroo,
Yahcololah,
Shanoe,
Lahboh,
Ahmoyeah,
Shacobeemee,
Lahooday,
Ochie,
Fasheonton,
Johlah,
Osotoocha,
Doojahah,
Ahsontooka,
Besimanha,
Fahseah,
Agiebolah,
Dohsemee,
Nebahbay,
Ahjeekay,
Alahtong,
Ahdake,
Ahchenokay,
Allahwoobay,
Temtanoo,
Bohewee,
Ahjaie,
Assahbay,
Lahlebay,
Ahkelaloo,
Tahhahlah,
Odowesee,
Ahbahlah,
Fahshawoo,
Anochoyah,
Obay day,
Eshoo,
Antonoo,
Ahcholahday,
Bomjah,
Angatoo,
Ochatoo,
Ahmofoloo,
Ahadaloo,
Ahgoombayee,
Dayloo,
Ahlayoo,
Fashie,
Equaniah,
Ohcolahday,
Omcoe,
Ohtatoosee,
Aceetona,
Cholatone,
Agabobah,
Famiah,
Oggolahkay,
Sontone,
Fohletome,
Ahwodoe,
Ohdosiah,
Ahbogooday,
Ohlaybay,
Chomocoo,
Ahdamecha,
Fahboloogoo,
Fahbamegoo,
Ademeyah,
Pahjoechee,
Ogootokee,
Achamcoe,
Sodahlah,
Choobahbay,
Fahlolay,
Ahmoolahdoe,
Ahshoe,
Ahnahegoo,
Ahfoocoyah,
Ahfoosobay,
Ahsoosay,
Olooboogee,
Ohdee,
Ochefah,
Oyeah,
Mahjolay,
Ahcowosee,
Achoomalah,
Ogoosenah,
Oppahteo,
Aloomayah,
Fahnemocah,
Choondabay,
Dacome,
Fahcoloe,
Ahlocoe,
Ahmosoloo,
Bahmechia,
Oshocoloo,
Ahjoecay,
Foohmee,
Ahporto,
Ahmoreshah,
Ahmoyee,
Shecaloo,
Maya,
Dalongah,
Ahdayae,
Bancahlay,
Orechah,
Ahmenee,
Lahbambee,
Olochee,
Ohchoojola,
Ahtalookee,
Fahlahlabee,
Ahgoolalah,
Ahdadee,
Apau,
Ehoton,
Ahchelabah,
Kanekay,
Dahdogoh,
Oboyon,
Ahwosah,
Bochosah,
Bochoh,
Yochoh,
Jahwoh,
Ahdemoo,
Laghidie,
Agoobahniah,
Osahimie,
Ohchoonegah,
Loohsabie,
Ahrahmaheoh,
Lahgidie,
Achasaloh,
Ahdoopagoo,
Ahlalooyah,
Ogootah,
Asosah,
Dobangoo,
Bahdacoh,
Adoometee,
Ahlacombee,
Ahbelanday,
Ahkenah,
Ahkematah,
Ahmooyah,
Ohloocoe,
Ahjiehee,
Chomahloh,
Oloohahton,
Ahdahabay,
Ahdohdah,
Ogoobahhee,
Ahjousay,
Ayarenah,
Ohjoh,
Ahtieloh,
Ahdadah,
Ahwansoo,
Ahdofah,
Ahkieyah,
Chobahjee,
Nahhersah,
Ahlahkay,
Tohwoh,
Ahkentoh,
Ahkeeamee,
Goolahie,
Ahkeeay,
Choolahkah,
Ohlooboh,
Tahnoh,
Ahdeeloe,
Ahgahmah,
Ahdahaymee,
Lahnayah,
Coodoe,
Ahmogooday,
Lahcomee,
Ageeboe,
Bohyong,
Ohsoo,
Dohwoo,
Coombayee,
Ahmoosoo,
Choreah,
Ahchim,
Ahjebosee,
Oloohahbay,
Debosay,
Acheloo,
Ahbogaday,
Lahdahlee,
Ajeebolah,
Chomoonoo,
Ahhefomoo,
Pahdomoo,
Ahcheolah,
Lahdahre,
Ichin,
Ahladay,
Achehah,
Iyco,
Agoobiyah,
Olahbay,
Senoofoe,
Ahlonkay,
Ahjimah,
Choroyah,
Masacha,
Omahlalah,
Banjokah,
Amoo,
Anchaday,
Ahmegee,
Ahjahwoo,
Aphatah,
Achetah,
Esamie,
Ahdaseah,
Ahbahlay,
Mahyeahay,
Yorekay,
Milawah,
Ahtosowah,
Ajelay,
Ahsetoo,
Foohtakay,
Mahtekoo,
Coboolay,
Ohgoojahbee,
Quahree,
Pahlahyoh,
Ahmosah,
Bosanbay,
Ahdooachoo,
Oloobachoe,
Lahdajooday,
Bohcobee,
Ejahjenay,
Dum,
Ahsette,
Queavie,
Whysoo,
Coochamee,
Chayoh,
Ologvingee,
Boehoh,
Elooheeyee,
Chadahree,
Dahchora,
Oboesah,
Ahoomee,
Ahjahday,
Ejahdehay,
Ogoloe,
Acheloloe,
Tootalee,
Moolay,
Padoo,
Ahmigah,
Ahmodoo,
Ohdoo,
Boegoolay,
Debahwoo,
Ahbofoe,
Ojue,
Ahdiyah,
Ocholoh,
Efahtoogae,
Achaseah,
Ohlahtah,
Owhomee,
Cholondah,
Ahdahabee,
Tohoomboe,
Achebachoo,
Agootoloo,
Ahlahchabah,
Ahkejobee,
Tongsah,
Agoelah,
Edosay,
Dahwootee,
Lahbie,
Ahwahtoosee,
Ahjosay,
Ahfoomee,
Esahbay,
Emochoo,
Bojonvee,
Lahjonbee,
Lobahgoe,
Dahboo,
Fahmahmah,
Bosawee,
Ahgoebee,
Egae,
Ahmotahjee,
Alooheyah,
Cobelajah,
Ewahee,
Ehahmee,
Ahbebah,
Ahyahwoh,
Ahdeboe,
Owhohyeah,
Ohejoh,
Quahsavee,
Fiahbee,
Nagohsee,
Telapoh,
Banjochoh,
Ahjebalah,
Bohevee,
Ihelalah,
Icahwah,
Phabimeloe,
Ahjoelah,
Yahboday,
Ahcoochamee,
Adoelaloo,
Mahbea,
Obetah,
Fasolah,
Davadee,
Niahmer,
Boehevee,
Ahdasomah,
Ahlachoo,
Ohtoo,
Ajeebee,
Atambay,
Ahdocholay,
Ahcolay,
Kedah,
Yabah,
Kalahwoh,
Marewinah,
Ogoogahbee,
Ieshah,
Mecharche,
Ebowah,
Opoo,
Atteampoo,
Beecham,
Daytar,
Iyoe,
Ehannie,
Wanpa,
Williloo,
Kametah,
Mombo,
Mohcon,
Bomocon,
Massam,
Edan,
Moajoo,
Mohwahover,
Wangam,
Ahwowah,
Taffy,
Mondom,
Imbieoh,
Momomoo,
Myetoo,
Fortay,
Fantay,
Monjoe,
Bahbezinge,
Ahbass,
Etoee,
Imbeh,
Ewar,
Chayroo,
Embracam,
Begorgee,
Infam,
Anacoranah,
Wonchy,
Inchambasse,
Kanahoo,
Massan,
Acam,
Equor Eyah,
Ededayar,
Mahfar,
Apparbay,
Tarbalah  Cambah,
Endryam,
Neham,
Denganneh,
Attam ,
Affegon,
Ahram,
Epandyone,
Mombeh,
Beahlone,
Corredam,
Edeep,
Emy,
Acoloneah,
Ahcambah,
Mahfue,
Anbonie,
Sombar,
Mocoat,
Mandefon,
Etar,
Ehechechar,
Nahcharbeh,
Efayor,
Moquay,
Itam,
Ahfambah,
Ehtah,
Asea,
Ehcomtah,
Ehnea,
Dafon,
Esoowan,
Callabar,
Equahlaywar,
Becrawar,
Nahblalay,
Dechar,
Ehbor,
Mahcome,
Manbay,
Brucam,
Wonjey,
Jondoo,
Emeah,
Efassoo,
Earwoogah,
Monyah,
Mosangah,
Moagam,
Monyam,
Manboyam,
Mangoway,
Mobangee,
Manfeyeo,
Momoconey,
Londo,
Monbah,
Moboetah,
Moomoofoh,
Gontea,
Normah,
Inchan,
Edowonee,
Linghah,
Efooquam,
Bahcow,
Egawbah,
Condamn,
Ahtem,
Ejohkehyem,
Womopah,
Bemu,
Yangmohtor,
Fongkay,
Kakeyzooah,
Watch,
Ekan,
Imbokquoh,
Mohcondah,
Goseah,
Yohkay,
Atttay,
Nongoh,
Imbohcheer,
Gohsar,
Fahnoo,
Negah,
Fahmargegar,
Monkor,
Manchor,
Ekor,
Ohcome,
Emehnemu,
Besar,
Emer,
Marrycarm,
Guahsander,
Mejay,
Egonga,
Gohsarny,
Enjarah,
Mandemn,
Mohmor,
Acaah,
Eseabah,
Ahdahmar,
Degoolar,
Manfoo,
Monfah,
Monlah,
Montoo,
Monbay,
Mongay,
Esabargandah,
Ahbeoyo,
Bahtooyo,
Ahkeetardah,
Daysalah,
Ahkebarton,
Ahkeoloo,
Chuarloo,
Ahchanday,
Ahkeordoo,
Ahkenday,
Ahmarlookoo,
Ahkeyolarday,
Ahkoorjoe,
Ahkeojobee,
Tioloo,
Ahketonday,
Lamarjie,
Moolodie,
Lookagee,
Ahdesokong,
Mahjokoo,
Ahkoojobee,
Ahkooarba,
Layooloo,
Olooarboo,
Farmeyah,
Oneebamejah,
Yeatonoo,
Ahbeedogoo,
Fahsoo,
Odoonamloo,
Yahpoo,
Fahkayah,
Ahloonatalah,
Marjargose,
Dasabah,
Ahbardomee,
Beardomah,
Oyakayah,
Saydooloo,
Sarbayee,
Ahdaylebah,
Fahchomoo,
Ahmemookoo,
Ahpapay,
Ahkeetoyee,
Koodumlatah,
Mahchadoo,
Ahlamloo,
Tahtoosee,
Oloolalah,
Ahmoo,
Ahkooahsee,
Olooka,
Lahpoomee,
Koomarmee,
Ahquaton,
Ahboomakoo,
Odombarkoo,
Onebamkah,
Ahdayboyee,
Okoonesoo,
Okootalah,
Otonnage,
Bahloomsah,
Oloopamoo,
Sallahkoo,
Fahmonee,
Fahdepah,
Surgarda,
Oloofagee,
Bamchie,
Ahkaymah,
Ahtookalah,
Odojobee,
Ahkelotong,
Daykoyah,
Ogoolossee,
Olookootoo,
Okeetonday,
Ahmoola,
Nobagah,
Majarbee,
Owoodammoloo,
Ahgreegoree,
Addomah,
Ahlargee,
Allahmargee,
Iahmoo,
Ahdalamoo,
Larsonday,
Paiegah,
Markooloo,
Woolammah,
Ahmarcha,
Ahjartah,
Modoyee,
Landyou,
Shamedoo,
Obodoo,
Ohgomnoo,
Ahsammeloo,
Ochohee,
Iyagatam,
Ahmoshonno,
Ahlamyolah,
Ahquido,
Chahboo,
Amechoboo,
Ahlamdoloo,
Ahkeeboo,
Ochobanday,
Mocoobah,
Bammasoomaja,
Ojoecommolah,
Allebetah,
Fahloonee,
Osombee,
Olooloboo,
Onomookoo,
Kekeeree,
Yarkoo,
Noahadah,
Ahboodoo,
Shulaton,
Ochabee,
Loocheloo,
Pattah,
Bambocha,
Loocondosoo,
Padonnoo,
Okoojoo,
Oloobammee,
Barbargeday,
Ahkeboyee,
Tahmoo,
Ahpatoomah,
Daysomee,
Otong,
Ahcharday,
Yeaboo,
Loogula,
Afaloosee,
Ahgebosee,
Dawoodo,
Okoolor,
Taimoo,
Orabajoo,
Ahloomakee,
Ochahlusee,
Hyetobee,
Ahdovah,
Ahkebeejah,
Ohkoobayee,
Onemie,
Afamyee,
I'Akoolalah,
Ahjieoyea,
Oloakbee,
Quailloo,
Ogootayea,
Ahmarlee,
Chotong,
Ocharchasee,
Ohloonegee,
Farbamimoyea,
Otoobammeetah,
Olooquelah,
Quomeekoo,
Olumkah,
Iyeepollah,
O'Koolahday,
Oneebeewoo,
Ahdeebogoo,
Tomyea,
Farbannee,
Yeayealoo,
Opanniyea,
Ahmoose,
Satongee,
Changobanea,
Ahfoocombee,
Molandopa,
Fuagah,
Otooyea,
Apboosee,
Lubarka,
Ahdamoolah,
Fahtomah,
Ahjecobee,
Omobarlee,
Ahboyomee,
Ahdonekay,
Okoosahday,
Ahfoodepah,
Poololee,
Ahmoolapah,
Banjoekoo,
Sooyebah,
Moofachomoo,
Ahdoon,
Ahsofonkay,
Ahchobee,
Moolanday,
Ahyannekay,
Bambaya,
Ogoochammo,
Assonday,
Fahterday,
Assatoolah,
Kallatoo,
Charwaywedah,
Ahbaloo,
Ahcootah,
Adahpoo,
Mallodee,
Fahtoobanee,
Koopallajah,
Oleeatong,
Afooteeday,
Bahshetootookay,
Ogooneyee,
Lootemee,
Ahdayeoyo,
Oseecalloo,
Onomesuah,
Oloyee,
Lameyah,
Inelah,
Assoobar,
Ahfoomeday,
Oguballah,
Farchaday,
Olufee,
Oludame,
Lahdalay,
Omekong,
Ogeebah,
Ahjaree,
Oloopallah,
Coomaloo,
Mahanodoo,
Onekanoyee,
Ahlabayah,
Oluboyah,
Ogooseesee,
Ahsane,
Ahtomodoo,
Lookay,
Moolumoo,
Ahlarbaday,
Margeah,
Loomee,
Wattoday,
Siodoo,
Ahgebarwoo,
Ahdaysobah,
Oloocojoe,
Olumlam,
Lahtoyea,
Foomaney,
Baofoogoo,
Lealotong,
Coopallah,
Olabammee,
Moochoo,
Chonkah,
Ogoodeyoh,
Olumardgoo,
Ahwoobamme,
Eloolee,
Olookong,
Dayleeyah,
Odoolammah,
Allarkee,
Loomambah,
Ahdeeboo,
Ochonbee,
Olookookong,
Dommesarey,
Ahkanlabee,
Ahlabah,
Moneysarrah,
Ahdaytonwah,
Ahtopattah,
Ahmoosee,
Adoojobbee,
Ahdaygoosee,
Ohchohbegah,
Odoobammee,
Ahgoobochah,
Achohnah,
Olubamjah,
I'geabayea,
Fullahnee,
Kootemmee,
Ahyahwaday,
Yawaday,
Boobolomoo,
Geetoolee,
Ahwoojah,
Farleebah,
Bamjoekoo,
Ahfarloo,
Soomattah,
J'emmepoo,
Wootarday,
Koopallahyea,
Olleesah,
Ahgeeyea,
Ahtabattakoo,
Ahmoolayea,
Coobantalah,
Ageloolah,
Ahdaysooday,
Ahmartoolah,
Beelallah,
Ahtahpoopah,
Ahsahmay,
J'ahlahmarge,
Gammoo,
Appoomah,
Soongallee,
Mehon,
Ewambambah,
Essambalah,
Eyammasee,
Sak kah,
Echamco,
Coondum,
Efonga,
Nangoo,
Efantah,
Seallee,
Incoo,
Coommoo,
Inzabbah,
Fomballah,
Empongo,
Deaf,
Efongo,
Eyoung,
Gamboo,
Gabberman,
Ezom,
Equnjoh,
Devan,
Incamnoo,
Inzocoo,
Bindah,
Mahsingah,
Mogeah,
Mechar,
Dosso,
Eyongay,
Demoday,
Poongoo,
Forequay,
Wanjoe,
Mangoo,
Engubbo,
Emart,
Singuah,
Ejoelah,
Gabbernan,
Intabah,
I'ongee,
Paninbokee,
Edondockey,
Fajimmy,
Ahdoomah,
Ohdoshortah,
Ahkeallah,
Mahballahjeh,
Ahdimmoo,
Ahbogooray,
Ahcoojohlay,
Equahman,
Yeahtopah,
Enoenoo,
Eneecia,
Ahjebahday,
Sackkaray,
Akain,
Jehkeh,
Azoortar,
Ahquire,
J'Ahdah,
Coobahlah,
Chodoenoo,
Mahlehloo,
Farahyoh,
Corsoo,
Lafooloo,
Agooamy,
Ahtoobeh,
Annyko,
Ogooahyah,
Ahkahwoo,
Lahbamjoh,
Sawyer,
Keytoe,
Ogooromby,
Fahtohgy,
Porsoo,
Awardaysea,
I'Looeyah,
Ahkeydowoo,
Cholar,
Lohlartah,
Eseamy,
I'Ohday,
Ogoosea,
Doobahtar,
Manny-fore,
Ahmarkay,
Adoolahmy,
Ahfocoe,
Mallahjeh,
Ahlarjew,
Ahkeyahloo,
Ohpehsaree,
Ahleforeyea,
Cootea,
Ahwarlah,
Ehdoe,
Ahdeejeer,
Daymenookoo,
Fyomykeh,
Tin oboo,
Oloofoulah,
Ahgemmah,
Efeeyemmy,
Fallahwooyeh,
Ochooshormoh,
Ahbeerahtoo,
Agoojohbee,
Fahcollahday,
Ahballahlar,
Eyoe,
Odoshorwar,
Elorlee,
Dojahlar,
Charnoh,
Shetoe,
Ahzaytoo,
Afoonay gee,
Ejehmchainny,
Fahbembay,
Quahbehsoe,
Bamcorlay,
Kaylombee,
Chebankeh,
Ahdayinkah,
Cooahwoe,
Achooromby,
Ocoosormy,
Vetoe,
Charlahby,
Acooahlah,
Alaychomy,
Elogooe,
Tamahsorry,
Ehfooyeh,
Ahbyeohmee,
Ohmohlahlar,
Sherdaymore,
Achiohkoo,
Ahchar,
Achodahloo,
Fyoh,
Dajewbahdah,
Asar,
Awoomy,
Awarkar,
Seagoo,
Amahshabay,
Mallahjoecoo,
Aseamy,
Ahsooby,
Ahshor,
Achorkoo,
Ahchor,
Torweesheh,
Fahgoodah,
Odoopay,
Coomahpah E.,
Ahkeohtor,
Ahdootar,
Acoolookay,
I'Yarwoo,
Aboolahwoe,
Coosehkeh,
Abeosee,
Ehdor,
Tarmardah,
Annahbahjoe,
Farway,
Afoopahday,
Mallooncage,
Dalahjew,
Yahkehyeh,
Ahmorloomy,
Obeahwar,
Ohmarlah,
Olookeyyeh,
Fahcheernoo,
I'Omy,
Ahkeybahday,
Ahdayahnoo,
Ahkahny,
Katecoo,
Ahdabie,
I'Ahlah,
Ogooboom,
I'Keyahlar,
Showdoonkay,
Ogoahday,
Ahmorkah,
Acor,
Fahgahday,
Ballahbee,
Oloofahjew,
Ejohmorcoo,
Antealor,
Yeanoomy,
Ogoobea,
Ahlonkah,
Ahdasinny,
Ahmoofoekay,
Lissahbamy,
Elorworyoh,
Ogoodiecy,
Ebahmorlay,
Coonahbie,
Ahsie,
Abiyohmy,
Fahsoosoo,
Ogoojoelo,
Echeer,
Oyeagoo,
Ahdahpoh,
Shootohday,
Olooshakoo,
Ahkilly bar,
Ahkeyoomy,
Morkoo,
Eyozee,
Edanday,
Bellow-woe,
Fahlarday,
Olooboloday,
Ahkittimpoh,
Acoosday,
Abejimy,
Oloomahlar,
Akelarwoh,
Eloomy,
Coodahjie,
Soonahhoo,
Follahmazy,
Oloosoyee,
Koolencar,
Ahkeinday,
Abacoolo,
Johnahpay,
Mahonocoocy,
Ahdadapeh,
Medahwoh,
Ahkissahmy,
Ojewcoo,
Ebehwoonoo,
Ehdoo,
Ahsorbah,
Abimeborlar,
Orshor,
Tahhallah,
Joombahkay,
Monnahyea,
Ahbiyea,
Ahkillomwar,
Ahtondah,
Ohlahyea,
Fallow,
Ahleh,
Charnoo,
Charboelah,
Ahlarsar,
Chorgolehyeh,
Ahjoah,
Ahchornehday,
Ahyahbooloo,
Ahchorneh,
Olewooday,
Ogoojohbee,
I'Adoh,
Awooenoo,
Lahlocoo,
Ahkittalay,
Mahmar,
Kacoo,
Ahkebilloo,
Akarny,
Ocooba'ah,
Ahlaycamby,
Fiomy,
Abootomy,
I'bay,
Cosinekeh,
Ohdayahjew,
Oshay,
Ahbeorow,
Doseamee,
Ahkeorlah,
Onajew,
Efantea,
Banesea,
Charcoday E.,
Charcolahday,
Ahwoejohby,
Mohnahbarkeh,
Morpeh,
Tahlahbee,
Morlehcoo,
Maneahlah,
Mormoolah,
Oloomecy,
Tahlarbee,
Ahlarbar,
Marlahka,
Alahmarwor,
Yahjehmee,
Lahtahtah,
Mordaylay,
Cootoomohloo,
Sharjonbee,
Ahmonecheer,
Nocootahday,
Ahlarbah,
Adoofajah,
Ahfooehmee,
Ogooteamee,
Apeh,
Mohbahlar,
Fahgarday,
Marneahlar,
Coolomee,
Amborseh,
Ahbiormee,
Ahdayewmar,
Ayoewarlay,
Asangezey,
Ahdamelorlee,
Emarbetor,
Lodoe.E.,
Boocarbee,
Ehbehcoo.E.,
Elootoolemor,
Soocarloo,
Ahkiszah,
Ahlacahlor,
Ogoomdarlay,
Alooyea,
Ahloobeh,
Ahdesar,
Yeadah,
Coobeyah,
Keyahosea,
Fahbalay,
Ajewnebay,
Famlotea,
Ahjehmah,
Tio,
Marjoh,
Ekeogoo,
Eleowoo,
Ampotar,
Ebahar,
Ahwarkah,
Ahmoocheh,
Adawoocheh,
Allahdooloo,
Ahtealah,
Tankahmar,
Ahwoomboobor,
Chodepeh,
Anornoocy,
Beohlar,
Ogoosaryar,
Ogoomenarmah,
Fahdapeh,
Ogoodarlar,
Corborcah,
Echandah,
Esorlar,
Bodoolay,
Socoolah,
Ahdaboomee,
Allahyarfea,
Ahbodogoo,
Fahdoecoo,
Ahdapabah,
Bangoh,
Ahkissengay,
Ahlie,
Giyeh,
Ahjimorcoh,
Jahjar,
Ahbelay,
Oroegoo,
Ahday.E.,
Ahjenny,
Oloobarkeh,
Marchekah,
Ahdaybaryoh,
Farloobee,
Ahyehberber,
Yeamorcheh,
Ahbambee,
Yeatermee,
Fartarmah,
Oopohlar,
Bejorwoo,
Odoomarsiah,
Yehyeh,
Edehloomee,
Ahjehmee,
Cooselah,
Ogoojohcar,
Atomoo,
Tioe,
Bambiyah,
Ahlarbee,
Ahgoedoe,
Choobamkeh,
Ahdaybor,
Alesar,
Bejorlar,
Nahan,
Ahsortea,
Ahbejor,
Ahrormarnah,
Ahyeasahmee,
Sahkeah,
Ahkeloo,
Dayforeloopeh,
Ogoombea,
Sardee,
Arportoo,
Ahtarbarlah,
Olooahlar,
Ahportoh,
Oloah,
Akenowoe,
Akakar,
Ahcamarloo,
Asamay,
Iyoesea,
Oolahnear,
Parwoolar,
Ahwoonobee,
Seadee,
Nearcoolay,
Allelaryenmee,
Indoesea,
Parmagah,
Teame,
Omarwoe,
Opotoo,
Orsehteh,
Ohdehney,
Ahfronoo,
Oseakah,
Olooquarsea,
Ehzeh,
Abooam,
Karcooreh,
Ahbahjie,
Ogaboo,
Ehweh,
Ehzehlar,
Jimahfore,
Ohjehloo,
Oloolehcheer,
Warchooloo,
Mardebekeh,
Nooar,
Mannoowarnoo,
Alewehgoo,
Ahneardehwoo,
Enehnoo,
Ocorochah,
Ehnearloo,
Ahnar,
Ocorahfore,
Innehlabour,
Ehcoomah,
Echeertam,
Obarnahcooleh,
Etehpeh,
Ehrah,
Edoewesea,
Bahleleh,
Ajimmorfore,
Mister Claimore,
Ehmerzerr,
Neardorah,
Ocoboonah'Ah,
Asajay,
Odachar,
Ebangar,
Vengar,
Atooroo,
Wangoo,
Egwarchar,
Hacoo,
Wamborgor,
Armorhomah,
Eteh,
I'toh,
Ahpo,
Ahdoomay,
Ahlancor,
Agelleh,
Bessy,
War E.,
Oocarmah,
Warker,
Ejewmargar,
Borcar,
Edahone,
Eyennesea,
Oquohah,
Oreachor,
Ahjam,
Oozobee,
Chenaroo,
Manehner,
Corcor,
Enanoo,
Moonehner,
Moonerner,
Money Simpy,
Carr,
Demmah,
Bontoe,
Tarm,
De,
Tininkey,
Dongimmore,
John Moore,
Ahcongohdeh,
Ahbor,
Tom. Bull,
Zay,
Tambe,
Besang,
Indalar,
Defombah,
Ezang more,
Live King,
Ingarlay,
Wandor,
Dewambe,
Larbee,
Popoolar,
Ahboongar,
Parco,
Bosooah,
Gandoe,
Singoh,
Howbar,
Metoemar,
Gantoe,
Laggard,
Berbay,
Wambear,
Eyounger,
Gambray,
Wattle,
Mannorkey,
Bondeah,
Marnorkey,
Oloopah,
Gambor,
Belly,
Margohmarsah,
Wambray,
Marlockay,
Masangoh,
Mardongey,
Marconggoh,
Donsoo,
O.Zoocoo,
E. Why. E,
Garboo,
Monshar,
Mortay,
Sahcoomah,
Neh,
John Dabay,
Dimmar,
Etookeh,
Gorbarsah,
Marlee,
Yanjoe,
Coondoo,
Sarbee,
Gun,
Tap,
Buck,
Gorboojeh,
Yeomar,
Gorbarsir,
Ebelong,
Gondemn,
Gundow,
Efoongo,
Carmoo,
Ahwarlee,
Jabepooner,
Econgar,
Mark,
Biyoung,
Gormerneh,
Morboryoh,
Zeezonbah,
Bahker,
Elockey,
Carmy,
Manargcor,
Chango,
Mahshor,
Cutter,
Bahber,
Quesar,
Dewhy,
Sammooyoe,
Nearsar,
Sayneor,
Gobah,
Bacantoh,
Marwah,
OoCam,
Meyoung,
Shebe,
Inyoh,
Teme Defon,
Alay chain,
Gahcookham,
Gangcoo,
More-Beer,
Camboe,
Marmboh,
Wohsah,
Ahze,
Yangseer,
Soobear,
Be O.,
Betoecoo,
Gohyoung,
Gohberyoung,
Bandoon,
Neigh,
Gwar-War,
Elar,
Esat,
Younger,
Coomarrah,
Gobaryoung,
Coobaryoung,
Goyoung,
Belong,
Awantea,
Ewanjeh,
Gorberyoh,
Oondoo,
Loon,
Corpioh,
Marfah,
Woelahkah,
Ohcharochee,
Whybow,
Layquorchee,
Ocoromco,
Ohwoechoocor,
Woecarmor,
Okeelelay,
Wanobee,
Mardebekay,
Ocooronco,
Bahdohah,
Indehlem,
Ohcarfore,
Low,
Ahparbay,
Adaymarnear,
Gonday,
Arbassea,
He Believe Be,
Owooang,
Taffeah,
Oleong,
Ohjeom,
Ocachookoo,
Wolahkoo,
Ehlehtequay,
Marquor,
Ewinzah,
Olaycoo,
Onearmobee,
Ohbannobee,
Indokay,
Oondim,
Baloogoo,
Ahdehler,
Ahnorcor,
Ehchoocoo,
Obodow,
Edoobesea,
Noowah,
Ohnelar,
Pagay,
Alentor,
Abarzoh,
Woe Kehdeh,
Booday,
Larkarlarge,
Injoeko,
Ocorow,
Mitoe,
Goh,
Ohnearbooleh,
Wahchar,
Bahcoonebeh,
Ahbahlar,
Cheemah,
Najay,
Nearcolay,
Etawoo,
Sarjoh,
Cheernohkah,
Ohneahlay,
Ncohwar,
Ahoolay,
Ohneahchorlam,
Elahkassy,
Dohquay,
Ahnorgah,
Ohloomar,
Ahholoe,
Zewekah,
Wocoe,
Cammarnoo,
Wahkargee,
Wahter,
Gorrowar,
E. Mehlehqueh,
Conquor,
Beahloo,
Awooahloo,
Ohzor,
Woquongkor,
Sardow,
Mishah,
Buye,
Assea,
Nahdoozee,
Behney,
Doobesea,
Bahmoosoo,
Ocantoh,
Bember,
Ehbeh,
Allegoozoo,
Oneahquay,
Hermay,
Woccarchookoo,
Ohbee,
Ahpahbeor,
Ahgow,
Ahdoney,
Nahmookar,
Ehzemoolay,
Nenorhar,
Nebeh,
Wakeh,
Lie-Ejoe,
Ecooahlar,
Ehzay,
Mahkor,
Choobayroh,
Keebay,
Ehlay,
Tokahdar,
Okeelebay,
Wahtah,
Ehnobee,
Iyeabooloo,
Ahbenah,
Ahmolee,
Ahtea,
Keejahwoe,
Mancar,
Ahnahsekay,
Ahtokah,
Ogahquay,
Ecolahchar,
Bogwah,
Awoolem,
Karwooneh,
Lohcannah,
Esane,
Ihomassea,
Obillah,
Bewhyah,
Enahnee,
Wahdekem,
Mocharchee,
Tahmornah,
Carmarnoo,
Mahdor,
Dobesea,
Wahcorchah,
Ahnolow,
Ahgem,
Ahgahkoo,
Mardoobechee,
Ewajohfore,
Oloeme,
Ocaka,
Ocoraffore,
Sorbelar,
Chemelar,
Warquay,
Corbow,
Ochagay,
Ohgahbor,
Ahgowenser,
Passey,
Oomah E.,
Heynah,
Ahlohday,
Osahgah,
Nanjim,
Indaquay,
Allahcoozoo,
Ahdeahkah,
Foocam,
Indehwhy,
Ahcoolooleh,
Oogwarmah,
Ehlefehme,
Ahwoomahwar,
Charbah,
Coesherme,
Oloowoeyea,
Ahbarko,
Lolookarme,
Lahmoloo,
Orahme,
Enkehim,
Choochame,
Ahjeholay,
Nobeah,
Oloopealah,
Barlee,
Chofahgorsar,
Margahnah,
Nomobe,
Cootahmee,
Jehmarloo,
Ogootoosea,
Dallarmar,
Ahwoedo,
Galazemah,
Ahcookkey,
Ehpasseh,
Ekahmoo,
Oomohboh,
Ondordeh,
Indordehchee,
Ahlahmangee,
Ahwoocheer,
Ahmarlah,
Ewahyah,
Ehworlah,
You Wehleh,
Ocorronco,
Besarge,
Hehame,
Ohgahlar,
Ahpahkoo,
Toedoe,
Ahlahwhy,
Noochee,
Olaydo,
Ocorrong Keh,
Neahkeh,
Chillahboh,
Ahcoonnah,
Bomosea,
Wammarkah,
Awoosharm,
Ahgedoe,
Enehmah,
Commordore,
Ahmuch,
Iammahnoo,
Lahpar,
Hamcor,
Ahyomahchee,
Chardoe,
Ahgam,
Ahbahlee,
Bahtoome,
Okabye,
Newcolo,
Iewkoo,
Ohjohboo,
Ahkeynoo,
Ebarlay,
Mayene,
Hahgay.E.,
Nagadoo,
Ohbarnoh,
Gohkar,
Ezecarlake,
Egerneh,
May lemore,
Lahloobah,
Fahchepeh,
Mallewoo,
Bayle,
Ahyowah,
Mashatoe,
Aneih,
Aloomecharsebee,
Fehweetoo,
Ahlahchay,
Ahwehlay,
Moochee,
Sealepoo,
Esther,
Bogolo,
Ahmardeh,
Ahcormee,
Boolohor,
Boolahwar,
Boowar,
Magay,
Oyearay,
Ogole,
Wooyannoh,
Lafea,
Annechee,
Anny Key,
Oletea,
Lohlor,
Chorleque,
Mordim,
Imbarcor,
Ahlodow,
Gahbah,
Carbah,
Day bokoo,
I'beh,
Ahmoocorleh,
Olewoe,
Lehtoccoo,
Moosea,
Morteah,
Ehsie,
Boy ay lay,
Ekarwoeboo,
Loosoome,
Ahjemah,
Lahbeyah,
Ohforlah,
Dang annah,
Johcor,
Nahme,
Ahpahbe,
Anechor,
Gogolo,
Ebahtahmee,
Lone Way,
Nohnar,
Acoraffore,
Annymoomar,
Ogooshay,
Majewbar,
Ahkoonecar,
Lahteabay,
Jewmorco,
Ahtormoo,
Morlahlay,
Normoh,
Coolahjaylor,
Wonaha,
Ahbahle,
Ahnewar,
Ahjoebe,
Ahbar,
Debeahgoh,
Warsham,
E. De,
E. Born,
Agig,
Harlee,
Kayloomore,
Indoquay,
Ohgeday,
Ohdasham,
Ahdaymargoo,
Killekah,
Abeo,
Chormoh,
Bahlarboo,
Ahmoryeh,
Kochooboo,
Longge,
Ohnear,
Gahbor,
Ahmorson,
Ahjormoh,
Enolaw,
Bench,
I'yahcar,
Ah_Boy,
Ahnear,
Wahtercalay,
Imboloy,
Toecolow,
Buo,
Ebor,
Ahnorchor,
Ahcholo,
Nanaboo,
Ocolow,
Nemanah,
Wamppah,
Farmer,
Allahcho,
Dorleh,
Quaer,
Hinnicar,
Belmo,
Watermorloo,
Bahboye,
Mohmodoo,
Comesea,
Minner,
Dafay,
Tarrow,
Yahmia,
Marfear,
Perwoe,
Serdeah,
Langoe,
Cholow,
Yandafay,
Najameh,
Yahkie,
Sasa,
Wambar,
Selow,
Buray,
Choe,
Sinner,
Hiller,
Carwonny,
Sarbiye,
Farm,
Tar,
Pear,
Tarkey,
Corwe,
Booyie,
Dombah,
Gohway,
Dewer,
Peng,
Toeday,
Ohmar,
Gorebah,
Menge,
Jaga,
Carpoo,
Ingola,
Seamour,
Calafar,
Yeavah,
Sember,
Coryoh,
Fire,
Camore,
Monkey,
Parteh,
Teawar,
Karpoo,
Terah,
Kahpeh,
Goreh,
John Doh,
Sarwoe,
Mormodoo,
Wanny,
Yarah,
Shobar,
Bragy,
Tanah,
Diah,
Dambe,
Gandaymah,
Findah,
Yeamah,
Marhotah,
Mar_Wine,
Martomar,
Yanday_booroy,
Yanday-booroy,
Marsong,
Marwar,
Tangie,
Yengee,
Marwartah,
Tenner,
Manjorpoh,
Yarlay,
Marnay,
Fangie,
Charwah,
Yarkah,
Marhoon,
Markenny,
Markeh,
Henny,
Martoe,
Wenkeh,
Yarkie,
Yambo,
Marcoonde,
Herner,
Lie,
Mammore,
Palmer,
Marbondoe,
Marwonny,
Manjar,
Chorcor,
Ocooahlar,
Ohjarlarday,
Ahjarde,
Bambooshay,
Dahdar,
Ogooahbee,
Ogoojohdow,
Oboobordee,
Olechar,
Ahjarwoe,
Ahkayloombe,
Ahkaywoesea,
Chiminy,
Ahdaybelee,
Ohloosorgee,
Chogodee,
Ahbannegee,
Ogooconnay,
Dambocoo,
Ahmoocoolarday,
Ahkayermee,
Dardah,
Ahbarlahgar,
Achobay,
Larnayah,
Farboloo,
Olowoe,
Ohjoebia,
Ajammy,
Ahbimborlay,
Ogoochorlar,
Daloose,
Ahjorsay,
Ocoomioboo,
Yarwe,
Ahdayeh,
Ahdayleh,
Ahwarleh,
Fahbomahdoor,
Ogooasea,
Ocooahcor,
Lornayoh,
Ahdabooshe,
Coobarlarjer,
Fahtojew,
Ahlooborlar,
Lieyornoo,
Lardepoor,
Ohdewarlay,
Ahkillortor,
Acoosie,
Onebawar,
Ogeetarcor,
Jaymormor,
Ahtenjer,
Ahdayberyeh,
Yahfarloo,
Ocoomiobo,
Ahsoombea,
Ahshay,
Larweryeh,
Yeasinday,
Maneyapay,
Sharwedah,
Ahseaembay,
Kallesarwoe,
Cowarlee,
Martehesah,
Ofoolee,
Ogootoekeh,
Ehlerio,
Larnayea,
Monodear,
Howmuchday,
Sarnor,
Morforlah,
Ohmorjayloo,
Morlaydear,
Chobamkeh,
Ahzahtoo,
Narmah,
Tosslay,
Martormer,
Adear,
Ahyeaballar,
Betolay,
Ahdanekar,
Sugoolarday,
Ocoojortoe,
Waryea,
Marjewcoo,
Martarjoh,
Charday,
Somore,
Ahdoofercor,
Fanny,
Ahweah,
Farchoowar,
Ahkillambee,
Marlah,
Fartooboolay,
Ohchampay,
Choonerchor,
Eneorlah,
Oboocorlah,
Hannah_Moiet,
Day Mowoe,
Tabay,
Ohbarcar,
Jebolechar,
Ahkeyie,
Yeamoryea,
Bamboshay,
Achorbay,
Fardaypeh,
Layboyea,
Ogoo-James,
Ogootobeherlay,
Ahlarday,
Ogoosersay,
Ahnoker,
Alaybay,
Yonakay,
Ahker,
Oforoloo,
Ahdaytior,
Eloree,
Forbarlah,
Mortehcoo,
Johnerson,
Ahcornomy,
Mornar,
Jyordarbor,
Fardeobo,
Morlarkeh,
Dayborlah,
Ohnearnor,
Jorjorjomah,
Ahborjah,
Mordalay,
Ahfoocharcar,
Oloopehday,
Marforlor,
Latar,
Machamay,
Tiwoe,
Memtomey,
Farjamy,
Day-jercar,
Ahyeadame,
Elasseday,
Ogootome,
Ocoosoome,
Fehsoo,
Ogoocharwoe,
Falloyea,
Ocoolah,
Sarlorcor,
Darcoolo,
Goonege,
Ahteacosea,
Okey key,
Ocoove,
Martojahbe,
Marlayorme,
Oyeadajah,
Ahbardollar,
Oloocar,
Warpago,
Emarchay,
Larfooday,
Goosoo,
Father in Law,
Saryorme,
Oloobolar,
Ogoomotea,
Marmar,
Ahparjoe,
Ahgoosea,
Lahtooday,
Bandachay,
I'yorohsay,
Fiyomy,
Ahkibolay,
Ezinegah,
Yarlowoh,
Yorlay,
Ahdomfar,
Ahmorshaw,
Martolee,
Lahteapor,
Fahjorcor,
Ohkebor,
Ogoolarday,
Ohlokey,
Larchelor,
Ahdolooyea,
Ahlooyeamor,
Larcarpo,
Ahkawy,
Ahlaysoo,
Ahcoolarwoe,
Ahdateabar,
Sharboomee,
Bamkorlay,
Ahwoeyame,
Ahkarlo,
Fahjorbe,
Ocorlar,
Ahshiohme,
Ohdayorme,
Gele,
Ahfookeohme,
Worrowdomah,
Marharmor,
Ahtardah,
Cochorboh,
Marjaybay,
Aloolartah,
Fahcheeter,
Ejayehboo,
Farshenay,
Oloogeday,
Bambochay,
Galarsah,
Ahdolayea,
Ahdasoloo,
Lorlartah,
Ahdasorcor,
Fahda,
Okagoo,
Oyeacor,
Ahbedagoo,
Soonahyea,
Ahbasorme,
Looeahcoo,
Ahloodoosoo,
Fahcoyea,
Ocoodamore,
Ahbearsar,
Ehwoolehme,
Aleh,
Ony,
Boomerseh,
Queer,
Ahchorday,
Tecarlee,
Landon,
Ahlooloo,
Farlombe,
I'yakeh,
Anne,
I'yotelay,
Ahparwoo,
Morlarlah,
I'yorlahlar,
Ahsoomarlar,
Fahkiyah,
Yerne,
Mardalar,
Foondeh,
Look-Come-Sea,
Ahshetah,
Ohdoobamkeh,
Bamkafar,
Ahbearahdoo,
Alesharbe,
Ahcooyou,
Tinaday,
Ahnooahlay,
Fahtormo,
Ahyearoe,
Boolabay,
Eyarlarwoe,
Jorsea,
Quardanoo,
Money-Olah,
Allarfarme,
Marlahkey,
Seacorloo,
Ahparbee,
Ofoololoo,
Fahlalah,
Molookoobeh,
Dasorloo,
Ahmorlooe,
I'loomor,
Ahloryeh,
Lohlar,
Oleesarlaloo,
Aloobelay,
Dahday,
Fellarwah,
Ogoojorbe,
Olesarvy,
Aloo aco,
Ohbarbane,
Ahtooborteh,
Ahketepeh,
Deosome,
Ageah,
Ahdechar,
Ahbebo,
Dayewahlar,
Ahkeyahme,
Akiloloo,
Cotookoo,
Lahtogoo,
Fahda.E.,
Ahkarlah,
Ahjarleh,
Ahwarlay,
Allehail,
Olooforteh,
Ahtopeh,
I'Dehlah,
Mornahyear,
Okooahday,
Famy_Norah,
Ahkeyome,
Ahbomoosea,
Etamakay,
Ocoolaloo,
Hoovah,
Chobaye,
Lahwoesea,
Corsohlarmoo,
Ahkayenkah,
Ojoedoo,
Ocolar,
Ahkassy,
Daloojew,
Jehmansah,
Aletar,
Ohdahdowar,
Ahtahparlah,
Fahmy,
Ohdoolehmy,
Oloojohsea,
Lessen,
Tinnohday,
Bancorla,
Ahdabe,
Obekoo,
Coomoo.E,
Dosemy,
Chardepeh,
Ahlarbah. E,
Fahlebeh,
Ahtoesea,
Ahdawarle,
Warby,
Ogooahzah,
Ahdacheme,
Mortahlar,
Cow_jeeh,
Ahsootarlorle,
Ahkejorbe,
Osoocorjeh,
Cootorsoh,
Ewaryea,
Coochame,
Alermy,
Oloocorday,
Olesahsay,
Ahkintah,
Fahbom,
Lahloyea,
Ehlebe,
Caryame,
Ohdamorday,
Kecharmoh,
Agedame,
Fahquohjoh,
Obefermy,
Akeboh,
Ochochee,
Opodo,
Ahdeahdow,
Ahbie,
Larboosea,
Ahtarpahlar,
Bamborchew,
Ahminner,
I'year,
Siome,
I'yarwoe,
Jarmoo,
Ahportah,
Ahmorcookeh,
Marjehbeh,
Awooser,
Ahdalorboh,
Sarsolar,
Ahdorseh,
Ohbeohtar,
Sarjohbe,
Anayola,
Ahsoongala,
Ahmomey,
Ahdaywarlay,
Abomy,
Ahdocheer,
Fancy,
Agoojomby,
Ahgar,
Fahby,
Ahtasoloo,
Ehberbe,
Falloobee,
Ahmahtoday,
Ohmortah,
Fahmocookeh,
Ahportoo,
Ehgooahme,
Ahgermoh,
Abillolar,
Ahmomy,
Coobarlehjeh,
Ajarsarlah,
Bemcheer,
Bejohwoe,
Ahmorpeh,
Mandow,
Afeom,
John Demn,
Apasay,
Arfeom,
Ohcorn,
Afemar,
Oomorlay,
Fun,
Ohrock,
Ahfanar,
Ahroontang,
Ahronah,
Arfeong,
Craommoh,
Coolilame,
Apaneong,
Ocaremkemn,
Abedicah,
Wooseh,
Woocheer,
Oquadee,
Ahseabom,
Ehtook,
Crahahwar,
Ewack,
Oorock,
He Sin,
Oonfon,
Boorekem,
Nowalee,
Eninsah,
Monsah,
Nermay,
Daybay,
Efeom,
Tarber,
Tarcher,
Anduck,
Tarcamo,
Ehrem,
Ocoomor,
Afon,
Acooreyoe,
Oonfoon,
Eat Tea,
Boorookem,
Maggrar,
Nammosay,
Ehzor,
Buycoe,
Monjeh,
Edahdookeh,
Boorookam,
Afoot,
Mookay,
Ohmah,
Barshee,
Anquoh,
Ehpeh,
Morbeanday,
Ohpor,
Pahtoofore,
Namdedear,
Banahyock,
Ehremmorloo,
Annooway,
Moogam,
Ahdearday,
Ney-Joe,
Atay,
Ahparmoo,
Karbeang,
Jongah,
Ahyoung,
Tarsang,
Carpoh,
Ehjoh,
Normarnah,
Ehjoe,
Deahkah,
Rahtar,
Ahkarlitie,
Afeo,
Andoo,
Ahcoobah,
Otom,
Eneaho,
Anoe,
Andem,
Ehreb,
Tongay,
Arab,
Jaquey,
Gersay,
One,
Ahcandemn,
Anchawan,
Ehber,
Ateah,
Eyock,
Nahmemah,
Dacaray,
Enten,
Woonehgeh,
Eneang,
Emboh,
Ahning,
Gwarfeller,
Ofeom,
Neohmopoh,
Defonbar,
Betty,
Mekiyeh,
Hamnahmettea,
Ehyoh,
Sanahdemn,
Ahrammarnah,
Ehjarjeh,
Besoo,
Najoh,
Gamtah,
Ohdorkesseh,
Ehner,
Anchiyoh,
Garbah,
Ahquoh,
Ahbassea,
Ahpor,
Gorfeorgem,
Parkerfun,
Aton,
Chipoh,
Ehkenner,
Ehtartoe,
Esarrem,
Etalk,
Efanah,
Ehsor,
Otiggeh,
Ahbear,
Epong,
O'Con,
Ehnang,
Ehroomoh,
Bahchoe,
Ehseaboh,
Carreh,
Ehneh,
Dancomoo,
Ehseabong,
Oowen,
Edear,
Tamah,
Diannah,
Woeceranah,
Ohsowarkah,
Embeh,
Ehparkemfore,
Lonolah,
Mecharcho,
Osoahwoe,
Ehfanar,
Youngoyoung,
Ehtar,
Ahswahquoh,
Ohcon,
Karsoocoo,
Ahdeck,
Gerseh,
Oorop,
Gerser,
Ahsebar,
Ahrook,
Cererer,
I young,
I yom,
Give_up,
I.ye,
Ehrap,
Ehyoung,
Ehfim,
Ehyoecon,
Ahreb,
Morfore,
Monquey,
Mecar,
Aperee,
Kerreye,
Mormoday,
Memfim,
Ahconahore,
Imbarfore,
Equorwhy,
Ehperyoung,
Wangfon,
Oondenor,
Marfan,
Ehyou,
Anein,
Antoocoo,
Ehberbeh,
Bitter,
Ehrep,
Ehteasy,
Ta_Terry,
Ehfang,
Warchoocoo,
Woocah,
Ahborsoh,
Woochandoh,
Ahwoemeney,
Obinewanay,
Ganookay,
Narrow_Jagay,
Ahbornechay,
Elahboolah,
Ahroovah,
Johcoh,
Yahbeesea,
Bahgoh,
Carmahloo,
Choocoomarcor,
Lohwoe,
Woecarchah,
Ahjoobecay,
Ahwoozocay,
Ahnocoo,
Agemokoo,
Corebeh,
Ahdoowesea,
Intondah,
Mahmoonah,
Wocagee,
Agarboo,
Wooah,
Gorgee,
Mardoh,
Woebee,
Dohyahmah,
Darebah,
Wahgah,
Wocohroo,
Woochargoo,
Porogo,
Oorah,
Bahpan,
Eyangolah,
Afeon,
Azooroh,
Akahdecah,
Mellow,
Elehboo,
Chireh,
Nahsea,
Ahbookeh,
Hawker,
Ahdobosea,
Woonah,
Danebeh,
Lalay,
Oparacay,
Alalalelem,
Ohquahmah,
Lockah,
Doroo,
Okeree,
E. Jarmah,
Ehbarwekay,
Oquamcor,
Ahnooloo,
Money-Kay,
Ocornoo,
Ahcargah,
Ahbearcome,
Ahcalahde,
Onenolay,
Mahdelagoo,
Mahdekay,
Ahgebay,
Hinnahbar,
Ogorge,
Chendoo,
Ahminy,
Ohpannah,
Ahtan,
Miquahdah,
Azericay,
Behzemy,
Wahsoh,
Ahpon,
Mojoeco,
Mahtarchoo,
Nahrekay,
Ahbahrecar,
Ahbeahboo,
Mesorroh,
Otokah,
Ebehqueh,
Bohle,
Hambeh,
Etokay,
Karecah,
Ahbadger,
O.B.,
Ahdeahahgah,
Chinnah,
Ogwah,
Indegeray,
Ahquowooleh,
Echorneh,
Quohdallemah,
Woomehry,
Wahcoosoo,
Acooraffah,
Ahcahranquoh,
Neahdosea,
Neahnahcoo,
Ejohhoh,
Ebohah,
Ehteh,
Woemerneh,
Alechah,
Chebeo,
Ejoeham,
Gincoro,
Nearvah,
Ehbordoh,
Etoedoo,
Goodohwah,
Adeh,
J.E.,
Ohmorhar,
Oparbe,
Neohlay,
Bekachee,
Ohtam,
Obeahgoh,
Woodase,
Ahcolo,
Wohwoh,
Wammar,
Guammah,
Ahdarohchar,
Wahnaly,
Dagy,
Mahnarnoo,
Marwhy,
Ahgee,
Ahcammah,
Ahnam,
Imboekay,
Ahbarnah,
Wahneahfore,
Langley,
Oofon,
Ootan,
Ejop,
Combat,
Handsome,
Doewoosea,
Ahsooner,
Atinnam,
A. Sin,
Ahparbeo,
Ahfear,
Ohrun,
Ehsay,
Ahbarsea,
Ahsiyam,
Nangeah,
Afeeahmah,
Odede,
Bohwoo,
Ahcome,
Ahmarnah,
Nannecoo,
Moccoh,
Afackah,
Mardo,
Anthony,
Ocarr,
Morecam,
Sungorsay,
Mohsorsah,
Ehfeebo,
Quesoh,
Ehmarnah,
Ahsally,
Ahdeahcar,
Ahdear-ahcar,
Ehfore,
Acahco,
Ahdekemn,
Alaymarmy,
Ahdekem,
Ahcahdem,
Narcombe,
Ocorn,
Atero,
Ahboco,
Ogomarnoo,
Quay-Yo,
Combom,
Henry,
Ocong,
Ayo,
Anayo,
Ahbe,
Mahneang,
Yoewah,
Ohbor,
Wambeh,
Woochee,
Ehnah,
Yeanaway,
Ahyahny,
Ayeang,
Antake-Her,
Yerry-nay,
Nargah,
Macay,
Ponay,
Gorbo,
Nayay,
Ahtalar,
Miyoh,
Manager,
Cheyam,
Elow,
Bahmen,
War-Iome,
Ahkaboorechee,
Chebondow,
E.Drape,
Echendoo,
Jersah,
Ahgormah,
Oorohteh,
Marmahday,
E. Nattea,
Ahjarroe,
Karnadow,
Woolarkar,
Woocherem,
Ofoon,
Oolookar,
Joekoo,
Mardakay,
Wankaray,
Wonquebeh,
Oomorday,
Gantah,
Abeanam,
Sunday,
Amacoorachar,
Yarmahnah,
Jernee,
Wahcharcha,
Oomahwar,
Pandeahcar,
Woosordemmah,
Merzerekay,
Ekersey,
Woopong,
Serbereh,
Ahquahmar,
Daquehchee,
Woeah,
Doewesea,
Oquahcor,
Ahquadow,
Charchah,
Mokaka,
Oquahmah,
Woedrake,
Woekazay,
Woenekay,
Woombay,
Nanesoo,
Ohcorchoh,
Ajennekeh,
Carmarloo,
Ahnor,
Graysenah,
Woequongcoh,
Ehkezeh,
Wahsomebah,
Wahnearchar,
Wahcoh,
Bercheerooreh,
Anger,
Order,
Warsay,
Wahneahcar,
Lorlah,
Woodachee,
Whyneoday,
Neahnah,
Acrazy,
Ahrootah,
Yoebah,
Correh E.,
Chandacor,
Whywohchah,
I'yee,
Morchey,
Ahrechay,
Wabella,
Norfooray,
Oochendoo,
Soquerbeh,
Chimny,
Okain,
Karnoo,
Dekay,
Ohloo,
Ahcarahpan,
Neahobee,
Wocongkoh,
Hembah,
Sorjohsernay,
Nearwoochee,
Dannahwar,
Wahmahcor,
Hargecoo,
Ahneohkoo,
Ahwoeloo,
Ocolintah,
Alorloh,
Wahneadomah,
Ahlaquay,
Ahgerseh,
Orcor,
Orcohmah,
Wannecar,
Waquay,
Ochanno,
Egocah,
Wahbinnah,
Angarley,
Ahmosooloro,
Koobahchey,
Cooper-Sea,
Cooper,
Coopahsay,
Locus,
Echobo,
Lookanday,
I'ewbolay,
Sir,
Dangahnar,
Morwoosea,
Fahmoolo,
Mason,
Mohniyea,
Ahronnah,
Erahlahbarloe,
Erahkassy,
Mahdochar,
Ahbonnah,
Casanoroo,
Wahkarchar,
Ohchowar,
Wahcarmah,
Boollam,
Marrow,
Alagan,
Mambey,
Kooley,
Woozeyeah,
Ahwoodoo,
Mossaway,
Jorow,
Sorquay,
Nembay,
Chebondo,
Carranny,
Belleboh,
Akazeoh,
Ohnoah,
Camah-Cam,
Oogorwoh,
Mifooloo,
Cheebondo,
Obejeacear,
Wocay,
Ohfore,
Orbahgee,
Alendoh,
Orbohsor,
Elezzy,
Otayah,
Ketahlocar,
Ahneahwocar,
Obarbe,
Woesoo,
Odorkoo,
Okarrecay,
Laquaychay,
Ohyeanorrow,
Bachainnoo,
Ehoowah,
Akannemn,
Ohlow,
Ehnoo,
Ekoonoo,
Ohgee,
Nahdosea,
Nejayquay,
Okabo,
Oomor,
Orome,
Mahdebacay,
Worlo,
Ahneahsor,
Owoozooremah,
Kerzer,
Donjaw,
Narchee,
Ewooahhar,
Ejarrecar,
Ogeekay,
Ahcor,
Ahnorow,
Whyboosea,
Ahwoondor,
Ocoronkor,
Ocorbornoo,
Woochendor,
Ahgahbar,
O'Cargo,
Ohrohmor,
Mermah,
Cordoh,
Olesar,
Becay,
Crick-Man,
Dorrebeh,
Ahyeago,
Ahwocar,
Aloco,
Wonbook,
Agooloo,
Acoomeloh,
Kintah,
Jorbor,
Mahormadoo,
Massalarkay,
Ejakay,
Elago,
Amborlay,
I'arwhy,
Efarcor,
Gewoolah,
Warbomah,
Wahmahdah,
Wardacajay,
Ahbearzah,
Ahcormah,
Ahlakay,
Kahedomah,
Ocanoe,
Ahdarcar,
Nahmorchee,
Eyeahnah,
Easy,
Ohgor,
Ewarnoo,
Ekorday,
Tajew,
Efarlar,
Ahkallafar,
Ahlah,
Afoomorloo,
Boat-Tegor,
Lafelar,
Ohlahco,
Kahcandah,
Ahnarbe,
Ecoco,
Mertahgor,
Fie_ohme,
Kabochay,
Kahkan,
Ehnobe,
Olobye,
Mahnarrah,
Ahjorbe,
Ahbyecorn,
Hammer,
Ejorkor,
Norzeyea,
Ohcolay,
Mersuah,
Wooratetah,
Eberquay,
Wakay,
Edobesea,
Wokarfore,
Allacozoo,
Nahdarsea,
I'ye,
Ahbertay,
Okerrebah,
Barber,
Appattah,
Wokencor,
Ahnojar,
Arbolah,
Mahlecam,
Ozeco,
Tafe,
Bardge,
Accoogem,
Johnolah,
Fearplay,
Yarsea,
Coroko,
Nahdeah,
Chebarco,
Efarkah,
Bohkoh,
Rafe,
Toomarday,
Wamborgoh,
Why-olay,
Ahyeanah,
Waeker,
Imbor,
Garlolay,
Mahbror,
Wahdar,
Ocarmah,
Equarmah,
Ahdogo,
Ozeraneah,
Olerlay,
Wahneahgoo,
Efarcar,
Asealahfar,
Joiner,
Cargo,
Ogooshorlah,
Yoewoomy,
Ahowoodolie,
Ahroolah,
Ahcow,
Ohcharlomy,
Ahdontah,
Fahlarsaday,
Ahbidotomy,
Caby,
Ahdamoh,
Come_ah_say,
Oladay,
Ogooshenah,
Ti_Woe,
Ahbilo,
Ogootahday,
Koosheday,
Ahjahbay,
Bankcolay,
Ah-row,
Ahkaho,
Jahkay,
I'yoms,
Ah_togy,
Ahlooby,
Bahgoonah,
Ahgoodoloo,
Ahjarladay,
Woeloo,
Kookoh,
Ahdow,
Ogooliyah,
Choose,
Esarbanby,
Codonoo,
Dowdah,
Ahdaybomy,
Bahlar,
Lowolah,
Karsoomy,
Lahlar,
Sookarladay,
Mahmodoo,
Allahsarreky,
Woebay,
Fahdayea,
Ogootarlah,
Odoowarlay,
Ahkeyborday,
Ocoobie,
Lass_day,
Basoo,
Soe_soo,
Nomy,
Lookarday,
Tanchay,
Fahloosea,
Daje,
Woo-ah,
Ogoolahday,
Ogoosor,
Eboboh,
Miyahfea,
Partoosea,
Bootooye,
Alle,
Cheorlah,
Coo_cor_yea,
Sharcor,
Latteday,
Odowoo,
Wor_noo_me_nay,
Ojabay,
Yeaworlay,
Ohchelay,
Oleardow,
Ahdamjay,
Ekfoo,
O'Louse,
Ogoolayew,
Ebarkay,
Ehfootahday,
Fahkeryea,
Ah_mor_noo_way,
Mahlarkay,
Olootahmy,
Billahlar,
Fahshame,
Chalbo,
Lahbooboo,
Ahjeberkoo,
Agoojerbe,
Dafahlarloo,
Ajaysarbor,
Laurie,
Lohmah,
Nooweday,
Ahbe_on_nah,
Bambarlah,
Ahkeylortoh,
Ogoodepear,
Ahdoolojew,
Ahke_ah_lay,
Ahde_moo,
Fallinday,
Ahdasinday,
Ahkillortah,
Ohdaycooby,
Tiyoe,
Boboomy,
Cho_woe_mah,
Chahkoday,
Bechamy,
Oyea-me,
Ohja Leigh,
Ahkeborlah,
Sharbessea,
Ahdatewar,
Odoojame,
Fahboolay,
Ogoby,
Ballarshay,
Chartoloo,
Ahdiyomy,
Jorsay,
Ahrow,
Mahsinkah,
Chardepay,
Ojury,
Fahdahlow,
Lamby,
Ogooh,
Pahpajoe,
Africa,
Agootoyah,
Ohcharfea,
O'Leaguer,
I_yea_noo_sea,
Jahbey,
Ogootoos,
Bamby,
Ahmorday,
Miyealay,
Dunkey,
Fahjewbar,
Farpolar,
Jarmay,
Yeanesar,
Mahfarlah,
Ahtahjoe,
Fahbiye,
Boombay,
Che_war_day,
Foo-charlah,
Perloo,
I'year no by,
Harramy,
Lone_Deer,
I'bekay,
Eh_foo_in_kah,
Billajeh,
Marlahkay,
Toomkay,
Amekay,
Miyene,
Yea_coo_tah,
Ahbabeyea,
Lahbar,
Billorlah,
Mary-yea,
Corbelay,
Ahdembahkey,
I'borday,
I'Alay,
Ogoodear,
Mawoeloo,
Sardepeh,
Fahcaby,
Ehbo,
Awoome,
Ahset,
Odoolie,
Ohshooby,
Ahshalleday,
Chowoelar,
Lie_in_kah,
Lahworye,
Ejarway,
Labarkay,
Fahdepeh,
Oloodesea,
Odoolarmy,
Ahkarne,
Ahdabooloo,
Oloocharday,
Akdercamby,
Osharsinner,
Fahbo,
I'lah,
Dowwoo,
Lahparmay,
Oloowarjay,
Ahpallar,
Parcang,
Ahdao,
Ahgebosah,
Koharry,
Mijah,
Mahdano,
Oyeakah,
Ahdaby,
Ahdeaw,
Kiyer,
Lahahshay,
Ahsoobay,
Ohshorborjah,
Ahdajoh,
Ahdalarjah,
Sorfoo,
Ahbe_oyea,
Labby,
Ohtortah,
Fahbamy,
Lahdanoo,
Jahlah,
Ahjardy,
Chooday,
Lohkor,
Teboboh,
Lass_en_day,
I'Koo,
Ahbecorloo,
Shogarday,
Oloobor,
Lahdepay,
Oyealahkoo,
Lanaypay,
Ahcarlay,
Ahbeohdoo,
Macolo,
Showloosea,
I'yahtea,
I'boloo,
Ohshowbay,
Odow,
Ohsorkoh,
Fibioh,
Ogoojem,
Iaime,
Saje,
Ahrarbow,
Yerrymoh,
Fahshenah,
Dosemi,
Ahbeodoo,
Allahsockay,
Kienahgorry,
Garly,
Beaho,
Monesar,
Ahjarvoo,
Cartamboo,
Dohsoo,
Enahbodoomeah,
Bochor,
Marakoosay,
Showbosea,
Dahsoo,
Faetoy,
Jahboh,
Dajanah,
Johsoo,
Eseahtoh,
Lodowoo,
Zeser,
Koodowhoo,
Die_e_tie,
Combly,
Fahoy,
Ewearsoo,
Porzoh,
Gersarby,
Woosoopeh,
Ahsongbah,
Ahgorsah,
Wehsoo,
Kahpoday,
Zoonor,
Doesoo,
Pardonoo,
Ahwarseh,
Ehquertahyee,
Dahzay,
Bayoh,
Dorsoo,
Golow,
Ahbosoo,
Sookortah,
Ponoh,
Emarsoo,
Dohyoe,
Dargah,
Dayarsah,
Korsoo,
Hooseanoo,
Boahoy,
Dagarnor,
Karsoo,
Wersoo,
Ahpovy,
Azesoo,
Ahgorsoo,
Neoroy,
Wayeor,
Asaglah,
Woosoobor,
Ahteakosea,
Ahzorpoh,
Ahgorsae,
Sarhoo,
Bardow,
Quarnahjy,
Daber,
Dahkoo,
Carbo,
Ahzar,
Dermoh,
Barlinsah,
Morbeloo,
Ahjarnee,
Oloobajew,
Bankorlay,
Sodoko,
Anomore,
Echarboome,
Osolarloo,
Dosoomor,
Olookootar,
Soosoo,
Akeyorlah,
Tookar,
Die_no,
Farmy,
Acolah,
Jiday,
Ahkeyorlah,
Karwoordy,
Boeor,
Ehfoolermy,
Eloeo,
Tata,
Miyeakoo,
Efookaloo,
I'dabay,
Foguah,
Ballahpay,
Allarbar,
Ahwalay,
Lardesor,
Ahmenoor,
Seah,
Ohroo,
Mahlaryea,
Ogoonoomy,
Ahbiormy,
Yessaday,
Marwarlay,
Ohmarnee,
Ahdadamn,
Billarroo,
Lorwoe,
Anekeyeh,
Ahbarlay,
Coobalay,
Odoofarday,
Ehler,
Fahdayear,
Alloobar,
Oleokoo,
Awalay,
Conebarbay,
Sarnootah,
Owoosea,
Zequay,
Ahbarler,
Boavy,
Bejor,
Neorquay,
Sosea,
Hargussea,
Boseroy,
Fonjer,
Boservy,
Olarnoo,
Sonafore,
Boervy,
Nooyae,
Goosea,
Serwaday,
Maganger,
Boevy,
Bearmy,
Miapay,
Akey,
Any,
Bannisar,
Booseroy,
Ahdono,
Darjormay,
Bocarsea,
Allaryarkey,
Ahdaday,
Baneolay,
Epertah,
Checoloo,
Bobolormor,
Eberlarme,
Ogooarloo,
Dehdomay,
Eloo_ercoo,
Obootie_yer,
Ocoyea,
Korworday,
Jordow,
Heavy,
Ahbarkeyah,
Ogooquire,
Ahdayarjew,
Serjay,
Olarmoo,
Kakaray,
Ahjaborsar,
Ahdashener,
Jorsah,
Dajoorow,
Ewersoo,
Quasarvy,
Goosarvy,
Dardahnoobow,
Hiyoe,
Dosavoy,
Obondow,
Ohkiyah,
Sosah,
Corjoe,
Olaleyah,
Dahdoboo,
Boyor,
Oyeapoo,
Sarvy,
Ehwasoo,
Ahdalome,
Ehzey,
Dasar,
Karpo,
Boarvy,
Boargah,
Bosarvy,
Ohgorsah,
I'Clay,
Ahquioy,
Ahgarorsar,
Venahsor,
E-wasoo,
Laharmo,
Korsea,
Bocarsar,
Borsarvy,
Ozarvy,
Ahjeah,
Oshaharry,
Erwanooday,
Ageedor,
Iordagy,
Ahbiomy,
Ogoojorby,
Chardaly,
Kooquor,
Noveday,
Ahfodor,
Ohgorsoo,
Hergorow,
Kooshe,
Bacoomy,
Ogamby,
Ahsormbah,
Mallahjar,
Fieormy,
Ahquanoby,
Ahdany,
Ahdatah,
Ahlarmore,
Bancorlay,
Ardekay,
Darpo,
Bocorsar,
Matornoo,
Barbarbolah,
Allapdarbor,
Ahsombar,
Bosoovy,
Liwoe,
Choolartar,
Lortartar,
Ahjiye,
Larwooqor,
Dalorkoo,
Lesardenar,
Ahkelomby,
Odoodayee,
Awaysoo,
Hootieye,
Ahgayar,
Landloday,
Arsombar,
Kodoonoo,
Ahgorsarvy,
Jamfar,
Doyarvy,
Ahjebarwoe,
Goofarday,
Ahkebolar,
Tie-in-day,
Ohgussoo,
Bambarlay,
Yeanarmy,
Morsayear,
Ohlay,
Ahtobar,
Coblay,
I'hor,
Tobeah,
Why_yah,
Ohchorkar,
Bookketay,
Coloosoo,
Morlardoo,
Ogoomy,
Odogoomy,
Seeper,
Olookier,
Laklahbay,
Ageday,
Jorbo,
Ahsartoo,
Ahbearyo,
Dobaser,
Ahgeorlar,
Yea_yea,
Colaorsea,
Madavy,
Ehwersea,
Danoquay,
Mendor,
Bojorvy,
Boeossea,
Ohjoryee,
Bocarsay,
Bocovy,
Warchesea,
Odayeavoo,
Nargosea,
Bocooy,
Senmerday,
Morvelay,
Dow_eve,
Ahbeayear,
Marjay,
Koojekah,
Novoor,
Desser,
Ahdarvey,
Allepovy,
Arbardamy,
Neacar,
Ahportar,
Mornarmarkoo,
Waytormy,
Narawah,
Luambah,
Farbannah,
Kanglay,
Fardondo,
Duarroo,
Daworrah,
Yearrah,
Moibah,
Farsye,
Carwee,
Darwojah,
Saway,
Gar-wor,
Begee,
Fangha,
Searfah,
Zeapa,
Dogboo,
Dayworroo,
Narquoy,
Guanjah,
Pimgah,
Mandarrow,
Mussah,
Lammin,
Sai,
Dambo,
Bandogra,
Bai,
Camma,
Garworo,
Sammie,
Jarroo,
Boy-kio,
Booree,
Jeffoo,
Gaiwowoo,
Dorrah,
Zeamma,
Condoyerrah,
Fanghara,
Kabbah,
Kondoo,
Gammarwo,
Myah_banga,
Far_ban_da,
King_do war,
Woogah,
Jangha,
Mangai,
Jorroo,
Paiwoo,
Mandapay,
Damma,
Margonnah,
Barwah,
Dorworoo,
Comanno,
Sam Lewis,
Woobay,
Barbo,
Kon_der_yearah,
Bobbo,
Bargerah,
Kaiworrah,
Barwonah,
Joboo,
Nangarwoo,
Dango,
Wanoay,
Jopogoroo,
Gemoo,
Koiboy,
Gorroo,
Bongorree,
Cuttoo,
Narquay,
Koromah,
Dandavo,
Karbonga,
Dundopah,
Tom_mayah,
Gawar,
Sarbembah,
Condoo,
Guwoo,
Yearwa,
Gaiwor,
Peergo,
Farbanda,
Goyanjah,
Cornee,
Pettay,
Banyarrah,
Jarfoo,
Yea_Yea,
Seequay,
Mandoyar,
Sorroo,
Tarfua,
Toawora,
Yangara,
Digger,
Kaifua,
Jannua,
Day more,
Janyah,
Manlah,
Guannah,
Narwah,
Yuannah,
Nahalangah,
Guarroo,
Jew,
Satta,
Martuwah,
Neameyah,
Shebar,
Menday,
Quarmah,
Searbah,
Loungo,
Choco,
Manlay,
Gummah,
Baryah,
Barbasa,
Faifua,
Farroo,
Sabbay,
Quujah,
Dambah,
Baiwah,
Corway,
Momodo,
Yearboy,
Bassha,
Gabah,
Garamma,
Fooway,
Foorah,
Yarsah,
Jossuah,
Faiyear,
Fong,
Kaikie,
Cudjah,
Hopai,
Kaimoo,
Parwewah,
Barsye,
Quay_way,
Koggee,
Corree,
Pambee,
Kaooah,
Karmoo,
Koovee,
Mootar,
Quarrah,
Zeannah,
Kaikai,
Jarree,
Kartoowah,
Sorrow,
Bearley,
Tumba,
Punda,
Karwoney,
Pally,
Quaney,
Bassahcaroo,
Woobah,
Gabie,
Bailmore,
Gogomay,
Yarjoe,
Basha,
Quagroo,
Doarroo,
Kailey,
Korberey,
Affoowar,
Yaiwor,
Lawyer,
Kooroo,
Jarsee,
Ten_day,
Markah,
Marwojoh,
Manhubah,
Juway,
Foway,
Jaffah,
Kanyah,
Hotah,
Penjah,
Pendah,
Manjahah,
Yarkai,
Zoe,
Pondo,
Zeanna,
Martowah,
Faneyah,
Yammerlay,
Rombay,
Mearpoo,
Panmar-yah,
Goi,
Torbay,
Tanyar,
Tindarmah,
Barmangah,
Mangeyah,
Yarree,
Doweyah,
Wangha,
Baryan,
Legboo,
Attepoo,
Marcuttoo,
Coutoo,
Conney,
Garrabgeah,
Tnah,
Bancang,
Kongorroo,
Lassey,
Barcan,
Sessea,
Yarney,
Keifua,
Dema,
Gombo,
Tyeyah,
Tangea,
Yammar,
Tommah,
Charcho,
Bobanday,
Gogomnah,
Boy Kai,
Neckah,
Tier,
Yarfarrah,
Haroo,
Coyeah,
Garbayo,
Beyarlah,
Farmanjoe,
Soah,
Yarboroo,
Fiyah,
Jappergoo,
Dasso,
Duchar,
Bobbor,
Mendononor,
Surway,
Barfah,
Gearah,
Forrah,
Tarrah,
Mandannol,
Chaw,
Hundah,
Pumbah,
Quaryam,
Farfeya,
Kaimayah,
Darkarmah,
Chambergoo,
Meng-a,
Gearwah,
Karkya,
Karpenday,
Karlowah,
Duarho,
Vangah,
Helaworoo,
Marwoney,
Marfendah,
Yarbamai,
Key,
Jarrenday,
Marjarro,
Marpharrah,
Marjoe,
Maryerrah,
Merjoy,
Marparrah,
Jennah,
Saggah,
Mahcondie,
Marconday,
Marmoney,
Kanna,
Marwojoe,
Boy Menday,
Hopparah,
Karboro,
Soe,
Farseno,
Gasboy,
Pasbay,
Kannee,
Boy-Kie,
Larmoe,
Kobie,
Ingabah,
Pumboo,
Wompah,
Bancan,
Haylawoo,
Bannah Will,
Barpoo,
Coofoworoo,
Barban yah,
Cobanday,
Guezzbah,
Gubbah,
Gamma-Fora,
Martindo,
Chochoh,
Gobboo,
Commoyaw,
Quarsee,
Quangah,
Bumbah,
Kellay,
Leemah,
Karfua,
Gommah,
Qaryah,
Tasfuah,
Tarro,
Marbolah,
Pumah,
Fangra,
Henne,
Poyear,
Quarsemo,
Karneka,
Indobow,
Korbay,
Laffoo,
Pooryah,
Karjay,
Indoboo,
Karbendee,
Kommis,
Karbelly,
Regarbong,
Goyeah,
Sambay,
Gaiwos,
Kamglo,
Mussa,
Dumbah,
Gaiwoo,
Mamso,
Barwoloo,
Bastowo,
Kanpoo,
Kanloo,
Garkie,
Coobah,
Kaifna,
Kibbah,
Gemarkie,
Mangear,
Memnie,
Yearlee,
Kajo,
Heney,
Yarkye,
Karbommah,
Manyea,
Manbarwoo,
Maswoo,
Henney,
Combah,
Manyerpo,
Argagah,
Apparay,
Nazah,
Okomato,
Salloomoo,
Onakokoo,
Jemmah,
Koneeree,
Semardah,
Parbay,
Guassa,
Oquanno,
Okarrofo,
Ocorreyah,
Maddagoo,
Ahpeagay,
Indocobah,
Angarnobee,
Koranko,
Mardoo,
Hoocoo,
Ahputtoofallay,
Ahbappah,
Issoe,
Amarkah,
Orrartah,
Ocharbar,
Ohrusay,
Ahquanegah,
Oduroo,
Garrowasah,
Amanafoo,
Onkofah,
Oyeako,
Oquamoo,
Ahquaquay,
Asecoo,
Huzarbarrah,
Ojim Ofo,
Bear menney,
Ojie kintah,
Okronoo,
Oninwolee,
Kannarloo,
Majarsay,
Mardokah,
Onnearboo,
Marchekoo,
Onearguallah,
Woochando,
Ohdarbah,
Abbon,
Ecellopa,
Assue,
Abbajsee,
Eluccoday,
Ibarkoo,
Allahsamo,
Deakay,
Namdo,
Ahmanga,
Ojoego,
Wocorreco,
Onemarjoro,
Larmah,
Allakoo,
Ahleobas,
Echalawo,
Zaballah,
Lomarlago,
Ahgonnebo,
Obearco,
Warkehe,
Jokah,
Inbonhah,
Wocarrofo,
Anakeme,
Ahbassa,
Allaka,
Appoh,
Ahgoroo,
Lawache,
Ebargoo,
Ahcheparche,
Narley,
Ahmarje,
Norham,
Tom = Money,
Onearbo,
Ebarno,
Appardeh,
Okorrofo,
Olubay,
Imporrah,
Odargah,
Martowe,
Okarroka,
Wohekah,
Fartongo,
Corofo,
Bennamene,
Ottee,
Antoo,
Aguaim,
Domaryah,
Enomarbe,
Osuno,
Ahgallah,
Obodarkoo,
Imbarkay,
Garomee,
Wangara,
Wanolay,
Barfoo,
Olearkoo,
Egoloo,
Ingarwama,
Allesabah,
Wanolee,
Ahlaka,
Cobaryah,
Okobarkah,
Wanocha,
Karcandah,
Wanolea,
Guarlo,
Marchada,
Zoleo,
Ennara,
Ahchosam,
Nassah,
Olway,
Oyammas,
Ohharcha,
Alloadalloo,
Amarwono,
Assackarah,
Allajsa,
Cochonoo,
Ogallah,
Wochargo,
Arkoo,
Woozodoo,
Ohbowah,
Ahwochekoo,
Ocorréé,
Ebagim,
Owokah,
Ahchagarrah,
Gangha,
Ahkazaway,
Apparah,
Amadollo,
Onnecha,
Ocorrafoo,
Dalcrockoh,
Ahhearjokoo,
Okorrokah,
Ocossah,
Larkase,
Okaroka,
Eba-jim-orko,
Arcommera,
Akachekoo,
Wokoréé,
Aggoo,
Amarday,
Wardelaka,
Egabboo,
Gardomah,
Ozo,
Omcoroo,
Karocobo,
Ahnoyalay,
Enarla,
Olafarloo,
Onobechéé,
Azam mah,
Toocoo,
Anaquarehe,
Indequay,
Ahgowanter,
Oquaddy,
Ahnardomah,
Ahkowosah,
Ahbusso,
Orcarbah,
Dancanno,
Bearcom,
Onannéé,
Sedéé,
Edokoo,
Enorgo,
Eworray,
O-na-gerorke,
Chardo,
Tanjay,
Jim-mar-dah,
Abah-a-mence,
Chekoaha,
Ocozeoo,
Warcheko,
Warkaka,
Sabbarye,
Sedee,
Sennakoo,
Iyou,
Assign,
Oluahcho,
Ochohane,
Numberdee,
Darcoloo,
Zimardah,
Iyellay,
Kuderee,
Quary,
Dandekarlay,
Akonwebay,
Elop,
Yacho,
Narjoe,
Jucowolo,
Wooday,
Ahbartoo,
Warbasa,
Guarley,
Bonnelay,
Ahbargee,
Newman,
Hermoeh,
Buggo,
Ehonah,
Wanlakah,
Ahlokay,
Obyamo,
Owambah,
Chararso,
Oremah,
Ebo=John,
Elebeyar,
Iyam,
Ellemah,
Owesee,
Wanochar,
Ahkofoo,
Ahjearloo,
Ahquardase,
Ohbarlah,
Wanoquah,
Imbuekquah,
Warlamba,
Onearmah,
Magumbah,
Addagah,
Ajumceha,
Gunegee,
Ahnaryechame,
Abbarjay,
Ahnorwoo,
Ahennah,
Jemmesee,
Ewonlee,
Omaryeo,
Hummay,
Addammo,
Arwenney,
Arbappah,
Anamarlay,
Alawo,
Ahcontobo,
Addogah,
Addokee,
Onnoo,
Wargo,
Cammanoo,
Ahbowone,
Ahhonacham,
Koferoo,
Egekafa,
Abaga,
Onineca,
Hargo,
Bonarnecos,
Owootoo,
Argogeyah,
Jarday,
Olumbo,
Marbar,
Cammano,
Wabay,
Annie,
Omarjah,
Omadogee,
Ejarmah,
Wanesain,
Chamoo,
Omardah,
Wanarbra,
Onnacha,
Abeche,
Ogooranna,
Ohkanwar,
Wanaloo,
Forepah,
Ahcovia,
Imbarfo,
Ahquarha,
Sokonarto,
Ahcullah,
Warbearah,
Ahmargee,
Bolemee,
Garafornim,
Ahnargee,
Wannaday,
Henamargoo,
Osaroo,
Commarnoo,
Norbras,
Allalee,
Echemafas,
Dearkoo,
Loyal,
Imbockquah,
Ogoomanyea,
Borgoo,
Mangarass,
Ahdegolah,
Ahmasdeo,
Addammar,
Armogee,
Olequah,
Mahnardoo,
Morroobah,
Oreobay,
Cassray,
Cabay,
Mahmasdoo,
Kalootah,
Fahsadee,
Sarcolee,
Fahsenay,
Callefah,
Shilling,
Mahmardoo,
Mahmarnoo,
Sahgoo,
Bochory,
Kay-gallah,
Moosab,
Willee,
Banjew,
Gambahloo,
Cattee,
Mahmahdoo,
Sarcoonah,
Ansumarny,
Kalle,
Beammah,
Moroohbah,
Sermeny,
Yattah,
Kaymahyah,
Fooday,
Connor,
Samah,
Tangamee,
Caycootah,
Coyabbah,
Wahjah Ballah,
Kankooroo,
Co. E,
Korberee,
Serra,
Bay-woray,
Pabay,
Mosoobah,
Tow,
Mahmadoo,
Kamsah,
Yabbay,
Ansumaruy,
Sabyoo,
Fabboo,
Manegar,
Yoroo,
Sayboo,
Connee,
Warsoolugar,
Mas,
Kootarlammah,
Wahtorankah,
Hammardee,
Marmodoo,
Tallar,
Koronkor,
Berimah,
Sahbo,
Serekay,
Fo-day,
Besinkey,
Fahtoomah,
Gayma,
Kennee,
Fahtah,
Tenneh,
Vatteh,
Fahtommah,
Mattah,
Colahnee,
Fahtahmah,
Santeaky,
Sennah,
Yainkain,
Damore,
Norcor,
Marregoocoo,
Today,
Seday,
Larhi,
Jahsintoo,
To-day,
Carreemo,
Combrama,
Macaulay,
Tingoo,
Ahmahdoo,
Mahjaray,
Immy,
Sappoo,
Wiley,
Lahhie,
Contay,
Maheah,
Labhie,
Egallarlay,
Fingerray,
Mahar,
Forteah,
Mardowoe,
Ahcoomaryat,
Ahkannowoo,
Oosoh,
Ehkoodom,
Ahboohar,
Arkandemn,
Ebeatam,
Omawoe,
Okon,
Shabachay,
Oquarloo,
Borentah,
Ernos,
Ahbarby,
Enermeh,
Bartea,
Namsor,
Onion,
Gersee,
Ahrate,
Ahnim,
Ecandemn,
Enamkepos,
Ahdearhkah,
Ahmahfeah,
Directly,
Markayen,
Abparbeoh,
Marchart,
Arfearam,
Adate,
Ohsooquoh,
Afcom,
Ahsebom,
Tarrahdeock,
Beatam,
Ahborfeom,
Eseen,
Atamkor,
Narray,
Ehdemn,
Oporto,
Nokoo,
Abdearkah,
Eyor,
Marmahde,
Tiberoe,
Temarny,
James,
Mohamodoo,
Kakootah,
Joseph,
Joekenah,
Mareah,
Nea eye,
Yolomenah,
Cromantenah,
Kootah,
Maryann,
Ioeannah,
Francis,
Iewlay,
Sarlatar,
Barteah,
Sede,
Ehdepoh,
Bowine,
Mary-ann ,
Yambah ,
Ioefenah,
Sarbell,
Ioekenah,
Geday,
Mary Ann,
Kaneai,
Joroe,
Franba,
Mearboo,
Bagbah,
Dohay,
Farha,
Marlige,
Doraioo,
Gooba,
Joroo,
Fargahree,
Inibi,
Ihwoh,
Bondoowah,
Doovee,
Farhar,
Zoroo,
Messrae,
Doobanga,
Comdoree,
Chaboorn,
Fooyear,
Korra,
Panga,
Tong boo,
Quibang,
Bahgora,
Farjar,
Saeombah,
Bahgmda,
Faurah,
Dawoora,
War bary,
Hagbah,
Bongora,
Cora,
Sambahgorah,
Fagbaya,
Sabba,
Ingora,
Doorhroo,
Wahnurae,
Massahrae,
Combaforee,
Bahjaca,
Mommooroo,
Sanbahgoorah,
Bringbahrae,
Battrow,
Barrahhessa,
Makmoroo,
Coora,
Kapwore,
Songobak,
Kora,
Papbpora,
Mamera,
Bryea,
Nearqua,
Beessahmear,
Copalier,
Pahto,
Condahleah,
Soolah,
Doora,
Codja,
Charloo,
Yellah,
Lahwoolah,
Singba,
Toomba,
Booka,
Tongbah,
Foobannah,
Bahyellah,
Charmakroo,
Cafua,
Satia,
Maraha,
Egecoora,
Langoor,
Ebecha,
Quanyear,
Baryear,
Nenga,
Wenga,
Commia,
Boopay,
Sahwo,
Garloo,
Sattia,
Dahwoh,
Nangbah,
Wahjia,
Cooreah,
Doomahta,
Foryeah,
Quioroo,
Komroe,
Yarqui,
Quivah,
Kiki,
Bandia,
Patter'O,
Yarway,
Goroo,
Farr,
Dogboh,
Bongoroo,
Iarwah,
Shogora,
Kogboor,
Cherree,
Doowah,
Bessa,
Karpahrae,
Jomba,
Rooahmah,
Coor,
Sarr,
Sahmooka,
Charwoo,
Dooahroo,
Corra,
Collupa,
Tay yeah,
Landay,
Gaza,
Pahwooroo,
Darcoo,
Tymo,
Cheree,
Boora,
Tomboroo,
Zmnah,
Jombah,
Forbarra,
Kozbara,
In-jar-wah,
Cammanjah,
Farbeah,
Ki-co-ra,
Broowah,
Corvi,
Simbo,
Yahfofoo,
Se-ah-mah,
Correr,
Loppa,
Oneamboy,
Bojiye,
Fambah,
Sale,
Yearboo,
Gammahma,
Fieah,
Fanhang,
Sowoo,
Kebba,
Genddahi,
Nawah,
Yanjerwear,
Grow,
Sandoo,
Yearwah,
Coomboo,
Yamga,
Mangeyeab,
Yearman,
Ingab,
Shawah,
Zoo,
Kynnea,
Tearhea,
Mahtoor,
Nearmah,
Pootoo,
Kanyee,
Mahplah,
Kenyea,
Mahwenne,
Mahwho,
Dawh hoam,
Embetta,
Chandoo,
Twooah,
Mahson,
Yomho,
Ponda,
Yookab,
Mangeab,
Mahwhoney,
Aree,
Hahoney,
Mahnoo,
Tooya,
Mah hoo,
Dondoo,
Norgorr,
Coonnah,
Mahfa,
Sattin,
Mahoney,
Yarki,
Jenna,
Tootomah,
Nowoo,
Saminah,
Carmiah,
Kanrae,
Yangbowor,
Kenterwill,
Bobboor,
Lammah,
Mahwenda,
Farboo,
Kaie,
Sedeah,
Dofara,
Foowar,
Famata,
Narmoncha,
Carwone,
Soor,
Water,
Benga,
Hellah,
Artowah,
Show,
Tackoboo,
Tang,
Soo,
Carwallah,
Machamba,
Soi,
Doomingo,
Banga,
Choo,
Inowah,
Fourno,
Henni,
Pendo,
Sillah,
Ieway,
Egone,
Mahvongo,
Bahanah,
Wanahps,
Bahma,
Eguelah,
Ezaango,
Quoah,
Akonquah,
Meseeah,
Egoimah,
Eson,
Scheba,
Egoon,
Egoolo,
Egomah,
Sakaba,
Pahsandah,
Machkie,
Ezoro,
Necala,
Mouch,
Dalangarm,
Mahvomah,
Machefora,
Baisa,
Zoioo,
Mahkarzah,
Egolo,
Zambah,
Keybo,
Mahsoah,
Machkia,
Killambah,
Equendah,
Mahlambah,
Mahkoie,
Gorm,
Cheboka,
York,
Boanga,
Eucharee,
Codaa,
Cook,
Foamba,
Sam ,
Senah,
Se Puneh,
Chief,
Mahbeeah,
Genahmahki,
Esawo,
Pour,
Malking,
Sour,
Maseah,
Maseahro,
Eganloo,
Sahbi,
Moutah,
Edaro,
Ejanga,
Esaka,
Mahjamba,
Boletara,
Ponga,
Zimga,
Mahcola,
Kowi,
Ezahbe,
Bessall,
Boilah,
Boosaingah,
Mahtonga,
Bay yome,
Maboon,
Belinga,
Boanfaff,
Gansse,
Kenja,
Echebo,
Wangornor,
Chebarnah,
Kelumbah,
Morenzah,
Bordoo,
Boillah,
Mahmelaba,
Mahgormah,
Eguarear,
Ebarchar,
Moansar,
Bausa,
Bahnou,
Mahkossar,
Akoqu,
Kabeache,
Sombody,
Bahendah,
Tartie,
Avongo,
Ejack,
Mahkabah,
Epoor,
Ekota,
Roanja,
Chamba,
Bahdenga,
Loamba,
Moellah,
Mahella,
Mahhar,
Boryeah,
Mahkenka,
Bessah,
Soomoo,
Chombo,
Gowalker,
Mahyearra,
Ezera,
Akoss,
Akill,
Emboto,
Key bu,
Baquaor,
Macan,
Fome,
Gomba,
Dollo,
Bahocho,
Embols,
Pacaker,
Yanda,
Ezarko,
Mahkalla,
Ejoomah,
Boango ,
Gomba ,
Kessa,
Keybondo,
Karla,
Wombi,
Bommah,
Bonah ,
Ayok,
Essam,
Assu,
Eria,
Afum,
Epang,
Onewor,
Ahyoke,
Omore,
Arroh,
O cole,
Ocombe,
Anneo,
Bae,
Dingy,
Aframeaho,
Mordiah,
Okoronka,
Ezzah,
Mahyans,
Potiggar,
Cambang,
Olommah,
Aquor,
Ohyea,
Awear,
Omiya,
Apenyoung,
Otang,
Aratte,
Boutan,
Etaro,
Emopa,
Okonocabbo,
Ahbahseso,
Orbe,
Atimaphim,
Apomore,
Ingorm,
Amore,
Ahhasse,
Etickah,
Mackap,
Eyandam,
Ache,
Ahasse,
Von,
Erra,
Alomboing,
Engessa,
Bonco,
Narwar,
Afung,
Akiyoung,
Etarracebba,
Acaunarn,
Agebrajo,
Yamabo,
Alim,
Canam,
Ofum,
Eloym,
Myfou,
Ejarlo,
Myfor,
Ecombo,
Micha,
Addeso,
Bantanga,
Ahyabbah,
Nephew,
Ebbow,
Apahba,
Effu,
Ahkou,
Iyar,
Ekandam,
Abbor,
Engorree,
Okou,
Akaye,
Attraebee,
Abane,
Banesia,
Osotarda,
Taylor,
Elasatme,
Ogolada,
Oloja,
Ahkimola,
Isabellee,
Fandia,
Farloya,
Fahdefrah,
Ayeleh,
Ahdearlah,
Farrahmacoo,
Dah Dah,
Fahmagoo,
Loinday,
Sayajoe,
Ahchaw,
Beyday,
Ahjeedo,
Farsodoh,
Farbayme,
Olochocoo,
Mordocoo,
Ahwooloose,
Ahdayroh,
Odootoloo,
Ahsharday,
Abbarcarray,
Ahkeywoolay,
Bamchola,
Oyabarta,
Ahkaoko,
Lahsamago,
Webe,
Oesabame,
Ahfoonjo,
Sado,
Ahjia,
Ahwooko,
Efarkey,
Allahpame,
Akaboome,
Olosese,
Ochalahsa,
Olahloo,
Mosoyah,
Farbeye,
Colcoroo,
Obahsong,
Egoahday,
Eroteme,
Ogodege,
Ahkedale,
Condamojew,
Olah be,
Shelon,
Oyasamoo,
Odoquire,
Ahkilebah,
Olahbeye,
Fanoko,
Ocharbojor,
Osobeye,
Oshalloopa,
Oshower,
Police,
Ahkoro,
Osarbora,
Ahkeloday,
Ogonayah,
Ahkemoday,
Ogolue,
Mahgodo,
Ogaoler,
Laykulay,
Combolah,
Oresiahre,
Ahbe o'say,
Daymoney,
Togowar,
Ahkebola,
Ogolo,
Egoodiah,
Ahyeelay,
Dah dah,
Olobahda,
Bageday,
Awoneye,
Lahfayar,
Okonye,
Adosabah,
Egoormah,
Gawcawcorah,
Sahlekay,
Ogoodeah,
Ahwonoah,
Ajubolah,
Sargobe,
Coyewo,
Olahtar,
Ahleejoe,
Ogodarla,
Ahbeardo,
Farwela,
Cocome,
Banqcola,
Okojove,
Ahkebela,
Ahdowah,
Ahkometar,
Ahdayala,
Olofombe,
Fataya,
Ahkebelay,
Adobaday,
Nayah,
Ahmonday,
Iohdala,
Manipa,
Molahla,
Ahsot,
Yolalah,
Ahsatako,
Ageomowah,
Gamba,
Ahbapyome,
Ahlackpolah,
Motajew,
Solako,
Tallahbe,
Sahyoda,
Sangonaya,
Fayame,
Onasode,
Afootaday,
Oyarwano,
Ogado,
Oyelako,
Oleelang,
Afome,
Mahfolah,
Torshowne,
Ahfosa,
Ahshou,
Cobolahja,
Ogoonkame,
Momahla,
Morae,
Cobahmija,
Ahdayjouka,
Etteeckpallar,
Osakayarday,
Dtollar,
Coshaocor,
Ienar,
Iedarpay,
Fartoyolar,
Ahlarwayda,
Larbintar,
Mollahlah,
Fahdongka,
Ioko,
Olusarbome,
Farsallah,
Farjokey,
Ahenah,
Ahfome,
Olokakoo,
Ahdayyeca,
Ayenaka,
Adalolah,
Oday balo,
Yawayme,
Abahlaya,
Ogoodawoo,
Bancola,
Ogosang,
Kejolla,
Ahmordina,
Ewose,
Ahkargobo,
Elofong,
Econella,
Keyola,
Ogojara,
Beowo,
Cotopa,
Ahkelolah,
Farbelay,
Okoarday,
Cobarmaday,
Ahlabarme,
Ogolumbe,
Cojah,
Keylotar,
Mahogo,
Ogobe,
Sharli,
Ahshondebah,
Ogolome,
Bannoche,
Olochame,
Sache,
Shogobome,
Quallah,
Farmlewis,
Arnosene,
Fartolah,
Enasoro,
Laboo,
Ahyabosee,
Corlorcor,
Ogojorday,
Ogodaye,
Fardica,
Narmesar,
Anymoney,
Ahkeocho,
Obarcoye,
Ahdabody,
Agoarlar,
Farbodah,
Ogonsar,
Ofootorah,
Asora,
Ahoowoo,
Ahsokala,
Molacka,
Fartonday,
Anecapa,
Ahrombes,
Farmoway,
Ahsoway,
Onecacoo,
Dosorme,
Ogoncoraday,
Kemasomore,
Ahgenah,
Abolapa,
Jepolah,
Ahdalaya,
Ahdibika,
Kosoloka,
Farlayobo,
Morgeyah,
Oluboojay,
Osobah,
Fayamoch,
Ahdajuba,
Ogoyoume,
Asubeye,
Ecoolah,
Ejarolah,
Diouron,
Oja,
Ahtarpala,
Brahoma,
Farbamo,
Bangcola,
Yarloume,
Cotola,
Massadapa,
Cobeta,
Ahgear,
Ahdo,
Fanoquor,
Assoatalo,
Ahka,
Yarwallah,
Chokonah,
Omabarlar,
Ozoolomo,
Ahmoso,
Yar dinnar,
Marimarko,
Ahdroomame,
Toada,
Ahkey da,
Syedah,
Ahloobardo,
Gambara,
Ahlarlo,
Ahkobarda,
Mahtocha,
Gosenoo,
Farbolo,
Ahyame,
Asauwa,
Jacoada,
Beahoo,
Howseno,
Barbar,
Olooko,
Byewah,
Abardo,
Ojocobe,
Ahkeba,
Ogoso,
Ogotolo,
Tahbe,
Coahloo,
Lizartome,
Ogoseme,
Marjalaba,
Farkia,
Foola,
Bramah,
Ahdamorite,
Ahdatofar,
Ahmotyo,
Adoboto,
Ahdaboso,
Dahkia,
Charloko,
Ahgama,
Mahladie,
Ohja,
Ozoma,
Jo Olah,
Okeke,
Farmoday,
Abrahame,
Momone,
Ahlofakora,
Farlola,
Eyarmahda,
Ogobarlah,
Ahryiah,
Omolo,
Ogaw,
Oponga,
Enahbonda,
Jahdah,
Olosoyah,
Farkambe,
Archo,
Alaryarfe,
Jarcosa,
Martiyo,
Tiwo,
Achida,
Alooku,
Coote,
Ahmose,
Chobolah,
Mahladay,
Molole,
Sodalah,
Mahlolo,
Jyalo,
Vittoa,
Ogola,
Ogoala,
Olube,
Ahboyada,
Gala,
Ahkeyada,
Elisahbola,
Ojaie,
Ahjubogo,
Ahkomola,
Obojiola,
Ballahda,
Ahkeda,
Ahdenameah,
Fanaya,
Ahdie,
Ahketa,
Ahmona,
Ahdalogo,
Ahreah,
Aasema,
Ahbada,
Ayoula,
Ahkill,
Alliebajo,
Ahlocoo,
Ayeme,
O lookansee,
Aja,
Agellada,
Farbome,
Alocou,
Asiah,
Ahkamodoor,
Ojaoroo,
Ahjesomo,
Ahbolamo,
Ahsolada,
Dasomo,
Asoko,
Ahsonaka,
Mahlacha,
Fatomba,
Ahdayame,
Aebo,
Anekia,
Fige,
Fartomah,
Kosoneka,
Ahsobome,
Lalessoko,
Ahjaba,
Allahba,
Fartoya,
Lole,
Arbionee,
Fittaja,
Fartobe,
Bomdoye,
Quadah,
Awasse,
Allie,
Olucato,
Ahdoyole,
Olosoko,
Ahdoluka,
Ahdepo,
Lajo,
Farloko,
Ahheola,
Conebarbah,
Sofamda,
Lalle,
Adolo,
One Kala,
Kosomdah,
Otoneye,
Edho,
Ahtolembe,
Barbanesa,
Aje,
Lalneyo,
Lagera,
Eabo,
Farve,
Dardar,
Narmena,
Ahpawo,
Yarbar,
Ahdone,
Eyef,
Coya,
Ahkelotom,
Adamoe,
Adoso,
Ambodo,
Okomye,
Mommah,
Mahkolo,
Farbone,
Ambacho,
Ogota,
Allahda,
Oju,
Ajar,
Hengro,
Ahkebarmie,
Margeyar,
Ajela,
Jargroo,
Elarja,
Boyove,
Ahdatoye,
Bancocha,
Kelobe,
Ahtosada,
Ahdocarlar,
Sarbeye,
Ardabeye,
Odobeye,
Oyego,
Quardequa,
Olonasine,
Ogone,
Fardome,
Ayarpo,
Eja,
Jolala,
Jarbe,
Allarpida,
Larmedaye,
Arlocha,
Arkoya,
Sonayou,
Yarneyar,
Charbee,
Ahkealla,
Farsenda,
Fardeme,
Asema,
Anekuja,
Ahbesoye,
Ahlesatoye,
Dosome,
Ohomoda,
Chocheka,
Marjarba,
Farlooe,
Majeme,
Olocharke,
Asarba,
Anoufarda,
Apouda,
Barla,
Anebarkow,
Cojie,
Ocosiah,
Achoala,
Ogardene,
Olacharla,
Moesar,
Abolone,
Ahpalesa,
Arbacola,
Lesawaitame,
Ogoesa,
Boboobo,
Ahmenacha,
Olada,
Aheoco,
Ahtoco,
Farlade,
Osa,
Alhatoda,
Ajucoriah,
Jocoff,
Tamdaya,
Attaah,
Alah,
Oulin,
Fayenkah,
Mahsomo,
Ahsiontola,
Alampa,
Farkie,
Ahyarbaye,
Abeyow,
Larwolla,
Capolah,
Barbamesa,
Boreka,
Adepa,
Mallalah,
Eyarlo,
Eobo,
Tiewo,
Azarto,
Banjako,
Ayarbome,
Marfebe,
Fartoo,
Ahso,
Boomah,
Moila,
Goye,
Jocunmah,
Zambay,
Mahbelah,
Pahko,
Moambo,
Bahama,
Tangar,
Souga,
Mobingqua,
Mocheinga,
Egormah,
Movangah,
Mahtolet,
Molaka,
Donto,
Mahtaso,
Bonjo,
Mahway,
Osarbo,
Pargar,
Guaningo,
Mosarvo,
Youmbo,
Paicha,
Yougo,
Nounch,
Iombademah,
Imboyo,
Bonga,
Alloocogoa,
Inchauda,
Yaungo,
Enjahe,
Wurrah,
Howgee,
Farbullu,
Fahlan,
Killarku,
Cola,
Wahree,
Ahlooko,
Fahgowah,
Okuolah,
Ahdapola,
Oluwoyea,
Elor,
Okunegar,
Osolumon,
Ahkelotan,
Yalu,
Bamlocha,
Ogobeye,
Ahkaula,
Fasong,
Abdolay,
Ahkluee,
Ahdotoebo,
Fartosoe,
Ahue,
Ajoin,
Orucatan,
Obabeye,
Ahdogolu,
Katekoo,
Farlotan,
Farsmallo,
Ahodo,
Domeo,
Ahwodejor,
Faryasay,
Fardolo,
Sarlaylu,
Ahlochulu,
Komahka,
Charfarla,
Elaconnar,
Ahlame,
Esobo,
Ogoodepa,
Ahlaga,
Ahlajoko,
Mahriesa,
Ahdajuwah,
Ordieda,
Ochardare,
Sharkaya,
Olarchamge,
Okuchaday,
Oroneka,
Soudepa,
Bamballa,
Brela,
Koroba,
Droceme,
Fartoye,
Dagela,
Ahmola,
Ahyembemka,
Ahsofo,
Ahteo,
Ahdayforka,
Oulalay,
Oyahboloo,
Oyalabee,
Ogootan,
Olorofume,
Bokor,
Ahjonsin,
Ienah,
Oyarbola,
Anyarme,
Ahjewlada,
Odepo,
Ahyafame,
Ahchawo,
Ejoryogo,
Mahbarolo,
Ejorbo,
Obarfomeka,
Esubah,
Farjombe,
Tameno,
Farjolla,
Anga,
Ogonaja,
Ahkelode,
Ahkebarda,
Ahbekoo,
Ahlioto,
Amambo,
Natelo,
Ahseebado,
Mahme,
Mahjubay,
Farbarome,
Amoroe,
Tayboge,
Iyola,
Fahmote,
Fahtoyoe,
Ofahlayea,
Fambejoe,
Ogoodagee,
Fahtoyae,
Ahbaronko,
Yakotallo,
Fojubara,
Dalo,
Barbarloo,
Ieka,
Fardosa,
Ahlaba,
Ahhoma,
Ahmolaka,
Coomalako,
Marleapa,
Ahdong,
Marlonkage,
Larkong,
Ahdasoye,
Lodonnah,
Ooney,
Oluolar,
Fiye,
Dasaya,
Ahchanroe,
Benolo,
Beyorko,
Aguyo,
Marmoleya,
Farmasa,
Farsola,
Martoju,
Ahsobeyae,
Mahjoba,
Osoumba,
Asobeye,
Ahyowo,
Ahneka,
Olubarka,
Farchala,
Bordaday,
Ahfordequa,
Ahsarbome,
Ahkoboloo,
Ahsaabe,
Farsoloko,
Boya,
Ohyala,
Ahleway,
Kegedor,
Molonkage,
Ahzetto,
Okelo,
Alegeko,
Bolaya,
Awose,
Omafala,
Ahlato,
Viewne,
Ahsootoyea,
Alloobah,
Ahsoomara,
Ahdosee,
Ahmonekoy,
Ogobambe,
Mahfabaye,
Bofunglay,
Aboloobay,
Ambahsay,
Ajia,
Adowo,
Larwor,
Ogovoge,
Fyate,
Fardoya,
Arbonta,
Chofolea,
Luve,
Darbajo,
Ahbeboya,
Fardarloo,
Ahfallada,
Aela,
Farbale,
Olupala,
Fardola,
Ojobarme,
Farecha,
Oney,
Ahbeja,
Ahbeloda,
Fartoahta,
Ahkeonla,
Okarla,
Otooko,
Lamajar,
Saso,
Fardoogo,
Okochololo,
Sardala,
Sarkole,
Olomeo,
Fardoga,
Farjodo,
Farbola,
Fartomora,
Larboda,
Ahbardoo,
Ahpardodoo,
Farquarojor,
Ahopor,
Barbarko,
Dolopoh,
Ekonhday,
Lokoncharge,
Ajuahpa,
Asan,
Farjarba,
Fartombe,
Ahdasome,
Lortam,
Esokong,
Ahteball,
Ahkesharwalla,
Oho,
Ahfola,
Ahkelome,
Ahdakong,
Ahkako,
Egode,
Adaboda,
Oyarbe,
Ahdebosa,
Ahje,
Eliaka,
Ahkaolejoe,
Oyeyame,
Olabahyeajay,
Ahyambee,
Ahkanne,
Ahosada,
Ahsenome,
Barbarbome,
Ahlarda,
Maneapa,
Ahpoto,
Afobanoka,
Mahlola,
Tetororor,
Olucata,
Ahsobame,
Tallabe,
Ahnekapoh,
Farsaso,
Farkolome,
Melenncola,
Saconla,
Mahtalah,
Fanjorko,
Daincoqua,
Charcoada,
Sartoba,
Esardia,
Ahwosaya,
Faryome,
Farlowe,
Martawa,
Artanghle,
Tiyome,
Asangale,
Osoomdeah,
Ahbosada,
Iawa,
Satala,
Fardayor,
Ahkonla,
Obeparme,
Alarma,
Ohooboda,
Ahjae,
Ellatoefay,
Oasolah,
Malbokojoe,
Mahjakayalloo,
Farvenga,
Edoboroo,
Iaca,
Geahwah,
Kanra,
Kaddahbow,
Cessa,
Zoogo,
Barvoroo,
Beerpeter,
Fonhenew,
Borae,
Yourya,
Padda,
Daboor,
Coyango,
Tahmah,
Bangan,
Bahpoo,
Fahlaha,
Yahfay,
Jamie,
Sarrow,
Bahtong,
Pahwooro,
Charr,
Jewarroo,
Grawbawoo,
Larkahmah,
Bangam,
Pahkoo,
Hoewoo,
Pava,
Hanray,
Bari,
Coja,
Pahwoo,
Minah,
Fahboono,
Ewahwee,
Fooenjo,
Dahmo,
Gonnoo,
Yardoarmah,
Farjennah,
Doboree,
Fanah,
Fandoor,
Sharball,
Momorae,
Oyandah,
Yahvoy,
Seahah,
Youwere,
Mendaymaoo,
Yarqua,
Timayar,
Zimiah,
Sevee,
Doorfay,
Kanray,
Cava,
Garbowoo,
Baywah,
Pieyoung,
Cootoy,
Karre,
Chonjoo,
Fourah,
Kofa,
Seebah,
Coquorae,
Jewarah,
Vanjie,
Bahgindah,
Shewbah,
Sereegah,
Fondake,
Kenderwill,
Condierah,
Conway,
Mendaymahoo,
Joru,
Bahray,
Geerah,
Sava,
Yarboor,
Tangee,
Dorgoo,
Weywor,
Loamber,
Goorer,
Firer,
Bandeer,
Miesar,
Kangorah,
Mahworah,
Nengar,
Nearrah,
Chorkor,
Marrahbah,
Famor,
Neargo,
Dinner,
Farrow,
Sarmageah,
Goyah,
Bahworo,
Sandammah,
Nabah,
Saimatch,
Migee,
Pahmajah,
Yorpee,
Marcharr,
Yorrgo,
Bourah,
Edorah,
Darbara,
Sellee,
Tengoo,
Karjuah,
Berahyou,
Jarnee,
Yerrah,
Nomoo,
Borraboo,
Woosa,
Simah,
Boor,
Gormah,
Juambah,
Fornee,
Connie,
Jorrah,
Cotomah,
Boudoah,
Connour,
Doogbah,
Jone,
Gibbowoo,
Safon,
Borrah,
Borrow,
Wampah,
Sarpoo,
Sorree,
Kiere,
Yangawora,
Yangba,
Cooyanda,
Tarbah,
Liyar,
Hango,
Hoiyee,
Kieba,
Quangroe,
Choo ,
Donarroo,
Tour,
Gonnah,
Manghoroo,
Coollo,
Mahkeree,
Mahnenkah,
Mahhoney,
Mahcotoo,
Cuinbah,
Mahfara,
Mahnayvi,
Mahgeefar,
Mahfonar,
Bemb,
Pondoo,
Ajemmah,
Parmanyar,
Mahneour,
Mahjour,
Toro,
Gui,
Pooto,
Darwooroo,
Ahmolita,
Mahlooloo,
Olahjoegoo,
Sodequah,
Ahdacholah,
Aguajew,
Fahdoya,
Ahcorbo,
Daconlo,
Charlie,
Farmasee,
Acouyarday,
Rotmee,
Ahjibogoo,
Ahkokoo,
Banbowee,
Fahdahroo,
Ateakoo,
Waree,
Ogoodepah,
Ahteao,
Fahtoye,
Ahtecoo,
Jokoonba,
Ahkeyoda,
Orsa,
Ocharabee,
Lahyokoo,
Farjimwah,
Ogodoloo,
Farchamera,
Ogochornee,
Ochardacor,
Ahbalahya,
Ornosome,
Ornakoo,
Agemor,
Farhbame,
Lahkorroo,
Ogoodesee,
Charfatame,
Ocoosonyah,
Ogarhah,
Mahjaba,
Ahrerkoo,
Fahlojew,
Ahtonda,
Myemimu,
Ogosonyar,
Naree,
Ahdosonee,
Droteme,
Ogoofatome,
Fibeeye,
Fahsonyah,
Ogoosonyah,
Howoosobah,
Fahbame,
Fahcheega,
Farchayee,
Laryookoo,
Ahdatelor,
Ogoochooloo,
Farchaonew,
Olutan,
Ahdayaree,
Orahdonen,
Dajewabee,
Farbonba,
Farbamoro,
Farchanew,
Ogodolu,
Farlahroo,
Ahloda,
Oneshe,
Oteafah,
Fahlotan,
Ochatan,
Hoosar,
Bointor,
Ahdayinda,
Gimoda,
Matonda,
Ahmooday,
Ahbameroo,
Oyawhara,
Oyokan,
Ogodarway,
Howodaya,
Ogoodanah,
Ahsang,
Ogooyado,
Isaaccoo,
Fahyome,
Fardoka,
Farlooboo,
Bahnchely,
Ogoolaya,
Ahdang,
Fardoree,
Ahdonerah,
Ahkulla,
Ogooyakoo,
Towoocho,
Farchecoo,
Ahkanloo,
Odongfah,
Ahdayabah,
Ogooloday,
Chargolalah,
Coomooloo,
Aseepoh,
Chiyome,
Ahyewee,
Ahcannah,
Ecooppoleze,
Fahtaracha,
Olortan,
Ahkilabee,
Farmotee,
Odaoba,
Nahkola,
Ahdoroo,
Farbameroo,
Ahgoolada,
Ogoosenor,
Ogoobie,
Farcoojor,
Ahquiday,
Lahfamwah,
Ahjibahda,
Mahgeaba,
Fartoocor,
Olujorbee,
Joekong,
Mahloobah,
Ochoobarmoo,
Artara,
Ahdabota,
Fiyomeno,
Imalay,
Jarwaitme,
Aholahpa,
Ahbuya,
Fahbulloo,
Katokoo,
Farnar,
Farbemlah,
Larchanee,
Ogootosee,
Ahkelargo,
Fartemanu,
Farnova,
Aroofor,
Fardobah,
Ahkeose,
Fartome,
Farkolor,
Asobame,
Farsono,
Farbamogo,
Fahtokase,
Larmanday,
Farsoyee,
Obing,
Osadota,
Fartoucha,
Ogonshar,
Oworobar,
Fahloro,
Ogoonbeye,
Farlorloo,
Olucha,
Ogoonlaya,
Degbarlar,
Faracha,
Ohdapah,
Katacoo,
Farloye,
Ahmooye,
Farchawoo,
Farwoomelah,
Odamekang,
Bamejar,
Ahbanoya,
Fartomaye,
Ahdobaya,
Achombeye,
Fambeye,
Myyor,
Farchanu,
Ahsonbaday,
Ogootala,
Farkela,
Vetoya,
Ocoonahday,
Gehighefor,
Ogondaye,
Allahbong,
Gartowoo,
Ogonbeye,
Ahlookong,
Ahsodoye,
Farbame,
Fartar,
Sarvatine,
Mahlawah,
Farmekoo,
Ahootala,
Copahlah,
Ahsobeye,
Mahloya,
Ahbadinah,
Oyebah,
Chodapah,
Ahkooloo,
Ochardepah,
Opogee,
Ahsooday,
Fartomarmee,
Ahkabetar,
Okoomeda,
Ahkilla,
Farlebah,
Ogootarcha,
Ahbillolah,
Dosollah,
Fahdoka,
Fardequah,
Abatoe,
Ahchaloo,
Farchoobah,
Ahjalarma,
Mahtecoo,
Oricharmomiwah,
Farchoratan,
Bround,
Moelay,
Boingo,
Painda,
Mahbarber,
Egolu,
Jardongo,
Egobah,
Bosango,
Egoola,
Futu,
Bandy,
Akonlah,
Fahlota,
Dochamo,
Fahbolah,
Fadoko,
Farahlah,
Bamtafah,
Ahmolu,
Ahmouty,
Charlah,
Pah kinlay,
Aneho,
Dancoya,
Kardaje,
Olokoséé,
Oyotoméé,
Ejo,
O goon,
Ahchore,
Ahlosinge,
Ahmoloo,
Elookoya,
Ahmokola,
Ahlomo,
Eloobo,
Ahkeladay,
Lekapoh,
Ahlemolee,
Kahbelha,
Fahbokong,
Ogoochoroo,
Aronoo,
Ahleegree,
Ahkanba,
Ahlola,
Bambacha,
Ahlewisee,
Okoubyebee,
Ahbanroko,
Fahchina,
Warlooda,
Fahgooyah,
Fahlombee,
Ahgoolahlah,
Bambosha,
Ogolowo,
Lache,
Dalepong,
Jewahja,
Tebojew,
Ahmoneja,
Ketoye,
Fardeyor,
Eonah,
Olabarrokou,
Goobakou,
Ogoosiah,
Ogoorasmolakong,
Kahpong,
Ahganna,
Abehoo,
Ahlahhajee,
Ahoogah,
Anéé,
Obodupanee,
Mahjoulong,
Whyyea,
Chewahmor,
Ahléé,
Ocotwo,
Arotome,
Olarkinboõr,
Queyamwoo,
Fahlie,
Quety,
Orooku,
Ahwosaw,
Agarvenéé,
Edowõõ,
Ogoodahrea,
Ogooroorera,
Omoralah,
Lardapoh,
Onahfome,
Farmayewo,
Bombakah,
Bololarmor,
Ahdogola,
Coodahesee,
Larmelor,
Ahkeolah,
Obahbee,
Kahfeetame,
Larlookong,
Fartela,
Kobaja,
Abissala,
Ampeter,
Ahdayomee,
Owosobah,
Oloonveday,
Odachelor,
Farlieye,
Komalu,
Ogoobeyee,
Amesabou,
Moyasamore,
Ageegarday,
Abacoreejor,
Ezeeree,
Farchaou,
Farlooya,
Fartosee,
Fargoebo,
Olardalay,
Largoo,
Marbyyor,
Kobolokong,
Ahoodo,
Farchinna,
Oluformoo,
Ahdalarkoo,
Farlalo,
Orooroko,
Farforlee,
Smarn,
Tibobo,
Daluge,
Ahfotabee,
Adagelah,
Dajokou,
Onewjosong,
Ienahkong,
Ahdakiyar,
Ahdobah,
Olumayae,
Larchemagee,
Farkelah,
Olufar,
Farleyee,
Ahdakarko,
Ordenlar,
Fardahroo,
Jatawo,
Okusolubah,
Ahkela,
Ahlarmajew,
Cholarfu,
Bambahda,
Fartubala,
Ahtuyou,
Daboro,
Farkoya,
Ahkada,
Ojosee,
Obahsar,
Warkela,
Dafongkah,
Koopoloko,
Mahahesang,
Mahyeola,
Ogou,
Ahdayarme,
Somoku,
Ashundoobha,
Rotee,
Roomerpie,
Farbhame,
Lardubhoah,
Akoobhorrae,
Ogootollar,
Forlannej,
Farbho,
Bruamah,
Oohar,
Oyeoko,
Ojokubah,
Maggimy,
Fartobala,
Cheforlah,
Alafunday,
Yarjame,
Ahchofumeka,
Ogoobeye,
Omolue,
Ahsokonla,
Tiwoo,
Odurouka,
Ekedang,
Iame,
Larnera,
Charfoume,
Motimda,
Archofounka,
Martagee,
Motonewway,
Geaneka,
Olanobe,
Kaahleba,
Cernu,
Farfooka,
Ogoocha,
Ahchauko,
Ogoudage,
Ofotobe,
Ocutoo,
Orumorah,
Ogoudiese,
Comahpie,
Amahwo,
Coutela,
Ahsalla,
Arwolusu,
Adu,
Naconue,
Oresa,
Omortonebon,
Ojobeye,
Olugemekar,
Shewdeyar,
Oquarada,
Ogoolunbee,
Bahsang,
Akkelotang,
Ahkelee,
Farolah,
Ahbemorotee,
Olura,
Ojew,
Comoku,
Farneopa,
Orchodeseesee,
Farmokou,
Asinge,
Dalorkan,
Feyome,
Charcoube,
Ahdaboeba,
Ayefarwee,
Orucharme,
Ahjehu,
Sharjacoo,
Ahkeroko,
Farcoureeday,
Farcurcejar,
Ahcousame,
Olufardee,
Ahwooleme,
Okusharbah,
Ochuwinday,
Kukumelarlah,
Faryomeka,
Catooku,
Tabelarbor,
Farlie,
Odosiah,
Okuleopoh,
Farlacha,
Farchenah,
Farjaree,
Oyarbome,
Ogoodulee,
Ochougara,
Farombee,
Ahtapolah,
Oka,
Fartobara,
Farnemoko,
Vakalu,
Ahtabala,
Farlomo,
Ogacu,
Farchubar,
Tefarcha,
Ogoochalu,
Farjoba,
Ocharmeco,
Sobahme,
Okucharra,
Farbamero,
Farpoendah,
Nahbeyar,
Ogotuwar,
Ahnahorogu,
Ahcomelu,
Bahbie,
Efarbongha,
Ahdatobah,
Oroohku,
Farchuotan,
Marku,
Ahbiyome,
Ogoutemee,
Showar,
Ahbowo,
Morumdeer,
Ogooshashe,
Adasobah,
Cojameyar,
Ahkaya,
Farboura,
Beerko,
Ahoshouse,
Owobame,
Tafarcha,
Larteshair,
Ochebeye,
Lufokung,
Oleekayor,
Ahmoyetah,
Aharlayar,
Farlokoo,
Fartorquor,
Archerchane,
Laddah,
Barjoko,
Ahjonéé,
Maryomboh,
Farme,
Mahlada,
Anelay,
Farwa,
Osuwendah,
Osuyame,
Okutolah,
Folahway,
Efartonbee,
Ahruku,
Ojortonebee,
Martone,
Farcoree,
Dayorcou,
Ogoofota,
Osugaree,
Farja,
Obaba,
Ahsharbambee,
Sartoka,
Orarjor,
Liemacar,
Ahgadeta,
Sartokeh,
Farbamedo,
Ahdegberor,
Charpellah,
Ahketalah,
Ahdeaktar,
Ahdebor,
Ahheorlor,
Farcoonbee,
Sarhar,
Heharlee,
Faerobah,
Ahjebarrah,
Farsinha,
Farcorday,
Ageeaga,
Lardemagee,
Mahdonpa,
Fahsoyee,
Ahboko,
Omhida,
Ahdawonee,
Ahmonedee,
Oneja,
Ahgebarlar,
Coomokoo,
Obelome,
Yearcolah,
Farcobee,
Oluahday,
Oluotan,
Farcomba,
Fahoceenah,
Olnago,
Afaralie,
Gibrame,
Ahrobokong,
Neardah,
Ochoie,
Ahwootee,
Adowahnah,
Ahdawahdo,
Cochachor,
Ahwoodabar,
Obomboo,
Lahfayes,
Chartarcor,
Ogoojorbee,
Allararda,
Ahboree,
Ogochanno,
Oajorlah,
Ayonoosee,
Aso,
Faseepo,
Farsome,
Ahcosha,
Ahceebada,
Farlookoo,
Aomiyar,
Iaolah,
Charcoolah,
Olahlaloo,
Ahdalooya,
Larfarjocoo,
Ahgosiah,
Anera,
Ahlarbamee,
Ahchofiteeme,
Lesarnoco,
Ahtaha,
Sogarbee,
Ocoola,
Farsonayee,
Opayolee,
Bocha,
Ogotepa,
Ahmolooko,
Ahdalokoo,
Koyarday,
Ahlorkor,
Milah,
Ahchotosee,
Famco,
Ahlacoda,
Ahgoodarlee,
Odobame,
Ahdaogoo,
Olondeyar,
Ahdalorko,
Ahquarsong,
Ahlatafar,
Agetecoo,
Ahgelardeha,
Marteeyo,
Charwatemee,
Marbogoja,
Lotenar,
Fardepo,
Ahpahtobee,
Chosotan,
Yarodesar,
Ahcolane,
Larbage,
Akameka,
Ayela,
Olarboroo,
Osojamecoo,
Farboro,
Ogoodebah,
Ahdatebah,
Fatecoo,
Ahdayome,
Oloryenor,
Oyomoya,
Dahmosorror,
Owolorlah,
Ahbajice,
Landallah,
Ogobeyee,
Dabedee,
Ahlabarmore,
Mahjie,
Ahdaola,
Ahgomor,
Motefar,
Ahworeefa,
Atiyor,
Fahchor,
Mochar,
Lesarjannah,
Ahgardo,
Dajomoo,
Afoojar,
Fartowah,
Olesarla,
Tarmamoo,
Asera,
Apolaya,
Ahquarayar,
Ogodieroo,
Opoonu,
Ogoodobah,
Olosie,
Asartapa,
Sarkara,
Ahcoonarmee,
Marroo,
Ogooday,
Agebota,
Farseeka,
Okabame,
Farlooma,
Agonieka,
Daloquar,
Obesar,
Fardomor,
Yebarsa,
Charbeye,
Ahtindah,
Ahkoroo,
Larborday,
Farcobah,
Oliesee,
Ahfouedee,
Maryara,
Yageedee,
Ageromba,
Olarmeto,
Bancolu,
Ieku,
Oluborkor,
Charson,
Olukota,
Fenda,
Ochoodonsee,
Farmosoola,
Ochofoka,
Criblysa,
Basimawar,
Isuefirstday,
Bamecafar,
Dacemee,
Fardologo,
Ayaparlar,
Fartonaka,
Dakaya,
Ochoolar,
Asarmenor,
Aborda,
Fartoobeyara,
Beorlarninba,
Ahlarsoda,
Artapalar,
Marjarakou,
Marjobordah,
Marjaraba,
Ahmatame,
Afootatar,
Ahlabada,
Narchawar,
Secorlar,
Fartouka,
Olufenda,
Daborlu,
Ahjimmor,
Atefarmar,
Leesarsayee,
Aneronka,
Ahlortan,
Onekapah,
Larchawar,
Ahchorfonka,
Ofoortoo,
Ogoamewar,
Lardepoh,
Fartakoo,
Ahwojarbee,
Farlaroo,
Farloopah,
Ahyamoneja,
Moyenlar,
Moloree,
Onewoora,
Iarloomabee,
Ahgebeeya,
Iarlarmoba,
Larbentar,
Achoakar,
Olaryame,
Ojobon,
Ogooyemeka,
Mamoye,
Chargoyame,
Bimwarday,
Charfame,
Enorpoh,
Orjar,
Belie,
Ogotela,
Ayefome,
Largarne,
Jemka,
Jabeka,
Farleka,
Obeneka,
Mardoroo,
Laryame,
Jebar,
Farfameka,
Larchawo,
Ahmotake,
Durotee,
Oreesarneka,
Bejorwee,
Farsenema,
Belowarda,
Larfemwar,
Margeorlar,
Omojulu,
Omosabar,
Ordaneka,
Barocha,
Fayorbee,
Bearlar,
Chabeye,
Farlimda,
Afodaga,
Yarkarme,
Farjaba,
Olesartooka,
Marchoko,
Beyame,
Ahkeahday,
Ayekarlar,
Moriesar,
Ahkelarnar,
Ahchobame,
Adaoya,
Bennaga,
Oboluogu,
Larsarday,
Leyomlor,
Ayobarda,
Faryoba,
Ogotolu,
Molarjar,
Farcolejor,
Faryemanor,
Farkeya,
Arwoodarlar,
Ahgeyar,
Daworlu,
Farsoo,
Sarlare,
Narbargo,
Olusie,
Farmoye,
Lubarda,
Opaku,
Olewoda,
Olarmagome,
Elamo,
Ohe,
Mogearba,
Lewootewah,
Obada,
Farbong,
Oduchorlar,
Falorcha,
Olarluwoya,
Adpo,
Oulonne,
Oknorda,
Dapabar,
Farmonewla,
Doorojia,
Carlajie,
Ogobida,
Ogoobasa,
Ogoyabee,
Orumorja,
Ajorne,
Ahdajubarba,
Ogootocasee,
Ogometar,
Farkakoon,
Offendeer,
Olesarfateme,
Olucobome,
Ogotosa,
Ahmogerga,
Orotome,
Ahwoolor,
Mahdousar,
Ahsoular,
Ogootepa,
Farketabee,
Fartobaree,
Kelambe,
Fardiera,
Daboror,
Degbarmeya,
Ahkimwarda,
Menarsarar,
Ahdabar,
Opotenu,
Ogodoye,
Iegrow,
Ahparme,
Ahmoyor,
Darcoro,
Ahdarro,
Yearbee,
Ahcholarday,
Olesarday,
Eguae,
Farlooku,
Radeba,
Fardopah,
Ecarlo,
Warladay,
Barbarla,
Basarkarra,
Orartaru,
Ahopa,
Oresartorlar,
Ogotamo,
Ietonda,
Barmosanda,
Ahforrah,
Farsormenor,
Dabarrogou,
Aducaro,
Olucorlar,
Barmarekanu,
Bonya,
Oluseeta,
Beyarnu,
Orodartaw,
Sarlubee,
Ogofarmeka,
Oyarakofa,
Onetame,
Osargabee,
Marjorlaba,
Bamcarla,
Ogoowa,
Owanwarlah,
Ahsotoka,
Faesoko,
Aroobarka,
Ogutan,
Farkarema,
Farkaya,
Sartokasee,
Bankolar,
Osonteyar,
Omomokoo,
Ieloyou,
Ahtapala,
Ahdabomeka,
Conowoo,
Ahdesome,
Farbaebo,
Osarlome,
Omahsar,
Ahlosonda,
Marjarlarbe,
Efieya,
Ragoging,
Aroy,
Marbarday,
Garrbar,
Edonggo,
Morwhowar,
Soboze,
Ejondo,
Egooyah,
Marmbah,
Peeto,
Mardongo,
Arjurah,
Mechelemue,
Eseyeh,
Bearnah,
Echego,
Akgoola,
Ekarqua,
Eboular,
Akegar,
Artambo,
Ekejarsee,
Eseer,
Arvah,
Chedenah,
Marjoco,
Gerbah,
Engoy,
Ekarvee,
Morkombar,
Omondo,
Ekekar,
Dabombah,
Momboh,
Fullah,
Karbah,
Marpengar,
Marsambo,
Mesupar,
Epoomah,
Norgah,
Markaloo,
Ezara,
Marbooka,
Ebombah,
Owargar,
Ezenk,
Morquangar,
Ebongay,
Ebenboo,
Mardongoo,
Ejearba,
Erongeh,
Echombah,
Badoon,
Eracongo,
Pongay,
Bobar,
Simbor,
Gaymah,
Bolongo,
Argoogo,
Bodonu,
Londoar,
Mooelleh,
Mobandah,
Guanaygundah,
Ejorgoo,
Martimbah,
Banjoo,
Longarlarsea,
Egoolah,
Amaryamewar,
Moocarna,
Muelleh,
Colacola,
Laboto,
Ogulah,
Averengo,
Marloca,
Loanger,
Mocambay,
Yorvor,
Scuaroka,
Aronda,
Luquangar,
Omparsah,
Sorsernabah,
Wendeck,
Kongwar,
Dearnga,
Marama,
Barlonguaca,
Larsongar,
Endolo,
Edorkey,
Engonor,
Coatagambah,
Bearngaa,
Ecomor,
Aryengra,
Enyerra,
Marconda,
Dabong,
Eyangay,
Marangay,
Beerbeerbuyoh,
Boangar,
Arjoqua,
Marcolamah,
Marleah,
Yarquangara,
Barlarneweh,
Marbonday,
Yongee,
Gear,
Langomah,
Norgoeconday,
Karbauma,
Armbor,
Engunor,
Mocassa,
Enkangay,
Arcabah,
Mindonu,
Ernbolah,
Enchaga,
Embanee,
Engonu,
Maryala,
Engono,
Enguerreah,
Engormah,
Emmarnu,
Entorgoh,
Embarnee,
Solesar,
Markaco,
Ejombo,
Ebomba,
Ebonga,
Bobah,
Molopay,
Cotobomaweh,
Engarday,
Angelah,
Arkowar,
Anargo,
Marwarla,
Comengar,
Ateegar,
Bocarca,
Ecombay,
Yoomeh,
Eylaengo,
Botonee,
Marteh,
Broorah,
Kekarmah,
Amboudua,
Equabot,
Ombeck,
Bongoto,
Artorme,
Endombah,
Enquang,
Ogendar,
Osasae,
Gengay,
Ezengeh,
Mayombeh,
Ogangar,
Kanar,
Kanda,
Ocobear,
Marlongo,
Ecolo,
Fenambera,
Marbarca,
Bokeweh,
Ebongor,
Orando,
Yoongah,
Engellah,
Engamah,
Engaree,
Enguargar,
Epongee,
Eboyae,
Ieneo,
Aryorangar,
Bando,
Yarmagai,
Mosingah,
Arzemegara,
Arromanee,
Larrenae,
Embamdar,
Monosega,
Engondo,
Ebuyoo,
Sabagannay,
Ebarnee,
Ebanegar,
Alorco,
Mocanda,
Mardaqua,
Omanda,
Eyarlah,
Mocasa,
Ongandae,
Pacar,
Futoo,
Arkelah,
Buanga,
Tombeh,
Kenga,
Pota,
Mondor,
Songa,
Arrarvanee,
Arfooca,
Oruwanda,
Domanoweh,
Joarwoo,
Sorgesee,
Marpooyah,
Maryendoo,
Muzacala,
Domandary,
Pamah,
Dongolah,
Harbose,
Domandowanday,
Jamba,
Harquanapolo,
Singarjamba,
Martalah,
Zuza,
Arjungo,
Engorgo,
Ioakey,
Armoota,
Embanday,
Koolongo,
Vonday,
Moingo,
Yangadala,
Zamba,
Asarco,
Engelah,
Ensorno,
Mochawota,
Sorwarpee,
Karcheba,
Entombo,
Sonteck,
Zoan,
Antonia,
Seehoo,
Nondah,
Carlanga,
Gardo,
Karbarnda,
Shacoo,
Kardow,
Darmacola,
Encongofuanee,
Sebastian,
Martana,
Markeloo,
Panjoo,
Martomonee,
Sarlazowar,
Maroosee,
Montoantonie,
Mayena,
Iuondoo,
Pansu,
Katah,
Foote,
Mogoonday,
Engalay,
Mokango,
Mecongo,
Yorke,
Dondara,
Parkar,
Pansoo,
Mayesar,
Kesasu,
Palankee,
Nengoya,
Karlonga,
Kargonda,
Engarga,
Mesenemino,
Lonjuah,
Martase,
Mochosu,
Mart,
Carbansoo,
Sansarlar,
Parwol,
Domegal,
Mulandu,
Marbaluqua,
Tombarsee,
Lozoar,
Garmasee,
Monuparso,
Longarlarse,
Pambolo,
Mojokee,
Marlonto,
Marlonday,
Secoo,
Boweh,
Petera,
Dembo,
Engon,
Bucane,
Carbonca,
Eparzar,
Dosuel,
Sosuna,
Carbase,
Ezamba,
Ezoy,
Carbay,
Parsuvamma,
Efutee,
Kangar,
Panjo,
Quazamba,
Varbat,
Vongar,
Jaisie,
Carbinda,
Parzar,
Esemoto,
Carthrana,
Cangar,
Domey,
Foramango,
Empargar,
Dearo,
Christania,
Zuana,
Madea,
Joanah,
Luiza,
Carbonto,
Seacar,
Meheboo,
Judana,
Efungee,
Eguadee,
Etombah,
Karcola,
Armenanah,
Cartelinah,
Zuar,
Vondee,
Macangoo,
Amacongo,
Masambo,
Meseek,
Kesango,
Kearsarna,
Karcoloo,
Seeker,
Catnee,
Mokar,
Losa,
Jenga,
Marea,
Masambah,
Yamgas,
Morcarmoo,
Zarkena,
Marfuta,
Vince,
Masoala,
Juana,
Yangola,
Mariana,
Jingar,
Fusee,
Sevalah,
Yarna,
Mareta,
Domindo,
Kelamba,
Maymba,
Monarquimba,
Vindo,
Difiama,
Martambo,
Carbelah,
Armejuce,
Joaque,
Fomesea,
Freseanu,
Cathria,
Cabenda,
Bentoo,
Zuam,
Freetona,
Basu,
Voombee,
Zuao,
Tumas,
Mongarbella,
Bortee,
Lanjoo,
Leah,
Mulanga,
Tobela,
Zoar,
Amesoa,
Marena,
Deakor,
Yencar,
Kelambah,
Seecoo,
Enguadee,
Ladesor,
Encoco,
Enketo,
Mardondo,
Onday,
Kartano,
Enzaro,
Kaozo,
Engooanjee,
Manano,
Benda,
Martombah,
Megal,
Engonga,
Tomas,
Animia,
Esunda,
Joar,
Emparkar,
Encongo,
Tornee,
Enguarda,
Yorkor,
Kenjula,
Marlangua,
Epanza,
Catalia,
Cathana,
Mushi,
Embiamba,
Epanga,
Mingola,
Quanga,
Quaquinda,
Muela,
Panza,
Carlungo,
Cartrana,
Mengal,
Encoze,
Canza,
Emetom,
Garsola,
Andonia,
Quamalo,
Zoang,
Patee,
Boomba,
Corsee,
Maala,
Vemba,
Powden,
Vatah,
Emazoa,
Bemboo,
Memoto,
Cartula,
Nemie,
Nanbo,
Carsanda,
Asnoshe,
Embooco,
Catharania,
Enguangar,
Domina,
Wangeba,
Rosusana,
Pambo,
Karnee,
Candona,
Locana,
Christina,
Kansara,
Madeana,
Bimbee,
Kesamba,
Edembo,
Karbondo,
Montanda,
Suliana,
Lomiva,
Sesango,
Cataka,
Garlars,
Carsulee,
Entomba,
Tonio,
Dacongo,
Cannoga,
Meyangay,
Enzumba,
Camasa,
Cartrina,
Suparlars,
Leman,
Armina,
Karpoca,
Tempo,
Carlunga,
Solunga,
Parlanga,
Sokee,
Larfuta,
Evunga,
Solondo,
Marta,
Macarda,
Orwarnu,
Ganger,
Mucassah,
Markeetah,
Barquangar,
Yongor,
Ogandagger,
Mucassa,
Coomer,
Buanger,
Baudnee,
Marlangay,
Marpanjar,
Venegar,
Beyombo,
Angarcoo,
Loandoo,
Mugarnah,
Charkee,
Pongee,
Ortah,
Maryombeh,
Mubetteh,
Robert,
Mugangee,
Weyjain,
Boyoe,
Buangah,
Bandoh,
Dolow,
Bandoo,
Minjar,
Epanjar,
Nejor,
Tywor,
Duparday,
Larlowye,
Arowbhoke,
Arubhorlah,
Fahkoonday,
Bozuqueh,
Dayjumawhya,
Martallah,
Larchowee,
Archoo,
Sasakoo,
Ahwotah,
Farshong,
Daree,
Akallow,
Larjumarkeh,
Ogootoka,
Carbintoh,
Dajarboloo,
Sarbaybha,
Woboh,
Arkeyomee,
Arkebee,
Ekooborae,
Fahsollah,
Ogoosequeh,
Arsallah,
Thenlah,
Sobhah,
Ohootoloo,
Adefahlee,
Olumeday,
Omuralay,
Ahwososoo,
Arkebarme,
Fahdaye,
Fahdarloo,
Ogoobayme,
Ardayelle,
Fahmoretee,
Fahly,
Mowogoodey,
Samwayla,
Fahjamelah,
Ogoolahlar,
Okooyorme,
Fahyodah,
Akooves,
Fahdaqueh,
Ochosoryah,
Arcookay,
Arbodah,
Armatarah,
Oquoncar,
Amotee,
Ogoonesee,
Dielow,
Ahdaseenah,
Ahruseesee,
Warkayeh,
Aketolah,
Marlayeh,
Mardaqueh,
Bolotor,
Basinlor,
Ogoodalah,
Adaquaju,
Ajehbeh,
Omorlowor,
Cowojueh,
Aroomakeh,
Ogoojubbee,
Obebome,
Ahdalame,
Iannah,
Maroekar,
Yanorme,
Osaye,
Onekaye,
Osarwombee,
Ahdapaju,
Ahdamenu,
Fahkoola,
Larsenday,
Orasor,
Locoonday,
Fartoomeseh,
Jemelokoo,
Finikeh,
Aquyor,
Adapaya,
Adajoh,
Ahyabah,
Kumawaro,
Fahme,
Osasawoo,
Dafahlaloo,
Ahyakoolahlar,
Ahquahda,
Martinkah,
Jarrange,
Fahlabeh,
Fartokeh,
Barwokoo,
Arsartoo,
Olomeda,
Odalarme,
Dayae,
Barmeooo,
Argootor,
Argeedamekoo,
Asartookeh,
Odofunkeh,
Faryamee,
Ahmartinwey,
Ogoondalo,
Koosee,
Martinweh,
Argeebe,
Jebarsoo,
Olapalah,
Oloowooday,
Lamaja,
Ogegetah,
Aracome,
Kalaba,
Jemy,
Farkarjor,
Okooyor,
Ogoondarlay,
Farmenuor,
Jimokoo,
Farsada,
Amookey,
Arshakaba,
Aquatoo,
Ogoasha,
Yarlah,
Ahdaga,
Dayahlor,
Ahdakarya,
Kenahwar,
Farkaloo,
Olooseelay,
Otehgoya,
Farotor,
Ogoollah,
Amordoo,
Omashar,
Aryacornoo,
Larsoro,
Ahjarlar,
Sartoosee,
Shalloo,
Marooryah,
Shabarja,
Ogootallar,
Farkoloo,
Shatoome,
Ogooqueh,
Ogootolah,
Ogooyecar,
Fardarahroo,
Farrosee,
Farsoeton,
Armonee,
Ahkoahjoe,
Anuwar,
Aroneyee,
Oroengecoo,
Orealla,
Ogoorome,
Osabambee,
Asartoo,
Sackokai,
Doosame,
Ogoyemee,
Ahdagekeh,
Fahsalar,
Ahtibah,
Satabalee,
Aworokor,
Fatakoobor,
Ahtollar,
Fiabayqueh,
Asafumakeh,
Farfalua,
Assor,
Farcololur,
Quomalah,
Ardamogoo,
Falameyor,
Achoambe,
Osoosalar,
Taneyamee,
Osobomee,
Afocobee,
Ayahloo,
Mationa,
Empo,
Yarnga,
Zambee,
Gooangee,
Kanga,
Bartomahoalh,
Embarm,
Embimbee,
Kimpanzo,
Evinjama,
Kinsardid,
Kaije,
Farsoala,
Tamga,
Deesoo,
Imgomah,
Kapeos,
Civindah,
Embombah,
Bambalah,
Lootata,
Chifeemoo,
Larcaké,
Cardenah,
Morngee,
Imsarnah,
Vinengas,
Jimbarnee,
Kinpartie,
Monarcha,
Seeko,
Manarkar,
Marzaba,
Larndoo,
Boomgo,
Ezuzee,
Beeyar,
Fooree,
Maryarnah,
Martonah,
Evolap,
Longal,
Cogee,
Machomgo,
Markeeonah,
Barkar,
Ezonta,
Armakeeoko,
Markinda,
Sula,
Veta,
Deepanga,
Kanza,
Marzardia,
Kinzarbongo,
Marsoondah,
Mouzorlah,
Imfombata,
Moncarkar,
Moonteochar,
Marrandah,
Cahkarlah,
Mutartoo,
Sarlarmartoo,
Sizarwoo,
Marsoongar,
Embellah,
Seelala,
Monsonah,
Imfearmah,
Sarkarlah,
Lutata,
Karzee,
Engoomah,
Evembah,
Peizo,
Endalos,
Soonee,
Marvoongoo,
Parmboo,
Marzah,
Meahlah,
Deemah,
Ensickamny,
Biendah,
Ezeetah,
Warlendoo,
Imbelah,
Marlazamah,
Inkaya,
Gumba,
Marvuzee,
Karnza,
Vulah,
Lumbokafa,
Gimbozar,
Imbanzar,
Zarnah,
Farkar,
Selahmah,
Insolo,
Zookee,
Mardearlah,
Suvoogo,
Marvoogoo,
Inkoosoo,
Esarkalah,
Sarlahmesow,
Simbah,
Egilah,
Embangalah,
Luangoo,
Kindee,
Marvinga,
Garnpekar,
Markelafoomoo,
Foomanba,
Deacolata,
Zolarnee,
Tembah,
Moontearkoo,
Boanka,
Boodokar,
Ekoondee,
Goomboo,
Sooahmee,
Moosekando,
Parsee,
Marbondo,
Moonayarwoo,
Kinggomba,
Enoangar,
Lendoo,
Loandah,
Boenda,
Mikayah,
Keelowoo,
Injewzoo,
Kebiah,
Pomboo,
Kembah,
Engolah,
Gooangoo,
Chimbah,
Marmboo,
Zejine,
Barmonah,
Boondoo,
Marsokee,
Imzeebo,
Imgoda,
Imbootee,
Maryenkah,
Marvoombah,
Impembah,
Enjewembah,
Enjozee,
Zombar,
Mardeerlar,
Pemba,
Marzaboo,
Mencheer,
Sickisee,
Barmbee,
Benzah,
Sovensah,
Gooalah,
Sucarmah,
Ensolah,
Ezowoo,
Meangah,
Mahyambah,
Gouralah,
Zingah,
Ezitah,
Mannongah,
Poomzie,
Chierminah,
Cjoombah,
Ezeelah,
Marnewkah,
Koonkoo,
Sarnoonah,
Darngee,
Engoyee,
Garmah,
Imbookah,
Somboo,
Imveindah,
Monteochar,
Mootata,
Esiahlah,
Vangoo,
Kormah,
Boryah,
Fookah,
Cancota,
Moonchar,
Mannanga,
Toda,
Jinguata,
Maryarlar,
Gourlah,
Toma,
Kenda,
Zingar,
Monarka,
Soendee,
Marwanga,
Darva,
Marbeerla,
Sewanee,
Sendah,
Engoolu,
Zambeza,
Kebah,
Markinga,
Zarcarla,
Qumboo,
Marlanda,
Sardeluwar,
Lumboo,
Parmbo,
Marpoyar,
Epobar,
Marhogo,
Kesanga,
Engoomba,
Kakowamah,
Yampenda,
Nemboarkee,
Quardee,
Lemfo,
Forfeetar,
Chombenzo,
Zanzeeta,
Seesar,
Kingsoon,
Kondee,
Simba,
Lookoomba,
Tartee,
Dimbomookoo,
Ebookoo,
Sekeki,
Barkarsunbah,
Manabongo,
Endembo,
Kinpocatah,
Kingolah,
Marsavoo,
Imvangee,
Polah,
Enjewenkoo,
Insaenda,
Boyemwar,
Fembar,
Mooclar,
Booanger,
Bowar,
Larwoo,
Koendee,
Ezarnah,
Yahwo,
Ahkorlor,
Krochey,
Darkah,
Yow,
Borday,
Kojoe,
Barsevey,
Cormenah,
Iye,
Egomatah,
Fory,
Diye,
Marto,
Barmoy,
Ide,
Quarkoo,
Quasy,
Chiquehne,
Quarshy,
Yarwo,
Quarminy,
Karchiday,
Akoochey,
Tyno,
Edome,
Cyteh,
Cornu,
Alyoho,
Croseh,
Corminah,
Dobeh,
Corjo,
Qarho,
Tiko,
Aquarshie,
Yarho,
Quarmi,
Maso,
Cruseh,
Dahwar,
Foresah,
Fatay,
Ahbhabian,
Conubhay,
Gedeh,
Korjo,
Akroo,
Acheh,
Korjor,
Bearnu,
Iyedo,
Atoobaday,
Atoallow,
Docoo,
Yarme,
Anchoo,
Inzee,
Iegah,
Akoye,
Tya,
Quorkoo,
Dagee,
Quarmine,
Mortah,
Fearfunu,
Abho,
Asibah,
Akro,
Quarmin,
Arquanu,
Jojoe,
Coffe,
Ophoko,
Degueh,
Onte,
Yamfor,
Forie,
Ghusawar,
Sarso,
Ardoon,
Numarpoo,
Parwinday,
Crusa,
Ecoro,
Arbouyah,
Earwo,
Marquahja,
Morteh,
Ebre,
Sapon,
Arjava,
Akoroo,
Cofesey,
Patasey,
Asey,
Quarnu,
Abevo,
Cotokoo,
Noae,
Asanna,
Mammer,
Adatornu,
Avo,
Asamershie,
Torshu,
Asuchodoo,
Bromurton,
Affium,
Yamyee,
Syboo,
Krooche,
Atojoro,
Area,
Sacka,
Ocotoe,
Tranu,
Agur,
Marmoda,
Quarmina,
Dearboo,
Sundalacoffe,
Mose,
Akar,
Boyeva,
Abrawar,
Sarwose,
Kooarmenu,
Korcur,
Affia,
Gensy,
Bortor,
Ahjuar,
Adamar,
Yartorsada,
Weahtar,
Dargerawar,
Deymanaqueh,
Osome,
Anamuah,
Torwaday,
Arubar,
Fatmer,
Ahdeyba,
Moraro,
Abaleh,
Abeatar,
Ajuah,
Acorouba,
Ariovo,
Corkor,
Deyda,
Olaybar,
Arfibar,
Senermeh,
Doahpa,
Akado,
Yarquah,
Lamala,
Yarsana,
Cosee,
Ajubah,
Appala,
Yarwabha,
Yargah,
Abbra,
Quorsebah,
Abranee,
Domulor,
Alleka,
Marjasee,
Odenta,
Semermeh,
Tateah,
Beawoo,
Colebo,
Abachuro,
Awosu,
Dorteh,
Beccor,
Padrew,
Carlaw,
Zebele,
Kumarbhy,
Iamakoo,
Shador,
Yarmeh,
Sarpeh,
Adava,
Koobe,
Kamayah,
Koomorge,
Megave,
Folie,
Gargay,
Sessey,
Quarmie,
Asantay,
Dobhor,
Arbeartar,
Marwose,
Dabe,
Arpamar,
Phisiana,
Moeday,
Amar,
Arquiabah,
Niequah,
Iubah,
Iagar,
Egboah,
Arjubah,
Duway,
Chomase,
Aquar,
Ohoopondoo,
Ogoomocoo,
Arboyece,
Sesargemee,
Omonua,
Farginar,
Honjanukong,
Ardodara,
Anre,
Ogonya,
Banbara,
Matinaway,
Owogaya,
Orusepo,
Marneyapa,
Oyayame,
Daju,
Farame,
Bola,
Farmolote,
Ardajorka,
Ebajar,
Ahyamoda,
Ahyearlah,
Odoocoyar,
Couton,
Farmaikoo,
Bomolahla,
Akelapah,
Ogobameloo,
Ogoparrane,
Agolalue,
Farparlar,
Goboson,
Deriquez,
Hander,
Soanger,
Marl,
Quinuey,
Carcinder,
Mornah,
Cabonda,
Macome,
Ioye,
Catombe,
Carbonda,
Carhomba,
Captanga,
Kardongah,
Sequeh,
Moysawah,
Gangee,
Carmocomee,
Carwosee,
Carvera,
Olarke,
Tomandara,
Mahonga,
Yarmacarte,
Pongere,
Brobarde,
Iambah,
Separdonga,
Endarke,
Pranga,
Yarmahonde,
Cartoe,
Quarjomah,
Sovaro,
Keoanga,
Kepary,
Horsa,
Terana,
Tomase,
Catombah,
Kende,
Carfugeh,
Deraqueh,
Bange,
Carvembeh,
Cartombah,
Carvemdah,
Carmorango,
Carrah,
Sesanga,
Cartavah,
Serralon,
Quillibangah,
Carlonga,
Marluke,
Zindah,
Celombo,
Karhanga,
Darlo,
Chedombo,
Dodowarlo,
Warmbo,
Cargombah,
Cargroun,
Segamomah,
Kapanda,
Kelombo,
Oyanga,
Waylania,
Chekah,
Kepoh,
Engoleh,
Sangalah,
Marler,
Gayeh,
Carsangeh,
Noombah,
Kalombo,
Weboh,
Cartombo,
Nolent,
Sartee,
Louisa,
Barjah,
Karbonda,
Vonsee,
Luander,
Pingah,
Karcinda,
Toocoolo,
Capatango,
Loangah,
Mabebee,
Narnah,
Macongah,
Narmooche,
Driver,
Namborah,
Deyhembah,
Kongah,
Carbondah,
Sangarah,
Kandalah,
Carpartoe,
Gaveh,
Kesendeh,
Selombo,
Yarmodarah,
Moneyeh,
Cartombeh,
Chenah,
Kepenga,
Kandear,
Karpolah,
Kajarlah,
Jumbah,
Kelombah,
Maryonga,
Naracooyeh,
Kesarko,
Chelemba,
Maryuke,
Chearpah,
Doveh,
Trirah,
Bonge,
Karhogo,
Quazar,
Bimmee,
Cartone,
Marlondah,
Marmoteh,
Kesongo,
Carfogah,
Jarlah,
Corombeh,
Vongee,
Moana,
Dobonga,
Eboner,
Carnonga,
Seeca,
Catomba,
Catombee,
Calombe,
Marsonda,
Gardar,
Chebandah,
Monda,
Carpoee,
Pochoe,
Chegaway,
Benche,
Arsoe,
Kabonda,
Borteh,
Gonbah,
Sartombah,
Darlah,
Kehanda,
Gengeh,
Carcombah,
Carbenda,
Karbase,
Carjogah,
Dranbah,
Dongah,
Sufundar,
Oangah,
Carchelah,
Ocair,
Chependo,
Carsinda,
Carsambah,
Carpango,
Cartamba,
Moinar,
Seawar,
Chebonda,
Carsingah,
Carbombah,
Gongee,
Marbonda,
Cartambah,
Kelonsaz,
Cartomblah,
Ketoco,
Cartaro,
Kepopee,
Eharyee,
Carchea,
Dobindah,
Carsombah,
Carbendo,
Cana,
Pembah,
Poreveh,
Wembo,
Carsanah,
Bonda,
Carsonda,
Carmea,
Cartomba,
Karmarne,
Keseh,
Chenongo,
Narcongo,
Gotah,
Carmoyanda,
Mehanzar,
Moyeh,
Carpesinge,
Cargon,
Carhombah,
Caryenge,
Marsanga,
Carterina,
Cheroe,
Corjar,
Carnimbo,
Mesar,
Geveh,
Cevelah,
Stoker,
Carte,
Choana,
Chavanga,
Chevenah,
Carben,
Ketak,
Maryoar,
Marsonga,
Yarnah,
Marhambah,
Engoe,
Chekola,
Mardona,
Tarpe,
Osingar,
Tariar,
Touar,
Taiour,
Karfah,
Kilombo,
Masanga,
Dociar,
Chenargan,
Karolenar,
Ketolar,
Bolar,
Peter Blanco,
Genar,
Tuahjim,
Condoe,
Yorfonee,
Gapar,
Paryangah,
Kalarwee,
Debrah,
Parhorpa,
Nomar,
Myar,
Jarwoojar,
Fardoobar,
Gaibor,
Carmena,
Mendama,
Sarbah,
Gayoe,
Besamar,
Farsonah,
Kendah,
Rubee,
Bulama,
Zoloo,
Bargua,
Farwarsar,
Marboah,
Garwo,
Benna,
Bondoe,
Doolar,
Charmea,
Mangro,
Awoodar,
Goarjar,
Moangoe,
Dorhoowor,
Carwooleh,
Yogang,
Coyandae,
Doagenar,
Gooragae,
Gooago,
Tanyanqua,
Carnary,
Bandabo,
Wooago,
Pardeh,
Carbejar,
Caooloe,
Goboa,
Condomor,
Iangar,
Narpee,
Farkamar,
Varmah,
William,
Temoe,
Gobie,
Jara,
Jemou,
Hye,
Cobeh,
Goangeh,
Babereh,
Mamodoo,
Bocaree,
Mojangar,
Soweh,
Goang,
Coyanda,
Sesae,
Jarbow,
Barlah,
Jarah,
Belowin,
I angah,
Yanbawar,
Salo,
Cai,
Sarge,
Dowjar,
Kore,
Nombeh,
Payweh,
Kisomah,
Bacorah,
Zowoo,
Tofee,
Valee,
Condiera,
Morebar,
Sarke,
Warne,
Karjon,
Yarne,
Pawah,
Coyandah,
Biemah,
Tarow,
Lendeh,
Marwolee,
Tambor,
Kafaw,
Carfoe,
Farmomyar,
Panjar,
Sartia,
Baryiar,
Banjar,
Lengeh,
Garleu,
Chedar,
Cafeh,
Charmalu,
Negar,
Cafaw,
Garlow,
Lefere,
Volemar,
Farqueh,
Quayar,
Bayear,
Gangoe,
Tarlo,
Dama,
Poparta,
Parminar,
Sarte,
Sartier,
Pindah,
Fartah,
Yebeh,
Sogonah,
Falah,
Farbar,
Quaguay,
Garmar,
Marjemor,
Woneo,
Gearwar,
Borea,
Bondinar,
Conocai,
Sornee,
Tearmar,
Conear,
Sarlo,
Carwarnee,
Coorya,
Carnoameh,
Marchea,
Palar,
Sabae,
Kisamoe,
Wobangar,
Manarne,
Kikie,
Correcaryee,
Camae,
Tomboe,
Careonday,
Fodangar,
Suarwar,
Dorbor,
Barp,
Fabae,
Corbee,
Buoue,
Zolue,
Yarbay,
Convay,
Darpee,
Farlar,
Kandeh,
Carwomee,
Formah,
Parwoloo,
Corneh,
Barsie,
Cormah,
Pateh,
Bareh,
Mort,
Tiwor,
Mandabeh,
Lumbeh,
Marpalah,
Jungar,
Teh,
Cornah,
Martelo,
Charsa,
Sorn,
Cornayar,
Doao,
Yamah,
Marjalow,
Markjar,
Markne,
Yarvar,
Marwolo,
Yemah,
Yancoe,
Buoyeton,
Mangobah,
Olebarday,
Olumaryae,
Ageh,
Alalookeh,
Awotulae,
Tuvoe,
Normiloa,
Boludae,
Tomewar,
Farrer,
Arwoduloo,
Chorbee,
Ajaie,
Akenee,
Olucardae,
Ocuardae,
Arkeneseh,
Oyarkarby,
Mayewobay,
Kearbeh,
Velarkedae,
Hoosue,
Oyadamee,
Omortah,
Charnebee,
Aryanna,
Agurabor,
Ecumapollee,
Fardasokey,
Marharsagamor,
Olupeday,
Ocuofoo,
Kelepor,
Eyamro,
Ojedakim,
Ocookar,
Ogooninee,
Ogooleyee,
Ogoomarkee,
Ateparlar,
Farlarbocoo,
Cfartoolar,
Choroor,
Odendae,
Oche,
Samootoo,
Arkelarloo,
Ardadagee,
Ogooenar,
Arbarsomaye,
Obshu,
Ardabar,
Armoone,
Arshorfumeyae,
Aredae,
Owotah,
Martinuroeh,
Olarcayeh,
Charbucolar,
Olucobay,
Yelorborlah,
Adaseyar,
Fookar,
Ogooweh,
Yeyah,
Achucarmee,
Ramatoo,
Moleyapae,
Marcheyee,
Rgeronekeh,
Damsocoo,
Charsamee,
Aromeheh,
Osuweday,
Suwehmee,
Oyes,
Adanular,
Marlartotoh,
Arlubarkar,
Sumarnoo,
Agearh,
Fardareh,
Iegay,
Ogoofatee,
Fardarper,
Oyadalay,
Numerio,
Amorea,
Dahdu,
Farlorpeh,
Oepoe,
Farloosah,
Akelarday,
Dangana,
Osarmenooa,
Adadarbah,
Gambarlsee,
Arsarusee,
Ogoofatemee,
Omolordoo,
Furlupor,
Danganor,
Warmartah,
Oshadarae,
Serekey,
Orayee,
Arbamoitee,
Ardubee,
Larlaryae,
Acooco,
Fargoorae,
Shodendue,
Argeur,
Omorgedee,
Oyaryebee,
Fardoraee,
Fargolubae,
Arberar,
Doreea,
Bolartewar,
Bayaehomor,
Afootuca,
Arteboro,
Parlotar,
Farguadad,
Margualae,
Ogoomdue,
Fartonerae,
Adeorepeh,
Farmoryee,
Ayalurbae,
Oreetiedia,
Farkolajew,
Adamorae,
Aryagolo,
Olumoyee,
Margolubar,
Awooree,
Armemar,
Cuchoroe,
Argereneca,
Ogutorlar,
Farkearsee,
Moocamby,
Loando,
Rondor,
Jorbangamby,
Byarlor,
Pengeh,
Mocassao,
Lebarsar,
Marbarkar,
Mosungoo,
Barbayee,
Epehbeer,
Semor,
Emandar,
Moleek,
Bondeh,
Kindarbemley,
Coloe,
Enongoryor,
Wellece,
Jambeh,
Chamebee,
Jargo,
Moelleh,
Bagarroge,
Jambee,
Engelleh,
Marsanday,
Marsangah,
Bongohyee,
Commor,
Pootar,
Yangeh,
Beamarelah,
Aworae,
Kengeh,
Ocoar,
Meesee,
Arsarbombay,
Odando,
Conguay,
Kebeh,
Mahibee,
Moogengey,
Pombeh,
Marpoomeh,
Okarlang,
Sarra Kisea,
Mormordoo,
Samtah,
Anjumah,
Bekar,
Callifah,
Saremah,
Amonoh,
Marmoodo,
Raurah,
Joaree,
Ansumana,
Kesseh,
Jimona,
Lahaie,
Armaree,
Mesah,
Sorie,
Amarah,
Tumarne,
Jegabar,
Moror,
Soboar,
Jadee,
Seerae,
Bremah,
Jedee,
Peway,
Subah,
Seere,
Bartah,
Jean,
Bowolar,
Fabah,
Pebah,
Fabagah,
Cocoe,
Morebah,
Chacolah,
Jomeree,
Califah,
Saboar,
Margan,
Yarro,
Barcaree,
Farbocaree,
Sambarjumar,
Farfue,
Partee,
Farmoru,
Varsallee,
Seware,
Carsadee,
Sara,
Coroe,
Bouya,
Lambeh,
Marlagah,
Chena,
Harmadee,
Gevalah,
Gomorah,
Pabeh,
Barlawarnay,
Farbah,
Sambeh,
Lancor,
Casadee,
Catah,
Kacodar,
Barguan,
Tamarne,
Marmajar,
Barworou,
Weyeh,
Sedegee,
Tubah,
Kacotah,
Bocar,
Sarabone,
Sulamane,
Narfar,
Armade,
Corrifah,
Santame,
Bocarree,
Dantuma,
Jardah,
Bocarre,
Kemeh,
Yeneh,
Fartumah,
Jumeh,
Karneh,
Carneesa,
Carnesa,
Allemar,
Carmesa,
Nutenna,
Pendeh,
Sala,
Ardamar,
Narmina,
Tener,
Yumar,
Temeh,
Malaga,
Barraumar,
Nutenah,
Conoda,
Carnee,
Dubiar,
Benee,
Marlada,
Ludiar,
Judelder,
Conardey,
Arsar,
Arlemar,
Fartamar,
Carnay,
Array,
Sarwo,
Wellinton,
Amonor,
Farbour,
Sude,
Sanulu,
Sedey,
Cunsofah,
Catokar,
Jansarnee,
Marjain,
Sedeh,
Corie,
Jartah,
Farsadee,
Armarah,
Consarvar,
Fodeh,
Darmarnee,
Tumarnee,
Bramar,
Fodey,
Marcam,
Jadasor,
Sondey,
Cacotah,
Fodah,
Numareh,
Farteh,
Cambae,
Semetee,
Karmesa,
Numoso,
Miyarmo,
Teneh,
Fodear,
Lesarna,
Fartamah,
Marramar,
Fendeh,
Carla,
Fartumatah,
Marfar,
Numosa,
Yenema,
Fartumatar,
Marlador,
Jeanson,
Consoufar,
Karney,
Argobler,
Homorway,
Arquamedae,
Cosuway,
Adep,
Acortomah,
Sarchee,
Acroo,
Seurbo,
Larso,
Jehar,
Cormarlar,
Jusee,
Yarkar,
Arbasee,
Ohadovo,
Sessee,
Cocodoco,
Tordorsoo,
Torpordacoo,
Arleh,
Arsunoo,
Cormma,
Arcuman,
Arcorlee,
Meteway,
Senoo,
Harboe,
Adatee,
Jardae,
Folee,
Ardoo,
Arbokey,
Sarsoo,
Quamu,
Yawoo,
Barporya,
Archar,
Bearwo,
Arparkee,
Torsoo,
Bearcoo,
Sarlee,
Normoryae,
Arbeanoo,
Aboutee,
Arjarbotemeh,
Charwo,
Morvor,
Torhasoo,
Sorehoo,
Feamo,
Sopo,
Arbartanoo,
Arbarloo,
Jarwo,
Tetevee,
Bargarnar,
Alep,
Arfoe,
Coocoe,
Tatae,
Carwareh,
Carbara,
Bocarie,
Olocutar,
Alastor,
Blewo,
Farvee,
Ardartor,
Dosu,
Bosue,
Aledawoo,
Sawee,
Sorsu,
Hoodomubo,
Woosu,
Adomu,
Jelocarsee,
Teteh,
Ochupor,
Omardayee,
Hermeh,
Sucortor,
Dosarvee,
Ardarnee,
Asumanee,
Marpleh,
Morlao,
Arlomasor,
Arsorbar,
Arbadayee,
Ogordorlar,
Morboloo,
Sarcodear,
Barbalesar,
Dangamor,
Aryor,
Oyawor,
Abemee,
Ogosolor,
Aslarsarlee,
Ilar,
Gooyeear,
Tarparlar,
Omapeh,
Marsor,
Arsumanee,
Barmarlee,
Arjibarwo,
Amuloo,
Cortor,
Archor,
Bargeedee,
Olubalo,
Lojai,
Amusee,
Carlordoo,
Kelardor,
Chema,
Arreo,
Grumar,
Ardolame,
Argear,
Beawor,
Kelanga,
Kanee,
Jeyha,
Owooso,
Arfenar,
Acheu,
Arjua,
Wejinee,
Arcorsubar,
Ablor,
Chusulobar,
Arjuar,
Arcubar,
Arblarwar,
Barsar,
Jarfar,
Yabar,
Arloo,
Barya,
Arharjee,
Oboevee,
Arcor,
Arboyar,
Otemee,
Calabay,
Dosuna,
Ogubarlae,
Chamber,
Wolu,
Poryorhoo,
Ogumee,
Arvocu,
Jecotar,
Artarpar,
Dasu,
Temularcu,
Kroo,
Chorlae,
Jambar,
Dapor,
Heglo,
Tercar,
Ocudae,
Alealeh,
Denu,
Metapar,
Pordawo,
Dusu,
Bojelenu,
Yemarsu,
Aryenamor,
Aryordae,
Dedoto,
Metafeh,
Apae,
Wosu,
Cacalae,
Arboodoo,
Torbujie,
Lobeyee,
Daryarmee,
Quarcoo,
Sarvee,
Soryorvee,
Solorjee,
Comue,
Detarmar,
Taryewo,
Cumornu,
Megar,
Mordayor,
Arboroo,
Ardar,
Arsumar,
Bocon,
Fardea,
Catorsu,
Argoryee,
Dadudu,
Bejorwar,
Sarnu,
Arcuwar,
Howadee,
Arbarleh,
Separ,
Ardajie,
Auvarbar,
Seguayor,
Darbolar,
Fargee,
Orgarday,
Lusanoo,
Cubay,
Farcarbee,
Gooday,
Olufaway,
Arkanee,
Farlue,
Motarday,
Rousee,
Ogulumee,
Farbuloo,
Ocutar,
Tousha,
Farsae,
Arsarla,
Agubalar,
Arkealae,
Arbeboo,
Farsoror,
Farbeamee,
Seabar,
Chalotah,
Ladumugee,
Osotoya,
Arbassa,
Owoneye,
Arkeseday,
Arbokar,
Osu,
Farboru,
Malaolu,
Osudapeh,
Obabae,
Oyefe,
Farsenar,
Akeyemee,
Lorie,
Arobar,
Ogufotee,
Larselor,
Farbom,
Farmedae,
Latelor,
Gubie,
Ardubeta,
Adaloju,
Akebalar,
Osie,
Farcheu,
Farlae,
Arlasee,
Awoshane,
Ogueday,
Arlotee,
Cushee,
Sholuloo,
Adoloju,
Arusonee,
Arjawee,
Adaolor,
Gujorbee,
Abogunoo,
Okufuo,
Taiwo,
Aworo,
Arlayea,
Toromor,
Mayalae,
Achelor,
Otremee,
Worlar,
Molarjah,
Oguyee,
Arjar,
Oparlosae,
Abeboo,
John Baker,
Barrecoo,
Odarlor,
Egaucoo,
Aijai,
Adeloolar,
Aichia,
Tubarday,
Ardahibar,
Alsumekae,
Loreorgea,
Adolomar,
Doiamoitugor,
Marbaronetar,
Osuhae,
Ambouree,
Olesarbee,
Oluketee,
Cheeloa,
Adewardoo,
Alumhee,
Marmer,
Ohai,
Sporbar,
Ojolocoo,
Ojorbee,
Arjain,
Ogubanca,
Alamucha,
Archofunca,
Alatoo,
Iyapoluca,
Owoya,
Yapor,
Afuro,
Bamafoo,
Olujubee,
Oyagaday,
Majolabay,
Iyalorla,
Arjesolar,
Lorwor,
Ogubamca,
Famosula,
Aai,
Omoneche,
Ochuwedar,
Olargacoo,
Ochufower,
Olarsamejee,
Jordar,
Onarsada,
Sharfee,
Faboome,
Ketah,
Farcomee,
Charbumolar,
Ajae,
Amajuleh,
Molocoo,
Farcome,
Fardorca,
Aruowar,
Omoluta,
Milolaca,
Sargo,
Moyelee,
Morbea,
Ilarbay,
Fartubor,
Farmoloo,
Fartor,
Adolayae,
Fardorae,
Folarwe,
Farwemor,
Ogubalar,
Olamalar,
Ogutusee,
Fueyolee,
Ocujorca,
Eboloya,
Olufoeaye,
Adaluba,
Ochufumca,
Sharbusolar,
Olarbemeta,
Arera,
Secaleya,
Arsomor,
Olarumeba,
Ocubajo,
Abamenar,
Darcosa,
Arsatoo,
Farjemeca,
Basumowar,
Fartuca,
Conebarba,
Farsoya,
Ajorca,
Mugo,
Anamagee,
Apocor,
Maise,
Farcore,
Adoca,
Aryalannee,
Burojurgoo,
Aieoogee,
Morleka,
Atorpu,
Acherferneka,
Logumar,
Dosumoo,
Ayonda,
Achosonu,
Faryormee,
Faro,
Marmote,
Morteo,
Fanday,
Ogucayoda,
Arcome,
Cunoo,
Ayelar,
Ochabume,
Afuyoju,
Bayormee,
Camebarwo,
Olesecar,
Alowoofay,
Olocopor,
Garnee,
Fartugee,
Arnemo,
Farmeratee,
Argeeculoo,
Ogusenar,
Yarlasame,
Micabar,
Omorkee,
Farnero,
Fartusa,
Otor,
Ogudepar,
Ocheyormee,
Farmewoo,
Farwolae,
Sartubae,
Comornyae,
Ogudae,
Atapalar,
Abagudae,
Tufasha,
Olelortar,
Arketudae,
Fartabae,
Marsaloo,
Barlundo,
Idowoo,
Fartorbee,
Farlanor,
Farsaya,
Alardoi,
Ilalu,
Farnaro,
Agaya,
Ogubamee,
Dumeoya,
Ogubeya,
Omerchao,
Jarmeyor,
Ederaloo,
Argea,
Alher,
Macholoe,
Luborbor,
Oluborparpa,
Vochusu,
Alaryeca,
Fartolu,
Molomor,
Odobola,
Fargebe,
Kejorma,
Abesumba,
Ayacumba,
Agumbaembe,
Agumbala,
Lesarbela,
Mololee,
Osafunca,
Fardonca,
Ardaunca,
Arlupoachee,
Ogunciaday,
Arbecola,
Jaryolar,
Allubarba,
Arla,
Yarbe,
Arsubarmeda,
Jowene,
Ajolu,
Tino,
Ajaba,
Osumbomee,
Armoyolee,
Alaymbee,
Armulala,
Dolalee,
Aneta,
Agungabee,
Cosheba,
Damalanu,
Fartuncha,
Telombee,
Farbomea,
Yarfamee,
Agunditer,
Dobandomee,
Fartooma,
Mornoro,
Barjormoy,
Abarlee,
Opartomee,
Alisaboo,
Asofumcar,
Arwona,
Argeearbe,
Hesa,
Farnunba,
Adeyeja,
Marbarupa,
Ariau,
Arocalu,
Fartubalai,
Aijar,
Adyoen,
Aijunmee,
Bambu,
Ogutumbor,
Aroubemee,
Ayajormee,
Ayuyebee,
Afabemee,
Alaga,
Jamesoyee,
Torbormai,
Otatoo,
Tetarloo,
Dardan,
Doranea,
Agayomee,
Caré,
Vetée,
Nialla,
Secuó,
Dobó,
Llabá,
Guengue,
Maquení,
Mano,
Douia,
Faguana,
Batoro,
Ciaca,
Corico,
Condó,
Quallabol,
Gregó,
Faira,
Falondó,
Mazaré,
Quendé,
Grebó,
Mayá,
Bombó Coré,
Luama,
Boyó,
Baná,
Chandé,
Cambá,
Bana,
Quebé,
Famguó,
Guablé,
Iué,
Gamaúro,
Quambeli,
Famba,
Pindé,
Duaro,
Dambí,
Soró,
Qüeje,
Yebé,
Masabá,
Goñá,
Yongó,
Dí,
Manyá,
Chamanga,
Manguía,
Guayeró,
Sóu,
Nau,
Guima,
Romey,
Cható,
Fáfue,
Guañá,
Yigüere,
Fuangué,
Ñarengá,
Canda,
Mari,
Fimá,
Beli,
Macá,
Febá,
Yabá,
Findá,
Gusá,
Morró,
Fámba,
Bamanyá,
Ñaré,
Faró,
Ñambe-maré,
Faregando,
Bamá,
Ningá,
Fimó,
Farú,
Guaná,
Maduá,
Bese,
Yaní,
Güerengue,
Fangué,
Daduá,
Bombó,
Gapású,
Yongorá,
Yziná,
Sadiá,
Zumbi,
Guarí,
Quéfue,
Sobe,
Güey,
Duaru,
Seri,
Carea,
Grony,
Ñangá,
Doré,
Core,
Domá,
Durú,
Sery,
Buimy,
Fuara,
Fadá,
Bandá,
Cuary,
Anajá,
Moliá,
Bayá,
Yúa,
Siniguí,
Sesé,
Beán,
Baldé,
Pero,
Bosa,
Guary,
Rufá,
Oaní,
Ñacué,
Guegüa,
Bobó,
Cuari,
Megué,
Masá,
Megre,
Guelé,
Bordó,
Bará,
Simo,
Siná,
Tarofué,
Guey,
Caisó,
Caizué,
Bozo,
Esin,
Sesú,
Unsá,
Geví,
Boñó,
Tozú,
Colló,
Bocó,
Apondé,
Bosabi,
Mamá,
Emilé,
Bare,
Magizi,
Boyá,
Dé,
Bosebí,
Boibi,
Boyabé,
Guesé,
Boibí,
Agoibó,
Coibí,
Menazú,
Humé,
Bogueví,
Bollabe,
Ñocué,
Abaré,
Bocosí,
Ajamí,
Allabum,
Doguaré,
Ñogeguí,
Aladasi,
Deé,
Millanana,
Sedomó,
Menoguíre,
Agoibí,
Collabi,
Decé,
Tunsí,
Moyá,
Abare,
Seencó,
Boyabí,
Sein,
Seyá,
Boguebi,
Musabe,
Bosabí,
Ayé,
Aniché,
Cumuleo,
Aucú,
Fausí,
Comiri,
Cuasí,
Baqué,
Mafue,
Copué,
Dedé,
Yuale,
Agúfué,
Hablabá,
Boduse,
Adobá,
Hablaba,
Abdú,
Aldulage,
Gaurí,
Argél,
Aisiatú,
Atendá,
Iquilla,
Quimbilé,
Amalá,
Allelocú,
Atió,
Allicobí,
Olló,
Llaú,
Ollecan,
Ochó,
Aquino,
Malalú,
Amuchan,
Aquiodé,
Odulere,
Meton,
Acaní,
Aromacurú,
Olucobi,
Allaí,
Cucudi,
Olleumí,
Comaquí,
Ogrobí,
Ogubí,
Allegusí,
Laboló,
Ladin,
Aquenú,
Olloronla,
Otondei,
Fabló,
Gourú,
Getú,
Adió,
Lamuní,
Ochodeque,
Olomo,
Olubo,
Ubadi,
Hogá,
Olubasú,
Cupaquí,
Ologué,
Choruqué,
Lugulé,
Loquití,
Aboin,
Seú,
Audufi,
Odubambi,
Allaná,
Dipué,
Ollo,
Allibiqué,
Luabi,
Odaque,
Aquincho,
Laconu,
Oqueví,
Añana,
Saní,
Dadá,
Obadina,
Fugodí,
Alliboná,
Piledá,
Allugolé,
Tinomi,
Allemó,
Eforniquén,
Igué,
Oruquesi,
Adegogú,
Adesúim,
Doú,
Bambí,
Momó,
Llibau,
Segundo,
Bellé,
Foré,
Coré,
Ullá,
Llengá,
Serí,
Llerí,
Lobó,
Nabué,
Cundó,
Dangé,
Fumbé,
Peé,
Llaesá,
Llamá,
Boey,
Llongó,
Lombé,
Comé,
Quené,
Corí,
Lluá,
Goré,
Boá,
Basi,
Péé,
Llacuá,
Sió,
Samá,
Ñanguá,
Praprá,
Guea,
Lucuá,
Baque,
Boqué,
Sísí,
Mabrengo,
Doló,
Bombé,
Crituá,
Coró,
Beré,
Gueguó,
Sengúe,
Fuá,
Lomvá,
Dicua,
Monjé,
Efien,
Elen,
Oló,
Ngó,
Morecá,
Dicongó,
Gó,
Namanguo,
Obasí,
Ecuó,
Ecande,
Ecoy,
Asía,
Guotén,
Cunécuné,
Carabá,
Ocó,
Ecandel,
Piñan,
Urafia,
Uró,
Nangruma,
Apavio,
Homó,
Yumá,
Basé,
Ventá,
Ecander,
Ebeca,
Ocua,
Ebó,
Abasé,
Eñon,
Asarí,
Sixe,
Hepí,
Sata,
Oton,
Báa,
Otaco,
Mollongo,
Guá,
Juané,
Izanquin,
Bané,
Icuerí,
Edin,
Mosquete,
Güeregüé,
Ecotó,
Sané,
Ecoby,
Tába ,
Bebé,
Manbé,
Ebandé,
Epandé,
Etán,
Mocobá,
Moreca,
Yáe,
Ycaá,
Yaá,
Pacó,
Mobon,
Guangué,
Neyázar,
Iyó,
Iace,
Gafó,
Bayon,
Ngüí,
Debató,
Mozangó,
Mongó,
Sondó,
Quindane,
Litamfé,
Ayaá,
Benuá,
Moton,
Opencó,
Yifó,
Gualé,
Difon,
Vaúá,
Isíllí,
Colé,
Basánga,
Guanambó,
Gabesé,
Yeé,
Yacumbo,
Bí,
Megú,
Quisongi,
Mozabála,
Bó,
Bábe,
Onuá,
Acuá,
Yará,
Ifó,
Icon,
Isaá,
Yancon,
Silbá,
Papá,
Baca,
Juánla,
Egutín,
Ñau,
Comelon,
Ñié,
Muno,
Guanbé,
Canagarra,
Den,
Benem,
Alem,
Dapá,
Gobé,
Gonllá,
Bomgó,
Sobé,
Queyá,
Guanfó,
Muenga,
Pongó,
Saganá,
Dumacoco,
Huará,
Nojó,
Hebuen,
Yára,
Guancó,
Goble,
Ecueso,
Anchacué,
Oguifer,
Cáfa,
Ñamó,
Croncó,
Cuancó,
Ecuesí,
Ousurí,
Neve,
Aguasí,
Olí,
Equé,
Uriaca,
Llimas,
Fate,
Fuanbó,
Ebetená,
Ugú,
Yeyé,
Ory,
Guadá,
Amiromó,
Anesia,
Pequé,
Oguene,
Ofá,
Ojuá,
Meten,
Epó,
Ilen,
Moajama,
Ecosonu,
Mofibí,
Sailimibi,
Olugagué,
Cobolo,
Ebuecumlé,
Echonyú,
Eguebó,
Adella,
Oliboco,
Biocha,
Modele,
Sagunque,
Asetonyé,
Adeaya,
Quequelen,
Euló,
Chaquellú,
Fechique,
Uoí,
Tebé,
Ató,
Ollagualé,
Asonlé,
Ebanillocó,
Cucoyé,
Olubi,
Ullabi,
Machomo,
Adeta,
Chubuloco,
Alatimica,
Diené,
Oninamo,
Adepolo,
Abione,
Aboni,
Añaná,
Cuedeisí,
Achade,
Sasalid,
Choripe,
Olubadé,
Saloyé,
Fonlá,
Sesimi,
Losumá,
Subaqué,
Cauyé,
Coale,
Alincá,
Ochomodé,
Oechile,
Ayná,
Ogueminí,
Uluquebó,
Jucán,
Cuchamó,
Alade,
Otola,
Atemi,
Pamú,
Abita,
Oruculan,
Alechipé,
Masau,
Oluyán,
Andé,
Arilló,
Lubena,
Abidegu,
Seyuba,
Aladé,
Oluami,
Ouló,
Acaré,
Eluolá,
Ladá,
Llocá,
Chugue,
Amuló,
Curoró,
Tetú,
Ololú,
Ouecú,
Ocobe,
Chotalle,
Deu,
Elló,
Edelam,
Olechú,
Beguí,
Laguí,
Allade,
Oladé,
Ailá,
Abaipé,
Maren,
Ollede,
Odení,
Balade,
Fachina,
Aderey,
Adiró,
Ocumi,
Banula,
Olomande,
Dobulú,
Feu,
Chabí,
Bambera,
Ollolé,
Alladó,
Allabé,
Usallimi,
Allaní,
Moturí,
Lazamu,
Lubelle,
Cocheco,
Ololó,
Donbacú,
Dogo,
Bancolé,
Abaticú,
Iloau,
Ocubí,
Fabó,
Saló,
Lialoó,
Eguyobi,
Sangodeí,
Eguljobia,
Aquibolú,
Lucabí,
Aquiboy,
Uzuremi,
Abocú,
Aquilade,
Mazacú,
Aballomí,
Odelami,
Fadicué,
Allimodu,
Mamé,
Lozumú,
Emayelú,
Nicú,
Abadú,
Echadaré,
Facobí,
Acremú,
Obé,
Ochilé,
Fabí,
Oduguelé,
Alladú,
Econlá,
Adiló,
Lucuyó,
Cheilú,
Ainá,
Aurú,
Ulusollí,
Adeoloa,
Aquiguadé,
Adú,
Adetolú,
Volú,
Abubolí,
Chobolue,
Fumebú,
Abá,
Echocó,
Lachulu,
Aquichou,
Chilaba,
Guarurí,
Quensi,
Allobá,
Ocholalé,
Esum,
Aibó,
Jusum,
Taní,
Illí,
Folí,
Coneché,
Cofí,
Comi,
Cheche,
Comená,
Edó,
Feté,
Lechá,
Sagüé,
Mema,
Muaté,
Lláo,
Banisá,
Epón,
Enaní,
Cuma,
Faqüamañá,
Llalli,
Dubajá,
Fipí,
Dée,
Apeno,
Minaré,
Collé,
Bamé,
Fetí,
Ayeté,
Ñagué,
Amon,
Chemó,
Amefó,
Apetí,
Cóu,
Ecrú,
Yáo,
Sese,
Sequá,
Acá,
Cata,
Amechí,
Umaquaquá,
Garí,
Motesé,
Gaté,
Aracon,
Cumuayí,
Yoyó,
Bosocú,
Yaja,
Amuyé,
Noche,
Edú,
Seqüé,
Apeñá,
Deboeche,
Eoví,
Apémandá,
Achú,
Cufé,
Lleja,
Batiano,
Yungüe,
Cocu,
Teté,
Maté,
Docú,
Forí,
Uayafó,
Manu,
Amobó,
Cosí,
Lláó,
Dén,
Odú,
Ayové,
Lumó,
Meté,
Ableú,
Peté,
Mondolli,
Codocú,
Maosí,
Bueú,
Agüeú,
Yoconu,
Cuyá,
Dolé,
Yavá,
Yory,
Aquó,
Llupé,
Pepe,
Unsibi,
Blinoé,
Ñagalle,
Dopé,
Metau,
Cungameno,
Lleranú,
Colló Láon,
Quocumensa,
Cuamefuché,
Colló Prá,
Cufieson,
Cuame uná,
Cuanme esare,
Collosa,
Cuame aponsú,
Cüenu,
Cobrán,
Saon,
Acuama,
Menisan,
Cuasiacum,
Qüeqú,
Cuame,
Cuenu,
Cufí,
Cueteacú,
Cuelló sán,
Amuesi,
Afó,
Adobo,
Encansa,
Asendi,
Sechi,
Quagú,
Oforí,
No expreso,
Amangüá,
Sao,
Jure,
Qüesí,
Quapená,
Apú,
Allei,
Qüoqú,
Quayó,
Apeá,
Cofi,
Oorá,
Quaqú,
Ocheré,
Obén,
Quame,
Alú,
Ocól,
Cuanza,
Amuayé,
Ollamé,
Ocá,
Lladón,
Cüaó,
Cufi,
Llorén,
Fori,
Aesoru,
Cüalló,
Cobran,
Fei,
Yao,
Fabrán,
Osafo,
Bandú,
Odún,
Coame,
Qüésí,
Cuaesón,
Cuáo,
Quajó,
Quao,
Llane,
Benuye,
Aduenú,
Aboqui,
Llamuá,
Fachí,
Onipá,
Qüesi,
Oporí,
Aprá,
Éson,
Maensa,
Cuaó,
Qüaqú,
Cuayó,
Queyó,
Amate,
Esón,
Oboson,
Quasí,
Cuolló,
Ando,
Aínfí,
Cueú,
Mintá,
Ainfí,
Marinía,
Atán,
Quesí,
Achampol,
Acumeni,
Amasú,
Alenza,
Aucamá,
Aní,
Ambá,
Atomó,
Atá,
Amba,
Avenagua,
Oesáá,
Aframa,
Agoá,
Acúa,
Acosuá,
Abragua,
Aesí,
Eqúa,
Ayuá,
Efuá,
Ayúa,
Aqúa,
Afuá,
Llagua,
Abráóá,
Abráá,
Quaqúa,
Bóú,
Ecuruma,
Anchúá,
Ayúá,
Eqúá,
Cualló,
Oyamé,
Ocócó,
Donu,
Unyay,
Bricó,
Qüenu,
Obasu,
Usú,
Pono,
Alubá,
Bollovi,
Noí,
Ume,
Cojué,
Mariré,
Aibafá,
Esiqüe,
Ojundé,
Ylanú,
Anicoy,
Dasana,
Dabasabaú,
Majisní,
Arresuma,
Chan,
Bucáe,
Porana,
Goze,
Majame,
Maúo,
Damaúo,
Obobocá,
Chengui,
Maú,
Meneserá,
Galva,
Daburú,
Alacerqui,
Abarca,
Delacu,
Abí,
Blaú,
Amosá,
Adelogú,
Labá,
Ataquá,
Acono,
Chende,
Agrogú,
Choró,
Bura,
Vangaría,
Lloró,
Abollí,
Llau,
Sama,
Abaló,
Biau,
Banná,
Ñóó,
Cocó,
Seté,
Asima,
Chedelí,
Felio,
Juanchu,
Sandó,
Aqúe,
Achuá,
Ñongo,
Isiama,
Ijúbe,
Umpago,
Óu,
Apugo,
Ibo,
Igite,
Nibo,
Obajá,
Lopa,
Isíaco,
Oró,
Osó,
Ufumé,
Noqua,
Hujuma,
Haro,
Ogugú,
Uqué,
Achená,
Achene,
Achaza,
Umaura,
Ogá,
Ugrú,
Amare,
Amacoje,
Uso,
Ugri,
Humoqüona,
Isú,
Ojófó,
Ojojó,
Esique,
Curazo,
Aballá,
Abof,
Amandú,
Unbiri,
Afiála,
Umoso,
Ungru,
Guquá,
Umunanes,
Umudini,
Omunó,
Omóóbe,
Amigüo,
Amibo,
Olé,
Amandube,
Acabo,
Isieca,
Oquá,
Uqüere,
Umuná,
Umudidi,
Umuqüona,
Isíeque,
Amocha,
Apala,
Omoro,
Humoso,
Usaba,
Alique,
Ugua,
Ucume,
Apane,
Águala,
Utrú,
Ojófe,
Ojofia,
Amaba,
Abán,
Amudi,
Undoque,
Ungüa,
Ogüó,
Ubele,
Utru,
Uguaco,
Abrebá,
Isúlu,
Opí,
Acabé,
Acabe,
Nique,
Uncaloje,
Isiago,
Umujumu,
Omochese,
Ótan,
Illilaga,
Otán,
Llócó,
Atin,
Apáse,
Eturó,
Ecion,
Iñán,
Ariáá,
Humó,
Ungüe,
Anambe,
Abó,
Huesoque,
Onojó,
Libo,
Gitoval,
Osoqüó,
Acoijo,
Acó,
Amandua,
Ijube,
Ijara,
Iñi,
Usama,
Homogo,
Igioma,
Humgunú,
Umuaco,
Ododá,
Amucú,
Amüiche,
Nogo,
Ibubú,
Unquó,
Orodú,
Oból,
Bón,
Adaci,
Abacha,
Socuó,
Nero,
Muleje,
Amiche,
Úngodo,
Isiaquo,
Ugüeme,
Mudoca,
Umauzo,
Ocüo,
Amanduzu,
Isiaco,
Lofullá,
Cuqué,
Homóbo,
Humbón,
Igiára,
Ugoba,
Unona,
Olloroto,
Aballa,
Umoña,
Isopo,
Úbaja,
Usaába,
Elugüeque,
Líbo,
Ocollá,
Noqüa,
Nojia,
Isióche,
Oyóroto,
Osará,
Limo,
Amodá,
Acúgo,
Upo,
Obedo,
Aqüo,
Oje,
No expresó,
Humogimá,
Llaba,
Ocudó,
Inceréu,
Mugumá,
Epima,
Humudí,
Crollí,
Mubele,
Mugimá,
Ipén,
Humogara,
Ecuri,
Homocabe,
Ocú,
Hunqueré,
Amoso,
Umoqüora,
Umocrá,
Umuago,
Achare,
Unsó,
Humunía,
Esudó,
Agiana,
Obama,
Hunucesala,
Obiojono,
Humocabe,
Agüo,
Eqüe,
Ubofia,
Amotó,
Húmúnóno,
Humumá,
Amucí,
Homomá,
Umoco,
Amaraco,
Unsuadia,
Obogia,
Amoguáco,
Ecumazo,
Umudin,
Obogo,
Muésal,
Amollibo,
Ubane,
Amimo,
Afalla,
Udó,
Eciála,
Oqüe,
Acuete,
Humbáma,
Varén,
Umbiezi,
Moti,
Obou,
Incerén,
Umobón,
Unserén,
Ezumaso,
Ecunaso,
Umoque,
Afáe,
Umulolo,
Umoje,
Abofe,
Orodó,
Humomá,
Ugrí,
Amorá,
Angana,
Eqüele,
Umololo,
Umudimi,
Orodu,
Onochá,
Ogüere,
Ojó,
Muesál,
Amade,
Iqüere,
Aloá,
Aguaxa,
Mundele,
Umaqüo,
Orota,
Omoma,
Oroto,
Urata,
Umunéle,
Onguá,
Ungua,
Mulecu,
Unguá,
Vendo,
Iten,
Unpró,
Vende,
Ajafia,
Ojofi,
Itén,
Noña,
Iseque,
Tafia,
Ojofe,
Idá,
Obedó,
Otui,
Humane,
Vena,
Ibéc,
Ojójó,
Guacole,
Azumini,
Ibeco,
Unporo,
Amueque,
Ugüa,
Ugüeque,
Dabeú,
Egara,
Lengue,
Lique,
Azá,
Omochá,
Equede,
Negüe,
Lude,
Oquato,
Afá,
Amágo,
Ubru,
Úáca,
Isiaqo,
Umududu,
Obunofia,
Oquete,
Aquere,
Llilaga,
Otan,
Eté,
Quecande,
Apán,
Pabio,
Inán,
Umore,
Umó,
Ubón,
Efá,
Uróipo,
Iqüe,
Abón,
Itiat,
Umón,
Créche,
Afion,
Ecione,
Irén,
Ipónón,
Icrase,
Eció,
Unuía,
Ariaá,
Ocrecá,
Calo,
Salofu,
Cabele,
Sallo,
Simini,
Uli,
Dulla,
Bone,
Qulle,
Tone,
Mamaro,
Llere,
Vile,
Mamara,
Sabo,
Chico,
Similí,
Satá,
Llegá,
Mariatu,
Adamá,
Nanlla,
Sirá,
Lluma,
Fatuma,
Mamalisamba,
Ira,
Llira,
Suri,
Quecuna,
Fabu,
Sabullima,
Quecura,
Famoru,
Face,
Cala,
Bilali,
Fambá,
Quilá,
Canubaja,
Marbá,
Seteguña,
Llague,
Guacare,
Llacro,
Codá,
Binario,
Fará,
Alalemogolle,
Buacare,
Mande Paná,
Mamuro,
Siriquí,
Moru,
Bande,
Docoú,
Barrá,
Diná,
Mamuso,
Caba,
Beá,
Namogoru,
Foquá,
Llué,
Dacuana,
Cide,
Nagurí,
Nadona,
Sandi,
Sará,
Culo,
Llan,
Llangó,
Musá,
Cebó,
Lleire,
Colla,
Sire,
Nacamá,
Faturmá,
Llumá,
Queme,
Cangó,
Qunbá,
Quemá,
Donafla,
Matí,
Fata,
Ceá,
Malado,
Fene,
Ramata,
Será,
Llató,
Sibuñuma,
Bure,
Capra,
Llorró,
Pia,
Setqui,
Colí,
Bulla,
Quichi,
Sachian,
Sira,
Ballará,
Nobó,
Venu,
Coli,
Ñengue,
Fore,
Cheví,
Quiaco,
Dubagüa,
Basín,
Belle,
Cundo,
Goni,
Bá,
Saqüé,
Saca,
Fáu,
Mopli,
Llama,
Pangue,
Quende,
Siá,
Cabanguei,
Paná,
Alvé,
Já,
Janimé,
Fangüó,
Bacú,
Coñamo,
Sana,
Dualu,
Boa,
Siaca,
Laqüé,
Tomá,
Cobre,
Guebé,
Llaúma,
Cuci,
Doboul,
Cangoni,
Fangagúa,
Capuini,
Folú,
Cariguene,
Batro,
Llambóa,
Dole,
Sandí,
Duá,
Undó,
Ungoni,
Magona,
Muchá,
Faná,
Faguaná,
Foní,
Fangandaufri,
Llanguaguá,
Guañabiri,
Botoá,
Llonu,
Fá,
Momozo,
Cogüí,
Quaqúo,
Lluima,
Fón,
Faté,
Miná,
Vapó,
Baún,
Cotú,
Lloru,
Tomu,
Llalondo,
Giteu,
Vandore,
Fole,
Fagrié,
Maqué,
Llará,
Paña,
Frá,
Bain,
Camanllama,
Llini,
Llangue,
Llañó,
Mató,
Sadrá,
Fobé,
Nenqué,
Mata,
Ioqué,
Llongo,
Fida,
Maquini,
Llombó,
Quiñé,
Langó,
Quéfué,
Manicá,
Jota,
Queñe,
Llopí,
Ñagua,
Maba,
Llebe,
Jotá,
Luña,
Gulé,
Yo,
Moré,
Sanimené,
Llebé,
Comusu,
Cuná,
Bé,
Geni,
Cá,
Brobondo,
Fiquó,
Fogera,
Mangoní,
Pombó,
Faó,
Zumbá,
Yro,
Legui,
Chome,
Gumá,
Llagué,
Yombá,
Queñé,
Maeli,
Lliná,
Fumá,
Cañé,
Yú,
Llaré,
Bie,
Bandiá,
Ocoloba,
Ocolobá,
Doqué,
Ogú,
Amogue,
Ebelebe,
Omoba,
Hijube,
Ibó,
Agro,
Aballe,
Igité,
Godo,
Egueme,
Uquaco,
Soco,
Umochi,
Obu,
Ufome,
Obá,
Umola,
Umuaga,
Obodabo,
Achena,
Agró,
Mauro,
Ojocú,
Humufo,
Omocuara,
Achará,
Obú,
Acuogo,
Umbosy,
Alocha,
Umusa,
Acún,
Legue,
Uncuere,
Umobon,
Umogima,
Ocrumurí,
Ocué,
Umolobo,
Umoguá,
Lanca,
Amiguo,
Umuese,
Aguó,
Iby,
Yfumá,
Muerdó,
Ocue,
Amibue,
Omoso,
Ifele,
Omobá,
Omonobo,
Iñeque,
Osú,
Allara,
Agada,
Umaguo,
Unfuma,
Huguiry,
Adan,
Obidiaca,
Echeto,
Eché,
Orata,
Buoda,
Otru,
Hungua,
Ogoné,
Ibecu,
Ibec,
Amui,
Ibeque,
Ofafia,
Jafia,
Ungurú,
Ofró,
Venda,
Achara,
Apá,
Obale,
Obane,
Carabay,
Indogue,
Ebema,
Bom,
Amuamaraco,
Umalan,
Usa,
Amacoge,
Mumopo,
Aparabó,
Humode,
Riá,
Huá,
Humá,
Ariá,
Toroun,
Agosu,
Fanguelli,
Achigue,
Abipa,
Esi,
Yasu,
Dello,
Nagono,
Surubi,
Comabi,
Ysi,
Cacubi,
Dosabi,
Foreñó,
Oua,
Cosaibi,
Bosebi,
Doboy,
Quento,
Boyabe,
Menetema,
Fase,
Bueibi,
Queno,
Llassú,
Yá en Cuó,
Casú,
Tequi,
Carabatuntum,
Beté,
Adoló,
Acoté,
Avecí,
Tecué,
Cosi,
Acama,
Quembi,
Deboche,
Saby,
Amagan,
Dubá,
Amacuó,
Baume,
Acuey,
Coní,
Ñirú,
Clopá,
Edá,
Forý,
Crucé,
Hechy,
Llogomí,
Bopo,
Romachy,
Tosá,
Comy,
Quenú,
Drache,
Llaja,
Llé,
Acú,
Llajá,
Daqué,
Mesá,
Comicuena,
Acu,
Aechá,
Quenu,
Eda,
Beto,
Batafo,
Uncasa,
Ocuoju,
Cumesi,
Llao,
Cla,
Aeote,
Docu,
Amatonu,
Bisabu,
Cayo,
Fete,
Capo,
Oclu,
Abeun,
Surmane,
Collofi,
Coyo,
Lechu,
Monote,
Govia,
Quesi,
Yela,
Face muche,
Ysa,
Afo,
Sabu,
Acosiba,
Acuesi,
Sari,
Ayao,
Obacua,
Llachucle,
Duey,
Fequere,
Equo,
Efe,
Vale,
Belioa,
Agesi,
Moyoare,
Afrae,
Mambli,
Faba,
Llipina,
Yauga,
Oguse,
Eticu,
Ayan,
Sica,
Braso,
Mole,
Acorigua,
Afeña,
Fepesi,
Llangabi,
Cuñigua,
Abran,
Afia,
Dode,
Acosé,
Fabia,
Bodó,
Mosí,
Asuma,
Cupulu,
Acao,
Ayalucu,
Lagí,
Babadu,
Eyorema,
Paniana,
Asumani,
Yaca,
Sayogode,
Guele,
Arabaraca,
Alimuche,
Cocoroco,
Yuru,
Chau,
Arocua,
Ayoroba,
Siñogua,
Cambe,
Chama,
Aqueu,
Ñoa,
Sanfa,
Mandarega,
Sandu,
Nangore,
Nasara,
Yañe,
Atobrau,
Coaini,
Aufi,
Ausi,
Aseale,
Coasi,
Comaná,
Ñacu,
Comana,
Cuesi,
Famon,
Llaó,
Mesa,
Sacun,
Ubiereru,
Cuocu,
Obré,
Cao,
Goate,
Asare,
Coayo,
Quocu,
Aru,
Apia,
Alemá,
Ñame,
Coacu,
Megue,
Andu,
Sare,
Ocama,
Banti,
Collo,
Ocu,
Bema,
Entie,
Sicana,
Cousi,
Didi,
Peniana,
Beleye,
Ayno,
Alloque,
Oqui,
Oyedijé,
Sinani,
Oyo,
Aibimi,
Loa,
Mancole,
Bacumede,
Eguebigue,
Ecuerí,
Odomá,
Amanambó,
Ocoguese,
Oúnchecué,
Uregue,
Osisí,
Irancé,
Oguechian,
Crigue,
Mesemoné,
Simoferia,
Ocrafó,
Ballanó,
Anagodon,
Anando,
Ollamá,
Guaguefí,
Mebro,
Guañochá,
Ajucué,
Oviañoma,
Chigere,
Ambogó,
Asiono,
Obiañogua,
Atocú,
Guangu,
Chicun,
Añadigue,
Endesá,
Udé,
Achosé,
Unchacu,
Oguedí,
Anocá,
Guañuma,
Iregua,
Echoné,
Acochimba,
Umachí,
Guacaco,
Bonio,
Vensucú,
Morifella,
Asameré,
Unpavú,
Oñaca,
Ecuenná,
Ocró,
Abalobo,
Uguacá,
Ulaco,
Amajundi,
Ibemeaca,
Llamaró,
Choguá,
Oñucue,
Guobiera,
Llocu,
Inchetá,
Ancuó,
Enunua,
Ogoró,
Llegué,
Michi,
Chatón,
Mapua,
Dangrá,
Dome,
Duno,
Fanene,
Ubé,
Abocá,
Sebama,
Afán,
Ofrú,
Itiobí,
Begue,
Buchí,
Inchada,
Iboba,
Mebaga,
Ocacamá,
Ebé,
Acué,
Anomari,
Mabro,
Oriza,
Ecuechí,
Igabó,
Gabó,
Ecuí,
Egabó,
Cabá,
Gabán,
Uchoma,
Olá,
Ogrioma,
Oñuguaña,
Acolloajo,
Beloan,
Diribogue,
Nellidó,
Amumama,
Cutara,
Obise,
Echepí,
Anagua,
Ebosí,
Itebu,
Igrua,
Nalla,
Vancuá,
Abracachobé,
Ecuadocú,
Maroru,
Ecabó,
Osumá,
Llala,
Dacogui,
Lule,
Alallí,
Lamy,
Lady,
Muriamo,
Sacué,
Ecué,
Probó,
Fana,
Atelú,
Guranuca,
Ocachicú,
Anica,
Lollu,
Opán,
Lulú,
Mallebi,
Lubandé,
Afité,
Avichen,
Fanabó,
Fetebé,
Fallí,
Idú,
Alipó,
Orcuán,
Emiení,
Latelú,
Emé,
Áño,
Imogo,
Ojucu,
Egaba,
Omadá,
Ollome,
Guenna,
Abogu,
Onose,
Anamoneche,
Cirigue,
Guadico,
Uguene,
Guallerí,
Ocoso,
Nogidí,
Muegre,
Guamaco,
Asimone,
Eneboaí,
Frimé,
Chomá,
Oguedenachí,
Gomechiono,
Gomichiono,
Emeja,
Oñata,
Agrichí,
Guañaré,
Acodró,
Guanmachama,
Amorí,
Unemebró,
Ogré,
Ojotó,
Ocán,
Adán,
Yjugua,
Ebem,
Iguló,
Dogó,
Aché,
Uguta,
Ocume,
Oguenumará,
Farcó,
Undoboco,
Onaná,
Amusengua,
Oledemá,
Omeaso,
Ingra,
Cumebu,
Itó,
Ebilá,
Batá,
Mayogua,
Añibu,
Esigaña,
Ñocó,
Lallí,
Malliba,
Mañida,
Álloma,
Ferifé,
Carate,
Bugaganana,
Alalana,
Abubaca,
Majama,
Isenqui,
Quiñumba,
Malungo,
Muele,
Balla,
Bueya,
Muamba,
Musuco,
Mallengue,
Mencico,
Ucumo,
Mutunvi,
Bungu,
Diman,
Fita,
Iuga,
Icuanga,
Pene,
Maviala,
Pele,
Muanda,
Macaya,
Iceque,
Funvi,
Munguengui,
Buto,
Ucasa,
Quebuisa,
Guma,
Maquinde,
Curimba,
Guinva,
Mota,
Mafungo,
Culungo,
Tate,
Isienque,
Fane,
Macoso,
Muaye,
Guinvi,
Hungulo,
Luende,
Quicaya,
Chicaya,
Guimí,
Guiala,
Guenve,
Quisamba,
Baqui,
Guaca,
Chifa,
Madin,
Mabungo,
Quivu,
Bumba,
Bisie,
Bucungo,
Gona,
Ungulo,
Llionve,
Saabin,
Buangui,
Mabiala,
Quenque,
Pembe,
Chinva,
Quichin,
Gombe,
Bembe,
Dombe,
Cinva,
Cundi,
Mutula,
Lombe,
Mavicala,
Ginbacala,
Mueli,
Guimi,
Muchinga,
Quisafo,
Senqui,
Quivanga,
Chicula,
Macosa,
Gulu,
Quisonsa,
Puati,
Achicay,
Muto,
Luenva,
Mafungu,
Malolo,
Luembe,
Mácoso,
Caya,
Línga,
Luemba,
Simbache,
Gonde,
Nimi,
Muande,
Isambo,
Mutuo,
Chiluembe,
Poba,
Quiende,
Bache,
Chicalle,
Mapacua,
Boongo,
Quati,
Quimbenva,
Luemve,
Quisambo,
Mocose,
Fuatí,
Niando,
Gofí,
Quimanbo,
Guala,
Icalla,
Embullo,
Chicalla,
Quivene,
Misamo,
Pamgo,
Mallongo,
Mocoso,
Puate,
Diele,
Denbe,
Quivinda,
Mapungo,
Masala,
Machin,
Poa,
Luquibu,
Isangu,
Angueli,
Bani,
Lanvi,
Visie,
Quifu,
Mucasa,
Mullon,
Gulvi,
Guanve,
Misie,
Goe,
Mise,
Cua,
Mulungo,
Guruvi,
Fula,
Bita,
Lequivo,
Culia,
Chiva,
Bane,
Chumbo,
Ipo,
Gulo,
Fo,
Masu,
Muete,
Suhumo,
Engulo,
Chumo,
Gate,
Sanga,
Chengue,
Velo,
Mobenva,
Emgulo,
Muansa,
Lundo,
Luguibu,
Magua,
Vita,
Quisango,
Iguara,
Saes,
Gole,
Muay,
Mapuna,
Bene,
Vicie,
Lubale,
Chuhumo,
Aengulo,
Chufuimo,
Yoombe,
Sae,
Puo,
Gulubi,
Guni,
Buquele,
Buchuca,
Cabulo,
Epou,
Gibuco,
Saya,
Buchu,
Macuba,
Lubicu,
Mucana,
Cuba,
Caburi,
Isaya,
Iguaca,
Ingulo,
Dembe,
Luquiro,
Misé,
Gunlo,
Seque,
Chuumo,
Majungo,
Luquiri,
Mosao,
Llomi,
Baní,
Gambona,
Bú,
Mafica,
Guanga,
Coy,
Mahambo,
Quisa,
Inseri,
Buna,
Gambe,
Mucuale,
Mufuemo,
Llete,
Fono,
Mone,
Buanca,
Chimambo,
Quiñanga,
Masanja,
Fuca,
Cuen,
Cori,
Lumuena,
Dala,
Mucuala,
Pega,
Buenga,
Campane,
Iseri,
Buunva,
Benva,
Ñinga,
Benve,
Valle,
Dure,
Inceri,
Bombe,
Soca,
Sagua,
Penve,
Dongo,
Bachuqui,
Buangua,
Ñanqui,
Penva,
Gonve,
Bona,
Quengue,
Denve,
Chensa,
Gili,
Misere,
Choba,
Hayagui,
Uruco,
Coru,
Motalle,
Notuga,
Meru,
Udunogo,
Oruruci,
Lefogora,
Udocile,
Oyesen,
Chuque,
Urumanbare,
Udumuti,
Uguga,
Lequile,
Deselu,
Chibudo,
Ugulli,
Uduela,
Quivoy,
Bole,
Boreano,
Eguelle,
Egudero,
Samulo,
Moinaco,
Edu,
Ogulle,
Odivi,
Solegui,
Ellenya,
Orobudo,
Hoyo,
Lenquen,
Chuericue,
Oromuru,
Ocunogo,
Lebanlo,
Lumuti,
Cole,
Muro,
Lebono,
Levito,
Chorongue,
Falano,
Ugusola,
Ulumoco,
Ububuca,
Ugudelo,
Ugulade,
Aquicho,
Ubenbuye,
Iachuto,
Adubulo,
Lusaga,
Sumate,
Llomia,
Aquinucí,
Quitondi,
Arnari,
Adeloto,
Iso,
Ibule,
Isoquili,
Uluso,
Faduque,
Amuso,
Chogovi,
Ulocho,
Banguisi,
Iqui,
Usi,
Babi,
Guvi,
Nogue,
Allonvolu,
Quilanbu,
Aquitallo,
Chobayo,
Logue,
Dugu,
Quisonde,
Quitole,
Cosu,
Iamuri,
Burende,
Suyomi,
Ayay,
Viale,
Amodile,
Duville,
Vallelu,
Ullasi,
Lecoyu,
Lumusin,
Dobu,
Faiga,
Ullumulo,
Novia,
Aracolla,
Adulalla,
Mumucemi,
Nolla,
Urichaso,
Fasonya,
Ubunogo,
Asusama,
Uluga,
Olligueso,
Oramande,
Udufuelo,
Acala,
Ulumeo,
Falucí,
Lullano,
Ocusí,
Choria,
Cunaya,
Usín,
Bosú,
Aquojo,
Aque,
Quindó,
Ledome,
Cosú,
Guaraqüé,
Aquió,
Güesú,
Güisú,
Bucá,
Midé,
Chála,
Bocoia,
Dosú,
Eñamacoro,
Queseme,
Bucó,
Duca,
Busu,
Domusa,
Biá,
Jesú,
Bocoño,
Susú,
Boqüebí,
Alibó,
Dogüé,
Güevi,
Iesa,
Bal,
Sonbari,
Usomí,
Acolí,
Debué,
Oyó,
Ayémbolú,
Sailú,
Olindé,
Comolú,
Bellocú,
Atiólá,
Atiliser,
Opogu,
Oyeró,
Oquerimí,
Guadaerú,
Cóle,
Dogú,
Ailequé,
Ladapó,
Oguró,
Orubellu,
Olumalí,
Olucadé,
Osesú,
Cuculí,
Ayévilli,
Ogullaví,
Somuti,
Ochólleve,
Lequelle,
Ogúolú,
Oluché,
Quichóu,
Chovelle,
Pelú,
Oguélé,
Edún,
Oréboré,
Ayaí,
Amapé,
Cusí,
Paboalé,
Edúm,
Adeogú,
Desollé,
Faboé,
Yúalé,
Aquiladé,
Ayalá,
Aladó,
Orunamé,
Ayavi,
Edum,
Oyeguó,
Bocú,
Quaburé,
Ochota,
Fondé,
Obó,
Aqueúsé,
Chocólolá,
Aóle,
Uquellevi,
Ayenó,
Aquisollá,
Agonó,
Fachoí,
Adeví,
Lusaradá,
Agóle,
Aegolá,
Aviva,
Ayendé,
Fao,
Obayomí,
Alaya,
Ayededú,
Adeqüevá,
Erubilli,
Sanó,
Aquiode,
Aquiolá,
Ocudé,
Subadé,
Ulloró,
Aýnó,
Jailá,
Oguiémoguó,
Aquibolu,
Churumbé,
Vivicón,
Cumaquaí,
Acomún,
Oyololá,
Oquibolú,
Chovandé,
Odobú,
Oluci,
Aguacón,
Vóle,
Oluíellú,
Ogúlelle,
Bambosé,
Aquibé,
Lagudé,
Acoñu,
Llegoló,
Aileso,
Áyala,
Somusti,
Chogulé,
Oyá,
Egolú,
Aribitó,
Laleye,
Oculafú,
Laundí,
Egullovi,
Iguechú,
Olaniyonú,
Aguiadé,
Egluolá,
Alamadé,
Checú,
Cholotón,
Aquinumi,
Oludé,
Vitoye,
Abiono,
Bolumadé,
Ayá,
Aenó,
Ulucino,
Ochí,
Ayevorisa,
Aadé,
Nofomo,
Oduoga,
Choyalú,
Aboisade,
Oliqueille,
Aylá,
Otayomí,
Ocusono,
Orruton,
Cholá,
Ayíví,
Oyecolu,
Aquiolú,
Aretí,
Iaví,
Onechisu,
Cunumí,
Coulú,
Odé,
Yevorisa,
Suleye,
Amanilla,
Abati,
Lobandé,
Oyenua,
Somadí,
Oduto,
Edogú,
Aribito,
Machoqui,
Lefoteví,
Ogufuavi,
Olimbu,
Asubii,
Fabii,
Ogullenú,
Tabí,
Demagá,
Padipe,
Luche,
Egunllovi,
Ocuninde,
Horayú,
Ilo,
Igne,
Aynó,
Fela,
Oyecó,
Aquídipe,
Oculí,
Falola,
Odueicun,
Aquisolla,
Lanilla,
Ogunumi,
Aquiadó,
Lacorum,
Ocundayó,
Felá,
Ucoton,
Ogutade,
Ibodé,
Aquisé,
Ayae,
Oquolá,
Somaqui,
Salacó,
Ochóla,
Locodó,
Lubí,
Ogulalá,
Onochí,
Alecuyonú,
Fallolé,
Iaé,
Cuélé,
Ayanó,
Ique,
Adeville,
Olubayí,
Dufora,
Cuareconú,
Alamú,
Aguía,
Aquilato,
Oní,
Ogudinó,
Adesolú,
Ochocó,
Ogudiqué,
Anecollia,
Orosolla,
Adevi,
Aquibami,
Alagüé,
Agobolá,
Abiora,
Cosibi,
Oguolú,
Aquibilé,
Abiodúm,
Allevorisa,
Aquidé,
Agüelé,
Motún,
Lemileco,
Igné,
Enilé,
Eduvita,
Viteco,
Oduville,
Igue,
Villelú,
Aiéque,
Villango,
Oloyó,
Adegualé,
Adeguala,
Oñúcolá,
Aviola,
Uquánton,
Subladé,
Ayoade,
Yesindé,
Yelemi,
Sesiló,
Dufóupé,
Muladé,
Mulayé,
Faquelle,
Ecusumí,
Desamé,
Odu,
Fayoqué,
Efuiyomí,
Amaque,
Odumbacú,
Efutadí,
Mafibi,
Epupáno,
Efudipe,
Lafemiguá,
Egulloú,
Ogullí,
Avidó,
Mariundia,
Adegüemi,
Barunlá,
Oyeoguadé,
Chibocú,
Ebuchitó,
Ejuyemí,
Bangualá,
Eulomí,
Odusolá,
Ecosumi,
Ocunumí,
Aqué,
Fidemoguá,
Efuñadú,
Ariegüe,
Aquivá,
Aniólá,
Lamoné,
Efullé,
Malirigú,
Eusú,
Macallú,
Sabilli,
Lucubi,
Aysí,
Ayofecú,
Elecundí,
Orubámocó,
Ayílé,
Omiraalli,
Odureco,
Ladimú,
Baulloco,
Oyenille,
Faboqué,
Achacú,
Fallelú,
Lagollí,
Laculé,
Mafullú,
Cudelli,
Ballomí,
Mataallo,
Oliquelle,
Fugüo,
Mellegué,
Baquelle,
Viade,
Aquilabi,
Omocó,
Fisico,
Bucari,
Gotí,
Panda,
Macane,
Iponcia,
Ipogo,
Isame,
Nombo,
Eguan,
Can,
Polopo,
Iquana,
Ibom,
Sonda,
Elepi,
Isongo,
Mecancio,
Guanví,
Buma,
Icaba,
Yun,
Difa,
Betonde,
Vera,
Ipando,
Epanda,
Guan Vili,
Elupa,
Nanvacio,
Isuma,
Acoma,
Gule,
Vilimpi,
Mavie,
Lampa,
Isumuevo,
Ipanda,
Icuer,
Lungo,
Daba,
Ecume,
Guetendidi,
Tuque,
Lupa,
Guanvi,
Ipepe,
Isuevo,
Isengue,
Vevi,
Ito,
Bunga,
Ipanlo,
Icango,
Ofu,
Llecon,
Sumaco,
Muyabe,
Millon,
Quemada,
Sombe,
Gare,
Iguan,
Cuan,
Sumantua,
Ison,
Ebule,
Evo,
Bumen,
Uqueli,
Uque,
Cor,
Io,
Loqui,
Difole,
Iguanvi,
Biloque,
Que,
Epanlo,
Manque,
Yoka,
Ganco,
Dima,
Quanvi,
Mandaria,
Mona,
Mayolo,
Gueme,
Llamise,
Quere,
Ioá,
Isa,
Seba,
Cubá,
Ga,
Iguane,
Belenba,
Sombue,
Difuonza,
Isan,
Pater,
Gan,
Mamale,
Isoma,
Hoque,
Gomo,
Toque,
Ban,
Sebe,
Ico,
Vele,
Masuca,
Inga,
Yolo,
Pogo,
Ian,
Yuyu,
Manebo,
Mato,
Llaca,
Maito,
Difor,
Iquan,
Ñanve,
Ñamese,
Icambianve,
Guan,
Difone,
Coloó,
Ipongo,
Penga,
Singua,
Pongue,
Ponto,
Londie,
Da,
Llameñene,
Lleme,
Dengon,
Sison,
Ecoso,
Apon,
Difo,
Ensan,
Diguisan,
Docuano,
Escoba,
Isobe,
Eton,
Doma,
Ecubina,
Loque,
Yibi,
Sobila,
Pacate,
Naruma,
Huma,
Bla,
Gugu,
Elenju,
Doque,
Llobe,
Premeya,
Simandin,
Yeque,
Egue,
Corege,
Ecen,
Quema,
Munitongo,
Endene,
Sin,
Nogomese,
Isole,
Masí,
Llame-Colle,
Iguaje,
Ungomà,
Ocanlló,
Neú,
Aquegüé,
Obosaco,
Taulica,
Ayoca Culove,
Aoncilica,
Unadécia,
Echinaca,
Lemon,
Buelle,
Indocá,
Acamera,
Asacuamaro,
Ebequilia,
Güalaca,
Bà,
Güeque,
Ocolia,
Ebara,
Obrú,
Ibésin,
Oquerore,
Esinuco,
Obolli,
Alioja,
Emage,
Emuebia,
Eúna,
Ode,
Ubí,
Ybecüé,
Creque,
Ocuará,
Greca,
Añacó,
Gungüé,
Ocolí,
Guaneque,
Ecubiri,
Opabia,
Quella,
Acalajo,
Obilero,
Iqué,
Guambé,
Aleburó,
Ototó,
Imó,
Limá,
Dovisí,
Durigue,
Elechurù,
Aluchoñe,
Icañaun,
Ocrecre,
Obedece,
Adele,
Manechovo,
Esuedo,
Oorafó,
Guadareque,
Erina,
Unadociá,
Dicogo,
Omona,
Matempa,
Abaguí,
Asamuba,
Aumbuyà,
Enduqué,
Naga,
Ocrafo,
Ocronena,
Irosaca,
Ecueque,
Ugunta,
Unadocia,
Chiromá,
Nanble,
Aniqüé,
Onuhoja,
Ocorí,
Aguedá,
Onuoge,
Obicó,
Agabito,
Isigua,
Oñagase,
Anocomima,
Ucabú,
Parotó,
Onodroco,
Acuando,
Ocrequenta,
Nabó,
Oquene,
Oñerisa,
Oñeriá,
Ilegu,
Onoga,
Iguaya,
Oguele,
Ugueca,
Güacamà,
Bafá,
Isahano,
Gobo,
Ecoubo,
Acomegulosa,
Borí,
Lleviraco,
Omadó,
Outigüè,
Ecüínè,
Bequé,
Emborí,
Bequè,
Ucheuna,
Guañenbá,
Ongobá,
Ogò,
Boria,
Obiraco,
Obara,
Guambó,
Ellim,
Voperé,
Bafua,
Oganza,
Emequerigene,
Acoreche,
Bocua,
Oñenaquia,
Etama,
Ahí,
Achirina,
Eguafo,
Ucuagò,
Ucuabú,
Eletonja,
Moogu,
Osacamà,
Guangoro Hua,
Güevaguá,
Ocaduco,
Otoaco,
Teremono,
Vinboro,
Onacaregue,
Ocuamà,
Oguajucó,
Agiocüa,
Ogamana,
Bocuam,
Güatá,
Cuchecoroma,
Adá,
Beque,
Ocüaco,
Onuyé,
Onguidí,
Ocheunda,
Oboché,
Ebí,
Aleví,
Vogo,
Dagàn,
Vdó Cuó,
Apago,
Vdó,
Apàn,
Vló,
Mòre,
Esié,
Dofán,
Vmo,
Quesum,
Atú,
Cantá,
Vmó,
Vmoré,
Ichí,
Canta,
Vlo,
Irío,
Vmore,
Vtim,
Emió,
Ecando,
Sigua,
Epeño,
Isi,
Iñauro,
Atip,
Oculó,
Paliagà,
Lofia,
Apanachucó,
Apanamaná,
Iñà,
Fañà,
Omovino,
Iña,
Vmarà,
Illamade,
Vró,
Vro,
Cabio,
Muivà,
Vpé,
Masabo,
Antó,
Omó,
Isiundo,
Acuele,
Esiú,
Negué,
Và,
Aicien,
Carací,
Engüa,
Aliagà,
Aliaja,
Ituguípa,
Imagué,
Ayelecú,
Ayubelé,
Anyá,
Dale,
Palú,
Agueson,
Apaida,
Futí,
Avití,
Adogà,
Llem Yaca,
Hora,
Osagara,
Ibere,
Allebuchú,
Abayomí,
Llayum,
Elullerí,
Amara,
Oré,
Oneca,
Allena,
Dou,
Vsidí,
Defoibí,
Ulló,
Gubí,
Echumadé,
Achindí,
Ebeché,
Allala,
Egullaví,
Guarè,
Maticú,
Alayodí,
Abirucú,
Lasodé,
Oqué,
Donbocú,
Allenà,
Ucubí,
Facú,
Laufí,
Adadé,
Allahí,
Lucí,
Gullaví,
Lucilé,
Macolé,
Llaví,
Feripé,
Faú,
Adeolé,
Eluchae,
Abayobé,
Bangarí,
Aquiòdí,
Cutano,
Sepó,
Allecam,
Ocolú,
Ollú,
Oguru,
Guacaí,
Bangolí,
Brusí,
Abiogo,
Aquiyolé,
Allelalá,
Aladí,
Nofi,
Ellegudí,
Avirogu,
Ochuro,
Aquibó,
Ollé,
Doo,
Fafú,
Fau,
Pauchá,
Chota,
Eguledí,
Eluiellé,
Maladí,
Ericharope,
Ió,
Aquintá,
Cumbalá,
Adadeyú,
Acauntá,
Obularo,
Adeyalú,
Arreú,
Chanú,
Lubacá,
Charé,
Adeolí,
Maidé,
Amadú,
Lacili,
Yegú,
Maye,
Bancolí,
Acunó,
Changobií,
Adelletá,
Adeyobí,
Allagué,
Achunulay,
Fayú,
Allechim,
Bedó,
Gueguelare,
Uchalumucó,
Adubudé,
Egué,
Ellú,
Loabí,
Illenecú,
Aqueleú,
Ogunella,
Abirugo,
Dio,
Dorochin,
Omoniqué,
Malará,
Fabé,
Mofuí,
Ollá,
Otuyá,
Chaya,
Ailé,
Desuví,
Aquiapo,
Cuayumí,
Atinalá,
Abagá,
Oeyelé,
Ochotá,
Novilú,
Duú,
Abé,
Adio,
Odugá,
Onofuabí,
Atialá,
Aquisón,
Mado,
Ollecá,
Lacendí,
Adigú,
Mofalaco,
Aquibelé,
Ocunú,
Odunamí,
Adelacú,
Llodá,
Patina,
Bodea,
Aquimadé,
Oluisí,
Cupolillí,
Eló,
Aduname,
Oribeye,
Brinde,
Abiohí,
Aebola,
Luebú,
Dotimí,
Aquiadé,
Aquisande,
Locudú,
Aínó,
Lellecú,
Ulupede,
Allecandá,
Arogué,
Cualá,
Seudú,
Adezoyé,
Macuai,
Adebulú,
Acaró,
Aqueadé,
Achiloye,
Chooó,
Odellí,
Aquileó,
Cupalú,
Chumefú,
Laguayá,
Avicolu,
Ugovi,
Lubaiví,
Ochoso,
Aremú,
Cochea,
Adinallé,
Aqùisanyá,
Adechiló,
Mayobe,
Macú,
Alí,
Aquiolé,
Oyineca,
Ocubabí,
Baniyó,
Ladé,
Aquinulú,
Aquinomí,
Anecú,
Ucuole,
Agullemí,
Adillelí,
Polona,
Fabulú,
Oduta,
Yaó,
Aquiboladé,
Omoladé,
Seedú,
Duù,
Cugúdió,
Maronya,
Ogudió,
Fullavi,
Abilugú,
Olailó,
Ochoyomí,
Olude,
Acundaro,
Omoché,
Abucuní,
Eselugó,
Oguadé,
Olloya,
Oloculé,
Allasá,
Yagú,
Nabobuyé,
Fulala,
Lohuocú,
Aconí,
Adecuné,
Aquiamí,
Aquichiló,
Allíbudo,
Aibisu,
Cuato,
Gutuí,
Aculasí,
Obuchí,
Llafú,
Ocallebó,
Culimsá,
Fabú,
Oyecambí,
Ochocule,
Leedo,
Ocunguí,
Arebeca,
Fangua,
Ollechile,
Uguremí,
Yondá,
Chooco,
Odumelo,
Cubanlló,
Grumbí,
Màcu,
Ollerindé,
Aviví,
Odeví,
Olañuró,
Olledilla,
Ocolana,
Odutoyo,
Aquiumí,
Ochimande,
Fayomí,
Acholeca,
Bambopà,
Palipe,
Garuba,
Gana,
Adeimica,
Agué,
Cuchoó,
Aviodó,
Condovó,
Amodu,
Aquichumí,
Ideú,
Aquivadé,
Sumefú,
Ladepó,
Omocué,
Mamó,
Madaíco,
Otó,
Aquide,
Bambola,
Bamboché,
Ologuocú,
Fadeí,
Fatiumbú,
Odó,
Abiluú,
Ocumumí,
Elufabí,
Adó,
Falloví,
Abiceco,
Bambopá,
Oluqueé,
Aquilulú,
Cellamí,
Aquivaní,
Oyamí,
Aquivamí,
Oguchú,
Ululó,
Aquivú,
Ochadulucú,
Ainó,
Olosoutú,
Monudia,
Fenoalá,
Feyolú,
Egú,
Fabolé,
Yesomú,
Ollicolecú,
Lacuá,
Furíadé,
Laleva,
Llellé,
Aniguaco,
Malolá,
Ainà,
Defolu,
Apuchetó,
Llahí,
Ahofonchequé,
Materizá,
Efuledé,
Madiabé,
Deumique,
Ololló,
Adebegú,
Llimotu,
Allinó,
Caleyaé,
Cumí,
Fazá,
Lachigué,
Vallemí,
Laniyorú,
Machiáve,
Orefumé,
Feneolá,
Onofumí,
Lleyé,
Edoú,
Efutuono,
Mafí,
Oputopé,
Cuyonú,
Abayomi,
Ambigú,
Afuelú,
Macoyolá,
Amachitó,
Laitó,
Oyubamví,
Lucha,
Alubé,
Miñoa,
Fosú,
Meza,
Chañó,
Tanguó,
Ñafe,
Temó,
Chelí,
Jaú,
Bougaña,
Baudi,
Socá,
Visamá,
Chuá,
Subó,
Cali,
Guacaré,
Bindi,
Bengue,
Caná,
Macha,
Ganyua,
Maudequé,
Bulé,
Brá,
Famá,
Jaqua,
Torú,
Lloguo,
Llovuó,
Bacaí,
Faquaná,
You,
Cuara,
Mazá,
Fajá,
Sisi,
Camó,
Duolí,
Balá,
Guebó,
Pastel,
Cuabé,
Dají,
Coné,
Coñó,
Guisí,
Gubé,
Babre,
Poni,
Goní,
Baula,
Luaché,
Cogué,
Viá,
Falla,
Luambá,
Chimbo,
Maudeque,
Ñengüé,
Chaudo,
Bélle,
Taró,
Mauyó,
Fue,
Coná,
Chaba,
Feli,
Llevé,
Madeu,
Guibú,
Mauyá,
Qüé,
Gumbá,
Majú,
Pocoró,
Mauú,
Guaña,
Llopó,
Lliva,
Pamani,
Llivisa,
Guri,
Chavá,
Fatre,
Ualle,
Vavañá,
Ñangae,
Bullimi,
Bató,
Uré,
Fima,
Quagina,
Bambá,
Culamá,
Manyó,
Cundé,
Fandó,
Chaño,
Beló,
Mafi,
Mañe,
Mafe,
Finda,
Llagri,
Ylo,
Mañé,
Chú,
Sulo,
Sul,
Cagui,
Guoni,
Calí,
Duó,
Guiego,
Alúsá,
Ocafá,
Paní,
Taté,
Falolá,
Callodé,
Cuduró,
Adiolá,
Lafá,
Vnó,
Abiché,
Aquiloyú,
Ollí,
Vancolé,
Máma,
Defua,
Vellocú,
Abiel,
Ochonuce,
Mobé,
Vlleneca,
Odellimé,
Amaní,
Olichalí,
Olachadé,
Abudo,
Adí,
Adechitó,
Achadé,
Ubeillí,
Ochomoyé,
Allibogú,
Adeno,
Olellé,
Cubilé,
Adudú,
Lalá,
Dare,
Adota,
Aquibesá,
Llendá,
Vnuyó,
Changuví,
Aquinsí,
Ygned,
Noocú,
Buca,
Adimllí,
Aquimitó,
Afunchó,
Vdochina,
Ocueví,
Moniá,
Vonvoché,
Aolé,
Alabí,
Elucusó,
Edeyó,
Faletí,
Osocó,
Atizá,
Abeola,
Acondí,
Anoví,
Adeguí,
Ñadá,
Ydoú,
Aquichamó,
Vlecá,
Choladé,
Adelligué,
Abrugú,
Quequiré,
Vanguilí,
Olayé,
Abinó,
Ogucholú,
Adoulí,
Aquibei,
Echade,
Amaino,
Colú,
Vqué,
Adisá,
Vlufemí,
Fanomgüi,
Ochaví,
Ayasá,
Godovoro,
Vancole,
Adenó,
Adecolá,
Aquiuné,
Echuví,
Aquitó,
Olubavé,
Odichié,
Adunfá,
Olachiví,
Aqueloni,
Fechuví,
Adellamí,
Abinchí,
Etaví,
Falleú,
Atebodé,
Villocú,
Canquí,
Olalú,
Adunta,
Adecuygo,
Iabó,
Adicombí,
Oconu,
Aelabí,
Olichayomí,
Oichaví,
Alayomí,
Olucuedé,
Ochaquellé,
Ladequé,
Feichique,
Lapaé,
Acomí,
Famí,
Vdeocú,
Odofá,
Ocholemé,
Allioecú,
Alliví,
Defefué,
Aino,
Allepolá,
Aichemí,
Tacó,
Abale,
Anonca,
Allenubí,
Alletovi,
Ochondelo,
Faquellé,
Yéseñó,
Monioqüé,
Latundé,
Omodé,
Moleguá,
Mamefuló,
Alleque,
Otí,
Ocuabodé,
Auví,
Codú,
Biosí,
Lanumí,
Yesende,
Alabá,
Coborolá,
Aguiní,
Ebulé,
Ocumú,
Yenumí,
Modelé,
Amopé,
Ecundayó,
Guayumi,
Veruné,
Cuchesí,
Afuni,
Aicá,
Chamoye,
Ygue,
Efiomi,
Pelù,
Ioriacheo,
Cucolui,
Yferunque,
Amoqué,
Cubolayé,
Echagueno,
Leyonocú,
Jaminó,
Yacó,
Lardigué,
Acola,
Amachá,
Mayabé,
Oreví,
Echaqueyé,
Aradoyó,
Laucí,
Olleneví,
Dobé,
Tamomó,
Bayomí,
Amoleco,
Omacheví,
Ause,
Eclimé,
Adeyoqué,
Binotomé,
Debecho,
Omobú,
Abedí,
Achacù,
Chaendeve,
Malleodumí,
Vnconé,
Aruna,
Elú,
Joseví,
Buyo,
Agüea,
Dosaví,
Soni,
Guaso,
Quínci,
Matumona,
Bele,
Bensa,
Bitasanvi,
Fumonve,
Munché,
Guancay,
Mués,
Fuanche,
Llénda,
Lufuma,
Dulendo,
Quinquela,
Blenfo,
Dibongóma,
Menta,
Sansúnsu,
Sita,
Bitasánvi,
Canga,
Maluáva,
Mampoyá,
Landu,
Chendá,
Gomá,
Quiánfu,
Muacasi,
Puguta,
Mabumbu,
Donve,
Guinve,
Quinpucuta,
Banvi,
Quibango,
Fuianvele,
Mabinga,
Babu,
Malundemá,
Guayeré,
Panvu,
Nangá,
Sagu,
Fuanvá,
Fuanvele,
Fumuanva,
Ycuté,
Mindere,
Fongo,
Quióngo,
Chasa,
Fumuánvi,
Queriáco,
Chí,
Luinvá,
Bongá,
Sangú,
Sunda,
Chundu,
Buya,
Muácasa,
Fumuanvé,
Mayala,
Idinbuque,
Fuanvi,
Fumanvi,
Segue,
Fuánda,
Míni,
Tóto,
Paca,
Matári,
Quivaya,
Nimí,
Danva,
Cosó,
Sequé,
Guavita,
Pobandonve,
Ibuánvu,
Fuevá,
Manuána,
Iséque,
Sitú,
Mangúlu,
Búcu,
Fumeánve,
Menogóma,
Mayolonco,
Gadé,
Gunvá,
Maviála,
Fumuánve,
Pasi,
Manímafíta,
Manchínga,
Uqueúque,
Malanda,
Cabango,
Impuabú,
Quiála,
Socolólo,
Mábutimoma,
Foquiangoro,
Quivá,
Changuende,
Icunlondá,
Lenfo,
Químpeni,
Léleca,
Cameza,
Invenza,
Ilongo,
Isuámi,
Insuiquí,
Mafuá,
Moanda,
Maviára,
Isieré,
Inchunvo,
Iuchasa,
Fusolaná,
Musitebadá,
Cóndere,
Musi,
Culumpási,
Calámeno,
Butí,
Fumba,
Drigonde,
Selo,
Mucula,
Nimó,
Abalá,
Sirguí,
Formú,
Bagó,
Bián,
Caculá,
Güiá,
Chabú,
Quenié,
Fatá,
Lobá,
Fode,
Majá,
Bocay,
Laay,
Chará,
Burama,
Donge,
Llatá,
Chimbe,
Chalufú,
Buyame,
Tambá,
Yondia,
Yatí,
Damajáu,
Chayo,
Falá,
Boga,
Quelefá,
Sagá,
Bochá,
Lay,
Querombé,
Dánda,
Chara,
Yatá,
Queté,
Danbory,
Pebí,
Congora,
Lazó,
Poré,
Manyé,
Querengué,
Masú,
Numó,
Siré,
Satané,
Momóre,
Lledufila,
Cerefú,
Chaca,
Cade,
Simá,
Davi,
Camá,
Lugú,
Cube,
Menquí,
Toláma,
Tubayáve,
Bongui,
Llamba,
Músa,
Yemí,
Chiú,
Písi,
Sogo,
Guráme,
Chío,
Báte,
Quegüila,
Tumane,
Fudí,
Congui,
Yoay,
Mamáro,
Chabo,
Sisí,
Búcar,
Jare,
Maro,
Godá,
Chiré,
Canlú,
Gamóro,
Moviá,
Sabú,
Ulá,
Anemamis,
Sivirí,
Numú,
Faguí,
Mamatí,
Gore,
Baycó,
Sumbé,
Yafrá,
Guelú,
Fatumá,
Gobó,
Cutú,
Faní,
Sabá,
Tirá,
Bangres,
Comane,
Yagüéy,
Yelí,
Bantú,
Mentú,
Vindá,
Fabá,
Camisá,
Buendí,
Dará,
Simbó,
Bariñáma,
Lubá,
Durá,
Judis,
Buey,
Puyé,
Culipá,
Foró,
Lonemá,
Corá,
Cueyá,
Baindú,
Yelé,
Fné,
Cuñá,
Meneidena,
Finguilé,
Chambá,
Yení,
Bareñuiná,
Fábá,
Sayó,
Yembé,
Gaya,
Liquá,
Gué,
Quenviá,
Mariá,
Simití,
Cumbá,
Güendi,
Yalle,
Chatá,
Yembá,
Consó,
Simbéri,
Musúcu,
Safo,
Sengui,
Québi,
Ñonsa,
Ñanga,
Macanga,
Cumbu,
Michoco,
Sengue,
Langui,
Malundu,
Lundu,
Chinganí,
Macanda,
Londa,
Mulundu,
Lianvonéne,
Blondo,
Buíle,
Muéle,
Chelendo,
Chovinda,
Fúla,
Balenda,
Melémbe,
Iónse,
Quiéngue,
Quinvónca,
Ñanñe,
Luanga,
Pongui,
Gúlu,
Madungo,
Londe,
Dundu,
Musucu,
Muice,
Mosongue,
Macuanga,
Beca,
Maconva,
Chomba,
Llende,
Quela,
Chicalo,
Belo,
Chambu,
Cócolo,
Samono,
Muanci,
Muánci,
Masimbe,
Llengue,
Masíla,
Casa,
Sási,
Chinganá,
Muchedi,
Mandolo,
Sima,
Mañanga,
Dina,
Monse,
Petro,
Mapulla,
[sic] Manuel,
Duce,
Machuela,
Macone Manqu,
Mabiarra,
Guesa,
Panzo,
Oyaba,
Quingano,
Maraquí,
Maconda,
Encita,
Matá,
Isico,
Losangabunvo,
Lonvasi,
Leforcadi,
Acaya,
Macamba,
Lanlele,
Chuca,
Mavíngue,
Mocoló,
Lelo,
Sumbila,
Masara,
Chuela,
Chusa,
Goracasí,
Nancasa,
Polo,
Buniba,
Quiangara,
Quionga,
Mabanvo,
Miara,
Suasa,
Muaco,
Soa,
Beco,
Cambo,
Selotú,
Dibuire,
Sabí,
Gomí,
Mabonogo,
Quinsangala,
Lubela,
Moadí,
Nutete,
Lutete,
Nesamo,
Capitán,
Icita,
Diambo,
Leca,
Mabuire,
Malfunda,
Lembe,
Sacala,
Mavinga,
Pombo,
Dulo,
Dilo,
Mabiana,
Manyole,
Buú,
Quíoina,
Nemo,
Pola,
Bamba,
Lufmigo,
Tiemputo,
Sabíno,
Mambuco,
Mafuane,
Bacula,
Lubongo,
Guanemora,
Maleso,
Quila,
Duandra,
Cambuera,
Engú,
Meguesú,
Endo,
Macaco,
Muá,
Cafriama,
Laso,
Créso,
Quevulla,
Lando,
Isungo,
Pungui,
Nesana,
Moanga,
Guiry,
Guangala,
Gongo Juane,
Mangana,
Lomore,
Macanzo,
Buco,
Bongue,
Bame,
Diaca,
Guaquí,
Móanda,
Pungo,
Chiba,
Cafale,
Guimbí,
Gueta,
Cayra,
Dica,
Peso,
Funsí,
Mula,
Mafuca,
Boanquí,
Mondongo,
Guidi,
Soque,
Lusala,
Juba,
Lunguo,
Llampanguila,
Mabaca,
Mayada,
Ganecha,
Tila,
Fambo,
Suana,
Maquina,
Tunmambé,
Silamputu,
Mayano,
Benza,
Sumo,
Quianfu,
Chita,
Sumba,
Bugo,
Ensusa,
Mayomba,
Busa,
Vcuá,
Cungui,
Cunguí,
Soquí,
Quibo,
Ninga,
Temfi,
Loguele,
Cona,
Mansanga,
Lasa,
Fumi,
Locala,
Cadiamo,
Chimba,
Ecundayo,
Aliolá,
Coalí,
Manícepuí,
Amoatá,
Malu,
Becoli,
Llemonyé,
Chasabú,
Adufé,
Obaniqué,
Gambi,
Lilíoson,
Oduseña,
Onibío,
Abú,
Osuairé,
Idogú,
Mayagüí,
Ecudebé,
Llelle,
Ballocó,
Mesetube,
Ochotuqué,
Bambuchi,
Dumaolé,
Bangüí,
Equilé,
Ocotoibó,
Otombís,
Llecú,
Marigüó,
Bangüoquá,
Manioqüé,
Allagú,
Arecré,
Iafonqué,
Oposeví,
Tayeú,
Darí,
Manyoco,
Llebodé,
Ladiqüí,
Fadubí,
Epibodú,
Efú,
Filogu,
Latoné,
Tayú,
Billemi,
Bolonguá,
Ayodé,
Ayais,
Fucuyaví,
Achibulú,
Layeví,
Abaqué,
Efuqué,
Ayemuá,
Lacheta,
Ayequé,
Banquelú,
Nañá,
Allivié,
Maníequé,
Llaní,
Adieyú,
Diodó,
Lagüíñá,
Odeyobi,
Cholique,
Caví,
Fuchebú,
Aíbiví,
Adecó,
Aisá,
Conebábuí,
Aquivichó,
Ochogó,
Bofalá,
Aconú,
Ogundeí,
Oluyamí,
Ochatelú,
Coniqüe,
Abuédíé,
Cumaquai,
Idoú,
Molodó,
Chagúlola,
Ubébé,
Chadú,
Aedó,
Laquamí,
Ayaís,
Alubaricá,
Adelí,
Viana,
Aliú,
Viocú,
Abiodó,
Ayevís,
Fáchon,
Oguchiná,
Olucaisí,
Lanegüe,
Jayaí,
Olucodú,
Olufó,
Adicobí,
Aditona,
Ailecú,
Ochafi,
Qüeí,
Oguremi,
Culí,
Omodu,
Oconubi,
Aeli,
Abidogú,
Oludiemí,
Famuadú,
Madelí,
Aluci,
Oye,
Labí,
Chadarí,
Guolá,
Adiú,
Aquilotá,
Iquelú,
Oyecú,
Chadari,
Conibagüí,
Ocusedé,
Adierí,
Babá,
Odeú,
Bocumi,
Adechima,
Changotoibó,
Changuladí,
Madé,
Lasedí,
Adebuelá,
Güíneguené,
Falleve,
Adegüegá,
Oluce,
Olucucú,
Ogumballa,
Lasendí,
Malolú,
Ladiqüo,
Ogodó,
Acagüé,
Ayaní,
Oqueille,
Mololá,
Omuadé,
No dijo su n,
Jabim,
Ogudechi,
Agüizo,
Adevís,
Fachioná,
Llegulú,
Deseolú,
Aquiemí,
Lafenvúa,
Fanyé,
Fadilló,
Agüetí,
Ochombí,
Adeyemí,
Bancoli,
Acacó,
Amesoqui,
Aribó,
Dubó,
Bena,
Boifi,
Senome,
Chandú,
Cugüe,
Desé,
Avale,
Osá,
Agosú,
Boyofí,
Fileño,
Quebó,
Celodé,
Gurá,
Bollón,
Ocandi,
Meretañi,
Ocrú,
Dúndeché,
Padono,
Coria,
Següe,
Dadogú,
Aquete,
Gusú,
Lláu,
Qüevi,
Sisó,
Sagüí,
Belasa,
Medena,
Fachi,
Coyafi,
Degüero,
Ñajue,
Acosu,
Oboya,
Bosafi,
Obueñia,
Beñó,
Cuto,
Lutome,
Musu,
Qüereu,
Aví,
Doñosa,
Sisú,
Musú,
Ivdonú,
Chasu,
Oñeduloguá,
Oñellologüá,
Oñeduñachi,
Ellofo,
Unduqüé,
Guangüo,
Mocochá,
Oniá,
Gollo,
Esendo,
Ocafó,
Ofiamba,
Echugú,
Lloco,
Iqüique,
Esiricá,
Chinclú,
Obiano,
Gumali,
Enaneli,
Acubu,
Echin,
Guachicú,
Oguñilevá,
Anoquá,
Amaliqüe,
Ugüechíqué,
Emeleñou,
Aguemo,
Uguna,
Adeosin,
Coúma,
Aquen,
Iquebreon,
Chiducá,
Oñeneqüé,
Oquechicú,
Ideni,
Anoché,
Amacri,
Esala,
Oñevinguibia,
Ycarra,
Enechi,
Ananese,
Otelo,
Ojanalla,
Omoiqué,
Iboqüé,
Obiaca,
Sicoa,
Muócoli,
Anugu,
Machecú,
Muoqueque,
Enelemaridi,
Chileque,
Mucuclo,
Oñecole,
Alugu,
Omefuzi,
Boina,
Uliemenomó,
Abomuchi,
Ifédogá,
Moachi,
Ocurá,
Amoyá,
Bafo,
Juatá,
Adivo,
Boli,
Crabo,
Ugu,
Oñecamá,
Undubisi,
Bonia,
Nenna,
Evé,
Oí,
Orí,
Enise,
Obochá,
Oché,
Egó,
Usomá,
Avonta,
Abiqüé,
Bafó,
Ebeque,
Iguama,
Afinca,
Unbeque,
Uquaía,
Unbepa,
Unbuere,
Emboria,
Edim,
Oclavo,
Gualó,
Abaco,
Erumí,
Cutí,
Moramo,
Anacá,
Errican,
Llelé,
Llucú,
Aluyeré,
Aculé,
Aguandá,
Aibelé,
Eboyé,
Acucú,
Asimú,
Alaoví,
Llirí,
Alemo,
Alecu,
Adie,
Orrán,
Siguile,
Cele,
Ecusá,
Cachinse,
Alachere,
Apandá,
Balo,
Aumega,
Abuco,
Cocolo,
Ientú,
Ecubilóne,
Maua,
Oqueisí,
Ochoñe,
Nesí,
Guauqüo,
Nemaña,
Clecle,
Amateí,
Adema,
Abrá,
Güoná,
Osondo,
Honora,
Guanaisí,
Ilebu,
Madellulibe,
Endechi,
Camalu,
Cunó,
Chatito,
Ogüanaco,
Odeque,
Ese,
Ocreque,
Mocabo,
Úmene,
Ibe,
Aboa,
Otolegú,
Ocolugo,
Chegu,
Nadeisí,
Echimobó,
Ibeqüé,
Elegua,
Chicú,
Juanqüó,
Dique,
Chiqüequé,
Ibauachó,
Ijueve,
Ocrabo,
Ocloqüo,
Choque,
Ocrofo,
Gorima,
Echogó,
Amadó,
Edé,
Udon,
Machicú,
Ocleque,
Ogánga,
Undoqué,
Anego,
Equá,
Odeca,
Ucáfo,
Lloquen,
Juangüo,
Agu,
Ude,
Atumogó,
Qualebó,
Oguidi,
Utó,
Juanquó,
Humaná,
Ulou,
Isí,
Eñan,
Opala,
Etú,
Omú,
Opasi,
Esí,
Opalá,
Omoye,
Uloche,
Maden,
Ulofiá,
Opame,
Opá,
Tifia,
Opague,
Madi,
Isié,
Icando,
Uló,
Mendo,
Echín,
Bapavolo,
Obachi,
Mauó,
Iñá,
Urofiá,
Etibocora,
Acámeto,
Esaí,
Iren,
Iñan,
Incha,
Apaviu,
Ariaga,
Apaviú,
Uretun,
Ojalé,
Ugá,
Ojauó,
Obaca,
Odume,
Allí,
Iquen,
Evi,
Avocracrá,
Ecorá,
No espresso,
Ayó,
Crique,
Erico,
Otú,
Efericüo,
Ocüó,
Sidú,
Paramboma,
Pasí,
Infuca,
Chímanamono,
Moño,
Cosé,
Matundo,
Pambó,
Miála,
Suaca,
Uncuá,
Mayombe,
Buití,
Quíbango,
Quísama,
Munsangi,
Guamba,
Musie,
Mabaco,
Vnguidí,
Mísu,
Bañe,
Vngua,
Mocambí,
Gulú,
Goné,
Musíta,
Fampé,
Quiasáuca,
Somoño,
Dabango,
Quimbungo,
Macansó,
Bolá,
Malangui,
Misié,
Gatáli,
Matoco,
Ensay,
Munchego,
Isango,
Sungú,
Ensímba,
Quianglá,
Suadí,
Ensúsi,
Umba,
Mucási,
Songuá,
Malumbo,
Mamonumuá,
Ensiva,
Puó,
Bitumbi,
Machú,
Gabe,
Enchiva,
Umpuá,
Bucongo,
Mujingo,
Mudemba,
Ocuá,
Mugurú,
Ensambi,
Maguioná,
Umpúo,
Bula,
Dequive,
Gimuelle,
Fumbi,
Mampullá,
Siambica,
Divenga,
Insuavi,
Lufunguti,
Quietóco,
Guangua,
Guáno,
Diquive,
Puambí,
Bañi,
Muaya,
Masingu,
Bungú,
Dequivi,
Ibango,
Pungú,
Mueñú,
Musié,
Ensama,
Macóso,
Isísa,
Mabumba,
Oquele,
Muntuá,
Llóre,
Cafungu,
Quiudilá,
Osalesáco,
Locána,
Misimóñi,
Quitádi,
Guímbi,
Fanvómbo,
Ensúngu,
Fuani,
Ensumo,
Banda,
Onsamo,
Muagása,
Maviába,
Damba,
Muquilú,
Mabungu,
Mabengo,
Ebango,
Umpó,
Guvilé,
Isuáme,
Bodo,
Gónu,
Encíva,
Beñí,
Diá,
Chibuómga,
Manóansa,
Súmo,
Ensíva,
Lundú,
Qualangodé,
Macáya,
Bañí,
Ensengui,
Iñáte,
Muntú,
Macuála,
Guáca,
Cuánga,
Dínga,
Peteló,
Muti,
Masáqui,
Ensévo,
Vica,
Guánca,
Luquibú,
Insúmo,
Bucóy,
Muvamba,
Mobelá,
Luchivo,
Mocondo,
Mutélalo,
Malibato,
Undiéle,
Itánda,
Sundi,
Moalú,
Macongo,
Sácala,
Lumilicó,
Ensaco,
Fumuvanvi,
Mufuáta,
Matenda,
Luquíbu,
Mayú,
Bánsu,
Chínda,
Quivango,
Sanvísella,
Ensáti,
Manchú,
Ialá,
Dongó,
Unsenga,
Visisungua,
Linculá,
Masalú,
Dulú,
Búnva,
Quibúla,
Sinva,
Encása,
Muindo,
Lumbú,
Gombí,
Cádi,
Umbá,
Funá,
Mansuéle,
Súta,
Ensáca,
Bunsila,
Lucébo,
Quilondá,
Quífuáni,
Enselé,
Culámba,
Gundú,
Iangui,
Selé,
Quifilú,
Masánga,
Malondá,
Macánga,
Bonso,
Ifúmba,
Quiádi,
Quilolo,
Cambáni,
Iñángui,
Junda,
Delo,
Enséle,
Quiri,
Aeviñé,
Dugú,
Olicuadé,
Chatugué,
Acála,
Loguá,
Aquí,
Oluchellé,
Oyacomé,
Lacallé,
Bamboavá,
Acayi,
Oyatú,
Olanguyí,
Ecemolá,
Coniguagüé,
Acamú,
Aditode,
Ocuadí,
Adiní,
Aquilotoa,
Oyenucu,
Ocholú,
Mofalá,
Anicuá,
Agüé,
Lidé,
Banú,
Oyegüelé,
Emutoqui,
Demande,
Aquivami,
Vancoli,
Dadà,
Ñodá,
Oyagüé,
Adiví,
Faminé,
Ayagüí,
Ové,
Eyolé,
Onochidé,
Ogulane,
Vamivayi,
Jalí,
Otuolá,
Aquindé,
Odichino,
Faquí,
Afacú,
Avivó,
Tayebú,
Aquivo,
Yeru,
Onadé,
Tumbi,
Ocón,
Odúname,
Atondá,
Folanú,
Salú,
Oyeéco,
Isendé,
Aveví,
Igúi,
Adichumi,
Aquiyolupé,
Cosuluqué,
Liquecú,
Bosomí,
Ayufemí,
Acuoto,
Dileye,
Ayebó,
Agüelú,
Achatú,
Avayomí,
Conuvagüí,
Egúsi,
Daledé,
Tamolú,
Violunvi,
Moniyecué,
Olaqué,
Ayinó,
Ayilé,
Janicué,
Achifadequé,
Jolicú,
Vimimi,
Orichavi,
Cuye,
Falaví,
Adeocú,
Loguó,
Oliquayó,
Moloró,
Efulavú,
Ocualemí,
Bobú,
Vinoyó,
Asinvarú,
Aleja,
Sogaví,
Tuanó,
Legüí,
Illiolá,
Olundé,
Aylagüé,
Guaneguá,
Lamí,
Omiyamí,
Acanó,
Oguyé,
Aechemi,
Oyú,
Ayonó,
Ayóse,
Oyihualé,
Oyaguadé,
Cosívi,
Mavocayé,
Ochogualú,
Ochodicui,
Ladiyu,
Oyecumlé,
Ocotó,
Avinó,
Olalluma,
Amodó,
Layomí,
Güidé,
Cupaqui,
Odunitun,
Aditimpi,
Ochoví,
Aridegüé,
Eniolá,
Mafayí,
Cubulayé,
Veconú,
Luequeyé,
Bamibala,
Faviyi,
Oluvadé,
Fuyumoqué,
Ocupatú,
Boroi,
Chongulolá,
Ovaqueye,
Inó,
Faequo,
Lemicuin,
Andero,
Lumaya,
Ochiderru,
Ucunuse,
Ochi,
Tusallé,
Odulalú,
Ogávi,
Aifé,
Ocusica,
Arego,
Cuemú,
Adelesí,
Lafayá,
Ocumica,
Oyetuca,
Chovi,
Masayino,
Ochomoso,
Ochóoyoco,
Nobambrú,
Odúuse,
Gubito,
Mocuyadé,
Oyemama,
Adevié,
Efumu,
Efuciyi,
Moláachi,
Oyegó,
Eniadé,
Olusiadé,
Efuloqui,
Oyaví,
Achémoto,
Macuilú,
Odulamú,
Orébesa,
Adechovó,
Ochelaru,
Efuvadeu,
Ochuyimí,
Eñadé,
Mayafí,
Moyere,
Savaú,
Ojegüí,
Torome,
Dose,
Clapá,
Buefiví,
Pindó,
Bocósi,
Cueví,
Micosi,
Ofió,
Llá,
Víve,
Fune,
Dupaqué,
Maselé,
Evú,
Clipué,
Osevi,
Tabalú,
Bué,
Dagüemó,
Bocósa,
Pesá,
Jeví,
Faví,
Sí,
Boví,
Ocuendé,
Joronú,
Jocún,
Llillí,
Sedocú,
Basá,
Agusá,
Musuquetén,
Dinayó,
Jasundé,
Dusú,
Adún,
Caclo,
Seño,
Cuyejué,
Miyayó,
Fantá,
Anamú,
Ocudoló,
Olaví,
Vavá,
Talaví,
Ogaví,
Madarico,
Adiocú,
Orona,
Llamóco,
Alayco,
Achadi,
Adicuó,
Ayose,
Agufulami,
Asumá,
Aquiochu,
Vancolí,
Adisuba,
Oladubó,
Ovacheise,
Oyeguá,
Agüedei,
Iboú,
Oluveví,
Gerugá,
Egivochá,
Cupamitó,
Ocuegüemi,
Olayoví,
Iviolá,
Aguyé,
Motaayo,
Giviotón,
Iapó,
Ayimeví,
Lavá,
Givitón,
Cunumi,
Ayaguó,
Evó,
Anicú,
Aguerá,
Ocusón,
Ocoró,
Aticuá,
Ochulú,
Cupoluci,
Faquitiví,
Acalá,
Nilotú,
Dadí,
Aquei,
Clú,
Cocú,
Chofaná,
Puamba,
Badiambo,
Situtella,
Maramo,
Misungo,
Quismanga,
Lutatama,
Gidde,
Bambe,
Liango,
Layango,
Loyo,
Mavingo,
Suta,
Massala,
Risutas,
Kuti Quenda,
Entoby,
Beonda,
Lumbo,
Mgambella,
Mubealla,
Deabaka,
Quoiako,
Luambo,
Masamba,
Malambo,
Mampoya,
Joca,
Dombag,
Masabla,
Punge,
Miamba,
Buondu,
Sawa,
Buon,
Kilamba,
Qunmobe,
Tofongu,
Tambuy,
Gama,
Makullerra,
Kabudi,
Quamba,
Kifulongo,
Myala,
Sumbo,
Biramo,
Bela,
Sarwa,
Luomba,
Sakai,
Lusalla,
Tunamba,
Ballacanda,
Luongea,
Lorbo,
Goombia,
Zeala,
Pedco,
Mavandes,
Salaraco,
Zalaboomba,
Gosalembemba,
Enza,
Encoa,
Bokear,
Cootee,
Ememalonga,
Macanaronie,
Chemba,
Mosala,
Cuango,
Maansa,
Macuala,
Kiee,
Batta,
Mansa,
Deabango,
Lameve,
Sumto,
Matta,
Zeeta,
Usicana,
Geeta,
Jona,
Cuya,
Deambo,
Kinvambo,
Manfutin Zad,
Kembu,
Paulo,
Daidee,
Dandee,
Kua,
Kimbota,
Dangee,
Bumbaro,
Mavusi,
Sequando,
Cibba,
Zalambo,
Kindu,
Jonna,
Labonga,
Lita,
Teetaka,
Wakeli,
Malawa,
Jullee,
Kakolo,
Gosé,
Rando,
Manga,
Matumba,
Maza,
Wadele,
Dulu,
Suadi,
Wombra,
Guna,
Inece,
Paulla,
Junia,
Ambocisa,
Kamba,
Nearuge,
Kikonna,
Ukemba,
Kemba,
Lemba,
Kange,
Kaimbee,
Chona,
Zuri,
Polla,
Pansee,
Kabinda,
Dumba,
Kancumba,
Sonce,
Busy,
Ensala,
Densó,
Pezó,
Bucatá,
Butadi,
Monomba,
Cita,
Manué,
Maviada,
Guada,
Machévecha,
Canquela,
Menene,
Buambá,
Banchagá,
Buanda,
Musungo,
Macuyá,
Juananboa,
Machoví,
Chando,
Sindí,
Baguaná,
Muevé,
Utéto,
Tápo,
Chinta,
Ganvaca,
Guandasunve,
Guanvá,
Chilá,
Cúco,
Pézo,
Guaqui,
Cuñimbá,
Frerecha,
Casí,
Cavera,
Mafuango,
Cusiñero,
Quimquelá,
Cusala,
Joló,
Pamelo,
Juambé,
Jacale,
Enguela,
Notefie,
Fuménve,
Mavialá,
Olamba,
Guanchi,
Checha,
Chasí,
Fuambé,
Etegonve,
Buanchú,
Manguín,
Cúzo,
Gampion,
Moquino,
Gubola,
Iomgo,
Iongo,
Luquió,
Ubela,
Upála,
Luis,
Juanda,
Benchá,
Gacheva,
Güindo,
Chúcu,
Maquenva,
Chanchi,
Macabú,
Matari,
Unená,
Mafuya,
Uquá,
Poló,
Luquié,
Vufiri,
Viví,
Búra,
Puanvi,
Vucuá,
Vutórra,
Eniána,
Unquére,
Púqui,
Uncólo,
Vuchéle,
Cáñe,
Iaguá,
Vucurrú,
Sambú,
Unfiri,
Otórra,
Unquéle,
Ganfrá,
Pencho,
Ichirí,
Forradecho,
Enyuaná,
Manvualá,
Encole,
Enchíla,
Chagualá,
Pinchí,
Daguací,
Batufuéra,
Bonapúmba,
Macuénde,
Malálo,
Cabuílo,
Unbáca,
Ruambá,
Dómbo,
Queviri,
Pampé,
Fumuánva,
Landá,
Lélo,
Tonche,
Chúmbu,
Buanvu,
Landú,
Toná,
Banchi,
Dubongo,
Lime,
Toní,
Fuáde,
Gringóyo,
Fuanvé,
Chimbó,
Búri,
Chonó,
Dombó,
Uluba,
Salu,
Muláza,
Sabóna,
Sucánda,
Fuquimana,
Bialú,
Vungá,
Mangá,
Fucú,
Maculá,
Choní,
Casinde,
Puya,
Puriciá,
Sangrá,
Bunvá,
Fuandá,
Maséque,
Pandá,
Ruambó,
Vandá,
Fuaciá,
Muanve,
Singue,
Filuembe,
Quivalu,
Quivalú,
Llulambá,
Bencha,
Fumo,
Quembo,
Songó,
Gumbé,
Changú,
Eyú,
Úa,
Fuche,
Ayémba,
Cála,
Venga,
Lubúme,
Fuanda,
Lobe,
Dofúzu,
Moné,
Siguá,
Luámbo,
Bimda,
Bémbe,
Duri,
Chambí,
Cufuá,
Puncha,
Casiguá,
Banqui,
Tuna,
Gonda,
Dundú,
Jangu,
Mampuyá,
Guido,
Chembo,
Mayalá,
Nanga,
Pézua,
Bancha,
Mayalé,
Dobunga,
Gándira,
Siro,
Funda,
Távere,
Suasá,
Bumbá,
Iongó,
Chánra,
Iacalé,
Abácara,
Luangui,
Vila,
Madana,
Boque,
Muané,
Quitone,
Dobása,
Bambú,
Bucia,
Mucinva,
Sucamá,
Iuáne,
Chabe,
Conda,
Ganché,
Concó,
Cancha,
Tundo,
Butelande,
Cay,
Egüilo,
Bundunvú,
Senque,
Unvialu,
Dambá,
Tubi,
Bueye,
Fuengue,
Sindilá,
Bungá,
Bangui,
Dobucú,
Difuá,
Ote,
Palumbo,
Dubé,
Buci,
Chindi,
Choná,
Llila,
Desongo,
Ludá,
Icume,
Cuté,
Dade,
Suami,
Quiuma,
Penqui,
Mafuasi,
Soqui,
Chaú,
Umbu,
Cafú,
Quibelo,
Chario,
Masinca,
Duru,
Manfulá,
Quéte,
Ñangue,
Bindá,
Michilá,
Yaliví,
Irorobú,
Iibó,
Femba,
Machenda,
Fuáncama,
Masála,
Ucúmo,
Iguana,
Macurí,
Samangó,
Elómo,
Epamdai,
Ecóso,
Isengin,
Ecumá,
Musanvo,
Ellongó,
Dijón,
Ucombá,
Gán,
Gucú,
Dubí,
Simore,
Evén,
Bomá,
Dibuma,
Epandá,
Epóme,
Esó,
Ipanga,
Eguán,
Isamo,
Tubá,
Eguána,
Ecanda,
Osíve,
Evín,
Pinda,
Etuqué,
Esongüe,
Sáma,
Ecóun,
Ñabutá,
Nala,
Pilló,
Montera,
Sico,
Múcu,
Inllí,
Eguanyá,
Ion,
Ñamesé,
Ñó,
Sique,
Ugná,
Boma,
Cuevo,
Iguán,
Insá,
Bisón,
Bombarizo,
Luí,
Difón,
Acuén,
Econga,
Loqué,
Có,
Gomé,
Inguá,
Canhí,
Denvenpo,
Quisón,
Dadiáquecí,
Infón,
Jomoqué,
Comová,
Sóma,
Undocabo,
Ñapá,
Efuláve,
Ñango,
Vilá,
Cameté,
Enina,
Ecanvío,
Sanqué,
Chomlo,
Epeve,
Gancó,
Llave,
Andí,
Momdá,
Uafón,
Eyoqué,
Andì,
Guaque,
Mufá,
Esongá,
Gá,
Somé,
Insana,
Nacori,
Ecón,
Eúba,
Eguá,
Chumú,
Evoré,
Divungue,
Unfón,
Matingue,
Decutú,
Guí,
Gáre,
Garé,
Llap,
Ñá,
Esinga,
Bonacú,
Macongó,
Yare,
Divin,
Tú,
Levé,
Encámo,
Naseu,
Di,
Ocase,
Engí,
Beloqui,
Sase,
Equangue,
Búa,
Ensá,
Lap,
Ená,
Gúma,
Cap,
Eponví,
Yumás,
Doná,
Laquitaqué,
Ión,
Macón,
Mucurí,
Ganyó,
Véra,
Unsú,
Maloqui,
Leví,
Ionga,
Inaiá,
Caesé,
Gonga,
Mocorí,
Ecolipá,
Tangóo,
Ecosó,
Ecú,
Górre,
Evuelecón,
Gane,
Cán,
Fonquí,
Epú,
Etacon,
Nene,
Mué,
Eguamí,
Mecato,
Muengue,
Ecumé,
Semá,
Muangón,
Ñacá,
Moyongué,
Iucú,
Manvó,
Muangon,
Toco,
Esín,
Visí,
Umique,
Muángon,
Unpongo,
Upongo,
Tángose,
Muángo,
Etóqui,
Manvol,
Lende,
Eyóne,
Joninu,
Tóroco,
Esaco,
Sene,
Macáco,
Matesá,
Dolo,
Mení,
Llusú,
Monyo,
Dutú,
Yusú,
Mococó,
Encoó,
Muongo,
Yolé,
Venanvé,
Máuguon,
Uncol,
Muató,
Emórre,
Juanque,
Ié,
Etoque,
Etóque,
Ñanquese,
Etocue,
Moyóngue,
Emá,
Mediá,
Fúli,
Potí,
Ñama,
Mueque,
Sàra,
Mamoto,
Chitafá,
Facíre,
Vitóre,
Ñimabué,
Tumáni,
Mamóri,
Sára,
Cáuco,
Cábi,
Catabá,
Llarellón,
Vdáli,
Buráma,
Piter,
Sora,
Bambó,
Llude,
Guba,
Yata,
Gurí,
Trú,
Llíva,
Congó,
Sáye,
Sorí,
Balé,
Sirgué,
Pána,
Morivá,
Sóri,
Amadubule,
Fodé,
Focuá,
Morevá,
Facére,
Lléro,
Brama,
Samagóli,
Guguró,
Moruvá,
Bocáre,
Maláve,
Sedu,
Maca,
Bocóre,
Tacóre,
Mandi,
Euséva,
Mambro,
Damína,
Rábina,
Saidú,
Asumándi,
Momadu,
Fére,
Ilimodo,
Mamóto,
Irá,
Guinví,
Ñuma,
Fumani,
Calefú,
Bayón,
Déonba,
Fóde,
Iúma,
Dácama,
Momoto,
Momini,
Cuéca,
Moró,
Fová,
Quiá,
Güeguo,
Tumáne,
Siguirí,
Sáti,
Guirá,
Iramó,
Calefá,
Surí,
Güenvo,
Gueyá,
Cauro,
Masido,
Fabána,
Chase,
Biári,
Sirí,
Yimbambó,
Daguá,
Lleví,
Biari,
Malí,
Masé,
Menguí,
Saliú,
Cúla,
Trinca,
Uri,
Salafo,
Sénva,
Iara,
Selí,
Fañumá,
Sére,
Mamódo,
Buende,
Con,
Quiné,
Fano,
Cáti,
Tinga,
Nafa,
Simíni,
Llombo,
Manzó,
Mamlogo,
Llíma,
Fantománo,
Táre,
Sábu,
Tuangui,
Manyú,
Sámu,
Llimé,
Chíne,
Fúri,
Llóni,
Quesére,
Fumáne,
Séri,
Síve,
Quisnina,
Quequí,
Guásin,
Sívi,
Alexander,
Curumbó,
Camésa,
Fófo,
Pata,
Cáma,
Cudea,
Sáta,
Llelí,
Maponga,
Demá,
Fangüí,
Magia,
Séra,
Máter,
Voy,
Beti,
Ñumá,
Piná,
Bete,
Fenguére,
Lléne,
Bále,
Denué,
Béti,
Quisú,
Binda,
Folofí,
Naforí,
Fatúma,
Dúra,
Demó,
Cué,
Dúcua,
Anádi,
María,
Satía,
Fotumá,
Binto,
Lléni,
Vete,
Músu,
Ñerevá,
Moricá,
Llele,
Mále,
Sári,
Mocó,
Ñatiu,
Cosuá,
Buyaví,
Sumacurá,
Docuí,
Aguále,
Lenchá,
Degüé,
Carosí,
Coyú,
Tobueyí,
Degué,
Chulú,
Yajá,
Sigüé,
Curá,
Cuataví,
Calopé,
Alepí,
Aí,
Mó,
Cacuo,
Lachemí,
Ogulá,
Oróco,
Aelá,
Lusumadé,
Oquelaó,
Banvuvá,
Allivuá,
Dári,
Oyeló,
Ecuyaví,
Chudi,
Alaró,
Lamicí,
Insiva,
Isioyé,
Otu,
Aquilacú,
Cúti,
Sanlúcu,
Fachuoslé,
Llivolú,
Ovó,
Ochoda,
Baucolé,
Mosu,
Aronvó,
Oduchucé,
Aquilalao,
Cubayé,
Pago,
Lechocó,
Cunviye,
Pecála,
Gumino,
Oyefó,
Veví,
Ochunbamecú,
Oquina,
Vilugo,
Lacunlé,
Maniepí,
Olicuyo,
Chagovi,
Lefurá,
Llegualí,
Aniquilé,
Lasendé,
Llolá,
Pinocú,
Guoloma,
Adiguité,
Iesendé,
Achaqué,
Avále,
Adecholó,
Coniguavi,
Sangulú,
Abigú,
Aseví,
Omachemí,
Cabulayé,
Asatú,
Oguncoyé,
Molíto,
Vedoné,
Ovaví,
Odubachá,
Mayeombó,
Fágu,
Acuále,
Bofí,
Motavé,
Efubumí,
Allivitú,
Codemtá,
Fafidipe,
Cuchí,
Bosaví,
Bueví,
Bucueví,
Bocoú,
Bocueví,
Senendí,
Satumí,
Aguale,
Buseví,
Davué,
Lomavó,
Evaré,
Mesonbué,
Comaye,
Canuaguí,
Buyoví,
Sigüi,
Ebáre,
Bocuévi,
Deceve,
Sebuendí,
Maucí,
Efiguá,
Buesí,
Demánu,
Lamici,
Mafatá,
Cogón,
Elúe,
Quebanda,
Mundu,
Monogosonco,
Unuguasanche,
Bugurusancha,
Gola,
Sucé,
Ignacio,
Fernando,
Andres,
José,
Mauricio,
Ogonga,
Mundala,
Ipanuel,
Anafe,
Elungo,
Anastacio,
Geronimo,
Macacula,
Capitanyo,
Munchuame,
Tafo,
Muyín,
Gaybungo,
Vugo,
Manucanda,
Pétero,
Matamba,
Suguinená,
Dicáco,
Talunga,
Coci,
Pinde,
Muséce,
Mulese,
Buconda,
Mutanchi,
Ñimi,
Malíci,
Monotono,
Basambula,
Cansanse,
Candandongo,
Anasancha,
Muchancho,
Unanton,
Umbaca,
Ofúcumbaca,
Ufuambás,
Musamba,
Ebaca,
Mufucumbaca,
Cámbanca,
Unanyula,
Iao,
Ambaca,
Matíafu,
Bucacango,
Bungomayinga,
Unambancha,
Unacomba,
Boncolo,
Mazo,
Tirariancua,
Bote,
Góme,
Ionó,
Bucocongo,
Mucuocóngo,
Quiangála,
Mucuocongo,
Iblánquimi,
Ayúca,
Guarigá,
Mufúca,
Mutamba,
Mafúngo,
Bende,
Bóme,
Mutanche,
Quebinda,
Quibongo,
Mutanda,
Idumba,
Quibala,
Munguá,
Ufucumbaca,
Macuá,
Quelónde,
Gunya,
Barocho,
Cacunga,
Maleche,
Bangue,
Macáca,
Macóngo,
Ugongo,
Masambe,
Lecacáta,
Queyinga,
Cúso,
Sómbe,
Malamba,
Ucuanche,
Malenga,
Funche,
Banche,
Lindici,
Cranche,
Quelenga,
Monoquivato,
Llavela,
Munalago,
Gomucanche,
Quibende,
Mafuta,
Muchinchi,
Mandín,
Utumba,
Dominga,
Mucasambe,
Quén,
Quimanga,
Badilá,
Mucolo,
Golo,
Ieli,
Sengui Mariá,
Mulici,
Quilandi,
Madianga,
Gonfunche,
Mucunda,
Magembe,
Bunche,
Quilongo,
Muinga,
Bési,
Musumbe,
Lúla,
Llombe,
Musambí,
Merisela,
Quillinga,
Menchanve,
Quilonda,
Cañínga,
Sembe,
Madiá,
Musonde,
Unlúci,
Ibenche,
Mádi,
Quiam,
Quibondo,
Fefe,
Luquila,
Bucu,
Lleré,
Quesári,
Llembe,
Ióne,
Mucáma,
Majebe,
Muchi,
Quimbamba,
Musacilembe,
Mutumba,
Guéme,
Liquíri,
Lúcha,
Quilambe,
Iuave,
Llíla,
Mamacance,
Delé,
Quimene,
Cása,
Chenga,
Berí,
Locho,
Mullinga,
Minsa,
Misámi,
Jean Jones,
Esaibas,
Joaquin Tere,
Murgele,
Cutaino,
Laufulai,
Camboulai,
Cadeefah,
Feelinfah,
Barrasai,
Maumoad,
Lanloe,
Cairulay,
Quaquah,
Iaiguaí,
Corlai,
Iabon,
Lamko,
Barrai,
Lagon,
Quaih,
Tonsua,
Dó,
Mayal,
Mahonmoad,
Tantonesa,
Lámai,
Niaquai,
Bebafua,
Mesalai,
Potase,
Maumond,
Nonsah,
Azonmah,
Lonmah,
Monza,
Coelai,
Branfo,
Sanai,
Ieso,
Atoa,
Era,
Nirya,
Lamor,
Lambo,
Buzah,
Sarrabah,
Laine,
Quesarai,
Lara,
Lonqua,
Boroconnah,
Leede,
Bromah,
Lanma,
Marai,
Masonbah,
Nonngen,
Coolie,
Lonenie,
Serai,
Saucamasa,
Arifans,
Quiasáa,
Lonsua,
Louma,
Coneli,
Dorinimai,
Aponlonso,
Marailah,
Lamainai,
Ivallai,
Mellalie,
Coton,
Labot,
Connedia,
Memonideu,
Casiffe,
Anante,
Collai,
Laon,
Nenfa,
Simile,
Todaicuba,
Tamonrah,
Garraparre,
Conita,
Caterina,
Anselica,
Juliana,
Moyia,
Jenai,
Sairah,
Nempona,
Enounemai,
Alhons,
Tanai,
Mameny,
Reamai,
Senai,
Lazah,
Caterine,
Liza,
Senaizia,
Conta,
Daniel,
No tiene,
Unfaldí,
Inimonió,
Terumí,
Antoní,
Lacono,
Maduecuyo,
Cuchi,
Aquenó,
Bantefa,
Oladaquo,
Alloví,
Irem,
Fabuadé,
Atandá,
Udichina,
Joalloví,
Zumala,
Aquizo,
Oderecú,
Uguburí,
Tamichiné,
Eyegiyó,
Ayereyé,
Safoú,
Abatayo,
Oguincolú,
Ochílé,
Ayaé,
Atebàgá,
Ubullaé,
Fabumy,
Zuquelú,
Urú,
Ulutono,
Eribolá,
Mahoma,
Ucudilé,
Güerí,
Uluchuvú,
Lidí,
Aderumalé,
Esechlumi,
Mubuguyé,
Aduyemí,
Acodeyí,
Uguby,
Aquíseleé,
Faloni,
Olecumbí,
Odemdý,
Ocusolá,
Cuehí,
Ugubillí,
Babanló,
Bambae,
Odedeí,
Jáyobabé,
Arason,
Murú,
Anubó,
Afanemoní,
Ognullama,
Uyuisino,
Oguychuche,
Olochinucé,
Allání,
Valudí,
Ulumalí,
Aquimiti,
Decue,
Ugüeco,
Jelí,
Oruyomé,
Agutoré,
Lade,
Molequí,
Susane,
Iede,
Ieubulellá,
Noní,
Serafina,
Omoré,
Allaé,
Elotocú,
Egumumi,
Adefolabí,
Ollotondí,
Fruren,
Ocuyanigó,
Ilorí,
Amodelé,
Llogüa,
Lalitó,
Amarú,
Osurbumy,
Efuialeque,
Ozuobuimbo,
Eburalaia,
Fatayó,
Ayenumuní,
Zagubalá,
Ayuó,
Achiniqué,
Jatumqué,
Olomucú,
Ailabe,
Erufá,
Sengamió,
Amapué,
Allicubí,
Efuyumicá,
Ulagüe,
Ochubumy,
Oebé,
Monogüe,
Arogumusy,
Bándulo,
Ollololá,
Obabí,
Ifaremý,
Epumiayú,
Ambunú,
Anyebe,
Uton,
Iába,
Aroye,
Landeqüe,
Igüande,
Moláre,
Insí,
Ulibí Joré,
Lely,
Fosé,
Doy,
Bená,
Cosongré,
Saro,
Pau,
Tangaquá,
Só,
Duarí,
Quindi,
Quemo,
Canillá,
Bongó,
Gau,
Grabao,
Daarú,
Cosiá,
Jille,
Guemá,
Curamá,
Guinga,
Canguó,
Gombá,
Faque,
Bundé,
Cobou,
Suá,
Conocae,
Caniyá,
Cangoné,
Huete,
Janu,
Lloma,
Jallé,
Fatoma,
Seó,
Gondi,
Iaco,
Momuso,
Iabué,
Caicai,
Bondoá,
Buangó,
Guebuá,
Buillé,
Ñangari,
Tamia,
Llana,
Guebo,
Cumé,
Coguá,
Móru,
Colli,
Sua,
Collí,
Velle,
Zopá,
Fuulbuté,
Bongoro,
Canque,
Colloma,
Gusó,
Chó,
Guenda,
Cacuindí,
Elina,
Duarú,
Ila,
Golá,
Seí,
Soó,
Queacai,
Cutaura,
Ioo,
Dueuró,
Falé,
Iangüei,
Saá,
Canúndí,
Cotuú,
Goó,
Canlé,
Patacú,
Balle,
Quefe,
Bamanllá,
Maiera,
Mamboá,
Fematá,
Sulu,
Mambara,
Llarí,
Bonó,
Mafoma,
Mafé,
Manguein,
Guenbé,
Mallimbá,
Cheguá,
Cone,
Guenque,
Chogó,
Baó,
Moferi,
Boé,
Chamo,
Iaqüé,
Golé,
Chaó,
Bamó,
Maplá,
Tambre,
Ioubá,
Samó,
Boí,
Caimba,
Manguei,
Dorá,
Otá,
Maqueni,
Manguini,
Manené,
Gindillu,
Laac,
Mani,
Bue,
Neba,
Fito,
Mapla,
Iacaye,
Bellú,
Boi,
Guindulu,
Cañá,
Maotá,
Mayara,
Vié,
Iopó,
Sámba,
Fregó,
Serigué,
Mamadu,
Farán,
Chiriqui,
Tocuá,
Supoya,
Chiriguí,
Buacari,
Tená,
Talá,
Dába,
Antono,
Carifala,
Bócáre,
Sabré,
Sori,
Darey,
Lafay,
Quelefa,
Sánga,
Pita,
Momoro,
Lió,
Are,
Sacá,
Sisé,
Chirigui,
Maliqui,
Furí,
Boté,
Pité,
Mangui,
Laminá,
Cari,
Iemí,
Saga,
Moribá,
Tantu,
Eon,
Banan,
Quia,
Fuantí,
Misatiom,
Furi,
Jema,
Pantey,
Culé,
Benimandan,
Furé,
Bosima,
Tingú,
Chiu,
Lumbi,
Jemí,
Lébara,
Faló,
Lloura,
Ugó,
Satam,
Demoa,
Dumalá,
Bangú,
Caguci,
Ucó,
Soanti,
Iabá,
Cumare,
Santi,
Bilerucó,
Linquiní,
Chiriga,
Mamadú,
Nanfá,
Culacó,
Cutá,
Melí,
Quirá,
Saró,
Tomoí,
Llemi,
Davili,
Banyuga,
Masó,
Falál,
Iombó,
Famore,
Cedu,
Quesele,
Coly,
Cotier,
Iará,
Mansá,
Sebu,
Chíre,
Béla,
Mogón,
Bob,
Ioche,
Aana,
Baré,
Muru,
Sambá,
Iisí,
Juri,
Amineta,
Sipó,
Cancuey,
Quenue,
Argó,
Mansó,
Quimá,
Corrá,
Sucurú,
Bogá,
Baguí,
Quelé,
Cugó,
Guaní,
Catue,
Chori,
Gocó,
Bundubari,
Soní,
Cálito,
Finga,
Sumana,
Fácolí,
Sapa,
Sadaá,
Cati,
Maquilí,
Circa,
Singri,
Duba,
Valé,
Gae,
Bohon,
Catí,
Iequi,
Ibulí,
Iavi,
Lléma,
Gaimó,
Duma,
Fengué,
Tamo,
Vider,
Soré,
Anchumani,
Tongó,
Lisi,
Tóloma,
Iomi,
Barca,
Nigué,
Folé,
Fran,
Guacari,
Fudia,
Barimbá,
Mauró,
Ducou,
Daura,
Daychay,
Yealoo,
Ahgoomayjai,
Ahtackarrah,
Neejaigah,
Mahjaigah,
Komahsoo,
Foreso,
Forree,
Bahcoo,
Hossee,
Tachkey,
Yammee,
Indie,
Ahbokey,
Soojah,
Woe,
Iyeabay,
Ingittah,
Dyeyourway,
Fenny,
Okolloo,
Ewaydoh,
Neetah,
Neeree,
Amfah,
Ahtomee,
Toofay,
Prowwoo,
Krowsoo,
Pursoh,
Sauce,
Lahquay,
Kackah,
Faffoo,
Hammah,
Laytay,
Koogee,
Darkkay,
Awahtoo,
Narhmee,
Dooboo,
Quahsoo,
Ahteebah,
Yaw,
Ahtway,
Pogboo,
Nahkoo,
Faydomee,
Tonggoh,
Boojoh,
Koodahmo,
Jahsoo,
Lessah,
Seelenggah,
Koodohme,
Nahvogay,
Bahkyewah,
Chabaymoh,
Koroavay,
Loopay,
Scharsoo,
Ahbochey,
Julloo,
Maysai,
Bahqueyah,
Quashey,
Keybay,
Samnahfoo,
Flemmesoo,
Krew,
Ahkoobeyah,
Konnoo,
Dohsay,
Davayvee,
Ahmahvee,
Kossey,
Loochah,
Jammahwoo,
Imbonnah,
Poehaysee,
Mammetoboh,
Ahpenno,
Ahvemmayyee,
Haggee,
August,
Baysennoo,
Ankoobah,
Yahbayshe,
Yahwah,
Mahwosee,
Joebesee,
Kallahsee,
Ahbaypay,
Ahfallah,
Nangerjai,
Ahkossebah,
Embay,
Taffesee,
Pogee,
Anguash,
Kossebay,
Waysah,
Mamayno,
Eyonnenoo,
Amba's child,
Nahdoo,
Tallahmee,
Tallahmee's child,
Ahqwah,
Tarparrah,
Ahfooah,
Pawpaw,
Nahhannah,
Ahfewah,
Ahbayshe,
Taysee,
Lahjoiee,
Lahtaste,
Kuttoh,
Koquay,
Kambey,
Hahquay,
Bammayme,
Ahwaysee,
Ahfaysee,
Ahyendo,
Nowahdoh,
Ahyosay,
Ahsopay,
Dayquah,
Ahkowah,
Kensey,
Ezzickay,
Urob,
